timestamp,game_id,players
2026-09-10T16:44:36Z,189707,7882
2026-09-10T16:44:36Z,192800,5280
2026-09-10T16:44:36Z,13822889,1830
2026-09-10T16:44:36Z,20321167,5163
2026-09-10T16:44:36Z,21532277,4075
2026-09-10T16:44:36Z,31490825,1121
2026-09-10T16:44:36Z,69184822,5477
2026-09-10T16:44:36Z,71315343,1212
2026-09-10T16:44:36Z,121748721,575
2026-09-10T16:44:36Z,137877687,513
2026-09-10T16:44:36Z,142823291,280731
2026-09-10T16:44:36Z,155382109,1211
2026-09-10T16:44:36Z,155615604,7134
2026-09-10T16:44:36Z,163501479,917
2026-09-10T16:44:36Z,166731267,1484
2026-09-10T16:44:36Z,166986752,4323
2026-09-10T16:44:36Z,174238106,594
2026-09-10T16:44:36Z,183364845,1137
2026-09-10T16:44:36Z,185655149,13671
2026-09-10T16:44:36Z,205224386,2352
2026-09-10T16:44:36Z,221718525,693
2026-09-10T16:44:36Z,245440965,538
2026-09-10T16:44:36Z,263761432,1332
2026-09-10T16:44:36Z,277751860,2075
2026-09-10T16:44:36Z,286090429,2807
2026-09-10T16:44:36Z,292439477,2205
2026-09-10T16:44:36Z,292628125,542
2026-09-10T16:44:36Z,301549746,1269
2026-09-10T16:44:36Z,328028363,685
2026-09-10T16:44:36Z,335760407,589
2026-09-10T16:44:36Z,373513488,661
2026-09-10T16:44:36Z,443406476,831
2026-09-10T16:44:36Z,537413528,14920
2026-09-10T16:44:36Z,574407221,849
2026-09-10T16:44:36Z,606849621,7531
2026-09-10T16:44:36Z,654732683,3352
2026-09-10T16:44:36Z,662417684,555
2026-09-10T16:44:36Z,696347899,922
2026-09-10T16:44:36Z,735030788,5898
2026-09-10T16:44:36Z,815405518,2948
2026-09-10T16:44:36Z,863266079,991
2026-09-10T16:44:36Z,891539556,990
2026-09-10T16:44:36Z,891852901,5249
2026-09-10T16:44:36Z,893973440,27475
2026-09-10T16:44:36Z,914010731,635
2026-09-10T16:44:36Z,920587237,128377
2026-09-10T16:44:36Z,1128650291,1794
2026-09-10T16:44:36Z,1185902301,763
2026-09-10T16:44:36Z,1324061305,600
2026-09-10T16:44:36Z,1343871267,1127
2026-09-10T16:44:36Z,1365404657,4247
2026-09-10T16:44:36Z,1428472551,503
2026-09-10T16:44:36Z,1458767429,4343
2026-09-10T16:44:36Z,1523801080,597
2026-09-10T16:44:36Z,1537690962,21447
2026-09-10T16:44:36Z,1554960397,2192
2026-09-10T16:44:36Z,1588965415,2452
2026-09-10T16:44:36Z,1730877806,18377
2026-09-10T16:44:36Z,1962086868,50368
2026-09-10T16:44:36Z,2057751924,554
2026-09-10T16:44:36Z,2166944189,1391
2026-09-10T16:44:36Z,2210085102,552
2026-09-10T16:44:36Z,2317712696,1243
2026-09-10T16:44:36Z,2338325648,1151
2026-09-10T16:44:36Z,2376885433,523
2026-09-10T16:44:36Z,2418863943,3078
2026-09-10T16:44:36Z,2474168535,897
2026-09-10T16:44:36Z,2512643572,2773
2026-09-10T16:44:36Z,2534724415,5413
2026-09-10T16:44:36Z,2537430692,691
2026-09-10T16:44:36Z,2551991523,3454
2026-09-10T16:44:36Z,2569453732,1429
2026-09-10T16:44:36Z,2650582631,697
2026-09-10T16:44:36Z,2693023319,3460
2026-09-10T16:44:36Z,2727067538,1352
2026-09-10T16:44:36Z,2753915549,372803
2026-09-10T16:44:36Z,2768379856,7511
2026-09-10T16:44:36Z,2772610559,2484
2026-09-10T16:44:36Z,2788229376,1716
2026-09-10T16:44:36Z,2809202155,3235
2026-09-10T16:44:36Z,2830250344,762
2026-09-10T16:44:36Z,2913303231,1192
2026-09-10T16:44:36Z,2916899287,5289
2026-09-10T16:44:36Z,2968914904,1528
2026-09-10T16:44:36Z,3016661674,661
2026-09-10T16:44:36Z,3025990139,749
2026-09-10T16:44:36Z,3101667897,540
2026-09-10T16:44:36Z,3117860193,522
2026-09-10T16:44:36Z,3214114884,805
2026-09-10T16:44:36Z,3226555017,799
2026-09-10T16:44:36Z,3242417672,2616
2026-09-10T16:44:36Z,3260590327,11656
2026-09-10T16:44:36Z,3261957210,1067
2026-09-10T16:44:36Z,3272915504,501
2026-09-10T16:44:36Z,3339374541,1013
2026-09-10T16:44:36Z,3344967357,530
2026-09-10T16:44:36Z,3351674303,32584
2026-09-10T16:44:36Z,3398014311,1917
2026-09-10T16:44:36Z,3457390032,1229
2026-09-10T16:44:36Z,3475397644,8696
2026-09-10T16:44:36Z,3623096087,8886
2026-09-10T16:44:36Z,3631820248,1554
2026-09-10T16:44:36Z,3663340706,6493
2026-09-10T16:44:36Z,3678761576,4475
2026-09-10T16:44:36Z,3823781113,1858
2026-09-10T16:44:36Z,3837864717,1095
2026-09-10T16:44:36Z,3851622790,2359
2026-09-10T16:44:36Z,3891618314,2411
2026-09-10T16:44:36Z,3956818381,758
2026-09-10T16:44:36Z,4104106043,1522
2026-09-10T16:44:36Z,4110892437,610
2026-09-10T16:44:36Z,4111023553,3520
2026-09-10T16:44:36Z,4282985734,1779
2026-09-10T16:44:36Z,4299508195,2804
2026-09-10T16:44:36Z,4448566543,1490
2026-09-10T16:44:36Z,4480809144,2238
2026-09-10T16:44:36Z,4520749081,5848
2026-09-10T16:44:36Z,4522347649,1235
2026-09-10T16:44:36Z,4566572536,1551
2026-09-10T16:44:36Z,4580204640,4404
2026-09-10T16:44:36Z,4588604953,1715
2026-09-10T16:44:36Z,4616652839,4624
2026-09-10T16:44:36Z,4623386862,4584
2026-09-10T16:44:36Z,4637668954,3724
2026-09-10T16:44:36Z,4639625707,9508
2026-09-10T16:44:36Z,4640354700,940
2026-09-10T16:44:36Z,4646477729,1131
2026-09-10T16:44:36Z,4796443083,1121
2026-09-10T16:44:36Z,4830581890,1016
2026-09-10T16:44:36Z,4832438542,1433
2026-09-10T16:44:36Z,4850533156,1495
2026-09-10T16:44:36Z,4850588087,3645
2026-09-10T16:44:36Z,4855457388,831
2026-09-10T16:44:36Z,4872321990,654
2026-09-10T16:44:36Z,4889315193,2614
2026-09-10T16:44:36Z,4924922222,415475
2026-09-10T16:44:36Z,4954096313,1516
2026-09-10T16:44:36Z,4954512662,1424
2026-09-10T16:44:36Z,4954752502,671
2026-09-10T16:44:36Z,4972091010,609
2026-09-10T16:44:36Z,4972273297,1837
2026-09-10T16:44:36Z,4991214437,735
2026-09-10T16:44:36Z,4992570197,919
2026-09-10T16:44:36Z,4996049426,6801
2026-09-10T16:44:36Z,5041144419,2431
2026-09-10T16:44:36Z,5044920251,574
2026-09-10T16:44:36Z,5062619730,759
2026-09-10T16:44:36Z,5104202731,618
2026-09-10T16:44:36Z,5118969548,3100
2026-09-10T16:44:36Z,5130598377,988
2026-09-10T16:44:36Z,5140123832,661
2026-09-10T16:44:36Z,5152425034,2192
2026-09-10T16:44:36Z,5154858502,754
2026-09-10T16:44:36Z,5171093784,2016
2026-09-10T16:44:36Z,5171347293,2348
2026-09-10T16:44:36Z,5233782396,25404
2026-09-10T16:44:36Z,5244411056,2065
2026-09-10T16:44:36Z,5286116071,934
2026-09-10T16:44:36Z,5289509545,12338
2026-09-10T16:44:36Z,5342047554,624
2026-09-10T16:44:36Z,5343994291,664
2026-09-10T16:44:36Z,5391778736,584
2026-09-10T16:44:36Z,5407396567,735
2026-09-10T16:44:36Z,5496455308,3856
2026-09-10T16:44:36Z,5571328985,1928
2026-09-10T16:44:36Z,5593925613,2731
2026-09-10T16:44:36Z,5670218884,2014
2026-09-10T16:44:36Z,5671985295,2603
2026-09-10T16:44:36Z,5683833663,1948
2026-09-10T16:44:36Z,5702593762,2015
2026-09-10T16:44:36Z,5708035517,1249
2026-09-10T16:44:36Z,5712833750,2995
2026-09-10T16:44:36Z,5777099015,2009
2026-09-10T16:44:36Z,5829141886,3097
2026-09-10T16:44:36Z,5846386835,738
2026-09-10T16:44:36Z,5856880701,1786
2026-09-10T16:44:36Z,5865858426,2185
2026-09-10T16:44:36Z,5901440255,2282
2026-09-10T16:44:36Z,5926001758,1248
2026-09-10T16:44:36Z,5956785391,533
2026-09-10T16:44:36Z,5969012769,623
2026-09-10T16:44:36Z,5976159288,1071
2026-09-10T16:44:36Z,5984006660,1477
2026-09-10T16:44:36Z,5985232436,2823
2026-09-10T16:44:36Z,6000468131,930
2026-09-10T16:44:36Z,6011940308,788
2026-09-10T16:44:36Z,6020247720,2163
2026-09-10T16:44:36Z,6104994594,1586
2026-09-10T16:44:36Z,6128441278,861
2026-09-10T16:44:36Z,6132958612,1218
2026-09-10T16:44:36Z,6137321701,1331
2026-09-10T16:44:36Z,6153766069,2607
2026-09-10T16:44:36Z,6161235818,1828
2026-09-10T16:44:36Z,6205205961,6942
2026-09-10T16:44:36Z,6243699076,3242
2026-09-10T16:44:36Z,6263431107,2306
2026-09-10T16:44:36Z,6270290407,1650
2026-09-10T16:44:36Z,6284583030,937
2026-09-10T16:44:36Z,6299805723,1418
2026-09-10T16:44:36Z,6305582775,716
2026-09-10T16:44:36Z,6349094071,1285
2026-09-10T16:44:36Z,6358567974,8086
2026-09-10T16:44:36Z,6366329104,3311
2026-09-10T16:44:36Z,6377740507,2431
2026-09-10T16:44:36Z,6382584061,2438
2026-09-10T16:44:36Z,6403373529,8618
2026-09-10T16:44:36Z,6442957604,742
2026-09-10T16:44:36Z,6445435958,874
2026-09-10T16:44:36Z,6447798030,2069
2026-09-10T16:44:36Z,6507422231,5367
2026-09-10T16:44:36Z,6516141723,56246
2026-09-10T16:44:36Z,6520999642,1324
2026-09-10T16:44:36Z,6608498361,1107
2026-09-10T16:44:36Z,6610021055,695
2026-09-10T16:44:36Z,6686932749,913
2026-09-10T16:44:36Z,6698800091,2147
2026-09-10T16:44:36Z,6700307184,571
2026-09-10T16:44:36Z,6717367660,1229
2026-09-10T16:44:36Z,6727915552,802
2026-09-10T16:44:36Z,6735572261,554
2026-09-10T16:44:36Z,6737970321,3594
2026-09-10T16:44:36Z,6741970382,500
2026-09-10T16:44:36Z,6766156863,1089
2026-09-10T16:44:36Z,6804602922,2772
2026-09-10T16:44:36Z,6816975827,3824
2026-09-10T16:44:36Z,6872265039,18679
2026-09-10T16:44:36Z,6875747014,3444
2026-09-10T16:44:36Z,6884319169,2332
2026-09-10T16:44:36Z,6888253864,532
2026-09-10T16:44:36Z,6911148748,2582
2026-09-10T16:44:36Z,6915976310,2373
2026-09-10T16:44:36Z,6918802270,1797
2026-09-10T16:44:36Z,6924758805,1534
2026-09-10T16:44:36Z,6934310111,1704
2026-09-10T16:44:36Z,6939111033,2144
2026-09-10T16:44:36Z,6961824067,35821
2026-09-10T16:44:36Z,6989310863,4551
2026-09-10T16:44:36Z,7041939546,59765
2026-09-10T16:44:36Z,7071444234,1209
2026-09-10T16:44:36Z,7074772062,1883
2026-09-10T16:44:36Z,7117492592,3362
2026-09-10T16:44:36Z,7138009149,1116
2026-09-10T16:44:36Z,7171174521,6158
2026-09-10T16:44:36Z,7180042682,3279
2026-09-10T16:44:36Z,7239319209,595
2026-09-10T16:44:36Z,7241858214,2748
2026-09-10T16:44:36Z,7243409883,5011
2026-09-10T16:44:36Z,7253149844,565
2026-09-10T16:44:36Z,7305309231,12359
2026-09-10T16:44:36Z,7336302630,2178
2026-09-10T16:44:36Z,7367863399,1089
2026-09-10T16:44:36Z,7491927311,684
2026-09-10T16:44:36Z,7554888362,21417
2026-09-10T16:44:36Z,7577961216,3324
2026-09-10T16:44:36Z,7605357829,3249
2026-09-10T16:44:36Z,7606564092,704
2026-09-10T16:44:36Z,7670825572,2687
2026-09-10T16:44:36Z,7711635737,16528
2026-09-10T16:44:36Z,7772810845,1676
2026-09-10T16:44:36Z,7774892351,522
2026-09-10T16:44:36Z,7784286514,725
2026-09-10T16:44:36Z,7871169780,2811
2026-09-10T16:44:36Z,7896264844,1668
2026-09-10T16:44:36Z,7971857341,7798
2026-09-10T16:44:36Z,7991339063,8251
2026-09-10T16:44:36Z,8003084678,1864
2026-09-10T16:44:36Z,8034026074,2381
2026-09-10T16:44:36Z,8075399143,2382
2026-09-10T16:44:36Z,8087448382,550
2026-09-10T16:44:36Z,8096601114,1565
2026-09-10T16:44:36Z,8109476632,836
2026-09-10T16:44:36Z,8200787440,680
2026-09-10T16:44:36Z,8204899140,1635
2026-09-10T16:44:36Z,8246874626,2009
2026-09-10T16:44:36Z,8260276694,1826
2026-09-10T16:44:36Z,8265622251,1140
2026-09-10T16:44:36Z,8286149869,931
2026-09-10T16:44:36Z,8317834514,3544
2026-09-10T16:44:36Z,8328351891,2018
2026-09-10T16:44:36Z,8356562067,957
2026-09-10T16:44:36Z,8369888266,3780
2026-09-10T16:44:36Z,8388259310,1196
2026-09-10T16:44:36Z,8412352352,556
2026-09-10T16:44:36Z,8416249767,1202
2026-09-10T16:44:36Z,8481844229,33526
2026-09-10T16:44:36Z,8514459881,556
2026-09-10T16:44:36Z,8534845015,1103
2026-09-10T16:44:36Z,8540168650,1036
2026-09-10T16:44:36Z,8542259458,1256
2026-09-10T16:44:36Z,8554378337,640
2026-09-10T16:44:36Z,8562822414,1323
2026-09-10T16:44:36Z,8571687919,755
2026-09-10T16:44:36Z,8597349706,565
2026-09-10T16:44:36Z,8617370639,1923
2026-09-10T16:44:36Z,8657766101,793
2026-09-10T16:44:36Z,8665470667,674
2026-09-10T16:44:36Z,8668536168,809
2026-09-10T16:44:36Z,8704997000,5712
2026-09-10T16:44:36Z,8712817601,16241
2026-09-10T16:44:36Z,8737602449,3589
2026-09-10T16:44:36Z,8737899170,68405
2026-09-10T16:44:36Z,8831256282,607
2026-09-10T16:44:36Z,8838701772,1441
2026-09-10T16:44:36Z,8867129986,657
2026-09-10T16:44:36Z,8884433153,3047
2026-09-10T16:44:36Z,8908228901,1307
2026-09-10T16:44:36Z,9049840490,2877
2026-09-10T16:44:36Z,9058310544,1082
2026-09-10T16:44:36Z,9096881148,3802
2026-09-10T16:44:36Z,9099326192,1720
2026-09-10T16:44:36Z,9120716669,1058
2026-09-10T16:44:36Z,9192423027,3759
2026-09-10T16:44:36Z,9224601490,2551
2026-09-10T16:44:36Z,9272528920,828
2026-09-10T16:44:36Z,9273658706,1774
2026-09-10T16:44:36Z,9281034297,554
2026-09-10T16:44:36Z,9346039031,874
2026-09-10T16:44:36Z,9372570969,884
2026-09-10T16:44:36Z,9391468976,128280
2026-09-10T16:44:36Z,9404223526,2351
2026-09-10T16:44:36Z,9414511685,2612
2026-09-10T16:44:36Z,9503261072,856
2026-09-10T16:44:36Z,9534337535,679
2026-09-10T16:44:36Z,9558986910,1033
2026-09-10T16:44:36Z,9731376817,1750
2026-09-10T16:44:36Z,9772878203,639
2026-09-10T16:44:36Z,9788848685,1834
2026-09-10T16:44:36Z,9791603388,2507
2026-09-10T16:44:36Z,9872472334,32829
2026-09-10T16:44:36Z,9879422661,571
2026-09-10T16:44:36Z,9922455303,1495
2026-09-10T16:44:36Z,10082031223,1272
2026-09-10T16:44:36Z,10110568567,779
2026-09-10T16:44:36Z,10118504428,684
2026-09-10T16:44:36Z,10165583746,6018
2026-09-10T16:44:36Z,10179538382,1084
2026-09-10T16:44:36Z,10224049386,2084
2026-09-10T16:44:36Z,10228136016,668
2026-09-10T16:44:36Z,10253248401,4116
2026-09-10T16:44:36Z,10260193230,1624
2026-09-10T16:44:36Z,10272636261,2061
2026-09-10T16:44:36Z,10277607801,707
2026-09-10T16:44:36Z,10351562025,591
2026-09-10T16:44:36Z,10449761463,46910
2026-09-10T16:44:36Z,10450270085,1133
2026-09-10T16:44:36Z,10518166490,578
2026-09-10T16:44:36Z,10554647907,666
2026-09-10T16:44:36Z,10561456271,723
2026-09-10T16:44:36Z,10576142169,1013
2026-09-10T16:44:36Z,10595058975,1926
2026-09-10T16:44:36Z,10660791703,940
2026-09-10T16:44:36Z,10679239752,1533
2026-09-10T16:44:36Z,10696301650,1537
2026-09-10T16:44:36Z,10704789056,860
2026-09-10T16:44:36Z,10726371567,1281
2026-09-10T16:44:36Z,10745043766,1288
2026-09-10T16:44:36Z,10760024537,563
2026-09-10T16:44:36Z,10834586502,2681
2026-09-10T16:44:36Z,10853515606,1049
2026-09-10T16:44:36Z,10912405603,506
2026-09-10T16:44:36Z,10941514720,1836
2026-09-10T16:44:36Z,10959918411,1405
2026-09-10T16:44:36Z,11021288030,910
2026-09-10T16:44:36Z,11137575513,654
2026-09-10T16:44:36Z,11158043705,3412
2026-09-10T16:44:36Z,11232592166,884
2026-09-10T16:44:36Z,11273483795,1635
2026-09-10T16:44:36Z,11276071411,1495
2026-09-10T16:44:36Z,11364087119,1782
2026-09-10T16:44:36Z,11379739543,22922
2026-09-10T16:44:36Z,11392373641,2079
2026-09-10T16:44:36Z,11451679682,569
2026-09-10T16:44:36Z,11464559285,599
2026-09-10T16:44:36Z,11474405411,1509
2026-09-10T16:44:36Z,11573027469,554
2026-09-10T16:44:36Z,11653088948,876
2026-09-10T16:44:36Z,11684369582,1296
2026-09-10T16:44:36Z,11694307960,786
2026-09-10T16:44:36Z,11727501024,2367
2026-09-10T16:44:36Z,11729688377,976
2026-09-10T16:44:36Z,11765402359,4606
2026-09-10T16:44:36Z,11782774748,3215
2026-09-10T16:44:36Z,11815767793,2777
2026-09-10T16:44:36Z,11832484500,756
2026-09-10T16:44:36Z,11848247239,1770
2026-09-10T16:44:36Z,11862502039,3010
2026-09-10T16:44:36Z,11872917490,912
2026-09-10T16:44:36Z,11928087342,1702
2026-09-10T16:44:36Z,12018893069,612
2026-09-10T16:44:36Z,12076775711,905
2026-09-10T16:44:36Z,12090482034,1235
2026-09-10T16:44:36Z,12144402492,581
2026-09-10T16:44:36Z,12177325772,14230
2026-09-10T16:44:36Z,12262046571,1744
2026-09-10T16:44:36Z,12334109280,5824
2026-09-10T16:44:36Z,12338455185,2905
2026-09-10T16:44:36Z,12355337193,10994
2026-09-10T16:44:36Z,12397515839,2365
2026-09-10T16:44:36Z,12398038681,856
2026-09-10T16:44:36Z,12407250267,2157
2026-09-10T16:44:36Z,12411473842,1211
2026-09-10T16:44:36Z,12495498157,1162
2026-09-10T16:44:36Z,12550651382,865
2026-09-10T16:44:36Z,12593620250,3922
2026-09-10T16:44:36Z,12625784503,593
2026-09-10T16:44:36Z,12640491155,911
2026-09-10T16:44:36Z,12641272458,525
2026-09-10T16:44:36Z,12699642568,7948
2026-09-10T16:44:36Z,12716055617,2889
2026-09-10T16:44:36Z,12828227139,2539
2026-09-10T16:44:36Z,12847474373,1099
2026-09-10T16:44:36Z,12893488117,556
2026-09-10T16:44:36Z,12912701243,1033
2026-09-10T16:44:36Z,12912731475,3623
2026-09-10T16:44:36Z,12931609417,3690
2026-09-10T16:44:36Z,12981936705,695
2026-09-10T16:44:36Z,12985361032,9635
2026-09-10T16:44:36Z,12997619803,888
2026-09-10T16:44:36Z,13042495892,1055
2026-09-10T16:44:36Z,13076380114,6786
2026-09-10T16:44:36Z,13110267312,655
2026-09-10T16:44:36Z,13118814103,1711
2026-09-10T16:44:36Z,13127800756,2061
2026-09-10T16:44:36Z,13159565330,1958
2026-09-10T16:44:36Z,13166293021,2663
2026-09-10T16:44:36Z,13184713709,2578
2026-09-10T16:44:36Z,13189735542,1035
2026-09-10T16:44:36Z,13358463560,566
2026-09-10T16:44:36Z,13379208636,12968
2026-09-10T16:44:36Z,13384322856,510
2026-09-10T16:44:36Z,13404995530,601
2026-09-10T16:44:36Z,13416197699,2561
2026-09-10T16:44:36Z,13429790955,2216
2026-09-10T16:44:36Z,13438553315,989
2026-09-10T16:44:36Z,13473615074,2935
2026-09-10T16:44:36Z,13482468151,5605
2026-09-10T16:44:36Z,13559635034,502
2026-09-10T16:44:36Z,13587601484,1985
2026-09-10T16:44:36Z,13600218266,8348
2026-09-10T16:44:36Z,13621938427,8202
2026-09-10T16:44:36Z,13636013760,548
2026-09-10T16:44:36Z,13664698400,2670
2026-09-10T16:44:36Z,13687899540,8138
2026-09-10T16:44:36Z,13698105873,576
2026-09-10T16:44:36Z,13718567207,1213
2026-09-10T16:44:36Z,13772394625,19090
2026-09-10T16:44:36Z,13775256536,3462
2026-09-10T16:44:36Z,13794093709,805
2026-09-10T16:44:36Z,13796645198,1649
2026-09-10T16:44:36Z,13822562292,3433
2026-09-10T16:44:36Z,13827198708,662
2026-09-10T16:44:36Z,13864661000,2124
2026-09-10T16:44:36Z,13953602912,540
2026-09-10T16:44:36Z,13955927965,2519
2026-09-10T16:44:36Z,13967668166,31923
2026-09-10T16:44:36Z,13999660589,4346
2026-09-10T16:44:36Z,14004668761,719
2026-09-10T16:44:36Z,14026026722,753
2026-09-10T16:44:36Z,14038329225,1201
2026-09-10T16:44:36Z,14044547200,2253
2026-09-10T16:44:36Z,14161770735,965
2026-09-10T16:44:36Z,14184086618,1281
2026-09-10T16:44:36Z,14212732626,1861
2026-09-10T16:44:36Z,14236925335,4115
2026-09-10T16:44:36Z,14237585680,1357
2026-09-10T16:44:36Z,14238596528,4138
2026-09-10T16:44:36Z,14259168147,2168
2026-09-10T16:44:36Z,14259358984,858
2026-09-10T16:44:36Z,14279693118,2239
2026-09-10T16:44:36Z,14298053780,530
2026-09-10T16:44:36Z,14301835518,4211
2026-09-10T16:44:36Z,14313259147,1414
2026-09-10T16:44:36Z,14315258385,27240
2026-09-10T16:44:36Z,14337656835,787
2026-09-10T16:44:36Z,14350413280,1029
2026-09-10T16:44:36Z,14422394494,7172
2026-09-10T16:44:36Z,14437001043,1724
2026-09-10T16:44:36Z,14438406081,11857
2026-09-10T16:44:36Z,14451515684,1853
2026-09-10T16:44:36Z,14458936637,1463
2026-09-10T16:44:36Z,14475396559,1133
2026-09-10T16:44:36Z,14475792710,886
2026-09-10T16:44:36Z,14518422161,695
2026-09-10T16:44:36Z,14564651437,2318
2026-09-10T16:44:36Z,14567590300,2356
2026-09-10T16:44:36Z,14581889272,762
2026-09-10T16:44:36Z,14608970270,6980
2026-09-10T16:44:36Z,14629231756,510
2026-09-10T16:44:36Z,14641667067,556
2026-09-10T16:44:36Z,14675073025,511
2026-09-10T16:44:36Z,14721282186,693
2026-09-10T16:44:36Z,14772802900,2059
2026-09-10T16:44:36Z,14776071100,967
2026-09-10T16:44:36Z,14787369036,1306
2026-09-10T16:44:36Z,14823220100,1082
2026-09-10T16:44:36Z,14833592591,1602
2026-09-10T16:44:36Z,14835828495,2321
2026-09-10T16:44:36Z,14842128242,744
2026-09-10T16:44:36Z,14852797539,569
2026-09-10T16:44:36Z,14959543012,615
2026-09-10T16:44:36Z,15002061926,8014
2026-09-10T16:44:36Z,15027718878,1323
2026-09-10T16:44:36Z,15077422637,609
2026-09-10T16:44:36Z,15092647980,628
2026-09-10T16:44:36Z,15101393044,71297
2026-09-10T16:44:36Z,15111895255,1504
2026-09-10T16:44:36Z,15113223607,526
2026-09-10T16:44:36Z,15135285305,1022
2026-09-10T16:44:36Z,15198166649,1504
2026-09-10T16:44:36Z,15235397483,715
2026-09-10T16:44:36Z,15240723287,3063
2026-09-10T16:44:36Z,15269951959,3864
2026-09-10T16:44:36Z,15270182488,1361
2026-09-10T16:44:36Z,15282120493,571
2026-09-10T16:44:36Z,15288629078,1771
2026-09-10T16:44:36Z,15318113891,7709
2026-09-10T16:44:36Z,15352028692,856
2026-09-10T16:44:36Z,15446342241,614
2026-09-10T16:44:36Z,15507022415,2023
2026-09-10T16:44:36Z,15509312676,760
2026-09-10T16:44:36Z,15532962292,45678
2026-09-10T16:44:36Z,15546218972,883
2026-09-10T16:44:36Z,15550215902,3425
2026-09-10T16:44:36Z,15560168390,1596
2026-09-10T16:44:36Z,15598056478,2098
2026-09-10T16:44:36Z,15654981113,1029
2026-09-10T16:44:36Z,15694891095,1898
2026-09-10T16:44:36Z,15696848933,2833
2026-09-10T16:44:36Z,15768329004,3437
2026-09-10T16:44:36Z,15781012611,549
2026-09-10T16:44:36Z,15784744207,1914
2026-09-10T16:44:36Z,15845087881,560
2026-09-10T16:44:36Z,15859503151,579
2026-09-10T16:44:36Z,15864327873,573
2026-09-10T16:44:36Z,15930174396,4051
2026-09-10T16:44:36Z,16039690331,1703
2026-09-10T16:44:36Z,16057679366,914
2026-09-10T16:44:36Z,16115051360,1222
2026-09-10T16:44:36Z,16116270224,23213
2026-09-10T16:44:36Z,16141640360,2722
2026-09-10T16:44:36Z,16141898262,1754
2026-09-10T16:44:36Z,16146832113,21881
2026-09-10T16:44:36Z,16154918775,2581
2026-09-10T16:44:36Z,16159871483,530
2026-09-10T16:44:36Z,16272604134,2229
2026-09-10T16:44:36Z,16288616721,1087
2026-09-10T16:44:36Z,16290530659,796
2026-09-10T16:44:36Z,16331682055,515
2026-09-10T16:44:36Z,16381982348,606
2026-09-10T16:44:36Z,16389395869,13641
2026-09-10T16:44:36Z,16446142514,1224
2026-09-10T16:44:36Z,16447934574,5730
2026-09-10T16:44:36Z,16454399300,1018
2026-09-10T16:44:36Z,16480898254,2536
2026-09-10T16:44:36Z,16483433878,662
2026-09-10T16:44:36Z,16501421966,729
2026-09-10T16:44:36Z,16518256559,1310
2026-09-10T16:44:36Z,16625391970,9296
2026-09-10T16:44:36Z,16653555262,1378
2026-09-10T16:44:36Z,16720848315,504
2026-09-10T16:44:36Z,16732694052,79909
2026-09-10T16:44:36Z,16740784399,549
2026-09-10T16:44:36Z,16867505761,1946
2026-09-10T16:44:36Z,16901389020,2790
2026-09-10T16:44:36Z,16907212609,1744
2026-09-10T16:44:36Z,16910059756,4477
2026-09-10T16:44:36Z,16962279458,2919
2026-09-10T16:44:36Z,16991287194,2743
2026-09-10T16:44:36Z,16993432698,1265
2026-09-10T16:44:36Z,17012548142,856
2026-09-10T16:44:36Z,17045823120,1367
2026-09-10T16:44:36Z,17050349106,506
2026-09-10T16:44:36Z,17070462969,508
2026-09-10T16:44:36Z,17121846721,1231
2026-09-10T16:44:36Z,17188326828,1089
2026-09-10T16:44:36Z,17192092512,4110
2026-09-10T16:44:36Z,17255098561,1761
2026-09-10T16:44:36Z,17277889388,614
2026-09-10T16:44:36Z,17371491481,1896
2026-09-10T16:44:36Z,17450551531,1392
2026-09-10T16:44:36Z,17457986005,1518
2026-09-10T16:44:36Z,17516596118,22081
2026-09-10T16:44:36Z,17556820024,3085
2026-09-10T16:44:36Z,17571821642,2156
2026-09-10T16:44:36Z,17577256698,8246
2026-09-10T16:44:36Z,17581668152,2432
2026-09-10T16:44:36Z,17600423422,886
2026-09-10T16:44:36Z,17625359962,174393
2026-09-10T16:44:36Z,17662297954,876
2026-09-10T16:44:36Z,17664585395,1595
2026-09-10T16:44:36Z,17698425045,986
2026-09-10T16:44:36Z,17720162456,2557
2026-09-10T16:44:36Z,17729873503,611
2026-09-10T16:44:36Z,17759606919,739
2026-09-10T16:44:36Z,17798223108,539
2026-09-10T16:44:36Z,17844293708,1410
2026-09-10T16:44:36Z,17861623204,702
2026-09-10T16:44:36Z,17882166032,2639
2026-09-10T16:44:36Z,18102078939,1936
2026-09-10T16:44:36Z,18138682962,1249
2026-09-10T16:44:36Z,18152595062,939
2026-09-10T16:44:36Z,18153851914,550
2026-09-10T16:44:36Z,18156286285,1079
2026-09-10T16:44:36Z,18172550962,666
2026-09-10T16:44:36Z,18180736634,2289
2026-09-10T16:44:36Z,18183902003,1326
2026-09-10T16:44:36Z,18192562963,1392
2026-09-10T16:44:36Z,18199615050,5853
2026-09-10T16:44:36Z,18214855317,3751
2026-09-10T16:44:36Z,18218605381,1931
2026-09-10T16:44:36Z,18259975825,2218
2026-09-10T16:44:36Z,18260439047,1432
2026-09-10T16:44:36Z,18334179599,1317
2026-09-10T16:44:36Z,18335956021,12058
2026-09-10T16:44:36Z,18341181766,736
2026-09-10T16:44:36Z,18376355901,1248
2026-09-10T16:44:36Z,18403789061,652
2026-09-10T16:44:36Z,18408132742,597
2026-09-10T16:44:36Z,18519254033,2090
2026-09-10T16:44:36Z,18537079992,1767
2026-09-10T16:44:36Z,18545825758,502
2026-09-10T16:44:36Z,18564534135,522
2026-09-10T16:44:36Z,18645473062,1076
2026-09-10T16:44:36Z,18649596490,2225
2026-09-10T16:44:36Z,18666738837,4863
2026-09-10T16:44:36Z,18668065416,14754
2026-09-10T16:44:36Z,18680867089,2515
2026-09-10T16:44:36Z,18687417158,51640
2026-09-10T16:44:36Z,18688598012,983
2026-09-10T16:44:36Z,18700851435,4346
2026-09-10T16:44:36Z,18753889337,4873
2026-09-10T16:44:36Z,18799085098,2742
2026-09-10T16:44:36Z,18803315158,4667
2026-09-10T16:44:36Z,18816315817,1670
2026-09-10T16:44:36Z,18864551515,938
2026-09-10T16:44:36Z,18934709778,1430
2026-09-10T16:44:36Z,18948446518,3570
2026-09-10T16:44:36Z,18959440414,1561
2026-09-10T16:44:36Z,18984776765,911
2026-09-10T16:44:36Z,70390793715007,1283
2026-09-10T16:44:36Z,70400654680508,2868
2026-09-10T16:44:36Z,70411440483149,24898
2026-09-10T16:44:36Z,70435795041539,5796
2026-09-10T16:44:36Z,70476134485723,757
2026-09-10T16:44:36Z,70564797343878,563
2026-09-10T16:44:36Z,70587876731444,2198
2026-09-10T16:44:36Z,70640255604878,15116
2026-09-10T16:44:36Z,70805830291547,1333
2026-09-10T16:44:36Z,70824721645030,513
2026-09-10T16:44:36Z,70904050766278,621
2026-09-10T16:44:36Z,70906625936847,6754
2026-09-10T16:44:36Z,70911358699250,1690
2026-09-10T16:44:36Z,70970763145070,788
2026-09-10T16:44:36Z,70990751935174,1961
2026-09-10T16:44:36Z,70994695337243,1104
2026-09-10T16:44:36Z,70998903613713,611
2026-09-10T16:44:36Z,71099982892966,1320
2026-09-10T16:44:36Z,71132543521245,7671
2026-09-10T16:44:36Z,71143154217953,1038
2026-09-10T16:44:36Z,71174733280934,1278
2026-09-10T16:44:36Z,71394819414417,2442
2026-09-10T16:44:36Z,71457452830106,1088
2026-09-10T16:44:36Z,71480482338212,1182
2026-09-10T16:44:36Z,71543463524754,848
2026-09-10T16:44:36Z,71565666593141,536
2026-09-10T16:44:36Z,71599043035739,3539
2026-09-10T16:44:36Z,71600459831333,2265
2026-09-10T16:44:36Z,71633357192188,2168
2026-09-10T16:44:36Z,71647048889071,636
2026-09-10T16:44:36Z,71647256260480,1649
2026-09-10T16:44:36Z,71704434889758,7313
2026-09-10T16:44:36Z,71706515477118,1115
2026-09-10T16:44:36Z,71774876641249,1692
2026-09-10T16:44:36Z,71849204829689,855
2026-09-10T16:44:36Z,71852303862507,2010
2026-09-10T16:44:36Z,71895508397153,2351
2026-09-10T16:44:36Z,72019577565540,1067
2026-09-10T16:44:36Z,72167803024670,1090
2026-09-10T16:44:36Z,72216345408467,5493
2026-09-10T16:44:36Z,72317248326994,1968
2026-09-10T16:44:36Z,72387437800091,4773
2026-09-10T16:44:36Z,72399795227216,580
2026-09-10T16:44:36Z,72450672234943,2029
2026-09-10T16:44:36Z,72525366293660,580
2026-09-10T16:44:36Z,72604809857139,534
2026-09-10T16:44:36Z,72659788689464,682
2026-09-10T16:44:36Z,72712036210947,1638
2026-09-10T16:44:36Z,72763503064951,2941
2026-09-10T16:44:36Z,72845937010155,1407
2026-09-10T16:44:36Z,72920620366355,4265
2026-09-10T16:44:36Z,73097591386069,1108
2026-09-10T16:44:36Z,73101851322368,1567
2026-09-10T16:44:36Z,73189007576537,2617
2026-09-10T16:44:36Z,73398239244597,545
2026-09-10T16:44:36Z,73413968610508,1837
2026-09-10T16:44:36Z,73526576502092,566
2026-09-10T16:44:36Z,73578698401320,2536
2026-09-10T16:44:36Z,73613510857111,3618
2026-09-10T16:44:36Z,73621314943835,5825
2026-09-10T16:44:36Z,73768006371986,4194
2026-09-10T16:44:36Z,73814003954154,712
2026-09-10T16:44:36Z,73871058651498,1437
2026-09-10T16:44:36Z,73897506680154,6967
2026-09-10T16:44:36Z,73904017172892,2768
2026-09-10T16:44:36Z,73908022013371,2018
2026-09-10T16:44:36Z,73954336239895,1063
2026-09-10T16:44:36Z,73956553001240,29318
2026-09-10T16:44:36Z,74102906764176,22369
2026-09-10T16:44:36Z,74188431054457,13846
2026-09-10T16:44:36Z,74193805629461,2924
2026-09-10T16:44:36Z,74218191398494,607
2026-09-10T16:44:36Z,74256669508761,3545
2026-09-10T16:44:36Z,74260430392611,5389
2026-09-10T16:44:36Z,74341114342499,11820
2026-09-10T16:44:36Z,74395953411817,11183
2026-09-10T16:44:36Z,74511210941284,1747
2026-09-10T16:44:36Z,74542317333958,1420
2026-09-10T16:44:36Z,74716719697996,4496
2026-09-10T16:44:36Z,74729868188364,5982
2026-09-10T16:44:36Z,74889851913797,4786
2026-09-10T16:44:36Z,74994442538508,814
2026-09-10T16:44:36Z,75127349412719,580
2026-09-10T16:44:36Z,75178747054941,1943
2026-09-10T16:44:36Z,75317862071711,4135
2026-09-10T16:44:36Z,75366259315586,662
2026-09-10T16:44:36Z,75387700043737,13670
2026-09-10T16:44:36Z,75467339082089,653
2026-09-10T16:44:36Z,75541741887441,1494
2026-09-10T16:44:36Z,75547400568620,6903
2026-09-10T16:44:36Z,75561686090072,894
2026-09-10T16:44:36Z,75568173037446,2457
2026-09-10T16:44:36Z,75626443136851,689
2026-09-10T16:44:36Z,75646865566926,821
2026-09-10T16:44:36Z,75663528075786,2911
2026-09-10T16:44:36Z,75753413268977,988
2026-09-10T16:44:36Z,75839707976715,1181
2026-09-10T16:44:36Z,75888315541325,580
2026-09-10T16:44:36Z,76137189788863,2644
2026-09-10T16:44:36Z,76153324611685,6139
2026-09-10T16:44:36Z,76193707924033,646
2026-09-10T16:44:36Z,76285745979410,3898
2026-09-10T16:44:36Z,76427490154192,3063
2026-09-10T16:44:36Z,76503495566299,11453
2026-09-10T16:44:36Z,76526090659517,1914
2026-09-10T16:44:36Z,76558904092080,1727
2026-09-10T16:44:36Z,76603753346534,666
2026-09-10T16:44:36Z,76737571462455,2439
2026-09-10T16:44:36Z,76812848652979,1289
2026-09-10T16:44:36Z,76838459031868,12689
2026-09-10T16:44:36Z,76842920359834,644
2026-09-10T16:44:36Z,76911729991355,3783
2026-09-10T16:44:36Z,77108422251420,54781
2026-09-10T16:44:36Z,77187847593796,587
2026-09-10T16:44:36Z,77649408247578,34344
2026-09-10T16:44:36Z,77747658251236,1787
2026-09-10T16:44:36Z,77843161404023,9047
2026-09-10T16:44:36Z,78028206594931,808
2026-09-10T16:44:36Z,78131609782350,1188
2026-09-10T16:44:36Z,78177131121429,3025
2026-09-10T16:44:36Z,78471443847948,997
2026-09-10T16:44:36Z,78496323189083,1834
2026-09-10T16:44:36Z,78515283254292,97467
2026-09-10T16:44:36Z,78699621133325,1097
2026-09-10T16:44:36Z,78724109436030,933
2026-09-10T16:44:36Z,78724900430513,1651
2026-09-10T16:44:36Z,78839079957645,2231
2026-09-10T16:44:36Z,79267089300389,5599
2026-09-10T16:44:36Z,79268393072444,12379
2026-09-10T16:44:36Z,79315121100812,1930
2026-09-10T16:44:36Z,79392214809379,512
2026-09-10T16:44:36Z,79454007962937,1261
2026-09-10T16:44:36Z,79480724066456,12348
2026-09-10T16:44:36Z,79546208627805,172955
2026-09-10T16:44:36Z,79638614256104,501
2026-09-10T16:44:36Z,79790479326946,1084
2026-09-10T16:44:36Z,79797693256658,558
2026-09-10T16:44:36Z,79860632214114,608
2026-09-10T16:44:36Z,79886695267825,842
2026-09-10T16:44:36Z,79948106719663,723
2026-09-10T16:44:36Z,79966250354565,7824
2026-09-10T16:44:36Z,80000420704526,2866
2026-09-10T16:44:36Z,80031826041492,1315
2026-09-10T16:44:36Z,80111254680893,783
2026-09-10T16:44:36Z,80200604311136,2771
2026-09-10T16:44:36Z,80234914611737,1442
2026-09-10T16:44:36Z,80279663815725,1201
2026-09-10T16:44:36Z,80342862330041,639
2026-09-10T16:44:36Z,80607040330429,1460
2026-09-10T16:44:36Z,80610578881227,925
2026-09-10T16:44:36Z,80692223709267,646
2026-09-10T16:44:36Z,80734098185936,2478
2026-09-10T16:44:36Z,80861715191104,1301
2026-09-10T16:44:36Z,80898524797320,1863
2026-09-10T16:44:36Z,81040587037979,1851
2026-09-10T16:44:36Z,81223687051453,2915
2026-09-10T16:44:36Z,81239378558719,1180
2026-09-10T16:44:36Z,81549698024226,786
2026-09-10T16:44:36Z,81703830622949,2203
2026-09-10T16:44:36Z,82013336390273,795
2026-09-10T16:44:36Z,82075856475941,662
2026-09-10T16:44:36Z,82084053899394,791
2026-09-10T16:44:36Z,82103875404639,504
2026-09-10T16:44:36Z,82329146189989,1235
2026-09-10T16:44:36Z,82453659777192,1091
2026-09-10T16:44:36Z,82457571485380,8025
2026-09-10T16:44:36Z,82461912126439,622
2026-09-10T16:44:36Z,82524183928567,516
2026-09-10T16:44:36Z,82539019711975,1868
2026-09-10T16:44:36Z,82554996468034,1050
2026-09-10T16:44:36Z,82570142697239,1705
2026-09-10T16:44:36Z,82712304391069,4933
2026-09-10T16:44:36Z,82745432464897,1193
2026-09-10T16:44:36Z,82797688803922,3017
2026-09-10T16:44:36Z,82866880824588,521
2026-09-10T16:44:36Z,82898983236792,699
2026-09-10T16:44:36Z,82904798643396,1003
2026-09-10T16:44:36Z,82983707799188,3379
2026-09-10T16:44:36Z,83038462357724,12004
2026-09-10T16:44:36Z,83211034158887,742
2026-09-10T16:44:36Z,83238501165241,683
2026-09-10T16:44:36Z,83264774625004,3039
2026-09-10T16:44:36Z,83312952548612,675
2026-09-10T16:44:36Z,83325975879599,3816
2026-09-10T16:44:36Z,83388257263676,4518
2026-09-10T16:44:36Z,83569851223739,2715
2026-09-10T16:44:36Z,83622406313819,1981
2026-09-10T16:44:36Z,83948716312312,1216
2026-09-10T16:44:36Z,84156601481934,2006
2026-09-10T16:44:36Z,84256892855657,1407
2026-09-10T16:44:36Z,84332574190497,3205
2026-09-10T16:44:36Z,84449017742177,5296
2026-09-10T16:44:36Z,84515722934860,39223
2026-09-10T16:44:36Z,84525826229916,4244
2026-09-10T16:44:36Z,84526099099491,1605
2026-09-10T16:44:36Z,84556640895285,14684
2026-09-10T16:44:36Z,84568117169118,1389
2026-09-10T16:44:36Z,84692574040798,857
2026-09-10T16:44:36Z,84717457860674,517
2026-09-10T16:44:36Z,84956402848349,935
2026-09-10T16:44:36Z,84968446824850,524
2026-09-10T16:44:36Z,85011874799856,1996
2026-09-10T16:44:36Z,85048226835181,1577
2026-09-10T16:44:36Z,85056532479796,1572
2026-09-10T16:44:36Z,85070202669030,635
2026-09-10T16:44:36Z,85245205758607,2091
2026-09-10T16:44:36Z,85387381843881,1459
2026-09-10T16:44:36Z,85896571713843,2463
2026-09-10T16:44:36Z,85967844112283,20407
2026-09-10T16:44:36Z,86017989016432,1031
2026-09-10T16:44:36Z,86022723355936,929
2026-09-10T16:44:36Z,86089763581353,688
2026-09-10T16:44:36Z,86164638330564,722
2026-09-10T16:44:36Z,86178279217218,1340
2026-09-10T16:44:36Z,86247128610772,8369
2026-09-10T16:44:36Z,86259628805375,5658
2026-09-10T16:44:36Z,86368783421928,3673
2026-09-10T16:44:36Z,86374876468143,2502
2026-09-10T16:44:36Z,86378115369061,588
2026-09-10T16:44:36Z,86479448397834,8951
2026-09-10T16:44:36Z,86524001536792,1212
2026-09-10T16:44:36Z,86635275427451,509
2026-09-10T16:44:36Z,86707571837034,995
2026-09-10T16:44:36Z,86754403332185,869
2026-09-10T16:44:36Z,86757987326668,598
2026-09-10T16:44:36Z,86943068337855,6713
2026-09-10T16:44:36Z,87018676608089,1182
2026-09-10T16:44:36Z,87046419551816,3459
2026-09-10T16:44:36Z,87214116277191,1253
2026-09-10T16:44:36Z,87274635966213,521
2026-09-10T16:44:36Z,87311102000285,1564
2026-09-10T16:44:36Z,87468080405188,4775
2026-09-10T16:44:36Z,87555052900625,637
2026-09-10T16:44:36Z,88033955914813,1684
2026-09-10T16:44:36Z,88207898227053,828
2026-09-10T16:44:36Z,88234622381007,779
2026-09-10T16:44:36Z,88323040672117,1968
2026-09-10T16:44:36Z,88412811497379,1680
2026-09-10T16:44:36Z,88480125732253,622
2026-09-10T16:44:36Z,88728793053496,1034
2026-09-10T16:44:36Z,88887739603194,1451
2026-09-10T16:44:36Z,88933961678687,1880
2026-09-10T16:44:36Z,88951201927122,577
2026-09-10T16:44:36Z,89035794510548,2542
2026-09-10T16:44:36Z,89100823864844,2075
2026-09-10T16:44:36Z,89180039807836,732
2026-09-10T16:44:36Z,89469502395769,19723
2026-09-10T16:44:36Z,89490838554710,4961
2026-09-10T16:44:36Z,89561601601392,809
2026-09-10T16:44:36Z,89704645856683,3108
2026-09-10T16:44:36Z,89788834648171,822
2026-09-10T16:44:36Z,90038414385014,1087
2026-09-10T16:44:36Z,90086669327265,13849
2026-09-10T16:44:36Z,90148635862803,11177
2026-09-10T16:44:36Z,90184287580174,3345
2026-09-10T16:44:36Z,90367590248857,706
2026-09-10T16:44:36Z,90462358603255,697
2026-09-10T16:44:36Z,90568084448279,22509
2026-09-10T16:44:36Z,90704250333473,2813
2026-09-10T16:44:36Z,90740816183375,6552
2026-09-10T16:44:36Z,90784570995507,2793
2026-09-10T16:44:36Z,90803345996188,807
2026-09-10T16:44:36Z,90842695067815,537
2026-09-10T16:44:36Z,90906407195271,4267
2026-09-10T16:44:36Z,91203203156283,1584
2026-09-10T16:44:36Z,91296119701853,810
2026-09-10T16:44:36Z,91440994157417,788
2026-09-10T16:44:36Z,91695551099066,1500
2026-09-10T16:44:36Z,91698952875688,505
2026-09-10T16:44:36Z,91704854174760,4013
2026-09-10T16:44:36Z,91746497060666,4653
2026-09-10T16:44:36Z,91931360732020,763
2026-09-10T16:44:36Z,92044060392057,507
2026-09-10T16:44:36Z,92122513197996,5734
2026-09-10T16:44:36Z,92141204718989,592
2026-09-10T16:44:36Z,92171645661524,1377
2026-09-10T16:44:36Z,92415748858497,1121
2026-09-10T16:44:36Z,92416421522960,656
2026-09-10T16:44:36Z,92422478989816,909
2026-09-10T16:44:36Z,92432535588391,876
2026-09-10T16:44:36Z,92637789841354,69002
2026-09-10T16:44:36Z,92683694220101,521
2026-09-10T16:44:36Z,92700582787930,1274
2026-09-10T16:44:36Z,92937726498067,821
2026-09-10T16:44:36Z,92942575852492,1047
2026-09-10T16:44:36Z,93028168925975,4621
2026-09-10T16:44:36Z,93091759101123,7561
2026-09-10T16:44:36Z,93233198656969,794
2026-09-10T16:44:36Z,93265851514769,1431
2026-09-10T16:44:36Z,93563420945975,736
2026-09-10T16:44:36Z,93787311916283,948
2026-09-10T16:44:36Z,93829858358973,2667
2026-09-10T16:44:36Z,93978595733734,54529
2026-09-10T16:44:36Z,94217045453265,10368
2026-09-10T16:44:36Z,94495283121683,2640
2026-09-10T16:44:36Z,94503612388426,949
2026-09-10T16:44:36Z,94539932414164,1522
2026-09-10T16:44:36Z,94590879393563,966
2026-09-10T16:44:36Z,94640181989498,14941
2026-09-10T16:44:36Z,94647229517154,9294
2026-09-10T16:44:36Z,94702395375549,796
2026-09-10T16:44:36Z,94717504417144,764
2026-09-10T16:44:36Z,94845773826960,749
2026-09-10T16:44:36Z,94860588848140,1715
2026-09-10T16:44:36Z,94987506187454,1402
2026-09-10T16:44:36Z,95082159892680,175333
2026-09-10T16:44:36Z,95094140550911,1000
2026-09-10T16:44:36Z,95094324354820,2261
2026-09-10T16:44:36Z,95223801959482,755
2026-09-10T16:44:36Z,95319535505764,1092
2026-09-10T16:44:36Z,95417153338993,6496
2026-09-10T16:44:36Z,95721658376580,2817
2026-09-10T16:44:36Z,95929919723230,534
2026-09-10T16:44:36Z,96033388567901,542
2026-09-10T16:44:36Z,96071743839078,587
2026-09-10T16:44:36Z,96153864779911,1332
2026-09-10T16:44:36Z,96168869671905,6253
2026-09-10T16:44:36Z,96280251181127,2369
2026-09-10T16:44:36Z,96401370703274,1136
2026-09-10T16:44:36Z,96425088123775,1820
2026-09-10T16:44:36Z,96447215899741,4307
2026-09-10T16:44:36Z,96462622512177,1394
2026-09-10T16:44:36Z,96469185605358,556
2026-09-10T16:44:36Z,96510596525082,5843
2026-09-10T16:44:36Z,96645548064314,20442
2026-09-10T16:44:36Z,96775630583143,1756
2026-09-10T16:44:36Z,96796259580891,3357
2026-09-10T16:44:36Z,97038396539280,550
2026-09-10T16:44:36Z,97042065873644,1867
2026-09-10T16:44:36Z,97090732168175,3316
2026-09-10T16:44:36Z,97387256206808,696
2026-09-10T16:44:36Z,97438379434717,1341
2026-09-10T16:44:36Z,97463774278378,776
2026-09-10T16:44:36Z,97598239454123,8463
2026-09-10T16:44:36Z,97607545197126,1948
2026-09-10T16:44:36Z,97630670804505,960
2026-09-10T16:44:36Z,97824450589417,19658
2026-09-10T16:44:36Z,97837301536811,605
2026-09-10T16:44:36Z,98067481349941,910
2026-09-10T16:44:36Z,98100179608264,554
2026-09-10T16:44:36Z,98138235237704,950
2026-09-10T16:44:36Z,98303142742576,1092
2026-09-10T16:44:36Z,98393605725180,5237
2026-09-10T16:44:36Z,98502499119821,5067
2026-09-10T16:44:36Z,98626216952426,884
2026-09-10T16:44:36Z,98629859043211,2057
2026-09-10T16:44:36Z,98664161516921,3994
2026-09-10T16:44:36Z,98679602313466,2381
2026-09-10T16:44:36Z,98695134949589,755
2026-09-10T16:44:36Z,98800969324557,21555
2026-09-10T16:44:36Z,98894876188248,8963
2026-09-10T16:44:36Z,98916904742148,2405
2026-09-10T16:44:36Z,98936097545088,3610
2026-09-10T16:44:36Z,98951612738714,698
2026-09-10T16:44:36Z,99065555424640,757
2026-09-10T16:44:36Z,99108783264633,5842
2026-09-10T16:44:36Z,99122501338948,1831
2026-09-10T16:44:36Z,99255447043899,1464
2026-09-10T16:44:36Z,99269206016797,1447
2026-09-10T16:44:36Z,99342262733194,955
2026-09-10T16:44:36Z,99449877692519,1657
2026-09-10T16:44:36Z,99521272836282,2446
2026-09-10T16:44:36Z,99567941238278,17009
2026-09-10T16:44:36Z,99702578544768,1580
2026-09-10T16:44:36Z,99703116573266,1569
2026-09-10T16:44:36Z,99715891575923,2545
2026-09-10T16:44:36Z,99758842280353,1989
2026-09-10T16:44:36Z,99817148924004,1518
2026-09-10T16:44:36Z,100034344773758,919
2026-09-10T16:44:36Z,100039707794702,840
2026-09-10T16:44:36Z,100178831086674,2582
2026-09-10T16:44:36Z,100221279566736,1220
2026-09-10T16:44:36Z,100293509865504,6192
2026-09-10T16:44:36Z,100400297022629,750
2026-09-10T16:44:36Z,100429474155186,6397
2026-09-10T16:44:36Z,100453351939863,845
2026-09-10T16:44:36Z,100689340481763,547
2026-09-10T16:44:36Z,100722736774753,576
2026-09-10T16:44:36Z,100744519298647,1160
2026-09-10T16:44:36Z,100831517378953,697
2026-09-10T16:44:36Z,100860415498291,1382
2026-09-10T16:44:36Z,100911362514791,2011
2026-09-10T16:44:36Z,101009821472804,3825
2026-09-10T16:44:36Z,101272402522756,1392
2026-09-10T16:44:36Z,101396571928321,1927
2026-09-10T16:44:36Z,101480963912212,8158
2026-09-10T16:44:36Z,101533162298733,830
2026-09-10T16:44:36Z,101610294550592,2127
2026-09-10T16:44:36Z,101685456774656,1375
2026-09-10T16:44:36Z,101733180974837,1244
2026-09-10T16:44:36Z,101754965994520,556
2026-09-10T16:44:36Z,101906032112547,7263
2026-09-10T16:44:36Z,101914772188620,4280
2026-09-10T16:44:36Z,101949297449238,1112
2026-09-10T16:44:36Z,102054284786904,2613
2026-09-10T16:44:36Z,102072869879193,18277
2026-09-10T16:44:36Z,102457672839885,1947
2026-09-10T16:44:36Z,102489700929678,7022
2026-09-10T16:44:36Z,102553576537621,1922
2026-09-10T16:44:36Z,102574559184919,572
2026-09-10T16:44:36Z,102612844247090,647
2026-09-10T16:44:36Z,102837194624695,3878
2026-09-10T16:44:36Z,102871156420149,3168
2026-09-10T16:44:36Z,102917792916356,1343
2026-09-10T16:44:36Z,103037106396302,18567
2026-09-10T16:44:36Z,103050497819513,2238
2026-09-10T16:44:36Z,103185879508967,979
2026-09-10T16:44:36Z,103285721487694,3705
2026-09-10T16:44:36Z,103311003648859,865
2026-09-10T16:44:36Z,103410145208388,581
2026-09-10T16:44:36Z,103556382323599,1310
2026-09-10T16:44:36Z,103589142326933,3004
2026-09-10T16:44:36Z,103593441753340,1190
2026-09-10T16:44:36Z,103731330407395,628
2026-09-10T16:44:36Z,103740390007820,733
2026-09-10T16:44:36Z,103754275310547,1917
2026-09-10T16:44:36Z,103802803330866,1371
2026-09-10T16:44:36Z,103854444055060,710
2026-09-10T16:44:36Z,103883942725157,8394
2026-09-10T16:44:36Z,104239938688296,518
2026-09-10T16:44:36Z,104339804279870,866
2026-09-10T16:44:36Z,104485012391716,1220
2026-09-10T16:44:36Z,104524602549480,668
2026-09-10T16:44:36Z,104589921852670,1800
2026-09-10T16:44:36Z,104693964860826,3338
2026-09-10T16:44:36Z,104715542330896,20282
2026-09-10T16:44:36Z,104716788636258,719
2026-09-10T16:44:36Z,104761395312874,4978
2026-09-10T16:44:36Z,104808235862933,16081
2026-09-10T16:44:36Z,104809044319701,8296
2026-09-10T16:44:36Z,104812936457083,655
2026-09-10T16:44:36Z,104841616983113,3118
2026-09-10T16:44:36Z,104890260413773,1646
2026-09-10T16:44:36Z,104973076655377,4129
2026-09-10T16:44:36Z,105265986112006,612
2026-09-10T16:44:36Z,105350566569864,506
2026-09-10T16:44:36Z,105373497661352,1445
2026-09-10T16:44:36Z,105452889569708,2633
2026-09-10T16:44:36Z,105555311806207,2594
2026-09-10T16:44:36Z,105633123928294,2060
2026-09-10T16:44:36Z,105724836892064,4351
2026-09-10T16:44:36Z,105742951729183,1214
2026-09-10T16:44:36Z,105767799784652,746
2026-09-10T16:44:36Z,105954652742326,1300
2026-09-10T16:44:36Z,106078822951099,1211
2026-09-10T16:44:36Z,106131416903029,1392
2026-09-10T16:44:36Z,106187832607756,1069
2026-09-10T16:44:36Z,106484206883664,10943
2026-09-10T16:44:36Z,106487781999308,1201
2026-09-10T16:44:36Z,106605940421527,681
2026-09-10T16:44:36Z,106683702021527,3642
2026-09-10T16:44:36Z,106802314735486,2804
2026-09-10T16:44:36Z,106832050389015,843
2026-09-10T16:44:36Z,106838580527183,6693
2026-09-10T16:44:36Z,106920577206536,1563
2026-09-10T16:44:36Z,107095834793267,924
2026-09-10T16:44:36Z,107377364123237,1872
2026-09-10T16:44:36Z,107430889830807,5637
2026-09-10T16:44:36Z,107467295209358,10399
2026-09-10T16:44:36Z,107645101488133,661
2026-09-10T16:44:36Z,107646426076756,598
2026-09-10T16:44:36Z,107653945083776,9537
2026-09-10T16:44:36Z,107713910741616,580
2026-09-10T16:44:36Z,107717448640907,670
2026-09-10T16:44:36Z,107727386530697,739
2026-09-10T16:44:36Z,107750563478039,828
2026-09-10T16:44:36Z,107778070777162,1553482
2026-09-10T16:44:36Z,107792622719098,1648
2026-09-10T16:44:36Z,107828406309109,1019
2026-09-10T16:44:36Z,107833198839573,2562
2026-09-10T16:44:36Z,107894105055312,7431
2026-09-10T16:44:36Z,108227239615000,1380
2026-09-10T16:44:36Z,108307565942574,4651
2026-09-10T16:44:36Z,108410750455933,828
2026-09-10T16:44:36Z,108439047160668,1489
2026-09-10T16:44:36Z,108533757090220,4497
2026-09-10T16:44:36Z,108567435288296,17025
2026-09-10T16:44:36Z,108645230905176,3987
2026-09-10T16:44:36Z,108730407897379,1837
2026-09-10T16:44:36Z,108750539382245,614
2026-09-10T16:44:36Z,108767400143329,997
2026-09-10T16:44:36Z,108843562394237,1112
2026-09-10T16:44:36Z,109073199927285,597
2026-09-10T16:44:36Z,109129552698918,847
2026-09-10T16:44:36Z,109167932163747,1137
2026-09-10T16:44:36Z,109170650911069,1836
2026-09-10T16:44:36Z,109258067111533,2357
2026-09-10T16:44:36Z,109397169461300,3771
2026-09-10T16:44:36Z,109509029034984,5094
2026-09-10T16:44:36Z,109509628648368,584
2026-09-10T16:44:36Z,109629391874197,702
2026-09-10T16:44:36Z,109686116036889,1047
2026-09-10T16:44:36Z,109694820409483,2901
2026-09-10T16:44:36Z,109715918987082,956
2026-09-10T16:44:36Z,109881277752094,2214
2026-09-10T16:44:36Z,109983668079237,92079
2026-09-10T16:44:36Z,110175021189594,6461
2026-09-10T16:44:36Z,110283655701247,920
2026-09-10T16:44:36Z,110334393584385,777
2026-09-10T16:44:36Z,110373292461174,678
2026-09-10T16:44:36Z,110470672231288,1064
2026-09-10T16:44:36Z,110570058234582,1335
2026-09-10T16:44:36Z,110584310129887,500
2026-09-10T16:44:36Z,110627433764494,2594
2026-09-10T16:44:36Z,110668201954727,2776
2026-09-10T16:44:36Z,110677803091411,737
2026-09-10T16:44:36Z,110793563946846,1382
2026-09-10T16:44:36Z,110806816173057,1789
2026-09-10T16:44:36Z,110808833601416,723
2026-09-10T16:44:36Z,110829983956014,6426
2026-09-10T16:44:36Z,111063058742520,7241
2026-09-10T16:44:36Z,111262527555232,3479
2026-09-10T16:44:36Z,111363135577981,1745
2026-09-10T16:44:36Z,111403197324514,1658
2026-09-10T16:44:36Z,111421220771064,796
2026-09-10T16:44:36Z,111442376436641,1425
2026-09-10T16:44:36Z,111471464387284,535
2026-09-10T16:44:36Z,111779414681728,904
2026-09-10T16:44:36Z,111835260646713,2733
2026-09-10T16:44:36Z,111862336710239,674
2026-09-10T16:44:36Z,111894976456494,9062
2026-09-10T16:44:36Z,111989938562194,1959
2026-09-10T16:44:36Z,112107733863518,603
2026-09-10T16:44:36Z,112114621008524,555
2026-09-10T16:44:36Z,112171352246014,5533
2026-09-10T16:44:36Z,112226578490421,1678
2026-09-10T16:44:36Z,112233638491976,2775
2026-09-10T16:44:36Z,112413741511713,2369
2026-09-10T16:44:36Z,112490729816320,698
2026-09-10T16:44:36Z,112531085636442,1965
2026-09-10T16:44:36Z,112619156837009,2520
2026-09-10T16:44:36Z,112626674737178,3648
2026-09-10T16:44:36Z,112641748896693,3130
2026-09-10T16:44:36Z,112731528776884,10195
2026-09-10T16:44:36Z,112757576021097,621
2026-09-10T16:44:36Z,112781315318195,10519
2026-09-10T16:44:36Z,112796336189704,2211
2026-09-10T16:44:36Z,112816993332059,906
2026-09-10T16:44:36Z,112838150455902,3566
2026-09-10T16:44:36Z,112857282410969,1427
2026-09-10T16:44:36Z,112966546347918,3674
2026-09-10T16:44:36Z,113099333239841,4997
2026-09-10T16:44:36Z,113232329524315,4166
2026-09-10T16:44:36Z,113290951185459,26536
2026-09-10T16:44:36Z,113323927469374,3346
2026-09-10T16:44:36Z,113385048266134,1137
2026-09-10T16:44:36Z,113385977463481,1707
2026-09-10T16:44:36Z,113392430358155,1115
2026-09-10T16:44:36Z,113457460682474,2462
2026-09-10T16:44:36Z,113481077323469,10717
2026-09-10T16:44:36Z,113506071094099,7329
2026-09-10T16:44:36Z,113581963143008,1151
2026-09-10T16:44:36Z,113604074601559,752
2026-09-10T16:44:36Z,113745337705295,3685
2026-09-10T16:44:36Z,113987393426315,4309
2026-09-10T16:44:36Z,114122724051462,2281
2026-09-10T16:44:36Z,114204398207377,5430
2026-09-10T16:44:36Z,114234929420007,12375
2026-09-10T16:44:36Z,114283239905753,514
2026-09-10T16:44:36Z,114357963370524,1344
2026-09-10T16:44:36Z,114381378262504,2533
2026-09-10T16:44:36Z,114501358617756,2952
2026-09-10T16:44:36Z,114537828794341,660
2026-09-10T16:44:36Z,114640202062357,653
2026-09-10T16:44:36Z,114697347887839,35223
2026-09-10T16:44:36Z,114786176505608,647
2026-09-10T16:44:36Z,114861592677288,3158
2026-09-10T16:44:36Z,115035699922620,2719
2026-09-10T16:44:36Z,115092911061119,1398
2026-09-10T16:44:36Z,115286378269814,862
2026-09-10T16:44:36Z,115618367729321,1342
2026-09-10T16:44:36Z,115620466946909,917
2026-09-10T16:44:36Z,115681808123944,4974
2026-09-10T16:44:36Z,116058355775210,1460
2026-09-10T16:44:36Z,116070952245255,7381
2026-09-10T16:44:36Z,116113866980358,1104
2026-09-10T16:44:36Z,116223724643557,515
2026-09-10T16:44:36Z,116495829188952,11829
2026-09-10T16:44:36Z,116497287371701,28811
2026-09-10T16:44:36Z,116501341774429,1490
2026-09-10T16:44:36Z,117180001724009,645
2026-09-10T16:44:36Z,117381420723145,501
2026-09-10T16:44:36Z,117533937949084,8377
2026-09-10T16:44:36Z,117539213094671,1819
2026-09-10T16:44:36Z,117713779364528,9544
2026-09-10T16:44:36Z,117752943664280,1887
2026-09-10T16:44:36Z,117868278782684,2744
2026-09-10T16:44:36Z,118055952211055,1164
2026-09-10T16:44:36Z,118198615964701,614
2026-09-10T16:44:36Z,118367369949006,4500
2026-09-10T16:44:36Z,118418618261207,19465
2026-09-10T16:44:36Z,118447215156914,2093
2026-09-10T16:44:36Z,118546475246005,601
2026-09-10T16:44:36Z,118576822282213,2891
2026-09-10T16:44:36Z,118608618152057,1705
2026-09-10T16:44:36Z,118637423917462,833
2026-09-10T16:44:36Z,118806061296143,1387
2026-09-10T16:44:36Z,118889111240517,1563
2026-09-10T16:44:36Z,118891884735667,664
2026-09-10T16:44:36Z,118952094447715,550
2026-09-10T16:44:36Z,118973301158777,4495
2026-09-10T16:44:36Z,119004860768199,4503
2026-09-10T16:44:36Z,119031147890918,1447
2026-09-10T16:44:36Z,119048529960596,10461
2026-09-10T16:44:36Z,119068914321553,5504
2026-09-10T16:44:36Z,119168493101362,6185
2026-09-10T16:44:36Z,119209026892378,714
2026-09-10T16:44:36Z,119271610514030,1271
2026-09-10T16:44:36Z,119355263204054,2185
2026-09-10T16:44:36Z,119427438574114,1967
2026-09-10T16:44:36Z,119455737640001,2105
2026-09-10T16:44:36Z,119473104067789,1048
2026-09-10T16:44:36Z,119579217517090,2744
2026-09-10T16:44:36Z,119609933650338,763
2026-09-10T16:44:36Z,119741101026672,619
2026-09-10T16:44:36Z,119789365111500,4191
2026-09-10T16:44:36Z,119822977170203,3593
2026-09-10T16:44:36Z,119987266683883,653
2026-09-10T16:44:36Z,120014184236770,619
2026-09-10T16:44:36Z,120135584963579,3903
2026-09-10T16:44:36Z,120140631282295,749
2026-09-10T16:44:36Z,120154566897536,546
2026-09-10T16:44:36Z,120189115846709,1784
2026-09-10T16:44:36Z,120217704230083,1192
2026-09-10T16:44:36Z,120299070926116,1217
2026-09-10T16:44:36Z,120398694613042,685
2026-09-10T16:44:36Z,120450743769548,725
2026-09-10T16:44:36Z,120546894379169,1003
2026-09-10T16:44:36Z,120550559221143,526
2026-09-10T16:44:36Z,120564326011184,558
2026-09-10T16:44:36Z,120700541929930,18951
2026-09-10T16:44:36Z,120704669141193,2575
2026-09-10T16:44:36Z,120766736586332,748
2026-09-10T16:44:36Z,120790217521707,639
2026-09-10T16:44:36Z,120841752776030,2416
2026-09-10T16:44:36Z,120851538706364,14262
2026-09-10T16:44:36Z,120922552721050,526
2026-09-10T16:44:36Z,120944686522212,571
2026-09-10T16:44:36Z,121268060261990,3375
2026-09-10T16:44:36Z,121461214257813,1598
2026-09-10T16:44:36Z,121766265831153,583
2026-09-10T16:44:36Z,121781732399469,3001
2026-09-10T16:44:36Z,121864768012064,93684
2026-09-10T16:44:36Z,122093998639862,2101
2026-09-10T16:44:36Z,122245938604556,26701
2026-09-10T16:44:36Z,122283068696619,519
2026-09-10T16:44:36Z,122433454504469,804
2026-09-10T16:44:36Z,122446657157717,9993
2026-09-10T16:44:36Z,122454884469606,1094
2026-09-10T16:44:36Z,122485613019196,13821
2026-09-10T16:44:36Z,122507029092776,13843
2026-09-10T16:44:36Z,122553263569744,2305
2026-09-10T16:44:36Z,122572082932179,18059
2026-09-10T16:44:36Z,122606989565107,5080
2026-09-10T16:44:36Z,122700472919801,1229
2026-09-10T16:44:36Z,122720857080780,1068
2026-09-10T16:44:36Z,122802147482832,562
2026-09-10T16:44:36Z,122902171482835,758
2026-09-10T16:44:36Z,122951224417794,2908
2026-09-10T16:44:36Z,123258797415953,1029
2026-09-10T16:44:36Z,123468479998097,778
2026-09-10T16:44:36Z,123557829667240,845
2026-09-10T16:44:36Z,123577181610172,703
2026-09-10T16:44:36Z,123581964009368,910
2026-09-10T16:44:36Z,123618551531903,571
2026-09-10T16:44:36Z,123698673940079,6432
2026-09-10T16:44:36Z,123724279728430,7788
2026-09-10T16:44:36Z,123785180486774,625
2026-09-10T16:44:36Z,123821081589134,524
2026-09-10T16:44:36Z,123822115505881,536
2026-09-10T16:44:36Z,123847390309161,13793
2026-09-10T16:44:36Z,123921593837160,5700
2026-09-10T16:44:36Z,124027312895188,2204
2026-09-10T16:44:36Z,124157596473184,528
2026-09-10T16:44:36Z,124293095895786,8166
2026-09-10T16:44:36Z,124311897657957,760
2026-09-10T16:44:36Z,124338404742585,4586
2026-09-10T16:44:36Z,124374448373637,636
2026-09-10T16:44:36Z,124389216346675,4376
2026-09-10T16:44:36Z,124396690804338,948
2026-09-10T16:44:36Z,124473577469410,943
2026-09-10T16:44:36Z,124675142564227,1409
2026-09-10T16:44:36Z,124729731716967,2104
2026-09-10T16:44:36Z,124740268654741,1471
2026-09-10T16:44:36Z,124757309017950,522
2026-09-10T16:44:36Z,124761153798409,8966
2026-09-10T16:44:36Z,124842176624983,684
2026-09-10T16:44:36Z,124853293317687,911
2026-09-10T16:44:36Z,124943244212764,841
2026-09-10T16:44:36Z,125039473548047,12691
2026-09-10T16:44:36Z,125088003721533,601
2026-09-10T16:44:36Z,125299131646017,683
2026-09-10T16:44:36Z,125306084071551,5006
2026-09-10T16:44:36Z,125488740127641,2762
2026-09-10T16:44:36Z,125496078313264,4013
2026-09-10T16:44:36Z,125790795579287,527
2026-09-10T16:44:36Z,125810438250765,1446
2026-09-10T16:44:36Z,125823964467491,585
2026-09-10T16:44:36Z,125927821145949,4556
2026-09-10T16:44:36Z,126016859830524,6267
2026-09-10T16:44:36Z,126171938168748,818
2026-09-10T16:44:36Z,126330684723008,696
2026-09-10T16:44:36Z,126639935515772,717
2026-09-10T16:44:36Z,126815230666914,3474
2026-09-10T16:44:36Z,126857641130765,1207
2026-09-10T16:44:36Z,126870639873289,41474
2026-09-10T16:44:36Z,126884695634066,22901
2026-09-10T16:44:36Z,126922689754590,1192
2026-09-10T16:44:36Z,126987974021910,34132
2026-09-10T16:44:36Z,127078880769763,1960
2026-09-10T16:44:36Z,127089247654125,3535
2026-09-10T16:44:36Z,127099886596040,1431
2026-09-10T16:44:36Z,127103413498148,2655
2026-09-10T16:44:36Z,127152805777886,1568
2026-09-10T16:44:36Z,127177791789316,778
2026-09-10T16:44:36Z,127332613700317,1560
2026-09-10T16:44:36Z,127377897541228,1640
2026-09-10T16:44:36Z,127380660530951,4587
2026-09-10T16:44:36Z,127403135954624,4546
2026-09-10T16:44:36Z,127415661078736,750
2026-09-10T16:44:36Z,127475054933484,2005
2026-09-10T16:44:36Z,127634932179327,3460
2026-09-10T16:44:36Z,127737908858963,1227
2026-09-10T16:44:36Z,127742093697776,1650
2026-09-10T16:44:36Z,127775478639865,3554
2026-09-10T16:44:36Z,127994242634536,41969
2026-09-10T16:44:36Z,127995006069066,658
2026-09-10T16:44:36Z,128039018996175,2310
2026-09-10T16:44:36Z,128119795963270,5672
2026-09-10T16:44:36Z,128263975853774,4640
2026-09-10T16:44:36Z,128329680321338,2625
2026-09-10T16:44:36Z,128448883585036,6149
2026-09-10T16:44:36Z,128451689942376,6445
2026-09-10T16:44:36Z,128662368175518,1835
2026-09-10T16:44:36Z,128682909569625,901
2026-09-10T16:44:36Z,128718867767713,1041
2026-09-10T16:44:36Z,128736949265057,17031
2026-09-10T16:44:36Z,128784467030899,13389
2026-09-10T16:44:36Z,128931272139211,1736
2026-09-10T16:44:36Z,129003441529549,1169
2026-09-10T16:44:36Z,129096378231329,8363
2026-09-10T16:44:36Z,129163919591388,848
2026-09-10T16:44:36Z,129253568870286,4714
2026-09-10T16:44:36Z,129279692364812,3460
2026-09-10T16:44:36Z,129305872972839,1672
2026-09-10T16:44:36Z,129692563688057,1041
2026-09-10T16:44:36Z,129768092435314,6346
2026-09-10T16:44:36Z,129784419746425,1633
2026-09-10T16:44:36Z,129827112113663,3439
2026-09-10T16:44:36Z,129827535941999,845
2026-09-10T16:44:36Z,129839966867899,1123
2026-09-10T16:44:36Z,129866685202296,651
2026-09-10T16:44:36Z,129907317028750,1120
2026-09-10T16:44:36Z,129932912185311,2156
2026-09-10T16:44:36Z,129938700249638,853
2026-09-10T16:44:36Z,129972079094718,3784
2026-09-10T16:44:36Z,130222697019939,1471
2026-09-10T16:44:36Z,130253630950453,805
2026-09-10T16:44:36Z,130342654546662,555
2026-09-10T16:44:36Z,130404059693601,5565
2026-09-10T16:44:36Z,130496219537579,760
2026-09-10T16:44:36Z,130565641176498,1482
2026-09-10T16:44:36Z,130641102725850,6065
2026-09-10T16:44:36Z,130739873848552,4489
2026-09-10T16:44:36Z,130782443587508,1315
2026-09-10T16:44:36Z,130880054413998,526
2026-09-10T16:44:36Z,130929507719087,748
2026-09-10T16:44:36Z,130960021905304,520
2026-09-10T16:44:36Z,130960835358983,3083
2026-09-10T16:44:36Z,131068932321596,1806
2026-09-10T16:44:36Z,131103239963274,986
2026-09-10T16:44:36Z,131117978948830,2012
2026-09-10T16:44:36Z,131234167969699,712
2026-09-10T16:44:36Z,131346454575416,10544
2026-09-10T16:44:36Z,131367064230486,1019
2026-09-10T16:44:36Z,131378148336503,5846
2026-09-10T16:44:36Z,131479356121251,8673
2026-09-10T16:44:36Z,131572543049913,1720
2026-09-10T16:44:36Z,131623223084840,4143
2026-09-10T16:44:36Z,131667667758514,1926
2026-09-10T16:44:36Z,131776241538171,754
2026-09-10T16:44:36Z,131906518201863,1358
2026-09-10T16:44:36Z,131910189515331,2263
2026-09-10T16:44:36Z,132016691802922,816
2026-09-10T16:44:36Z,132046904416072,1445
2026-09-10T16:44:36Z,132173349090360,5884
2026-09-10T16:44:36Z,132239307080610,736
2026-09-10T16:44:36Z,132287558697665,1015
2026-09-10T16:44:36Z,132352755769957,6569
2026-09-10T16:44:36Z,132448451193552,540
2026-09-10T16:44:36Z,132499927511859,1300
2026-09-10T16:44:36Z,132586479415502,2053
2026-09-10T16:44:36Z,132640332499066,579
2026-09-10T16:44:36Z,132678066262863,904
2026-09-10T16:44:36Z,132768098780837,2792
2026-09-10T16:44:36Z,133007106457547,1279
2026-09-10T16:44:36Z,133188236593503,4540
2026-09-10T16:44:36Z,133203197541113,4062
2026-09-10T16:44:36Z,133253166104607,526
2026-09-10T16:44:36Z,133294838637122,16488
2026-09-10T16:44:36Z,133341016381877,2680
2026-09-10T16:44:36Z,133379826754141,720
2026-09-10T16:44:36Z,133585162751824,4398
2026-09-10T16:44:36Z,133609054222738,825
2026-09-10T16:44:36Z,133687999931943,1156
2026-09-10T16:44:36Z,133719960214587,1363
2026-09-10T16:44:36Z,133872233697203,736
2026-09-10T16:44:36Z,133943904733338,5782
2026-09-10T16:44:36Z,133968315607063,971
2026-09-10T16:44:36Z,134162299584012,4517
2026-09-10T16:44:36Z,134208374070897,6842
2026-09-10T16:44:36Z,134361906638337,3739
2026-09-10T16:44:36Z,134363641369914,2257
2026-09-10T16:44:36Z,134381727982611,5760
2026-09-10T16:44:36Z,134408426670720,600
2026-09-10T16:44:36Z,134424372433341,1410
2026-09-10T16:44:36Z,134619004688066,1951
2026-09-10T16:44:36Z,134707983960541,2035
2026-09-10T16:44:36Z,134719268825886,7379
2026-09-10T16:44:36Z,134750290201751,883
2026-09-10T16:44:36Z,134750648450964,990
2026-09-10T16:44:36Z,134807373415131,2002
2026-09-10T16:44:36Z,135000370479961,639
2026-09-10T16:44:36Z,135038773889079,548
2026-09-10T16:44:36Z,135155039067698,5740
2026-09-10T16:44:36Z,135193469413243,6327
2026-09-10T16:44:36Z,135392317269737,587
2026-09-10T16:44:36Z,135678396831347,764
2026-09-10T16:44:36Z,135717153770519,4642
2026-09-10T16:44:36Z,135729108619936,638
2026-09-10T16:44:36Z,135757618941587,1536
2026-09-10T16:44:36Z,135856908115931,37187
2026-09-10T16:44:36Z,136020512003847,23911
2026-09-10T16:44:36Z,136107936984073,1484
2026-09-10T16:44:36Z,136162036182779,1108
2026-09-10T16:44:36Z,136372246050123,2650
2026-09-10T16:44:36Z,136404558442020,2008
2026-09-10T16:44:36Z,136431686349723,774
2026-09-10T16:44:36Z,136533956395153,3205
2026-09-10T16:44:36Z,136764190843219,1328
2026-09-10T16:44:36Z,136801880565837,2792
2026-09-10T16:44:36Z,136822524519115,910
2026-09-10T16:44:36Z,136919941417380,724
2026-09-10T16:44:36Z,136990058242546,1234
2026-09-10T16:44:36Z,137069154816703,737
2026-09-10T16:44:36Z,137228775845999,11691
2026-09-10T16:44:36Z,137233438285284,7116
2026-09-10T16:44:36Z,137287903930382,886
2026-09-10T16:44:36Z,137370015275609,1528
2026-09-10T16:44:36Z,137373587493425,729
2026-09-10T16:44:36Z,137533474840546,817
2026-09-10T16:44:36Z,137541498231955,1696
2026-09-10T16:44:36Z,137826330724902,4876
2026-09-10T16:44:36Z,137849500783095,565
2026-09-10T16:44:36Z,137925884276740,7377
2026-09-10T16:44:36Z,138064211947107,539
2026-09-10T16:44:36Z,138182400257397,817
2026-09-10T16:44:36Z,138205182571367,4209
2026-09-10T16:44:36Z,138363592957250,6490
2026-09-10T16:44:36Z,138381251771774,1639
2026-09-10T16:44:36Z,138432670504218,2833
2026-09-10T16:44:36Z,138486812747835,2422
2026-09-10T16:44:36Z,138837502355157,1104
2026-09-10T16:44:36Z,139063887391814,1796
2026-09-10T16:44:36Z,139360679647453,1805
2026-09-10T16:44:36Z,139488437793833,1309
2026-09-10T16:44:36Z,139489585993138,517
2026-09-10T16:44:36Z,139506321380888,3263
2026-09-10T16:44:36Z,139546619723000,2200
2026-09-10T16:44:36Z,139566161526375,526
2026-09-10T16:44:36Z,139589080661680,603
2026-09-10T16:44:36Z,139598620873181,685
2026-09-10T16:44:36Z,139617346573330,995
2026-09-10T16:44:36Z,139766023909499,972
2026-09-10T16:44:36Z,139862517286509,509
2026-09-10T16:44:36Z,139874182509202,732
2026-09-10T16:44:36Z,139988436996662,714
2026-09-10T16:44:36Z,139995416758538,1450
2026-09-10T16:44:36Z,140033502516293,598
2026-09-10T16:44:36Z,140063367098641,772
2026-09-10T16:44:36Z,140302982046391,1690
2026-09-10T16:44:36Z,140317247681516,1092
2026-09-10T16:44:36Z,140374914197602,3083
2026-09-10T16:44:36Z,140409475718339,1289
2026-09-10T16:44:36Z,140417239274110,2524
2026-09-10T16:44:36Z,140424985545402,1737
2026-09-10T16:44:36Z,140462309938712,1730
2026-09-10T16:44:36Z,140477643689375,763
2026-09-10T16:44:36Z,140481779622210,1717
2026-09-10T16:53:24Z,189707,7897
2026-09-10T16:53:24Z,192800,5250
2026-09-10T16:53:24Z,13822889,1811
2026-09-10T16:53:24Z,20321167,5086
2026-09-10T16:53:24Z,21532277,4180
2026-09-10T16:53:24Z,31490825,1102
2026-09-10T16:53:24Z,69184822,5425
2026-09-10T16:53:24Z,71315343,1235
2026-09-10T16:53:24Z,121748721,575
2026-09-10T16:53:24Z,137877687,503
2026-09-10T16:53:24Z,142823291,281937
2026-09-10T16:53:24Z,155382109,1158
2026-09-10T16:53:24Z,155615604,7044
2026-09-10T16:53:24Z,163501479,910
2026-09-10T16:53:24Z,166731267,1492
2026-09-10T16:53:24Z,166986752,4263
2026-09-10T16:53:24Z,174238106,608
2026-09-10T16:53:24Z,183364845,1163
2026-09-10T16:53:24Z,185655149,13659
2026-09-10T16:53:24Z,205224386,2413
2026-09-10T16:53:24Z,221718525,696
2026-09-10T16:53:24Z,245440965,546
2026-09-10T16:53:24Z,263761432,1355
2026-09-10T16:53:24Z,277751860,2095
2026-09-10T16:53:24Z,286090429,2854
2026-09-10T16:53:24Z,292439477,2202
2026-09-10T16:53:24Z,292628125,553
2026-09-10T16:53:24Z,301549746,1279
2026-09-10T16:53:24Z,328028363,682
2026-09-10T16:53:24Z,335760407,597
2026-09-10T16:53:24Z,373513488,698
2026-09-10T16:53:24Z,443406476,815
2026-09-10T16:53:24Z,537413528,14887
2026-09-10T16:53:24Z,574407221,803
2026-09-10T16:53:24Z,606849621,7610
2026-09-10T16:53:24Z,654732683,3375
2026-09-10T16:53:24Z,662417684,590
2026-09-10T16:53:24Z,696347899,906
2026-09-10T16:53:24Z,735030788,5888
2026-09-10T16:53:24Z,815405518,2916
2026-09-10T16:53:24Z,863266079,1005
2026-09-10T16:53:24Z,891539556,993
2026-09-10T16:53:24Z,891852901,5275
2026-09-10T16:53:24Z,893973440,28432
2026-09-10T16:53:24Z,914010731,626
2026-09-10T16:53:24Z,920587237,129229
2026-09-10T16:53:24Z,1128650291,1742
2026-09-10T16:53:24Z,1185902301,745
2026-09-10T16:53:24Z,1324061305,601
2026-09-10T16:53:24Z,1343871267,1195
2026-09-10T16:53:24Z,1365404657,4199
2026-09-10T16:53:24Z,1428472551,536
2026-09-10T16:53:24Z,1458767429,4365
2026-09-10T16:53:24Z,1523801080,589
2026-09-10T16:53:24Z,1537690962,21321
2026-09-10T16:53:24Z,1554960397,2191
2026-09-10T16:53:24Z,1588965415,2454
2026-09-10T16:53:24Z,1730877806,18299
2026-09-10T16:53:24Z,1962086868,50783
2026-09-10T16:53:24Z,2057751924,539
2026-09-10T16:53:24Z,2166944189,1392
2026-09-10T16:53:24Z,2210085102,597
2026-09-10T16:53:24Z,2317712696,1226
2026-09-10T16:53:24Z,2338325648,1133
2026-09-10T16:53:24Z,2376885433,519
2026-09-10T16:53:24Z,2418863943,3077
2026-09-10T16:53:24Z,2474168535,883
2026-09-10T16:53:24Z,2512643572,2781
2026-09-10T16:53:24Z,2534724415,5386
2026-09-10T16:53:24Z,2537430692,706
2026-09-10T16:53:24Z,2551991523,3428
2026-09-10T16:53:24Z,2569453732,1413
2026-09-10T16:53:24Z,2650582631,667
2026-09-10T16:53:24Z,2693023319,3502
2026-09-10T16:53:24Z,2727067538,1343
2026-09-10T16:53:24Z,2753915549,367842
2026-09-10T16:53:24Z,2768379856,7483
2026-09-10T16:53:24Z,2772610559,2533
2026-09-10T16:53:24Z,2788229376,1748
2026-09-10T16:53:24Z,2809202155,3226
2026-09-10T16:53:24Z,2830250344,771
2026-09-10T16:53:24Z,2913303231,1211
2026-09-10T16:53:24Z,2916899287,5251
2026-09-10T16:53:24Z,2968914904,1621
2026-09-10T16:53:24Z,3016661674,687
2026-09-10T16:53:24Z,3025990139,767
2026-09-10T16:53:24Z,3117860193,517
2026-09-10T16:53:24Z,3214114884,799
2026-09-10T16:53:24Z,3226555017,808
2026-09-10T16:53:24Z,3242417672,2562
2026-09-10T16:53:24Z,3260590327,11693
2026-09-10T16:53:24Z,3261957210,1070
2026-09-10T16:53:24Z,3339374541,1029
2026-09-10T16:53:24Z,3344967357,542
2026-09-10T16:53:24Z,3351674303,32463
2026-09-10T16:53:24Z,3398014311,1899
2026-09-10T16:53:24Z,3457390032,1293
2026-09-10T16:53:24Z,3475397644,8677
2026-09-10T16:53:24Z,3623096087,8861
2026-09-10T16:53:24Z,3631820248,1596
2026-09-10T16:53:24Z,3663340706,6467
2026-09-10T16:53:24Z,3678761576,4401
2026-09-10T16:53:24Z,3823781113,1879
2026-09-10T16:53:24Z,3837864717,1102
2026-09-10T16:53:24Z,3851622790,2434
2026-09-10T16:53:24Z,3891618314,2412
2026-09-10T16:53:24Z,3956818381,757
2026-09-10T16:53:24Z,4104106043,1442
2026-09-10T16:53:24Z,4110892437,673
2026-09-10T16:53:24Z,4111023553,3553
2026-09-10T16:53:24Z,4282985734,1735
2026-09-10T16:53:24Z,4299508195,2804
2026-09-10T16:53:24Z,4448566543,1543
2026-09-10T16:53:24Z,4480809144,2295
2026-09-10T16:53:24Z,4520749081,5815
2026-09-10T16:53:24Z,4522347649,1252
2026-09-10T16:53:24Z,4566572536,1471
2026-09-10T16:53:24Z,4580204640,4480
2026-09-10T16:53:24Z,4588604953,1713
2026-09-10T16:53:24Z,4616652839,4650
2026-09-10T16:53:24Z,4623386862,4623
2026-09-10T16:53:24Z,4637668954,3573
2026-09-10T16:53:24Z,4639625707,9628
2026-09-10T16:53:24Z,4640354700,990
2026-09-10T16:53:24Z,4646477729,1177
2026-09-10T16:53:24Z,4796443083,1111
2026-09-10T16:53:24Z,4830581890,1016
2026-09-10T16:53:24Z,4832438542,1416
2026-09-10T16:53:24Z,4850533156,1526
2026-09-10T16:53:24Z,4850588087,3546
2026-09-10T16:53:24Z,4855457388,878
2026-09-10T16:53:24Z,4872321990,683
2026-09-10T16:53:24Z,4889315193,2669
2026-09-10T16:53:24Z,4924922222,417727
2026-09-10T16:53:24Z,4954096313,1471
2026-09-10T16:53:24Z,4954512662,1426
2026-09-10T16:53:24Z,4954752502,701
2026-09-10T16:53:24Z,4972091010,636
2026-09-10T16:53:24Z,4972273297,1819
2026-09-10T16:53:24Z,4991214437,710
2026-09-10T16:53:24Z,4992570197,829
2026-09-10T16:53:24Z,4996049426,6731
2026-09-10T16:53:24Z,5041144419,2437
2026-09-10T16:53:24Z,5044920251,590
2026-09-10T16:53:24Z,5062619730,735
2026-09-10T16:53:24Z,5104202731,608
2026-09-10T16:53:24Z,5118969548,3083
2026-09-10T16:53:24Z,5130598377,978
2026-09-10T16:53:24Z,5140123832,676
2026-09-10T16:53:24Z,5152425034,2215
2026-09-10T16:53:24Z,5154858502,759
2026-09-10T16:53:24Z,5171093784,1929
2026-09-10T16:53:24Z,5171347293,2308
2026-09-10T16:53:24Z,5233782396,25504
2026-09-10T16:53:24Z,5244411056,2076
2026-09-10T16:53:24Z,5286116071,938
2026-09-10T16:53:24Z,5289509545,12347
2026-09-10T16:53:24Z,5342047554,605
2026-09-10T16:53:24Z,5343994291,668
2026-09-10T16:53:24Z,5391778736,614
2026-09-10T16:53:24Z,5407396567,743
2026-09-10T16:53:24Z,5496455308,3798
2026-09-10T16:53:24Z,5571328985,2003
2026-09-10T16:53:24Z,5593925613,2622
2026-09-10T16:53:24Z,5670218884,2079
2026-09-10T16:53:24Z,5671985295,2603
2026-09-10T16:53:24Z,5683833663,1968
2026-09-10T16:53:24Z,5702593762,2059
2026-09-10T16:53:24Z,5708035517,1193
2026-09-10T16:53:24Z,5712833750,2995
2026-09-10T16:53:24Z,5777099015,1948
2026-09-10T16:53:24Z,5829141886,3103
2026-09-10T16:53:24Z,5846386835,766
2026-09-10T16:53:24Z,5856880701,1823
2026-09-10T16:53:24Z,5865858426,2215
2026-09-10T16:53:24Z,5901440255,2363
2026-09-10T16:53:24Z,5926001758,1258
2026-09-10T16:53:24Z,5956785391,524
2026-09-10T16:53:24Z,5969012769,607
2026-09-10T16:53:24Z,5976159288,1036
2026-09-10T16:53:24Z,5984006660,1518
2026-09-10T16:53:24Z,5985232436,2797
2026-09-10T16:53:24Z,6000468131,923
2026-09-10T16:53:24Z,6011940308,758
2026-09-10T16:53:24Z,6020247720,2206
2026-09-10T16:53:24Z,6104994594,1615
2026-09-10T16:53:24Z,6128441278,835
2026-09-10T16:53:24Z,6132958612,1232
2026-09-10T16:53:24Z,6137321701,1298
2026-09-10T16:53:24Z,6153766069,2551
2026-09-10T16:53:24Z,6161235818,1811
2026-09-10T16:53:24Z,6205205961,6836
2026-09-10T16:53:24Z,6243699076,3132
2026-09-10T16:53:24Z,6263431107,2231
2026-09-10T16:53:24Z,6270290407,1665
2026-09-10T16:53:24Z,6284583030,910
2026-09-10T16:53:24Z,6299805723,1409
2026-09-10T16:53:24Z,6305582775,732
2026-09-10T16:53:24Z,6349094071,1321
2026-09-10T16:53:24Z,6358567974,8086
2026-09-10T16:53:24Z,6366329104,3247
2026-09-10T16:53:24Z,6377740507,2448
2026-09-10T16:53:24Z,6382584061,2483
2026-09-10T16:53:24Z,6403373529,8642
2026-09-10T16:53:24Z,6442957604,767
2026-09-10T16:53:24Z,6445435958,874
2026-09-10T16:53:24Z,6447798030,2132
2026-09-10T16:53:24Z,6507422231,5407
2026-09-10T16:53:24Z,6516141723,56309
2026-09-10T16:53:24Z,6520999642,1352
2026-09-10T16:53:24Z,6608498361,1111
2026-09-10T16:53:24Z,6610021055,714
2026-09-10T16:53:24Z,6686932749,941
2026-09-10T16:53:24Z,6698800091,2156
2026-09-10T16:53:24Z,6700307184,590
2026-09-10T16:53:24Z,6717367660,1225
2026-09-10T16:53:24Z,6727915552,781
2026-09-10T16:53:24Z,6735572261,560
2026-09-10T16:53:24Z,6737970321,3462
2026-09-10T16:53:24Z,6766156863,1154
2026-09-10T16:53:24Z,6804602922,2736
2026-09-10T16:53:24Z,6816975827,3877
2026-09-10T16:53:24Z,6872265039,18522
2026-09-10T16:53:24Z,6875747014,3478
2026-09-10T16:53:24Z,6884319169,2384
2026-09-10T16:53:24Z,6888253864,545
2026-09-10T16:53:24Z,6911148748,2471
2026-09-10T16:53:24Z,6915976310,2319
2026-09-10T16:53:24Z,6918802270,1859
2026-09-10T16:53:24Z,6924758805,1572
2026-09-10T16:53:24Z,6934310111,1651
2026-09-10T16:53:24Z,6939111033,2169
2026-09-10T16:53:24Z,6961824067,35431
2026-09-10T16:53:24Z,6989310863,4572
2026-09-10T16:53:24Z,7041939546,59656
2026-09-10T16:53:24Z,7071444234,1173
2026-09-10T16:53:24Z,7074772062,1831
2026-09-10T16:53:24Z,7117492592,3380
2026-09-10T16:53:24Z,7138009149,1114
2026-09-10T16:53:24Z,7171174521,6319
2026-09-10T16:53:24Z,7180042682,3251
2026-09-10T16:53:24Z,7239319209,559
2026-09-10T16:53:24Z,7241858214,2709
2026-09-10T16:53:24Z,7243409883,4975
2026-09-10T16:53:24Z,7253149844,576
2026-09-10T16:53:24Z,7305309231,12174
2026-09-10T16:53:24Z,7336302630,2172
2026-09-10T16:53:24Z,7367863399,1080
2026-09-10T16:53:24Z,7491927311,666
2026-09-10T16:53:24Z,7554888362,21242
2026-09-10T16:53:24Z,7577961216,3416
2026-09-10T16:53:24Z,7605357829,3215
2026-09-10T16:53:24Z,7606564092,676
2026-09-10T16:53:24Z,7670825572,2675
2026-09-10T16:53:24Z,7711635737,16886
2026-09-10T16:53:24Z,7772810845,1742
2026-09-10T16:53:24Z,7774892351,527
2026-09-10T16:53:24Z,7784286514,712
2026-09-10T16:53:24Z,7871169780,2748
2026-09-10T16:53:24Z,7896264844,1618
2026-09-10T16:53:24Z,7971857341,7816
2026-09-10T16:53:24Z,7991339063,8045
2026-09-10T16:53:24Z,8003084678,1819
2026-09-10T16:53:24Z,8034026074,2357
2026-09-10T16:53:24Z,8075399143,2406
2026-09-10T16:53:24Z,8087448382,591
2026-09-10T16:53:24Z,8096601114,1601
2026-09-10T16:53:24Z,8109476632,846
2026-09-10T16:53:24Z,8200787440,656
2026-09-10T16:53:24Z,8204899140,1635
2026-09-10T16:53:24Z,8246874626,2034
2026-09-10T16:53:24Z,8260276694,1750
2026-09-10T16:53:24Z,8265622251,1125
2026-09-10T16:53:24Z,8286149869,942
2026-09-10T16:53:24Z,8317834514,3530
2026-09-10T16:53:24Z,8328351891,1997
2026-09-10T16:53:24Z,8356562067,939
2026-09-10T16:53:24Z,8369888266,3781
2026-09-10T16:53:24Z,8388259310,1240
2026-09-10T16:53:24Z,8412352352,529
2026-09-10T16:53:24Z,8416249767,1208
2026-09-10T16:53:24Z,8440392280,503
2026-09-10T16:53:24Z,8481844229,33522
2026-09-10T16:53:24Z,8514459881,527
2026-09-10T16:53:24Z,8534845015,1064
2026-09-10T16:53:24Z,8540168650,1039
2026-09-10T16:53:24Z,8542259458,1321
2026-09-10T16:53:24Z,8554378337,636
2026-09-10T16:53:24Z,8562822414,1298
2026-09-10T16:53:24Z,8571687919,715
2026-09-10T16:53:24Z,8597349706,542
2026-09-10T16:53:24Z,8617370639,1851
2026-09-10T16:53:24Z,8657766101,814
2026-09-10T16:53:24Z,8665470667,732
2026-09-10T16:53:24Z,8668536168,804
2026-09-10T16:53:24Z,8704997000,5625
2026-09-10T16:53:24Z,8712817601,16014
2026-09-10T16:53:24Z,8737602449,3542
2026-09-10T16:53:24Z,8737899170,68376
2026-09-10T16:53:24Z,8831256282,603
2026-09-10T16:53:24Z,8838701772,1415
2026-09-10T16:53:24Z,8840562096,518
2026-09-10T16:53:24Z,8867129986,704
2026-09-10T16:53:24Z,8884433153,3065
2026-09-10T16:53:24Z,8908228901,1349
2026-09-10T16:53:24Z,9049840490,2846
2026-09-10T16:53:24Z,9058310544,1006
2026-09-10T16:53:24Z,9096881148,3798
2026-09-10T16:53:24Z,9099326192,1821
2026-09-10T16:53:24Z,9120716669,1102
2026-09-10T16:53:24Z,9192423027,3783
2026-09-10T16:53:24Z,9224601490,2457
2026-09-10T16:53:24Z,9272528920,820
2026-09-10T16:53:24Z,9273658706,1661
2026-09-10T16:53:24Z,9281034297,606
2026-09-10T16:53:24Z,9346039031,862
2026-09-10T16:53:24Z,9372570969,900
2026-09-10T16:53:24Z,9391468976,128493
2026-09-10T16:53:24Z,9404223526,2318
2026-09-10T16:53:24Z,9414511685,2565
2026-09-10T16:53:24Z,9503261072,830
2026-09-10T16:53:24Z,9534337535,663
2026-09-10T16:53:24Z,9558986910,983
2026-09-10T16:53:24Z,9731376817,1817
2026-09-10T16:53:24Z,9772878203,635
2026-09-10T16:53:24Z,9788848685,1856
2026-09-10T16:53:24Z,9791603388,2559
2026-09-10T16:53:24Z,9872472334,32678
2026-09-10T16:53:24Z,9879422661,571
2026-09-10T16:53:24Z,9922455303,1522
2026-09-10T16:53:24Z,10082031223,1279
2026-09-10T16:53:24Z,10110568567,779
2026-09-10T16:53:24Z,10118504428,709
2026-09-10T16:53:24Z,10165583746,6034
2026-09-10T16:53:24Z,10179538382,1124
2026-09-10T16:53:24Z,10224049386,2036
2026-09-10T16:53:24Z,10228136016,697
2026-09-10T16:53:24Z,10253248401,4146
2026-09-10T16:53:24Z,10260193230,1620
2026-09-10T16:53:24Z,10272636261,1961
2026-09-10T16:53:24Z,10277607801,681
2026-09-10T16:53:24Z,10351562025,590
2026-09-10T16:53:24Z,10449761463,46222
2026-09-10T16:53:24Z,10450270085,1118
2026-09-10T16:53:24Z,10518166490,570
2026-09-10T16:53:24Z,10554647907,645
2026-09-10T16:53:24Z,10561456271,753
2026-09-10T16:53:24Z,10576142169,1087
2026-09-10T16:53:24Z,10595058975,1901
2026-09-10T16:53:24Z,10660791703,948
2026-09-10T16:53:24Z,10679239752,1532
2026-09-10T16:53:24Z,10696301650,1489
2026-09-10T16:53:24Z,10704789056,824
2026-09-10T16:53:24Z,10726371567,1297
2026-09-10T16:53:24Z,10745043766,1310
2026-09-10T16:53:24Z,10760024537,550
2026-09-10T16:53:24Z,10834586502,2620
2026-09-10T16:53:24Z,10853515606,993
2026-09-10T16:53:24Z,10912405603,532
2026-09-10T16:53:24Z,10941514720,1842
2026-09-10T16:53:24Z,10959918411,1434
2026-09-10T16:53:24Z,11021288030,952
2026-09-10T16:53:24Z,11137575513,642
2026-09-10T16:53:24Z,11156779721,515
2026-09-10T16:53:24Z,11158043705,3461
2026-09-10T16:53:24Z,11232592166,873
2026-09-10T16:53:24Z,11273483795,1641
2026-09-10T16:53:24Z,11276071411,1580
2026-09-10T16:53:24Z,11364087119,1726
2026-09-10T16:53:24Z,11379739543,22872
2026-09-10T16:53:24Z,11392373641,2132
2026-09-10T16:53:24Z,11451679682,608
2026-09-10T16:53:24Z,11464559285,592
2026-09-10T16:53:24Z,11474405411,1491
2026-09-10T16:53:24Z,11541986592,511
2026-09-10T16:53:24Z,11573027469,559
2026-09-10T16:53:24Z,11653088948,901
2026-09-10T16:53:24Z,11684369582,1244
2026-09-10T16:53:24Z,11694307960,816
2026-09-10T16:53:24Z,11727501024,2458
2026-09-10T16:53:24Z,11729688377,961
2026-09-10T16:53:24Z,11765402359,4585
2026-09-10T16:53:24Z,11782774748,3219
2026-09-10T16:53:24Z,11815767793,2713
2026-09-10T16:53:24Z,11832484500,696
2026-09-10T16:53:24Z,11848247239,1699
2026-09-10T16:53:24Z,11862502039,2859
2026-09-10T16:53:24Z,11872917490,929
2026-09-10T16:53:24Z,11928087342,1745
2026-09-10T16:53:24Z,12018893069,615
2026-09-10T16:53:24Z,12076775711,941
2026-09-10T16:53:24Z,12090482034,1162
2026-09-10T16:53:24Z,12144402492,573
2026-09-10T16:53:24Z,12177325772,14205
2026-09-10T16:53:24Z,12262046571,1744
2026-09-10T16:53:24Z,12334109280,5748
2026-09-10T16:53:24Z,12338455185,2901
2026-09-10T16:53:24Z,12355337193,11095
2026-09-10T16:53:24Z,12397515839,2372
2026-09-10T16:53:24Z,12398038681,848
2026-09-10T16:53:24Z,12407250267,2188
2026-09-10T16:53:24Z,12411473842,1230
2026-09-10T16:53:24Z,12495498157,1175
2026-09-10T16:53:24Z,12550651382,858
2026-09-10T16:53:24Z,12593620250,3902
2026-09-10T16:53:24Z,12625784503,588
2026-09-10T16:53:24Z,12640491155,931
2026-09-10T16:53:24Z,12699642568,8026
2026-09-10T16:53:24Z,12716055617,2880
2026-09-10T16:53:24Z,12828227139,2399
2026-09-10T16:53:24Z,12847474373,1044
2026-09-10T16:53:24Z,12893488117,590
2026-09-10T16:53:24Z,12912701243,1026
2026-09-10T16:53:24Z,12912731475,3612
2026-09-10T16:53:24Z,12931609417,3858
2026-09-10T16:53:24Z,12981936705,726
2026-09-10T16:53:24Z,12985361032,9536
2026-09-10T16:53:24Z,12997619803,881
2026-09-10T16:53:24Z,13042495892,1018
2026-09-10T16:53:24Z,13076380114,6764
2026-09-10T16:53:24Z,13110267312,623
2026-09-10T16:53:24Z,13118814103,1741
2026-09-10T16:53:24Z,13127800756,2024
2026-09-10T16:53:24Z,13159565330,1929
2026-09-10T16:53:24Z,13166293021,2643
2026-09-10T16:53:24Z,13184713709,2615
2026-09-10T16:53:24Z,13189735542,990
2026-09-10T16:53:24Z,13358463560,566
2026-09-10T16:53:24Z,13379208636,12908
2026-09-10T16:53:24Z,13404995530,567
2026-09-10T16:53:24Z,13416197699,2529
2026-09-10T16:53:24Z,13429790955,2167
2026-09-10T16:53:24Z,13438553315,931
2026-09-10T16:53:24Z,13473615074,3005
2026-09-10T16:53:24Z,13482468151,5432
2026-09-10T16:53:24Z,13587601484,2019
2026-09-10T16:53:24Z,13600218266,8395
2026-09-10T16:53:24Z,13621938427,7919
2026-09-10T16:53:24Z,13636013760,506
2026-09-10T16:53:24Z,13664698400,2724
2026-09-10T16:53:24Z,13687899540,8098
2026-09-10T16:53:24Z,13698105873,545
2026-09-10T16:53:24Z,13718567207,1155
2026-09-10T16:53:24Z,13772394625,19206
2026-09-10T16:53:24Z,13775256536,3417
2026-09-10T16:53:24Z,13794093709,804
2026-09-10T16:53:24Z,13796645198,1606
2026-09-10T16:53:24Z,13822562292,3498
2026-09-10T16:53:24Z,13827198708,681
2026-09-10T16:53:24Z,13864661000,2089
2026-09-10T16:53:24Z,13953602912,523
2026-09-10T16:53:24Z,13955927965,2522
2026-09-10T16:53:24Z,13967668166,31826
2026-09-10T16:53:24Z,13999660589,4223
2026-09-10T16:53:24Z,14004668761,759
2026-09-10T16:53:24Z,14026026722,751
2026-09-10T16:53:24Z,14038329225,1172
2026-09-10T16:53:24Z,14044547200,2112
2026-09-10T16:53:24Z,14161770735,958
2026-09-10T16:53:24Z,14184086618,1343
2026-09-10T16:53:24Z,14212732626,1861
2026-09-10T16:53:24Z,14236925335,4152
2026-09-10T16:53:24Z,14237585680,1325
2026-09-10T16:53:24Z,14238596528,4045
2026-09-10T16:53:24Z,14259168147,2182
2026-09-10T16:53:24Z,14259358984,858
2026-09-10T16:53:24Z,14279693118,2250
2026-09-10T16:53:24Z,14301835518,4114
2026-09-10T16:53:24Z,14313259147,1415
2026-09-10T16:53:24Z,14315258385,27142
2026-09-10T16:53:24Z,14337656835,813
2026-09-10T16:53:24Z,14350413280,1058
2026-09-10T16:53:24Z,14422394494,7222
2026-09-10T16:53:24Z,14437001043,1714
2026-09-10T16:53:24Z,14438406081,11763
2026-09-10T16:53:24Z,14451515684,1837
2026-09-10T16:53:24Z,14458936637,1463
2026-09-10T16:53:24Z,14475396559,1059
2026-09-10T16:53:24Z,14475792710,854
2026-09-10T16:53:24Z,14518422161,712
2026-09-10T16:53:24Z,14564651437,2414
2026-09-10T16:53:24Z,14567590300,2250
2026-09-10T16:53:24Z,14581889272,743
2026-09-10T16:53:24Z,14608970270,7098
2026-09-10T16:53:24Z,14629231756,513
2026-09-10T16:53:24Z,14641667067,552
2026-09-10T16:53:24Z,14662419251,511
2026-09-10T16:53:24Z,14721282186,683
2026-09-10T16:53:24Z,14772802900,2122
2026-09-10T16:53:24Z,14776071100,944
2026-09-10T16:53:24Z,14787369036,1226
2026-09-10T16:53:24Z,14823220100,1059
2026-09-10T16:53:24Z,14833592591,1658
2026-09-10T16:53:24Z,14835828495,2279
2026-09-10T16:53:24Z,14842128242,759
2026-09-10T16:53:24Z,14852797539,562
2026-09-10T16:53:24Z,14943334555,506
2026-09-10T16:53:24Z,14959543012,617
2026-09-10T16:53:24Z,15002061926,8093
2026-09-10T16:53:24Z,15027718878,1322
2026-09-10T16:53:24Z,15077422637,609
2026-09-10T16:53:24Z,15092647980,629
2026-09-10T16:53:24Z,15101393044,71577
2026-09-10T16:53:24Z,15111895255,1456
2026-09-10T16:53:24Z,15113223607,551
2026-09-10T16:53:24Z,15135285305,1040
2026-09-10T16:53:24Z,15198166649,1413
2026-09-10T16:53:24Z,15235397483,707
2026-09-10T16:53:24Z,15240723287,3106
2026-09-10T16:53:24Z,15269951959,3834
2026-09-10T16:53:24Z,15270182488,1350
2026-09-10T16:53:24Z,15282120493,570
2026-09-10T16:53:24Z,15288629078,1767
2026-09-10T16:53:24Z,15318113891,7429
2026-09-10T16:53:24Z,15352028692,883
2026-09-10T16:53:24Z,15446342241,617
2026-09-10T16:53:24Z,15507022415,2052
2026-09-10T16:53:24Z,15509312676,743
2026-09-10T16:53:24Z,15532962292,45713
2026-09-10T16:53:24Z,15546218972,885
2026-09-10T16:53:24Z,15550215902,3376
2026-09-10T16:53:24Z,15560168390,1606
2026-09-10T16:53:24Z,15598056478,2088
2026-09-10T16:53:24Z,15654981113,1009
2026-09-10T16:53:24Z,15694891095,1908
2026-09-10T16:53:24Z,15696848933,2861
2026-09-10T16:53:24Z,15722706376,515
2026-09-10T16:53:24Z,15768329004,3454
2026-09-10T16:53:24Z,15781012611,546
2026-09-10T16:53:24Z,15784744207,1898
2026-09-10T16:53:24Z,15845087881,570
2026-09-10T16:53:24Z,15859503151,561
2026-09-10T16:53:24Z,15864327873,590
2026-09-10T16:53:24Z,15930174396,4244
2026-09-10T16:53:24Z,16039690331,1773
2026-09-10T16:53:24Z,16057679366,980
2026-09-10T16:53:24Z,16115051360,1248
2026-09-10T16:53:24Z,16116270224,23119
2026-09-10T16:53:24Z,16141640360,2685
2026-09-10T16:53:24Z,16141898262,1821
2026-09-10T16:53:24Z,16146832113,21809
2026-09-10T16:53:24Z,16154918775,2595
2026-09-10T16:53:24Z,16159871483,530
2026-09-10T16:53:24Z,16272604134,2229
2026-09-10T16:53:24Z,16288616721,1103
2026-09-10T16:53:24Z,16290530659,759
2026-09-10T16:53:24Z,16331682055,517
2026-09-10T16:53:24Z,16381982348,639
2026-09-10T16:53:24Z,16389395869,13301
2026-09-10T16:53:24Z,16446142514,1245
2026-09-10T16:53:24Z,16447934574,5659
2026-09-10T16:53:24Z,16454399300,1014
2026-09-10T16:53:24Z,16480898254,2555
2026-09-10T16:53:24Z,16483433878,694
2026-09-10T16:53:24Z,16501421966,731
2026-09-10T16:53:24Z,16518256559,1263
2026-09-10T16:53:24Z,16625391970,9205
2026-09-10T16:53:24Z,16653555262,1347
2026-09-10T16:53:24Z,16720848315,503
2026-09-10T16:53:24Z,16732694052,79154
2026-09-10T16:53:24Z,16740784399,523
2026-09-10T16:53:24Z,16867505761,1900
2026-09-10T16:53:24Z,16901389020,2812
2026-09-10T16:53:24Z,16907212609,1778
2026-09-10T16:53:24Z,16910059756,4392
2026-09-10T16:53:24Z,16962279458,2902
2026-09-10T16:53:24Z,16991287194,2725
2026-09-10T16:53:24Z,16993432698,1264
2026-09-10T16:53:24Z,17012548142,833
2026-09-10T16:53:24Z,17045823120,1469
2026-09-10T16:53:24Z,17050349106,521
2026-09-10T16:53:24Z,17121846721,1217
2026-09-10T16:53:24Z,17188326828,1089
2026-09-10T16:53:24Z,17192092512,4048
2026-09-10T16:53:24Z,17255098561,1751
2026-09-10T16:53:24Z,17277889388,655
2026-09-10T16:53:24Z,17371491481,1891
2026-09-10T16:53:24Z,17450551531,1384
2026-09-10T16:53:24Z,17457986005,1529
2026-09-10T16:53:24Z,17516596118,21898
2026-09-10T16:53:24Z,17556820024,3044
2026-09-10T16:53:24Z,17571821642,1986
2026-09-10T16:53:24Z,17577256698,8232
2026-09-10T16:53:24Z,17581668152,2448
2026-09-10T16:53:24Z,17600423422,881
2026-09-10T16:53:24Z,17625359962,172153
2026-09-10T16:53:24Z,17662297954,912
2026-09-10T16:53:24Z,17664585395,1508
2026-09-10T16:53:24Z,17698425045,953
2026-09-10T16:53:24Z,17720162456,2552
2026-09-10T16:53:24Z,17729873503,658
2026-09-10T16:53:24Z,17759606919,702
2026-09-10T16:53:24Z,17798223108,540
2026-09-10T16:53:24Z,17844293708,1359
2026-09-10T16:53:24Z,17861623204,668
2026-09-10T16:53:24Z,17882166032,2593
2026-09-10T16:53:24Z,18102078939,1855
2026-09-10T16:53:24Z,18138682962,1253
2026-09-10T16:53:24Z,18152595062,962
2026-09-10T16:53:24Z,18153851914,587
2026-09-10T16:53:24Z,18156286285,1029
2026-09-10T16:53:24Z,18172550962,698
2026-09-10T16:53:24Z,18180736634,2430
2026-09-10T16:53:24Z,18183902003,1297
2026-09-10T16:53:24Z,18192562963,1392
2026-09-10T16:53:24Z,18199615050,5830
2026-09-10T16:53:24Z,18214855317,3795
2026-09-10T16:53:24Z,18218605381,1703
2026-09-10T16:53:24Z,18259975825,2185
2026-09-10T16:53:24Z,18260439047,1329
2026-09-10T16:53:24Z,18334179599,1321
2026-09-10T16:53:24Z,18335956021,11955
2026-09-10T16:53:24Z,18341181766,699
2026-09-10T16:53:24Z,18376355901,1248
2026-09-10T16:53:24Z,18403789061,641
2026-09-10T16:53:24Z,18408132742,579
2026-09-10T16:53:24Z,18519254033,2058
2026-09-10T16:53:24Z,18537079992,1768
2026-09-10T16:53:24Z,18545825758,513
2026-09-10T16:53:24Z,18645473062,1062
2026-09-10T16:53:24Z,18649596490,2187
2026-09-10T16:53:24Z,18666738837,4882
2026-09-10T16:53:24Z,18668065416,14450
2026-09-10T16:53:24Z,18680867089,2446
2026-09-10T16:53:24Z,18687417158,51721
2026-09-10T16:53:24Z,18688598012,942
2026-09-10T16:53:24Z,18700851435,4425
2026-09-10T16:53:24Z,18753889337,4967
2026-09-10T16:53:24Z,18799085098,2860
2026-09-10T16:53:24Z,18803315158,4513
2026-09-10T16:53:24Z,18816315817,1634
2026-09-10T16:53:24Z,18864551515,920
2026-09-10T16:53:24Z,18934709778,1391
2026-09-10T16:53:24Z,18948446518,3715
2026-09-10T16:53:24Z,18959440414,1532
2026-09-10T16:53:24Z,18984776765,903
2026-09-10T16:53:24Z,70390793715007,1269
2026-09-10T16:53:24Z,70400654680508,2881
2026-09-10T16:53:24Z,70411440483149,24801
2026-09-10T16:53:24Z,70435795041539,5803
2026-09-10T16:53:24Z,70476134485723,737
2026-09-10T16:53:24Z,70564797343878,547
2026-09-10T16:53:24Z,70587876731444,2191
2026-09-10T16:53:24Z,70640255604878,14697
2026-09-10T16:53:24Z,70805830291547,1311
2026-09-10T16:53:24Z,70824721645030,516
2026-09-10T16:53:24Z,70904050766278,627
2026-09-10T16:53:24Z,70906625936847,6606
2026-09-10T16:53:24Z,70911358699250,1683
2026-09-10T16:53:24Z,70970763145070,779
2026-09-10T16:53:24Z,70990751935174,1987
2026-09-10T16:53:24Z,70994695337243,1084
2026-09-10T16:53:24Z,70998903613713,611
2026-09-10T16:53:24Z,71099982892966,1293
2026-09-10T16:53:24Z,71132543521245,7646
2026-09-10T16:53:24Z,71143154217953,1047
2026-09-10T16:53:24Z,71174733280934,1301
2026-09-10T16:53:24Z,71394819414417,2487
2026-09-10T16:53:24Z,71457452830106,1109
2026-09-10T16:53:24Z,71480482338212,1202
2026-09-10T16:53:24Z,71543463524754,906
2026-09-10T16:53:24Z,71565666593141,604
2026-09-10T16:53:24Z,71599043035739,3546
2026-09-10T16:53:24Z,71600459831333,2242
2026-09-10T16:53:24Z,71633357192188,2253
2026-09-10T16:53:24Z,71647048889071,594
2026-09-10T16:53:24Z,71647256260480,1675
2026-09-10T16:53:24Z,71704434889758,7328
2026-09-10T16:53:24Z,71706515477118,1144
2026-09-10T16:53:24Z,71774876641249,1703
2026-09-10T16:53:24Z,71849204829689,842
2026-09-10T16:53:24Z,71852303862507,1994
2026-09-10T16:53:24Z,71895508397153,2445
2026-09-10T16:53:24Z,72019577565540,1042
2026-09-10T16:53:24Z,72167803024670,1041
2026-09-10T16:53:24Z,72216345408467,5448
2026-09-10T16:53:24Z,72317248326994,2113
2026-09-10T16:53:24Z,72387437800091,4809
2026-09-10T16:53:24Z,72399795227216,588
2026-09-10T16:53:24Z,72450672234943,2061
2026-09-10T16:53:24Z,72525366293660,586
2026-09-10T16:53:24Z,72604809857139,537
2026-09-10T16:53:24Z,72659788689464,711
2026-09-10T16:53:24Z,72712036210947,1694
2026-09-10T16:53:24Z,72763503064951,2859
2026-09-10T16:53:24Z,72845937010155,1321
2026-09-10T16:53:24Z,72920620366355,4305
2026-09-10T16:53:24Z,73097591386069,1084
2026-09-10T16:53:24Z,73101851322368,1611
2026-09-10T16:53:24Z,73189007576537,2711
2026-09-10T16:53:24Z,73398239244597,521
2026-09-10T16:53:24Z,73413968610508,1856
2026-09-10T16:53:24Z,73526576502092,563
2026-09-10T16:53:24Z,73578698401320,2469
2026-09-10T16:53:24Z,73613510857111,3527
2026-09-10T16:53:24Z,73621314943835,6047
2026-09-10T16:53:24Z,73768006371986,4285
2026-09-10T16:53:24Z,73814003954154,757
2026-09-10T16:53:24Z,73871058651498,1394
2026-09-10T16:53:24Z,73897506680154,7063
2026-09-10T16:53:24Z,73904017172892,2877
2026-09-10T16:53:24Z,73908022013371,1988
2026-09-10T16:53:24Z,73954336239895,1129
2026-09-10T16:53:24Z,73956553001240,29440
2026-09-10T16:53:24Z,74102906764176,21888
2026-09-10T16:53:24Z,74188431054457,13809
2026-09-10T16:53:24Z,74193805629461,2888
2026-09-10T16:53:24Z,74218191398494,580
2026-09-10T16:53:24Z,74256669508761,3509
2026-09-10T16:53:24Z,74260430392611,5414
2026-09-10T16:53:24Z,74341114342499,11867
2026-09-10T16:53:24Z,74395953411817,11316
2026-09-10T16:53:24Z,74511210941284,1678
2026-09-10T16:53:24Z,74542317333958,1370
2026-09-10T16:53:24Z,74716719697996,4407
2026-09-10T16:53:24Z,74729868188364,6000
2026-09-10T16:53:24Z,74889851913797,4766
2026-09-10T16:53:24Z,74994442538508,752
2026-09-10T16:53:24Z,75127349412719,589
2026-09-10T16:53:24Z,75178747054941,1958
2026-09-10T16:53:24Z,75317862071711,4118
2026-09-10T16:53:24Z,75366259315586,645
2026-09-10T16:53:24Z,75387700043737,13582
2026-09-10T16:53:24Z,75467339082089,629
2026-09-10T16:53:24Z,75541741887441,1486
2026-09-10T16:53:24Z,75547400568620,6842
2026-09-10T16:53:24Z,75561686090072,859
2026-09-10T16:53:24Z,75568173037446,2473
2026-09-10T16:53:24Z,75626443136851,677
2026-09-10T16:53:24Z,75646865566926,803
2026-09-10T16:53:24Z,75663528075786,2940
2026-09-10T16:53:24Z,75753413268977,981
2026-09-10T16:53:24Z,75839707976715,1148
2026-09-10T16:53:24Z,75888315541325,544
2026-09-10T16:53:24Z,76137189788863,2695
2026-09-10T16:53:24Z,76153324611685,6125
2026-09-10T16:53:24Z,76193707924033,659
2026-09-10T16:53:24Z,76285745979410,3948
2026-09-10T16:53:24Z,76427490154192,2897
2026-09-10T16:53:24Z,76503495566299,11179
2026-09-10T16:53:24Z,76526090659517,1881
2026-09-10T16:53:24Z,76558904092080,1705
2026-09-10T16:53:24Z,76603753346534,637
2026-09-10T16:53:24Z,76737571462455,2428
2026-09-10T16:53:24Z,76812848652979,1283
2026-09-10T16:53:24Z,76838459031868,12839
2026-09-10T16:53:24Z,76842920359834,648
2026-09-10T16:53:24Z,76911729991355,3780
2026-09-10T16:53:24Z,77108422251420,54539
2026-09-10T16:53:24Z,77187847593796,550
2026-09-10T16:53:24Z,77649408247578,34016
2026-09-10T16:53:24Z,77747054101308,500
2026-09-10T16:53:24Z,77747658251236,1778
2026-09-10T16:53:24Z,77843161404023,8968
2026-09-10T16:53:24Z,78028206594931,824
2026-09-10T16:53:24Z,78131609782350,1241
2026-09-10T16:53:24Z,78177131121429,3071
2026-09-10T16:53:24Z,78458398895753,520
2026-09-10T16:53:24Z,78471443847948,922
2026-09-10T16:53:24Z,78496323189083,1857
2026-09-10T16:53:24Z,78515283254292,97050
2026-09-10T16:53:24Z,78699621133325,1061
2026-09-10T16:53:24Z,78724109436030,963
2026-09-10T16:53:24Z,78724900430513,1692
2026-09-10T16:53:24Z,78839079957645,2215
2026-09-10T16:53:24Z,79267089300389,5498
2026-09-10T16:53:24Z,79268393072444,12193
2026-09-10T16:53:24Z,79315121100812,1889
2026-09-10T16:53:24Z,79392214809379,546
2026-09-10T16:53:24Z,79454007962937,1136
2026-09-10T16:53:24Z,79480724066456,12444
2026-09-10T16:53:24Z,79546208627805,172020
2026-09-10T16:53:24Z,79638614256104,510
2026-09-10T16:53:24Z,79790479326946,1018
2026-09-10T16:53:24Z,79797693256658,531
2026-09-10T16:53:24Z,79860632214114,620
2026-09-10T16:53:24Z,79886695267825,890
2026-09-10T16:53:24Z,79948106719663,728
2026-09-10T16:53:24Z,79966250354565,7865
2026-09-10T16:53:24Z,80000420704526,2907
2026-09-10T16:53:24Z,80031826041492,1331
2026-09-10T16:53:24Z,80111254680893,765
2026-09-10T16:53:24Z,80200604311136,2757
2026-09-10T16:53:24Z,80234914611737,1344
2026-09-10T16:53:24Z,80279663815725,1191
2026-09-10T16:53:24Z,80342862330041,639
2026-09-10T16:53:24Z,80607040330429,1483
2026-09-10T16:53:24Z,80610578881227,887
2026-09-10T16:53:24Z,80692223709267,605
2026-09-10T16:53:24Z,80734098185936,2489
2026-09-10T16:53:24Z,80861715191104,1257
2026-09-10T16:53:24Z,80898524797320,1806
2026-09-10T16:53:24Z,81040587037979,1793
2026-09-10T16:53:24Z,81223687051453,2924
2026-09-10T16:53:24Z,81239378558719,1141
2026-09-10T16:53:24Z,81549698024226,737
2026-09-10T16:53:24Z,81703830622949,2201
2026-09-10T16:53:24Z,82013336390273,816
2026-09-10T16:53:24Z,82075856475941,705
2026-09-10T16:53:24Z,82084053899394,794
2026-09-10T16:53:24Z,82103875404639,511
2026-09-10T16:53:24Z,82329146189989,1299
2026-09-10T16:53:24Z,82453659777192,1141
2026-09-10T16:53:24Z,82457571485380,8119
2026-09-10T16:53:24Z,82461912126439,616
2026-09-10T16:53:24Z,82524183928567,507
2026-09-10T16:53:24Z,82539019711975,1905
2026-09-10T16:53:24Z,82554996468034,1043
2026-09-10T16:53:24Z,82570142697239,1657
2026-09-10T16:53:24Z,82712304391069,4869
2026-09-10T16:53:24Z,82745432464897,1144
2026-09-10T16:53:24Z,82797688803922,3061
2026-09-10T16:53:24Z,82866880824588,610
2026-09-10T16:53:24Z,82898983236792,667
2026-09-10T16:53:24Z,82904798643396,956
2026-09-10T16:53:24Z,82983707799188,3331
2026-09-10T16:53:24Z,83038462357724,11715
2026-09-10T16:53:24Z,83211034158887,748
2026-09-10T16:53:24Z,83238501165241,603
2026-09-10T16:53:24Z,83264774625004,3080
2026-09-10T16:53:24Z,83312952548612,686
2026-09-10T16:53:24Z,83325975879599,3874
2026-09-10T16:53:24Z,83388257263676,4612
2026-09-10T16:53:24Z,83569851223739,2782
2026-09-10T16:53:24Z,83622406313819,1974
2026-09-10T16:53:24Z,83948716312312,1167
2026-09-10T16:53:24Z,84156601481934,2017
2026-09-10T16:53:24Z,84256892855657,1369
2026-09-10T16:53:24Z,84332574190497,3238
2026-09-10T16:53:24Z,84449017742177,5173
2026-09-10T16:53:24Z,84515722934860,39078
2026-09-10T16:53:24Z,84525826229916,4175
2026-09-10T16:53:24Z,84526099099491,1511
2026-09-10T16:53:24Z,84556640895285,14516
2026-09-10T16:53:24Z,84568117169118,1391
2026-09-10T16:53:24Z,84692574040798,874
2026-09-10T16:53:24Z,84717457860674,527
2026-09-10T16:53:24Z,84956402848349,944
2026-09-10T16:53:24Z,85011874799856,2073
2026-09-10T16:53:24Z,85048226835181,1545
2026-09-10T16:53:24Z,85056532479796,1544
2026-09-10T16:53:24Z,85070202669030,570
2026-09-10T16:53:24Z,85245205758607,2060
2026-09-10T16:53:24Z,85387381843881,1509
2026-09-10T16:53:24Z,85896571713843,2442
2026-09-10T16:53:24Z,85967844112283,20277
2026-09-10T16:53:24Z,86017989016432,1015
2026-09-10T16:53:24Z,86022723355936,962
2026-09-10T16:53:24Z,86089763581353,668
2026-09-10T16:53:24Z,86164638330564,781
2026-09-10T16:53:24Z,86178279217218,1342
2026-09-10T16:53:24Z,86247128610772,8222
2026-09-10T16:53:24Z,86259628805375,5579
2026-09-10T16:53:24Z,86368783421928,3672
2026-09-10T16:53:24Z,86374876468143,2424
2026-09-10T16:53:24Z,86378115369061,549
2026-09-10T16:53:24Z,86479448397834,8920
2026-09-10T16:53:24Z,86524001536792,1258
2026-09-10T16:53:24Z,86635275427451,507
2026-09-10T16:53:24Z,86707571837034,1002
2026-09-10T16:53:24Z,86754403332185,871
2026-09-10T16:53:24Z,86757987326668,597
2026-09-10T16:53:24Z,86847069957175,501
2026-09-10T16:53:24Z,86943068337855,6485
2026-09-10T16:53:24Z,87018676608089,1203
2026-09-10T16:53:24Z,87046419551816,3630
2026-09-10T16:53:24Z,87214116277191,1201
2026-09-10T16:53:24Z,87274635966213,500
2026-09-10T16:53:24Z,87311102000285,1516
2026-09-10T16:53:24Z,87468080405188,4793
2026-09-10T16:53:24Z,87555052900625,675
2026-09-10T16:53:24Z,88033955914813,1662
2026-09-10T16:53:24Z,88207898227053,833
2026-09-10T16:53:24Z,88234622381007,744
2026-09-10T16:53:24Z,88323040672117,2018
2026-09-10T16:53:24Z,88412811497379,1649
2026-09-10T16:53:24Z,88480125732253,659
2026-09-10T16:53:24Z,88728793053496,1066
2026-09-10T16:53:24Z,88887739603194,1441
2026-09-10T16:53:24Z,88933961678687,1840
2026-09-10T16:53:24Z,88951201927122,619
2026-09-10T16:53:24Z,89035794510548,2497
2026-09-10T16:53:24Z,89100823864844,2033
2026-09-10T16:53:24Z,89180039807836,732
2026-09-10T16:53:24Z,89469502395769,19031
2026-09-10T16:53:24Z,89490838554710,4876
2026-09-10T16:53:24Z,89561601601392,809
2026-09-10T16:53:24Z,89704645856683,3195
2026-09-10T16:53:24Z,89788834648171,840
2026-09-10T16:53:24Z,90038414385014,1077
2026-09-10T16:53:24Z,90053646552411,568
2026-09-10T16:53:24Z,90086669327265,13508
2026-09-10T16:53:24Z,90148635862803,11117
2026-09-10T16:53:24Z,90184287580174,3272
2026-09-10T16:53:24Z,90367590248857,747
2026-09-10T16:53:24Z,90462358603255,706
2026-09-10T16:53:24Z,90568084448279,22284
2026-09-10T16:53:24Z,90704250333473,2747
2026-09-10T16:53:24Z,90740816183375,5824
2026-09-10T16:53:24Z,90784570995507,2883
2026-09-10T16:53:24Z,90803345996188,771
2026-09-10T16:53:24Z,90842695067815,525
2026-09-10T16:53:24Z,90906407195271,4114
2026-09-10T16:53:24Z,91203203156283,1580
2026-09-10T16:53:24Z,91296119701853,765
2026-09-10T16:53:24Z,91440994157417,790
2026-09-10T16:53:24Z,91695551099066,1468
2026-09-10T16:53:24Z,91704854174760,4087
2026-09-10T16:53:24Z,91746497060666,4594
2026-09-10T16:53:24Z,91931360732020,799
2026-09-10T16:53:24Z,92044060392057,516
2026-09-10T16:53:24Z,92122513197996,5747
2026-09-10T16:53:24Z,92141204718989,557
2026-09-10T16:53:24Z,92171645661524,1369
2026-09-10T16:53:24Z,92415748858497,1130
2026-09-10T16:53:24Z,92416421522960,656
2026-09-10T16:53:24Z,92422478989816,918
2026-09-10T16:53:24Z,92432535588391,794
2026-09-10T16:53:24Z,92637789841354,68956
2026-09-10T16:53:24Z,92700582787930,1311
2026-09-10T16:53:24Z,92937726498067,776
2026-09-10T16:53:24Z,92942575852492,1086
2026-09-10T16:53:24Z,93028168925975,4632
2026-09-10T16:53:24Z,93091759101123,7603
2026-09-10T16:53:24Z,93233198656969,741
2026-09-10T16:53:24Z,93265851514769,1457
2026-09-10T16:53:24Z,93563420945975,729
2026-09-10T16:53:24Z,93623116896447,514
2026-09-10T16:53:24Z,93787311916283,953
2026-09-10T16:53:24Z,93829858358973,2643
2026-09-10T16:53:24Z,93978595733734,53179
2026-09-10T16:53:24Z,94217045453265,10102
2026-09-10T16:53:24Z,94495283121683,2633
2026-09-10T16:53:24Z,94503612388426,929
2026-09-10T16:53:24Z,94539932414164,1503
2026-09-10T16:53:24Z,94590879393563,950
2026-09-10T16:53:24Z,94640181989498,14852
2026-09-10T16:53:24Z,94647229517154,9320
2026-09-10T16:53:24Z,94702395375549,744
2026-09-10T16:53:24Z,94717504417144,767
2026-09-10T16:53:24Z,94845773826960,735
2026-09-10T16:53:24Z,94860588848140,1782
2026-09-10T16:53:24Z,94987506187454,1398
2026-09-10T16:53:24Z,95082159892680,173365
2026-09-10T16:53:24Z,95094140550911,946
2026-09-10T16:53:24Z,95094324354820,2187
2026-09-10T16:53:24Z,95223801959482,734
2026-09-10T16:53:24Z,95319535505764,1047
2026-09-10T16:53:24Z,95417153338993,6529
2026-09-10T16:53:24Z,95721658376580,2778
2026-09-10T16:53:24Z,95929919723230,534
2026-09-10T16:53:24Z,96033388567901,559
2026-09-10T16:53:24Z,96071743839078,566
2026-09-10T16:53:24Z,96153864779911,1315
2026-09-10T16:53:24Z,96168869671905,6174
2026-09-10T16:53:24Z,96280251181127,2319
2026-09-10T16:53:24Z,96401370703274,1173
2026-09-10T16:53:24Z,96425088123775,1813
2026-09-10T16:53:24Z,96447215899741,4349
2026-09-10T16:53:24Z,96462622512177,1419
2026-09-10T16:53:24Z,96469185605358,536
2026-09-10T16:53:24Z,96510596525082,5857
2026-09-10T16:53:24Z,96645548064314,20357
2026-09-10T16:53:24Z,96775630583143,1791
2026-09-10T16:53:24Z,96796259580891,3432
2026-09-10T16:53:24Z,97038396539280,575
2026-09-10T16:53:24Z,97042065873644,1914
2026-09-10T16:53:24Z,97090732168175,3489
2026-09-10T16:53:24Z,97387256206808,689
2026-09-10T16:53:24Z,97438379434717,1388
2026-09-10T16:53:24Z,97463774278378,764
2026-09-10T16:53:24Z,97598239454123,8642
2026-09-10T16:53:24Z,97607545197126,1963
2026-09-10T16:53:24Z,97630670804505,946
2026-09-10T16:53:24Z,97824450589417,19334
2026-09-10T16:53:24Z,97837301536811,622
2026-09-10T16:53:24Z,98067481349941,880
2026-09-10T16:53:24Z,98100179608264,561
2026-09-10T16:53:24Z,98138235237704,931
2026-09-10T16:53:24Z,98303142742576,1146
2026-09-10T16:53:24Z,98393605725180,5327
2026-09-10T16:53:24Z,98502499119821,4852
2026-09-10T16:53:24Z,98626216952426,862
2026-09-10T16:53:24Z,98629859043211,2095
2026-09-10T16:53:24Z,98664161516921,3989
2026-09-10T16:53:24Z,98679602313466,2320
2026-09-10T16:53:24Z,98695134949589,767
2026-09-10T16:53:24Z,98800969324557,21521
2026-09-10T16:53:24Z,98894876188248,9138
2026-09-10T16:53:24Z,98916904742148,2379
2026-09-10T16:53:24Z,98936097545088,3506
2026-09-10T16:53:24Z,98951612738714,731
2026-09-10T16:53:24Z,99065555424640,706
2026-09-10T16:53:24Z,99108783264633,5807
2026-09-10T16:53:24Z,99122501338948,1810
2026-09-10T16:53:24Z,99255447043899,1487
2026-09-10T16:53:24Z,99269206016797,1461
2026-09-10T16:53:24Z,99342262733194,964
2026-09-10T16:53:24Z,99449877692519,1628
2026-09-10T16:53:24Z,99521272836282,2484
2026-09-10T16:53:24Z,99567941238278,17252
2026-09-10T16:53:24Z,99702578544768,1522
2026-09-10T16:53:24Z,99703116573266,1485
2026-09-10T16:53:24Z,99715891575923,2571
2026-09-10T16:53:24Z,99758842280353,2022
2026-09-10T16:53:24Z,99817148924004,1593
2026-09-10T16:53:24Z,100034344773758,882
2026-09-10T16:53:24Z,100039707794702,863
2026-09-10T16:53:24Z,100178831086674,2480
2026-09-10T16:53:24Z,100221279566736,1223
2026-09-10T16:53:24Z,100293509865504,6123
2026-09-10T16:53:24Z,100400297022629,733
2026-09-10T16:53:24Z,100429474155186,6412
2026-09-10T16:53:24Z,100453351939863,839
2026-09-10T16:53:24Z,100722736774753,568
2026-09-10T16:53:24Z,100744519298647,1161
2026-09-10T16:53:24Z,100831517378953,728
2026-09-10T16:53:24Z,100860415498291,1337
2026-09-10T16:53:24Z,100911362514791,2024
2026-09-10T16:53:24Z,101009821472804,3870
2026-09-10T16:53:24Z,101272402522756,1390
2026-09-10T16:53:24Z,101396571928321,1888
2026-09-10T16:53:24Z,101480963912212,8104
2026-09-10T16:53:24Z,101533162298733,870
2026-09-10T16:53:24Z,101610294550592,2062
2026-09-10T16:53:24Z,101685456774656,1358
2026-09-10T16:53:24Z,101733180974837,1310
2026-09-10T16:53:24Z,101754965994520,536
2026-09-10T16:53:24Z,101906032112547,7261
2026-09-10T16:53:24Z,101914772188620,4283
2026-09-10T16:53:24Z,101949297449238,1134
2026-09-10T16:53:24Z,102054284786904,2524
2026-09-10T16:53:24Z,102072869879193,18314
2026-09-10T16:53:24Z,102457672839885,1912
2026-09-10T16:53:24Z,102489700929678,6890
2026-09-10T16:53:24Z,102553576537621,1907
2026-09-10T16:53:24Z,102574559184919,617
2026-09-10T16:53:24Z,102612844247090,649
2026-09-10T16:53:24Z,102837194624695,3938
2026-09-10T16:53:24Z,102871156420149,3177
2026-09-10T16:53:24Z,102917792916356,1356
2026-09-10T16:53:24Z,102990893659741,504
2026-09-10T16:53:24Z,103037106396302,18380
2026-09-10T16:53:24Z,103050497819513,2258
2026-09-10T16:53:24Z,103185879508967,913
2026-09-10T16:53:24Z,103285721487694,3615
2026-09-10T16:53:24Z,103311003648859,889
2026-09-10T16:53:24Z,103410145208388,602
2026-09-10T16:53:24Z,103556382323599,1295
2026-09-10T16:53:24Z,103589142326933,2923
2026-09-10T16:53:24Z,103593441753340,1143
2026-09-10T16:53:24Z,103731330407395,570
2026-09-10T16:53:24Z,103740390007820,701
2026-09-10T16:53:24Z,103754275310547,1883
2026-09-10T16:53:24Z,103802803330866,1394
2026-09-10T16:53:24Z,103854444055060,704
2026-09-10T16:53:24Z,103883942725157,8315
2026-09-10T16:53:24Z,104339804279870,888
2026-09-10T16:53:24Z,104485012391716,1182
2026-09-10T16:53:24Z,104524602549480,741
2026-09-10T16:53:24Z,104589921852670,1868
2026-09-10T16:53:24Z,104693964860826,3320
2026-09-10T16:53:24Z,104715542330896,20319
2026-09-10T16:53:24Z,104716788636258,757
2026-09-10T16:53:24Z,104761395312874,4897
2026-09-10T16:53:24Z,104808235862933,16254
2026-09-10T16:53:24Z,104809044319701,8036
2026-09-10T16:53:24Z,104812936457083,655
2026-09-10T16:53:24Z,104841616983113,3144
2026-09-10T16:53:24Z,104890260413773,1640
2026-09-10T16:53:24Z,104973076655377,4009
2026-09-10T16:53:24Z,105265986112006,612
2026-09-10T16:53:24Z,105350566569864,531
2026-09-10T16:53:24Z,105373497661352,1426
2026-09-10T16:53:24Z,105452889569708,2641
2026-09-10T16:53:24Z,105555311806207,2593
2026-09-10T16:53:24Z,105633123928294,2165
2026-09-10T16:53:24Z,105724836892064,4310
2026-09-10T16:53:24Z,105742951729183,1158
2026-09-10T16:53:24Z,105767799784652,726
2026-09-10T16:53:24Z,105954652742326,1313
2026-09-10T16:53:24Z,106078822951099,1192
2026-09-10T16:53:24Z,106131416903029,1424
2026-09-10T16:53:24Z,106187832607756,1032
2026-09-10T16:53:24Z,106484206883664,10848
2026-09-10T16:53:24Z,106487781999308,1228
2026-09-10T16:53:24Z,106605940421527,710
2026-09-10T16:53:24Z,106683702021527,3710
2026-09-10T16:53:24Z,106802314735486,2795
2026-09-10T16:53:24Z,106832050389015,839
2026-09-10T16:53:24Z,106838580527183,6603
2026-09-10T16:53:24Z,106920577206536,1606
2026-09-10T16:53:24Z,107095834793267,937
2026-09-10T16:53:24Z,107377364123237,1883
2026-09-10T16:53:24Z,107430889830807,5482
2026-09-10T16:53:24Z,107467295209358,10564
2026-09-10T16:53:24Z,107645101488133,719
2026-09-10T16:53:24Z,107646426076756,598
2026-09-10T16:53:24Z,107653945083776,9557
2026-09-10T16:53:24Z,107713910741616,579
2026-09-10T16:53:24Z,107717448640907,633
2026-09-10T16:53:24Z,107727386530697,728
2026-09-10T16:53:24Z,107750563478039,788
2026-09-10T16:53:24Z,107778070777162,1579691
2026-09-10T16:53:24Z,107792622719098,1668
2026-09-10T16:53:24Z,107828406309109,984
2026-09-10T16:53:24Z,107833198839573,2605
2026-09-10T16:53:24Z,107894105055312,7509
2026-09-10T16:53:24Z,108227239615000,1446
2026-09-10T16:53:24Z,108307565942574,4611
2026-09-10T16:53:24Z,108410750455933,819
2026-09-10T16:53:24Z,108439047160668,1478
2026-09-10T16:53:24Z,108533757090220,4456
2026-09-10T16:53:24Z,108567435288296,16737
2026-09-10T16:53:24Z,108645230905176,3895
2026-09-10T16:53:24Z,108730407897379,1861
2026-09-10T16:53:24Z,108750539382245,584
2026-09-10T16:53:24Z,108767400143329,973
2026-09-10T16:53:24Z,108843562394237,1065
2026-09-10T16:53:24Z,109073199927285,590
2026-09-10T16:53:24Z,109129552698918,926
2026-09-10T16:53:24Z,109167932163747,1108
2026-09-10T16:53:24Z,109170650911069,1816
2026-09-10T16:53:24Z,109258067111533,2422
2026-09-10T16:53:24Z,109397169461300,3759
2026-09-10T16:53:24Z,109509029034984,4975
2026-09-10T16:53:24Z,109509628648368,580
2026-09-10T16:53:24Z,109629391874197,737
2026-09-10T16:53:24Z,109686116036889,1036
2026-09-10T16:53:24Z,109694820409483,2887
2026-09-10T16:53:24Z,109715918987082,939
2026-09-10T16:53:24Z,109881277752094,2224
2026-09-10T16:53:24Z,109983668079237,93731
2026-09-10T16:53:24Z,110175021189594,6546
2026-09-10T16:53:24Z,110283655701247,1015
2026-09-10T16:53:24Z,110334393584385,750
2026-09-10T16:53:24Z,110373292461174,717
2026-09-10T16:53:24Z,110470672231288,1045
2026-09-10T16:53:24Z,110570058234582,1325
2026-09-10T16:53:24Z,110584310129887,504
2026-09-10T16:53:24Z,110627433764494,2565
2026-09-10T16:53:24Z,110668201954727,2710
2026-09-10T16:53:24Z,110677803091411,711
2026-09-10T16:53:24Z,110793563946846,1342
2026-09-10T16:53:24Z,110806816173057,1808
2026-09-10T16:53:24Z,110808833601416,686
2026-09-10T16:53:24Z,110829983956014,6411
2026-09-10T16:53:24Z,111063058742520,6986
2026-09-10T16:53:24Z,111262527555232,3370
2026-09-10T16:53:24Z,111363135577981,1641
2026-09-10T16:53:24Z,111403197324514,1684
2026-09-10T16:53:24Z,111421220771064,808
2026-09-10T16:53:24Z,111442376436641,1395
2026-09-10T16:53:24Z,111471464387284,557
2026-09-10T16:53:24Z,111779414681728,918
2026-09-10T16:53:24Z,111835260646713,2766
2026-09-10T16:53:24Z,111862336710239,660
2026-09-10T16:53:24Z,111894976456494,9217
2026-09-10T16:53:24Z,111989938562194,1976
2026-09-10T16:53:24Z,112107733863518,587
2026-09-10T16:53:24Z,112114621008524,508
2026-09-10T16:53:24Z,112171352246014,5452
2026-09-10T16:53:24Z,112226578490421,1650
2026-09-10T16:53:24Z,112233638491976,2735
2026-09-10T16:53:24Z,112413741511713,2445
2026-09-10T16:53:24Z,112490729816320,688
2026-09-10T16:53:24Z,112531085636442,1965
2026-09-10T16:53:24Z,112619156837009,2516
2026-09-10T16:53:24Z,112626674737178,3630
2026-09-10T16:53:24Z,112641748896693,3116
2026-09-10T16:53:24Z,112731528776884,10295
2026-09-10T16:53:24Z,112757576021097,631
2026-09-10T16:53:24Z,112781315318195,10441
2026-09-10T16:53:24Z,112796336189704,2185
2026-09-10T16:53:24Z,112816993332059,893
2026-09-10T16:53:24Z,112838150455902,3547
2026-09-10T16:53:24Z,112857282410969,1418
2026-09-10T16:53:24Z,112966546347918,3664
2026-09-10T16:53:24Z,113099333239841,5017
2026-09-10T16:53:24Z,113232329524315,4114
2026-09-10T16:53:24Z,113290951185459,26307
2026-09-10T16:53:24Z,113323927469374,3320
2026-09-10T16:53:24Z,113385048266134,1119
2026-09-10T16:53:24Z,113385977463481,1676
2026-09-10T16:53:24Z,113392430358155,1162
2026-09-10T16:53:24Z,113457460682474,2441
2026-09-10T16:53:24Z,113481077323469,10796
2026-09-10T16:53:24Z,113506071094099,7291
2026-09-10T16:53:24Z,113581963143008,1132
2026-09-10T16:53:24Z,113604074601559,720
2026-09-10T16:53:24Z,113745337705295,3589
2026-09-10T16:53:24Z,113987393426315,4223
2026-09-10T16:53:24Z,114122724051462,2275
2026-09-10T16:53:24Z,114204398207377,5300
2026-09-10T16:53:24Z,114234929420007,12263
2026-09-10T16:53:24Z,114283239905753,506
2026-09-10T16:53:24Z,114357963370524,1335
2026-09-10T16:53:24Z,114381378262504,2504
2026-09-10T16:53:24Z,114501358617756,2893
2026-09-10T16:53:24Z,114537828794341,643
2026-09-10T16:53:24Z,114640202062357,687
2026-09-10T16:53:24Z,114697347887839,35362
2026-09-10T16:53:24Z,114786176505608,645
2026-09-10T16:53:24Z,114861592677288,3247
2026-09-10T16:53:24Z,115035699922620,2749
2026-09-10T16:53:24Z,115092911061119,1322
2026-09-10T16:53:24Z,115286378269814,911
2026-09-10T16:53:24Z,115618367729321,1294
2026-09-10T16:53:24Z,115620466946909,947
2026-09-10T16:53:24Z,115681808123944,5005
2026-09-10T16:53:24Z,116058355775210,1451
2026-09-10T16:53:24Z,116070952245255,7180
2026-09-10T16:53:24Z,116113866980358,1077
2026-09-10T16:53:24Z,116223724643557,533
2026-09-10T16:53:24Z,116495829188952,11892
2026-09-10T16:53:24Z,116497287371701,25287
2026-09-10T16:53:24Z,116501341774429,1459
2026-09-10T16:53:24Z,117180001724009,645
2026-09-10T16:53:24Z,117381420723145,516
2026-09-10T16:53:24Z,117533937949084,8219
2026-09-10T16:53:24Z,117539213094671,1795
2026-09-10T16:53:24Z,117713779364528,9349
2026-09-10T16:53:24Z,117752943664280,1882
2026-09-10T16:53:24Z,117868278782684,2802
2026-09-10T16:53:24Z,118055952211055,1183
2026-09-10T16:53:24Z,118198615964701,622
2026-09-10T16:53:24Z,118367369949006,4524
2026-09-10T16:53:24Z,118418618261207,19373
2026-09-10T16:53:24Z,118447215156914,2107
2026-09-10T16:53:24Z,118546475246005,589
2026-09-10T16:53:24Z,118576822282213,2871
2026-09-10T16:53:24Z,118608618152057,1686
2026-09-10T16:53:24Z,118637423917462,810
2026-09-10T16:53:24Z,118806061296143,1341
2026-09-10T16:53:24Z,118889111240517,1580
2026-09-10T16:53:24Z,118891884735667,608
2026-09-10T16:53:24Z,118952094447715,548
2026-09-10T16:53:24Z,118973301158777,4471
2026-09-10T16:53:24Z,119004860768199,4522
2026-09-10T16:53:24Z,119031147890918,1462
2026-09-10T16:53:24Z,119048529960596,10555
2026-09-10T16:53:24Z,119068914321553,5444
2026-09-10T16:53:24Z,119168493101362,6160
2026-09-10T16:53:24Z,119209026892378,688
2026-09-10T16:53:24Z,119271610514030,1232
2026-09-10T16:53:24Z,119355263204054,2089
2026-09-10T16:53:24Z,119427438574114,1923
2026-09-10T16:53:24Z,119455737640001,2121
2026-09-10T16:53:24Z,119473104067789,1078
2026-09-10T16:53:24Z,119579217517090,2748
2026-09-10T16:53:24Z,119609933650338,801
2026-09-10T16:53:24Z,119741101026672,625
2026-09-10T16:53:24Z,119789365111500,4142
2026-09-10T16:53:24Z,119822977170203,3526
2026-09-10T16:53:24Z,119987266683883,628
2026-09-10T16:53:24Z,120014184236770,631
2026-09-10T16:53:24Z,120135584963579,3835
2026-09-10T16:53:24Z,120140631282295,749
2026-09-10T16:53:24Z,120154566897536,564
2026-09-10T16:53:24Z,120189115846709,1793
2026-09-10T16:53:24Z,120217704230083,1181
2026-09-10T16:53:24Z,120299070926116,1231
2026-09-10T16:53:24Z,120398694613042,685
2026-09-10T16:53:24Z,120450743769548,726
2026-09-10T16:53:24Z,120546894379169,1003
2026-09-10T16:53:24Z,120550559221143,542
2026-09-10T16:53:24Z,120564326011184,569
2026-09-10T16:53:24Z,120700541929930,18674
2026-09-10T16:53:24Z,120704669141193,2539
2026-09-10T16:53:24Z,120766736586332,763
2026-09-10T16:53:24Z,120790217521707,713
2026-09-10T16:53:24Z,120841752776030,2341
2026-09-10T16:53:24Z,120851538706364,14253
2026-09-10T16:53:24Z,120922552721050,546
2026-09-10T16:53:24Z,120944686522212,575
2026-09-10T16:53:24Z,121268060261990,3393
2026-09-10T16:53:24Z,121461214257813,1526
2026-09-10T16:53:24Z,121766265831153,564
2026-09-10T16:53:24Z,121781732399469,3028
2026-09-10T16:53:24Z,121864768012064,94386
2026-09-10T16:53:24Z,122093998639862,2051
2026-09-10T16:53:24Z,122245938604556,26514
2026-09-10T16:53:24Z,122283068696619,512
2026-09-10T16:53:24Z,122433454504469,820
2026-09-10T16:53:24Z,122446657157717,9878
2026-09-10T16:53:24Z,122454884469606,1057
2026-09-10T16:53:24Z,122485613019196,13708
2026-09-10T16:53:24Z,122507029092776,13688
2026-09-10T16:53:24Z,122553263569744,2325
2026-09-10T16:53:24Z,122572082932179,17660
2026-09-10T16:53:24Z,122606989565107,4977
2026-09-10T16:53:24Z,122700472919801,1268
2026-09-10T16:53:24Z,122720857080780,1033
2026-09-10T16:53:24Z,122802147482832,541
2026-09-10T16:53:24Z,122902171482835,734
2026-09-10T16:53:24Z,122951224417794,2909
2026-09-10T16:53:24Z,123258797415953,1046
2026-09-10T16:53:24Z,123468479998097,796
2026-09-10T16:53:24Z,123557829667240,866
2026-09-10T16:53:24Z,123577181610172,729
2026-09-10T16:53:24Z,123581964009368,863
2026-09-10T16:53:24Z,123618551531903,567
2026-09-10T16:53:24Z,123698673940079,6370
2026-09-10T16:53:24Z,123724279728430,7586
2026-09-10T16:53:24Z,123785180486774,625
2026-09-10T16:53:24Z,123821081589134,518
2026-09-10T16:53:24Z,123822115505881,533
2026-09-10T16:53:24Z,123847390309161,13916
2026-09-10T16:53:24Z,123921593837160,5693
2026-09-10T16:53:24Z,124027312895188,2315
2026-09-10T16:53:24Z,124157596473184,526
2026-09-10T16:53:24Z,124293095895786,8116
2026-09-10T16:53:24Z,124311897657957,886
2026-09-10T16:53:24Z,124338404742585,4442
2026-09-10T16:53:24Z,124374448373637,582
2026-09-10T16:53:24Z,124389216346675,4336
2026-09-10T16:53:24Z,124396690804338,943
2026-09-10T16:53:24Z,124473577469410,875
2026-09-10T16:53:24Z,124675142564227,1375
2026-09-10T16:53:24Z,124729731716967,2123
2026-09-10T16:53:24Z,124740268654741,1508
2026-09-10T16:53:24Z,124757309017950,510
2026-09-10T16:53:24Z,124761153798409,9008
2026-09-10T16:53:24Z,124842176624983,638
2026-09-10T16:53:24Z,124853293317687,1016
2026-09-10T16:53:24Z,124943244212764,842
2026-09-10T16:53:24Z,125039473548047,12379
2026-09-10T16:53:24Z,125088003721533,529
2026-09-10T16:53:24Z,125299131646017,673
2026-09-10T16:53:24Z,125306084071551,4936
2026-09-10T16:53:24Z,125488740127641,2684
2026-09-10T16:53:24Z,125496078313264,3999
2026-09-10T16:53:24Z,125790795579287,537
2026-09-10T16:53:24Z,125810438250765,1456
2026-09-10T16:53:24Z,125823964467491,585
2026-09-10T16:53:24Z,125927821145949,4394
2026-09-10T16:53:24Z,126016859830524,6126
2026-09-10T16:53:24Z,126171938168748,800
2026-09-10T16:53:24Z,126330684723008,639
2026-09-10T16:53:24Z,126639935515772,720
2026-09-10T16:53:24Z,126815230666914,3445
2026-09-10T16:53:24Z,126857641130765,1165
2026-09-10T16:53:24Z,126870639873289,41242
2026-09-10T16:53:24Z,126884695634066,22242
2026-09-10T16:53:24Z,126922689754590,1139
2026-09-10T16:53:24Z,126987974021910,34223
2026-09-10T16:53:24Z,127078880769763,1879
2026-09-10T16:53:24Z,127089247654125,3503
2026-09-10T16:53:24Z,127099886596040,1421
2026-09-10T16:53:24Z,127103413498148,2729
2026-09-10T16:53:24Z,127152805777886,1610
2026-09-10T16:53:24Z,127177791789316,806
2026-09-10T16:53:24Z,127332613700317,1535
2026-09-10T16:53:24Z,127377897541228,1614
2026-09-10T16:53:24Z,127380660530951,4643
2026-09-10T16:53:24Z,127403135954624,4432
2026-09-10T16:53:24Z,127415661078736,731
2026-09-10T16:53:24Z,127475054933484,2034
2026-09-10T16:53:24Z,127634932179327,3463
2026-09-10T16:53:24Z,127737908858963,1205
2026-09-10T16:53:24Z,127742093697776,1611
2026-09-10T16:53:24Z,127775478639865,3483
2026-09-10T16:53:24Z,127994242634536,41969
2026-09-10T16:53:24Z,127995006069066,648
2026-09-10T16:53:24Z,128039018996175,2319
2026-09-10T16:53:24Z,128095034580221,518
2026-09-10T16:53:24Z,128119795963270,5666
2026-09-10T16:53:24Z,128263975853774,4573
2026-09-10T16:53:24Z,128329680321338,2655
2026-09-10T16:53:24Z,128448883585036,6124
2026-09-10T16:53:24Z,128451689942376,6355
2026-09-10T16:53:24Z,128662368175518,1844
2026-09-10T16:53:24Z,128682909569625,914
2026-09-10T16:53:24Z,128718867767713,1038
2026-09-10T16:53:24Z,128736949265057,16988
2026-09-10T16:53:24Z,128784467030899,13147
2026-09-10T16:53:24Z,128931272139211,1762
2026-09-10T16:53:24Z,129003441529549,1180
2026-09-10T16:53:24Z,129096378231329,8439
2026-09-10T16:53:24Z,129163919591388,835
2026-09-10T16:53:24Z,129253568870286,4746
2026-09-10T16:53:24Z,129279692364812,3456
2026-09-10T16:53:24Z,129305872972839,1665
2026-09-10T16:53:24Z,129692563688057,1047
2026-09-10T16:53:24Z,129768092435314,6236
2026-09-10T16:53:24Z,129784419746425,1667
2026-09-10T16:53:24Z,129827112113663,3448
2026-09-10T16:53:24Z,129827535941999,867
2026-09-10T16:53:24Z,129839966867899,1097
2026-09-10T16:53:24Z,129866685202296,609
2026-09-10T16:53:24Z,129907317028750,1082
2026-09-10T16:53:24Z,129932912185311,2141
2026-09-10T16:53:24Z,129938700249638,874
2026-09-10T16:53:24Z,129972079094718,3779
2026-09-10T16:53:24Z,130222697019939,1568
2026-09-10T16:53:24Z,130253630950453,804
2026-09-10T16:53:24Z,130342654546662,544
2026-09-10T16:53:24Z,130404059693601,5880
2026-09-10T16:53:24Z,130496219537579,714
2026-09-10T16:53:24Z,130565641176498,1542
2026-09-10T16:53:24Z,130641102725850,6057
2026-09-10T16:53:24Z,130700367963690,500
2026-09-10T16:53:24Z,130739873848552,4488
2026-09-10T16:53:24Z,130782443587508,1357
2026-09-10T16:53:24Z,130880054413998,558
2026-09-10T16:53:24Z,130929507719087,761
2026-09-10T16:53:24Z,130960021905304,523
2026-09-10T16:53:24Z,130960835358983,3052
2026-09-10T16:53:24Z,131068932321596,1801
2026-09-10T16:53:24Z,131103239963274,1021
2026-09-10T16:53:24Z,131117978948830,1999
2026-09-10T16:53:24Z,131234167969699,737
2026-09-10T16:53:24Z,131346454575416,10619
2026-09-10T16:53:24Z,131367064230486,1031
2026-09-10T16:53:24Z,131378148336503,5338
2026-09-10T16:53:24Z,131479356121251,8532
2026-09-10T16:53:24Z,131572543049913,1690
2026-09-10T16:53:24Z,131623223084840,3924
2026-09-10T16:53:24Z,131667667758514,1851
2026-09-10T16:53:24Z,131776241538171,774
2026-09-10T16:53:24Z,131906518201863,1368
2026-09-10T16:53:24Z,131910189515331,2202
2026-09-10T16:53:24Z,132016691802922,782
2026-09-10T16:53:24Z,132046904416072,1506
2026-09-10T16:53:24Z,132173349090360,5898
2026-09-10T16:53:24Z,132239307080610,739
2026-09-10T16:53:24Z,132287558697665,1024
2026-09-10T16:53:24Z,132352755769957,6529
2026-09-10T16:53:24Z,132448451193552,577
2026-09-10T16:53:24Z,132499927511859,1295
2026-09-10T16:53:24Z,132586479415502,2081
2026-09-10T16:53:24Z,132640332499066,574
2026-09-10T16:53:24Z,132678066262863,913
2026-09-10T16:53:24Z,132768098780837,2712
2026-09-10T16:53:24Z,133007106457547,1272
2026-09-10T16:53:24Z,133188236593503,4546
2026-09-10T16:53:24Z,133203197541113,3867
2026-09-10T16:53:24Z,133253166104607,516
2026-09-10T16:53:24Z,133294838637122,16451
2026-09-10T16:53:24Z,133341016381877,2669
2026-09-10T16:53:24Z,133379826754141,685
2026-09-10T16:53:24Z,133585162751824,4451
2026-09-10T16:53:24Z,133609054222738,845
2026-09-10T16:53:24Z,133687999931943,1194
2026-09-10T16:53:24Z,133719960214587,1424
2026-09-10T16:53:24Z,133872233697203,713
2026-09-10T16:53:24Z,133943904733338,5702
2026-09-10T16:53:24Z,133968315607063,991
2026-09-10T16:53:24Z,134162299584012,4447
2026-09-10T16:53:24Z,134208374070897,7034
2026-09-10T16:53:24Z,134361906638337,3730
2026-09-10T16:53:24Z,134363641369914,2158
2026-09-10T16:53:24Z,134381727982611,5695
2026-09-10T16:53:24Z,134408426670720,576
2026-09-10T16:53:24Z,134424372433341,1401
2026-09-10T16:53:24Z,134619004688066,1992
2026-09-10T16:53:24Z,134707983960541,1980
2026-09-10T16:53:24Z,134719268825886,7403
2026-09-10T16:53:24Z,134750290201751,890
2026-09-10T16:53:24Z,134750648450964,902
2026-09-10T16:53:24Z,134807373415131,2052
2026-09-10T16:53:24Z,135000370479961,631
2026-09-10T16:53:24Z,135038773889079,605
2026-09-10T16:53:24Z,135155039067698,5656
2026-09-10T16:53:24Z,135193469413243,6273
2026-09-10T16:53:24Z,135392317269737,583
2026-09-10T16:53:24Z,135678396831347,738
2026-09-10T16:53:24Z,135717153770519,4646
2026-09-10T16:53:24Z,135729108619936,627
2026-09-10T16:53:24Z,135757618941587,1555
2026-09-10T16:53:24Z,135856908115931,37331
2026-09-10T16:53:24Z,136020512003847,24075
2026-09-10T16:53:24Z,136107936984073,1416
2026-09-10T16:53:24Z,136162036182779,1161
2026-09-10T16:53:24Z,136372246050123,2693
2026-09-10T16:53:24Z,136404558442020,1922
2026-09-10T16:53:24Z,136431686349723,753
2026-09-10T16:53:24Z,136533956395153,3158
2026-09-10T16:53:24Z,136764190843219,1324
2026-09-10T16:53:24Z,136801880565837,2781
2026-09-10T16:53:24Z,136822524519115,924
2026-09-10T16:53:24Z,136919941417380,687
2026-09-10T16:53:24Z,136990058242546,1232
2026-09-10T16:53:24Z,137069154816703,722
2026-09-10T16:53:24Z,137228775845999,11778
2026-09-10T16:53:24Z,137233438285284,7119
2026-09-10T16:53:24Z,137287903930382,922
2026-09-10T16:53:24Z,137370015275609,1488
2026-09-10T16:53:24Z,137373587493425,700
2026-09-10T16:53:24Z,137533474840546,824
2026-09-10T16:53:24Z,137541498231955,1710
2026-09-10T16:53:24Z,137826330724902,4931
2026-09-10T16:53:24Z,137849500783095,513
2026-09-10T16:53:24Z,137925884276740,7349
2026-09-10T16:53:24Z,138064211947107,552
2026-09-10T16:53:24Z,138182400257397,817
2026-09-10T16:53:24Z,138205182571367,4151
2026-09-10T16:53:24Z,138225905240404,512
2026-09-10T16:53:24Z,138363592957250,6306
2026-09-10T16:53:24Z,138381251771774,1774
2026-09-10T16:53:24Z,138432670504218,2768
2026-09-10T16:53:24Z,138486812747835,2440
2026-09-10T16:53:24Z,138837502355157,1105
2026-09-10T16:53:24Z,139063887391814,1786
2026-09-10T16:53:24Z,139360679647453,1827
2026-09-10T16:53:24Z,139488437793833,1288
2026-09-10T16:53:24Z,139489585993138,510
2026-09-10T16:53:24Z,139506321380888,3129
2026-09-10T16:53:24Z,139546619723000,2174
2026-09-10T16:53:24Z,139566161526375,541
2026-09-10T16:53:24Z,139589080661680,606
2026-09-10T16:53:24Z,139598620873181,660
2026-09-10T16:53:24Z,139617346573330,1015
2026-09-10T16:53:24Z,139766023909499,994
2026-09-10T16:53:24Z,139874182509202,719
2026-09-10T16:53:24Z,139988436996662,728
2026-09-10T16:53:24Z,139995416758538,1393
2026-09-10T16:53:24Z,140033502516293,645
2026-09-10T16:53:24Z,140063367098641,811
2026-09-10T16:53:24Z,140302982046391,1687
2026-09-10T16:53:24Z,140317247681516,1062
2026-09-10T16:53:24Z,140374914197602,3095
2026-09-10T16:53:24Z,140409475718339,1293
2026-09-10T16:53:24Z,140417239274110,2596
2026-09-10T16:53:24Z,140424985545402,1809
2026-09-10T16:53:24Z,140462309938712,1602
2026-09-10T16:53:24Z,140477643689375,780
2026-09-10T16:53:24Z,140481779622210,1645
2026-09-10T16:55:42Z,189707,7897
2026-09-10T16:55:42Z,192800,5250
2026-09-10T16:55:42Z,13822889,1811
2026-09-10T16:55:42Z,20321167,5086
2026-09-10T16:55:42Z,21532277,4180
2026-09-10T16:55:42Z,31490825,1102
2026-09-10T16:55:42Z,69184822,5425
2026-09-10T16:55:42Z,71315343,1235
2026-09-10T16:55:42Z,121748721,575
2026-09-10T16:55:42Z,137877687,503
2026-09-10T16:55:42Z,142823291,281937
2026-09-10T16:55:42Z,155382109,1158
2026-09-10T16:55:42Z,155615604,7044
2026-09-10T16:55:42Z,163501479,910
2026-09-10T16:55:42Z,166731267,1492
2026-09-10T16:55:42Z,166986752,4263
2026-09-10T16:55:42Z,174238106,608
2026-09-10T16:55:42Z,183364845,1163
2026-09-10T16:55:42Z,185655149,13659
2026-09-10T16:55:42Z,205224386,2413
2026-09-10T16:55:42Z,221718525,696
2026-09-10T16:55:42Z,245440965,546
2026-09-10T16:55:42Z,263761432,1355
2026-09-10T16:55:42Z,277751860,2095
2026-09-10T16:55:42Z,286090429,2854
2026-09-10T16:55:42Z,292439477,2202
2026-09-10T16:55:42Z,292628125,553
2026-09-10T16:55:42Z,301549746,1279
2026-09-10T16:55:42Z,328028363,682
2026-09-10T16:55:42Z,335760407,597
2026-09-10T16:55:42Z,373513488,698
2026-09-10T16:55:42Z,443406476,815
2026-09-10T16:55:42Z,537413528,14887
2026-09-10T16:55:42Z,574407221,803
2026-09-10T16:55:42Z,606849621,7610
2026-09-10T16:55:42Z,654732683,3375
2026-09-10T16:55:42Z,662417684,590
2026-09-10T16:55:42Z,696347899,906
2026-09-10T16:55:42Z,735030788,5888
2026-09-10T16:55:42Z,815405518,2916
2026-09-10T16:55:42Z,863266079,1005
2026-09-10T16:55:42Z,891539556,993
2026-09-10T16:55:42Z,891852901,5275
2026-09-10T16:55:42Z,893973440,28432
2026-09-10T16:55:42Z,914010731,626
2026-09-10T16:55:42Z,920587237,129229
2026-09-10T16:55:42Z,1128650291,1742
2026-09-10T16:55:42Z,1185902301,745
2026-09-10T16:55:42Z,1324061305,601
2026-09-10T16:55:42Z,1343871267,1195
2026-09-10T16:55:42Z,1365404657,4199
2026-09-10T16:55:42Z,1428472551,536
2026-09-10T16:55:42Z,1458767429,4365
2026-09-10T16:55:42Z,1523801080,589
2026-09-10T16:55:42Z,1537690962,21321
2026-09-10T16:55:42Z,1554960397,2191
2026-09-10T16:55:42Z,1588965415,2454
2026-09-10T16:55:42Z,1730877806,18299
2026-09-10T16:55:42Z,1962086868,50783
2026-09-10T16:55:42Z,2057751924,539
2026-09-10T16:55:42Z,2166944189,1392
2026-09-10T16:55:42Z,2210085102,597
2026-09-10T16:55:42Z,2317712696,1226
2026-09-10T16:55:42Z,2338325648,1133
2026-09-10T16:55:42Z,2376885433,519
2026-09-10T16:55:42Z,2418863943,3077
2026-09-10T16:55:42Z,2474168535,883
2026-09-10T16:55:42Z,2512643572,2781
2026-09-10T16:55:42Z,2534724415,5386
2026-09-10T16:55:42Z,2537430692,706
2026-09-10T16:55:42Z,2551991523,3428
2026-09-10T16:55:42Z,2569453732,1413
2026-09-10T16:55:42Z,2650582631,667
2026-09-10T16:55:42Z,2693023319,3502
2026-09-10T16:55:42Z,2727067538,1343
2026-09-10T16:55:42Z,2753915549,367842
2026-09-10T16:55:42Z,2768379856,7483
2026-09-10T16:55:42Z,2772610559,2533
2026-09-10T16:55:42Z,2788229376,1748
2026-09-10T16:55:42Z,2809202155,3226
2026-09-10T16:55:42Z,2830250344,771
2026-09-10T16:55:42Z,2913303231,1211
2026-09-10T16:55:42Z,2916899287,5251
2026-09-10T16:55:42Z,2968914904,1621
2026-09-10T16:55:42Z,3016661674,687
2026-09-10T16:55:42Z,3025990139,767
2026-09-10T16:55:42Z,3117860193,517
2026-09-10T16:55:42Z,3214114884,799
2026-09-10T16:55:42Z,3226555017,808
2026-09-10T16:55:42Z,3242417672,2562
2026-09-10T16:55:42Z,3260590327,11693
2026-09-10T16:55:42Z,3261957210,1070
2026-09-10T16:55:42Z,3339374541,1029
2026-09-10T16:55:42Z,3344967357,542
2026-09-10T16:55:42Z,3351674303,32463
2026-09-10T16:55:42Z,3398014311,1899
2026-09-10T16:55:42Z,3457390032,1293
2026-09-10T16:55:42Z,3475397644,8677
2026-09-10T16:55:42Z,3623096087,8861
2026-09-10T16:55:42Z,3631820248,1596
2026-09-10T16:55:42Z,3663340706,6467
2026-09-10T16:55:42Z,3678761576,4401
2026-09-10T16:55:42Z,3823781113,1879
2026-09-10T16:55:42Z,3837864717,1102
2026-09-10T16:55:42Z,3851622790,2434
2026-09-10T16:55:42Z,3891618314,2412
2026-09-10T16:55:42Z,3956818381,757
2026-09-10T16:55:42Z,4104106043,1442
2026-09-10T16:55:42Z,4110892437,673
2026-09-10T16:55:42Z,4111023553,3553
2026-09-10T16:55:42Z,4282985734,1735
2026-09-10T16:55:42Z,4299508195,2804
2026-09-10T16:55:42Z,4448566543,1543
2026-09-10T16:55:42Z,4480809144,2295
2026-09-10T16:55:42Z,4520749081,5815
2026-09-10T16:55:42Z,4522347649,1252
2026-09-10T16:55:42Z,4566572536,1471
2026-09-10T16:55:42Z,4580204640,4480
2026-09-10T16:55:42Z,4588604953,1713
2026-09-10T16:55:42Z,4616652839,4650
2026-09-10T16:55:42Z,4623386862,4623
2026-09-10T16:55:42Z,4637668954,3573
2026-09-10T16:55:42Z,4639625707,9628
2026-09-10T16:55:42Z,4640354700,990
2026-09-10T16:55:42Z,4646477729,1177
2026-09-10T16:55:42Z,4796443083,1111
2026-09-10T16:55:42Z,4830581890,1016
2026-09-10T16:55:42Z,4832438542,1416
2026-09-10T16:55:42Z,4850533156,1526
2026-09-10T16:55:42Z,4850588087,3546
2026-09-10T16:55:42Z,4855457388,878
2026-09-10T16:55:42Z,4872321990,683
2026-09-10T16:55:42Z,4889315193,2669
2026-09-10T16:55:42Z,4924922222,417727
2026-09-10T16:55:42Z,4954096313,1471
2026-09-10T16:55:42Z,4954512662,1426
2026-09-10T16:55:42Z,4954752502,701
2026-09-10T16:55:42Z,4972091010,636
2026-09-10T16:55:42Z,4972273297,1819
2026-09-10T16:55:42Z,4991214437,710
2026-09-10T16:55:42Z,4992570197,829
2026-09-10T16:55:42Z,4996049426,6731
2026-09-10T16:55:42Z,5041144419,2437
2026-09-10T16:55:42Z,5044920251,590
2026-09-10T16:55:42Z,5062619730,735
2026-09-10T16:55:42Z,5104202731,608
2026-09-10T16:55:42Z,5118969548,3083
2026-09-10T16:55:42Z,5130598377,978
2026-09-10T16:55:42Z,5140123832,676
2026-09-10T16:55:42Z,5152425034,2215
2026-09-10T16:55:42Z,5154858502,759
2026-09-10T16:55:42Z,5171093784,1929
2026-09-10T16:55:42Z,5171347293,2308
2026-09-10T16:55:42Z,5233782396,25504
2026-09-10T16:55:42Z,5244411056,2076
2026-09-10T16:55:42Z,5286116071,938
2026-09-10T16:55:42Z,5289509545,12347
2026-09-10T16:55:42Z,5342047554,605
2026-09-10T16:55:42Z,5343994291,668
2026-09-10T16:55:42Z,5391778736,614
2026-09-10T16:55:42Z,5407396567,743
2026-09-10T16:55:42Z,5496455308,3798
2026-09-10T16:55:42Z,5571328985,2003
2026-09-10T16:55:42Z,5593925613,2622
2026-09-10T16:55:42Z,5670218884,2079
2026-09-10T16:55:42Z,5671985295,2603
2026-09-10T16:55:42Z,5683833663,1968
2026-09-10T16:55:42Z,5702593762,2059
2026-09-10T16:55:42Z,5708035517,1193
2026-09-10T16:55:42Z,5712833750,2995
2026-09-10T16:55:42Z,5777099015,1948
2026-09-10T16:55:42Z,5829141886,3103
2026-09-10T16:55:42Z,5846386835,766
2026-09-10T16:55:42Z,5856880701,1823
2026-09-10T16:55:42Z,5865858426,2215
2026-09-10T16:55:42Z,5901440255,2363
2026-09-10T16:55:42Z,5926001758,1258
2026-09-10T16:55:42Z,5956785391,524
2026-09-10T16:55:42Z,5969012769,607
2026-09-10T16:55:42Z,5976159288,1036
2026-09-10T16:55:42Z,5984006660,1518
2026-09-10T16:55:42Z,5985232436,2797
2026-09-10T16:55:42Z,6000468131,923
2026-09-10T16:55:42Z,6011940308,758
2026-09-10T16:55:42Z,6020247720,2206
2026-09-10T16:55:42Z,6104994594,1615
2026-09-10T16:55:42Z,6128441278,835
2026-09-10T16:55:42Z,6132958612,1232
2026-09-10T16:55:42Z,6137321701,1298
2026-09-10T16:55:42Z,6153766069,2551
2026-09-10T16:55:42Z,6161235818,1811
2026-09-10T16:55:42Z,6205205961,6836
2026-09-10T16:55:42Z,6243699076,3132
2026-09-10T16:55:42Z,6263431107,2231
2026-09-10T16:55:42Z,6270290407,1665
2026-09-10T16:55:42Z,6284583030,910
2026-09-10T16:55:42Z,6299805723,1409
2026-09-10T16:55:42Z,6305582775,732
2026-09-10T16:55:42Z,6349094071,1321
2026-09-10T16:55:42Z,6358567974,8086
2026-09-10T16:55:42Z,6366329104,3247
2026-09-10T16:55:42Z,6377740507,2448
2026-09-10T16:55:42Z,6382584061,2483
2026-09-10T16:55:42Z,6403373529,8642
2026-09-10T16:55:42Z,6442957604,767
2026-09-10T16:55:42Z,6445435958,874
2026-09-10T16:55:42Z,6447798030,2132
2026-09-10T16:55:42Z,6507422231,5407
2026-09-10T16:55:42Z,6516141723,56309
2026-09-10T16:55:42Z,6520999642,1352
2026-09-10T16:55:42Z,6608498361,1111
2026-09-10T16:55:42Z,6610021055,714
2026-09-10T16:55:42Z,6686932749,941
2026-09-10T16:55:42Z,6698800091,2156
2026-09-10T16:55:42Z,6700307184,590
2026-09-10T16:55:42Z,6717367660,1225
2026-09-10T16:55:42Z,6727915552,781
2026-09-10T16:55:42Z,6735572261,560
2026-09-10T16:55:42Z,6737970321,3462
2026-09-10T16:55:42Z,6766156863,1154
2026-09-10T16:55:42Z,6804602922,2736
2026-09-10T16:55:42Z,6816975827,3877
2026-09-10T16:55:42Z,6872265039,18522
2026-09-10T16:55:42Z,6875747014,3478
2026-09-10T16:55:42Z,6884319169,2384
2026-09-10T16:55:42Z,6888253864,545
2026-09-10T16:55:42Z,6911148748,2471
2026-09-10T16:55:42Z,6915976310,2319
2026-09-10T16:55:42Z,6918802270,1859
2026-09-10T16:55:42Z,6924758805,1572
2026-09-10T16:55:42Z,6934310111,1651
2026-09-10T16:55:42Z,6939111033,2169
2026-09-10T16:55:42Z,6961824067,35431
2026-09-10T16:55:42Z,6989310863,4572
2026-09-10T16:55:42Z,7041939546,59656
2026-09-10T16:55:42Z,7071444234,1173
2026-09-10T16:55:42Z,7074772062,1831
2026-09-10T16:55:42Z,7117492592,3380
2026-09-10T16:55:42Z,7138009149,1114
2026-09-10T16:55:42Z,7171174521,6319
2026-09-10T16:55:42Z,7180042682,3251
2026-09-10T16:55:42Z,7239319209,559
2026-09-10T16:55:42Z,7241858214,2709
2026-09-10T16:55:42Z,7243409883,4975
2026-09-10T16:55:42Z,7253149844,576
2026-09-10T16:55:42Z,7305309231,12174
2026-09-10T16:55:42Z,7336302630,2172
2026-09-10T16:55:42Z,7367863399,1080
2026-09-10T16:55:42Z,7491927311,666
2026-09-10T16:55:42Z,7554888362,21242
2026-09-10T16:55:42Z,7577961216,3416
2026-09-10T16:55:42Z,7605357829,3215
2026-09-10T16:55:42Z,7606564092,676
2026-09-10T16:55:42Z,7670825572,2675
2026-09-10T16:55:42Z,7711635737,16886
2026-09-10T16:55:42Z,7772810845,1742
2026-09-10T16:55:42Z,7774892351,527
2026-09-10T16:55:42Z,7784286514,712
2026-09-10T16:55:42Z,7871169780,2748
2026-09-10T16:55:42Z,7896264844,1618
2026-09-10T16:55:42Z,7971857341,7816
2026-09-10T16:55:42Z,7991339063,8045
2026-09-10T16:55:42Z,8003084678,1819
2026-09-10T16:55:42Z,8034026074,2357
2026-09-10T16:55:42Z,8075399143,2406
2026-09-10T16:55:42Z,8087448382,591
2026-09-10T16:55:42Z,8096601114,1601
2026-09-10T16:55:42Z,8109476632,846
2026-09-10T16:55:42Z,8200787440,656
2026-09-10T16:55:42Z,8204899140,1635
2026-09-10T16:55:42Z,8246874626,2034
2026-09-10T16:55:42Z,8260276694,1750
2026-09-10T16:55:42Z,8265622251,1125
2026-09-10T16:55:42Z,8286149869,942
2026-09-10T16:55:42Z,8317834514,3530
2026-09-10T16:55:42Z,8328351891,1997
2026-09-10T16:55:42Z,8356562067,939
2026-09-10T16:55:42Z,8369888266,3781
2026-09-10T16:55:42Z,8388259310,1240
2026-09-10T16:55:42Z,8412352352,529
2026-09-10T16:55:42Z,8416249767,1208
2026-09-10T16:55:42Z,8440392280,503
2026-09-10T16:55:42Z,8481844229,33522
2026-09-10T16:55:42Z,8514459881,527
2026-09-10T16:55:42Z,8534845015,1064
2026-09-10T16:55:42Z,8540168650,1039
2026-09-10T16:55:42Z,8542259458,1321
2026-09-10T16:55:42Z,8554378337,636
2026-09-10T16:55:42Z,8562822414,1298
2026-09-10T16:55:42Z,8571687919,715
2026-09-10T16:55:42Z,8597349706,542
2026-09-10T16:55:42Z,8617370639,1851
2026-09-10T16:55:42Z,8657766101,814
2026-09-10T16:55:42Z,8665470667,732
2026-09-10T16:55:42Z,8668536168,804
2026-09-10T16:55:42Z,8704997000,5625
2026-09-10T16:55:42Z,8712817601,16014
2026-09-10T16:55:42Z,8737602449,3542
2026-09-10T16:55:42Z,8737899170,68376
2026-09-10T16:55:42Z,8831256282,603
2026-09-10T16:55:42Z,8838701772,1415
2026-09-10T16:55:42Z,8840562096,518
2026-09-10T16:55:42Z,8867129986,704
2026-09-10T16:55:42Z,8884433153,3065
2026-09-10T16:55:42Z,8908228901,1349
2026-09-10T16:55:42Z,9049840490,2846
2026-09-10T16:55:42Z,9058310544,1006
2026-09-10T16:55:42Z,9096881148,3798
2026-09-10T16:55:42Z,9099326192,1821
2026-09-10T16:55:42Z,9120716669,1102
2026-09-10T16:55:42Z,9192423027,3783
2026-09-10T16:55:42Z,9224601490,2457
2026-09-10T16:55:42Z,9272528920,820
2026-09-10T16:55:42Z,9273658706,1661
2026-09-10T16:55:42Z,9281034297,606
2026-09-10T16:55:42Z,9346039031,862
2026-09-10T16:55:42Z,9372570969,900
2026-09-10T16:55:42Z,9391468976,128493
2026-09-10T16:55:42Z,9404223526,2318
2026-09-10T16:55:42Z,9414511685,2565
2026-09-10T16:55:42Z,9503261072,830
2026-09-10T16:55:42Z,9534337535,663
2026-09-10T16:55:42Z,9558986910,983
2026-09-10T16:55:42Z,9731376817,1817
2026-09-10T16:55:42Z,9772878203,635
2026-09-10T16:55:42Z,9788848685,1856
2026-09-10T16:55:42Z,9791603388,2559
2026-09-10T16:55:42Z,9872472334,32678
2026-09-10T16:55:42Z,9879422661,571
2026-09-10T16:55:42Z,9922455303,1522
2026-09-10T16:55:42Z,10082031223,1279
2026-09-10T16:55:42Z,10110568567,779
2026-09-10T16:55:42Z,10118504428,709
2026-09-10T16:55:42Z,10165583746,6034
2026-09-10T16:55:42Z,10179538382,1124
2026-09-10T16:55:42Z,10224049386,2036
2026-09-10T16:55:42Z,10228136016,697
2026-09-10T16:55:42Z,10253248401,4146
2026-09-10T16:55:42Z,10260193230,1620
2026-09-10T16:55:42Z,10272636261,1961
2026-09-10T16:55:42Z,10277607801,681
2026-09-10T16:55:42Z,10351562025,590
2026-09-10T16:55:42Z,10449761463,46222
2026-09-10T16:55:42Z,10450270085,1118
2026-09-10T16:55:42Z,10518166490,570
2026-09-10T16:55:42Z,10554647907,645
2026-09-10T16:55:42Z,10561456271,753
2026-09-10T16:55:42Z,10576142169,1087
2026-09-10T16:55:42Z,10595058975,1901
2026-09-10T16:55:42Z,10660791703,948
2026-09-10T16:55:42Z,10679239752,1532
2026-09-10T16:55:42Z,10696301650,1489
2026-09-10T16:55:42Z,10704789056,824
2026-09-10T16:55:42Z,10726371567,1297
2026-09-10T16:55:42Z,10745043766,1310
2026-09-10T16:55:42Z,10760024537,550
2026-09-10T16:55:42Z,10834586502,2620
2026-09-10T16:55:42Z,10853515606,993
2026-09-10T16:55:42Z,10912405603,532
2026-09-10T16:55:42Z,10941514720,1842
2026-09-10T16:55:42Z,10959918411,1434
2026-09-10T16:55:42Z,11021288030,952
2026-09-10T16:55:42Z,11137575513,642
2026-09-10T16:55:42Z,11156779721,515
2026-09-10T16:55:42Z,11158043705,3461
2026-09-10T16:55:42Z,11232592166,873
2026-09-10T16:55:42Z,11273483795,1641
2026-09-10T16:55:42Z,11276071411,1580
2026-09-10T16:55:42Z,11364087119,1726
2026-09-10T16:55:42Z,11379739543,22872
2026-09-10T16:55:42Z,11392373641,2132
2026-09-10T16:55:42Z,11451679682,608
2026-09-10T16:55:42Z,11464559285,592
2026-09-10T16:55:42Z,11474405411,1491
2026-09-10T16:55:42Z,11541986592,511
2026-09-10T16:55:42Z,11573027469,559
2026-09-10T16:55:42Z,11653088948,901
2026-09-10T16:55:42Z,11684369582,1244
2026-09-10T16:55:42Z,11694307960,816
2026-09-10T16:55:42Z,11727501024,2458
2026-09-10T16:55:42Z,11729688377,961
2026-09-10T16:55:42Z,11765402359,4585
2026-09-10T16:55:42Z,11782774748,3219
2026-09-10T16:55:42Z,11815767793,2713
2026-09-10T16:55:42Z,11832484500,696
2026-09-10T16:55:42Z,11848247239,1699
2026-09-10T16:55:42Z,11862502039,2859
2026-09-10T16:55:42Z,11872917490,929
2026-09-10T16:55:42Z,11928087342,1745
2026-09-10T16:55:42Z,12018893069,615
2026-09-10T16:55:42Z,12076775711,941
2026-09-10T16:55:42Z,12090482034,1162
2026-09-10T16:55:42Z,12144402492,573
2026-09-10T16:55:42Z,12177325772,14205
2026-09-10T16:55:42Z,12262046571,1744
2026-09-10T16:55:42Z,12334109280,5748
2026-09-10T16:55:42Z,12338455185,2901
2026-09-10T16:55:42Z,12355337193,11095
2026-09-10T16:55:42Z,12397515839,2372
2026-09-10T16:55:42Z,12398038681,848
2026-09-10T16:55:42Z,12407250267,2188
2026-09-10T16:55:42Z,12411473842,1230
2026-09-10T16:55:42Z,12495498157,1175
2026-09-10T16:55:42Z,12550651382,858
2026-09-10T16:55:42Z,12593620250,3902
2026-09-10T16:55:42Z,12625784503,588
2026-09-10T16:55:42Z,12640491155,931
2026-09-10T16:55:42Z,12699642568,8026
2026-09-10T16:55:42Z,12716055617,2880
2026-09-10T16:55:42Z,12828227139,2399
2026-09-10T16:55:42Z,12847474373,1044
2026-09-10T16:55:42Z,12893488117,590
2026-09-10T16:55:42Z,12912701243,1026
2026-09-10T16:55:42Z,12912731475,3612
2026-09-10T16:55:42Z,12931609417,3858
2026-09-10T16:55:42Z,12981936705,726
2026-09-10T16:55:42Z,12985361032,9536
2026-09-10T16:55:42Z,12997619803,881
2026-09-10T16:55:42Z,13042495892,1018
2026-09-10T16:55:42Z,13076380114,6764
2026-09-10T16:55:42Z,13110267312,623
2026-09-10T16:55:42Z,13118814103,1741
2026-09-10T16:55:42Z,13127800756,2024
2026-09-10T16:55:42Z,13159565330,1929
2026-09-10T16:55:42Z,13166293021,2643
2026-09-10T16:55:42Z,13184713709,2615
2026-09-10T16:55:42Z,13189735542,990
2026-09-10T16:55:42Z,13358463560,566
2026-09-10T16:55:42Z,13379208636,12908
2026-09-10T16:55:42Z,13404995530,567
2026-09-10T16:55:42Z,13416197699,2529
2026-09-10T16:55:42Z,13429790955,2167
2026-09-10T16:55:42Z,13438553315,931
2026-09-10T16:55:42Z,13473615074,3005
2026-09-10T16:55:42Z,13482468151,5432
2026-09-10T16:55:42Z,13587601484,2019
2026-09-10T16:55:42Z,13600218266,8395
2026-09-10T16:55:42Z,13621938427,7919
2026-09-10T16:55:42Z,13636013760,506
2026-09-10T16:55:42Z,13664698400,2724
2026-09-10T16:55:42Z,13687899540,8098
2026-09-10T16:55:42Z,13698105873,545
2026-09-10T16:55:42Z,13718567207,1155
2026-09-10T16:55:42Z,13772394625,19206
2026-09-10T16:55:42Z,13775256536,3417
2026-09-10T16:55:42Z,13794093709,804
2026-09-10T16:55:42Z,13796645198,1606
2026-09-10T16:55:42Z,13822562292,3498
2026-09-10T16:55:42Z,13827198708,681
2026-09-10T16:55:42Z,13864661000,2089
2026-09-10T16:55:42Z,13953602912,523
2026-09-10T16:55:42Z,13955927965,2522
2026-09-10T16:55:42Z,13967668166,31826
2026-09-10T16:55:42Z,13999660589,4223
2026-09-10T16:55:42Z,14004668761,759
2026-09-10T16:55:42Z,14026026722,751
2026-09-10T16:55:42Z,14038329225,1172
2026-09-10T16:55:42Z,14044547200,2112
2026-09-10T16:55:42Z,14161770735,958
2026-09-10T16:55:42Z,14184086618,1343
2026-09-10T16:55:42Z,14212732626,1861
2026-09-10T16:55:42Z,14236925335,4152
2026-09-10T16:55:42Z,14237585680,1325
2026-09-10T16:55:42Z,14238596528,4045
2026-09-10T16:55:42Z,14259168147,2182
2026-09-10T16:55:42Z,14259358984,858
2026-09-10T16:55:42Z,14279693118,2250
2026-09-10T16:55:42Z,14301835518,4114
2026-09-10T16:55:42Z,14313259147,1415
2026-09-10T16:55:42Z,14315258385,27142
2026-09-10T16:55:42Z,14337656835,813
2026-09-10T16:55:42Z,14350413280,1058
2026-09-10T16:55:42Z,14422394494,7222
2026-09-10T16:55:42Z,14437001043,1714
2026-09-10T16:55:42Z,14438406081,11763
2026-09-10T16:55:42Z,14451515684,1837
2026-09-10T16:55:42Z,14458936637,1463
2026-09-10T16:55:42Z,14475396559,1059
2026-09-10T16:55:42Z,14475792710,854
2026-09-10T16:55:42Z,14518422161,712
2026-09-10T16:55:42Z,14564651437,2414
2026-09-10T16:55:42Z,14567590300,2250
2026-09-10T16:55:42Z,14581889272,743
2026-09-10T16:55:42Z,14608970270,7098
2026-09-10T16:55:42Z,14629231756,513
2026-09-10T16:55:42Z,14641667067,552
2026-09-10T16:55:42Z,14662419251,511
2026-09-10T16:55:42Z,14721282186,683
2026-09-10T16:55:42Z,14772802900,2122
2026-09-10T16:55:42Z,14776071100,944
2026-09-10T16:55:42Z,14787369036,1226
2026-09-10T16:55:42Z,14823220100,1059
2026-09-10T16:55:42Z,14833592591,1658
2026-09-10T16:55:42Z,14835828495,2279
2026-09-10T16:55:42Z,14842128242,759
2026-09-10T16:55:42Z,14852797539,562
2026-09-10T16:55:42Z,14943334555,506
2026-09-10T16:55:42Z,14959543012,617
2026-09-10T16:55:42Z,15002061926,8093
2026-09-10T16:55:42Z,15027718878,1322
2026-09-10T16:55:42Z,15077422637,609
2026-09-10T16:55:42Z,15092647980,629
2026-09-10T16:55:42Z,15101393044,71577
2026-09-10T16:55:42Z,15111895255,1456
2026-09-10T16:55:42Z,15113223607,551
2026-09-10T16:55:42Z,15135285305,1040
2026-09-10T16:55:42Z,15198166649,1413
2026-09-10T16:55:42Z,15235397483,707
2026-09-10T16:55:42Z,15240723287,3106
2026-09-10T16:55:42Z,15269951959,3834
2026-09-10T16:55:42Z,15270182488,1350
2026-09-10T16:55:42Z,15282120493,570
2026-09-10T16:55:42Z,15288629078,1767
2026-09-10T16:55:42Z,15318113891,7429
2026-09-10T16:55:42Z,15352028692,883
2026-09-10T16:55:42Z,15446342241,617
2026-09-10T16:55:42Z,15507022415,2052
2026-09-10T16:55:42Z,15509312676,743
2026-09-10T16:55:42Z,15532962292,45713
2026-09-10T16:55:42Z,15546218972,885
2026-09-10T16:55:42Z,15550215902,3376
2026-09-10T16:55:42Z,15560168390,1606
2026-09-10T16:55:42Z,15598056478,2088
2026-09-10T16:55:42Z,15654981113,1009
2026-09-10T16:55:42Z,15694891095,1908
2026-09-10T16:55:42Z,15696848933,2861
2026-09-10T16:55:42Z,15722706376,515
2026-09-10T16:55:42Z,15768329004,3454
2026-09-10T16:55:42Z,15781012611,546
2026-09-10T16:55:42Z,15784744207,1898
2026-09-10T16:55:42Z,15845087881,570
2026-09-10T16:55:42Z,15859503151,561
2026-09-10T16:55:42Z,15864327873,590
2026-09-10T16:55:42Z,15930174396,4244
2026-09-10T16:55:42Z,16039690331,1773
2026-09-10T16:55:42Z,16057679366,980
2026-09-10T16:55:42Z,16115051360,1248
2026-09-10T16:55:42Z,16116270224,23119
2026-09-10T16:55:42Z,16141640360,2685
2026-09-10T16:55:42Z,16141898262,1821
2026-09-10T16:55:42Z,16146832113,21809
2026-09-10T16:55:42Z,16154918775,2595
2026-09-10T16:55:42Z,16159871483,530
2026-09-10T16:55:42Z,16272604134,2229
2026-09-10T16:55:42Z,16288616721,1103
2026-09-10T16:55:42Z,16290530659,759
2026-09-10T16:55:42Z,16331682055,517
2026-09-10T16:55:42Z,16381982348,639
2026-09-10T16:55:42Z,16389395869,13301
2026-09-10T16:55:42Z,16446142514,1245
2026-09-10T16:55:42Z,16447934574,5659
2026-09-10T16:55:42Z,16454399300,1014
2026-09-10T16:55:42Z,16480898254,2555
2026-09-10T16:55:42Z,16483433878,694
2026-09-10T16:55:42Z,16501421966,731
2026-09-10T16:55:42Z,16518256559,1263
2026-09-10T16:55:42Z,16625391970,9205
2026-09-10T16:55:42Z,16653555262,1347
2026-09-10T16:55:42Z,16720848315,503
2026-09-10T16:55:42Z,16732694052,79154
2026-09-10T16:55:42Z,16740784399,523
2026-09-10T16:55:42Z,16867505761,1900
2026-09-10T16:55:42Z,16901389020,2812
2026-09-10T16:55:42Z,16907212609,1778
2026-09-10T16:55:42Z,16910059756,4392
2026-09-10T16:55:42Z,16962279458,2902
2026-09-10T16:55:42Z,16991287194,2725
2026-09-10T16:55:42Z,16993432698,1264
2026-09-10T16:55:42Z,17012548142,833
2026-09-10T16:55:42Z,17045823120,1469
2026-09-10T16:55:42Z,17050349106,521
2026-09-10T16:55:42Z,17121846721,1217
2026-09-10T16:55:42Z,17188326828,1089
2026-09-10T16:55:42Z,17192092512,4048
2026-09-10T16:55:42Z,17255098561,1751
2026-09-10T16:55:42Z,17277889388,655
2026-09-10T16:55:42Z,17371491481,1891
2026-09-10T16:55:42Z,17450551531,1384
2026-09-10T16:55:42Z,17457986005,1529
2026-09-10T16:55:42Z,17516596118,21898
2026-09-10T16:55:42Z,17556820024,3044
2026-09-10T16:55:42Z,17571821642,1986
2026-09-10T16:55:42Z,17577256698,8232
2026-09-10T16:55:42Z,17581668152,2448
2026-09-10T16:55:42Z,17600423422,881
2026-09-10T16:55:42Z,17625359962,172153
2026-09-10T16:55:42Z,17662297954,912
2026-09-10T16:55:42Z,17664585395,1508
2026-09-10T16:55:42Z,17698425045,953
2026-09-10T16:55:42Z,17720162456,2552
2026-09-10T16:55:42Z,17729873503,658
2026-09-10T16:55:42Z,17759606919,702
2026-09-10T16:55:42Z,17798223108,540
2026-09-10T16:55:42Z,17844293708,1359
2026-09-10T16:55:42Z,17861623204,668
2026-09-10T16:55:42Z,17882166032,2593
2026-09-10T16:55:42Z,18102078939,1855
2026-09-10T16:55:42Z,18138682962,1253
2026-09-10T16:55:42Z,18152595062,962
2026-09-10T16:55:42Z,18153851914,587
2026-09-10T16:55:42Z,18156286285,1029
2026-09-10T16:55:42Z,18172550962,698
2026-09-10T16:55:42Z,18180736634,2430
2026-09-10T16:55:42Z,18183902003,1297
2026-09-10T16:55:42Z,18192562963,1392
2026-09-10T16:55:42Z,18199615050,5830
2026-09-10T16:55:42Z,18214855317,3795
2026-09-10T16:55:42Z,18218605381,1703
2026-09-10T16:55:42Z,18259975825,2185
2026-09-10T16:55:42Z,18260439047,1329
2026-09-10T16:55:42Z,18334179599,1321
2026-09-10T16:55:42Z,18335956021,11955
2026-09-10T16:55:42Z,18341181766,699
2026-09-10T16:55:42Z,18376355901,1248
2026-09-10T16:55:42Z,18403789061,641
2026-09-10T16:55:42Z,18408132742,579
2026-09-10T16:55:42Z,18519254033,2058
2026-09-10T16:55:42Z,18537079992,1768
2026-09-10T16:55:42Z,18545825758,513
2026-09-10T16:55:42Z,18645473062,1062
2026-09-10T16:55:42Z,18649596490,2187
2026-09-10T16:55:42Z,18666738837,4882
2026-09-10T16:55:42Z,18668065416,14450
2026-09-10T16:55:42Z,18680867089,2446
2026-09-10T16:55:42Z,18687417158,51721
2026-09-10T16:55:42Z,18688598012,942
2026-09-10T16:55:42Z,18700851435,4425
2026-09-10T16:55:42Z,18753889337,4967
2026-09-10T16:55:42Z,18799085098,2860
2026-09-10T16:55:42Z,18803315158,4513
2026-09-10T16:55:42Z,18816315817,1634
2026-09-10T16:55:42Z,18864551515,920
2026-09-10T16:55:42Z,18934709778,1391
2026-09-10T16:55:42Z,18948446518,3715
2026-09-10T16:55:42Z,18959440414,1532
2026-09-10T16:55:42Z,18984776765,903
2026-09-10T16:55:42Z,70390793715007,1269
2026-09-10T16:55:42Z,70400654680508,2881
2026-09-10T16:55:42Z,70411440483149,24801
2026-09-10T16:55:42Z,70435795041539,5803
2026-09-10T16:55:42Z,70476134485723,737
2026-09-10T16:55:42Z,70564797343878,547
2026-09-10T16:55:42Z,70587876731444,2191
2026-09-10T16:55:42Z,70640255604878,14697
2026-09-10T16:55:42Z,70805830291547,1311
2026-09-10T16:55:42Z,70824721645030,516
2026-09-10T16:55:42Z,70904050766278,627
2026-09-10T16:55:42Z,70906625936847,6606
2026-09-10T16:55:42Z,70911358699250,1683
2026-09-10T16:55:42Z,70970763145070,779
2026-09-10T16:55:42Z,70990751935174,1987
2026-09-10T16:55:42Z,70994695337243,1084
2026-09-10T16:55:42Z,70998903613713,611
2026-09-10T16:55:42Z,71099982892966,1293
2026-09-10T16:55:42Z,71132543521245,7646
2026-09-10T16:55:42Z,71143154217953,1047
2026-09-10T16:55:42Z,71174733280934,1301
2026-09-10T16:55:42Z,71394819414417,2487
2026-09-10T16:55:42Z,71457452830106,1109
2026-09-10T16:55:42Z,71480482338212,1202
2026-09-10T16:55:42Z,71543463524754,906
2026-09-10T16:55:42Z,71565666593141,604
2026-09-10T16:55:42Z,71599043035739,3546
2026-09-10T16:55:42Z,71600459831333,2242
2026-09-10T16:55:42Z,71633357192188,2253
2026-09-10T16:55:42Z,71647048889071,594
2026-09-10T16:55:42Z,71647256260480,1675
2026-09-10T16:55:42Z,71704434889758,7328
2026-09-10T16:55:42Z,71706515477118,1144
2026-09-10T16:55:42Z,71774876641249,1703
2026-09-10T16:55:42Z,71849204829689,842
2026-09-10T16:55:42Z,71852303862507,1994
2026-09-10T16:55:42Z,71895508397153,2445
2026-09-10T16:55:42Z,72019577565540,1042
2026-09-10T16:55:42Z,72167803024670,1041
2026-09-10T16:55:42Z,72216345408467,5448
2026-09-10T16:55:42Z,72317248326994,2113
2026-09-10T16:55:42Z,72387437800091,4809
2026-09-10T16:55:42Z,72399795227216,588
2026-09-10T16:55:42Z,72450672234943,2061
2026-09-10T16:55:42Z,72525366293660,586
2026-09-10T16:55:42Z,72604809857139,537
2026-09-10T16:55:42Z,72659788689464,711
2026-09-10T16:55:42Z,72712036210947,1694
2026-09-10T16:55:42Z,72763503064951,2859
2026-09-10T16:55:42Z,72845937010155,1321
2026-09-10T16:55:42Z,72920620366355,4305
2026-09-10T16:55:42Z,73097591386069,1084
2026-09-10T16:55:42Z,73101851322368,1611
2026-09-10T16:55:42Z,73189007576537,2711
2026-09-10T16:55:42Z,73398239244597,521
2026-09-10T16:55:42Z,73413968610508,1856
2026-09-10T16:55:42Z,73526576502092,563
2026-09-10T16:55:42Z,73578698401320,2469
2026-09-10T16:55:42Z,73613510857111,3527
2026-09-10T16:55:42Z,73621314943835,6047
2026-09-10T16:55:42Z,73768006371986,4285
2026-09-10T16:55:42Z,73814003954154,757
2026-09-10T16:55:42Z,73871058651498,1394
2026-09-10T16:55:42Z,73897506680154,7063
2026-09-10T16:55:42Z,73904017172892,2877
2026-09-10T16:55:42Z,73908022013371,1988
2026-09-10T16:55:42Z,73954336239895,1129
2026-09-10T16:55:42Z,73956553001240,29440
2026-09-10T16:55:42Z,74102906764176,21888
2026-09-10T16:55:42Z,74188431054457,13809
2026-09-10T16:55:42Z,74193805629461,2888
2026-09-10T16:55:42Z,74218191398494,580
2026-09-10T16:55:42Z,74256669508761,3509
2026-09-10T16:55:42Z,74260430392611,5414
2026-09-10T16:55:42Z,74341114342499,11867
2026-09-10T16:55:42Z,74395953411817,11316
2026-09-10T16:55:42Z,74511210941284,1678
2026-09-10T16:55:42Z,74542317333958,1370
2026-09-10T16:55:42Z,74716719697996,4407
2026-09-10T16:55:42Z,74729868188364,6000
2026-09-10T16:55:42Z,74889851913797,4766
2026-09-10T16:55:42Z,74994442538508,752
2026-09-10T16:55:42Z,75127349412719,589
2026-09-10T16:55:42Z,75178747054941,1958
2026-09-10T16:55:42Z,75317862071711,4118
2026-09-10T16:55:42Z,75366259315586,645
2026-09-10T16:55:42Z,75387700043737,13582
2026-09-10T16:55:42Z,75467339082089,629
2026-09-10T16:55:42Z,75541741887441,1486
2026-09-10T16:55:42Z,75547400568620,6842
2026-09-10T16:55:42Z,75561686090072,859
2026-09-10T16:55:42Z,75568173037446,2473
2026-09-10T16:55:42Z,75626443136851,677
2026-09-10T16:55:42Z,75646865566926,803
2026-09-10T16:55:42Z,75663528075786,2940
2026-09-10T16:55:42Z,75753413268977,981
2026-09-10T16:55:42Z,75839707976715,1148
2026-09-10T16:55:42Z,75888315541325,544
2026-09-10T16:55:42Z,76137189788863,2695
2026-09-10T16:55:42Z,76153324611685,6125
2026-09-10T16:55:42Z,76193707924033,659
2026-09-10T16:55:42Z,76285745979410,3948
2026-09-10T16:55:42Z,76427490154192,2897
2026-09-10T16:55:42Z,76503495566299,11179
2026-09-10T16:55:42Z,76526090659517,1881
2026-09-10T16:55:42Z,76558904092080,1705
2026-09-10T16:55:42Z,76603753346534,637
2026-09-10T16:55:42Z,76737571462455,2428
2026-09-10T16:55:42Z,76812848652979,1283
2026-09-10T16:55:42Z,76838459031868,12839
2026-09-10T16:55:42Z,76842920359834,648
2026-09-10T16:55:42Z,76911729991355,3780
2026-09-10T16:55:42Z,77108422251420,54539
2026-09-10T16:55:42Z,77187847593796,550
2026-09-10T16:55:42Z,77649408247578,34016
2026-09-10T16:55:42Z,77747054101308,500
2026-09-10T16:55:42Z,77747658251236,1778
2026-09-10T16:55:42Z,77843161404023,8968
2026-09-10T16:55:42Z,78028206594931,824
2026-09-10T16:55:42Z,78131609782350,1241
2026-09-10T16:55:42Z,78177131121429,3071
2026-09-10T16:55:42Z,78458398895753,520
2026-09-10T16:55:42Z,78471443847948,922
2026-09-10T16:55:42Z,78496323189083,1857
2026-09-10T16:55:42Z,78515283254292,97050
2026-09-10T16:55:42Z,78699621133325,1061
2026-09-10T16:55:42Z,78724109436030,963
2026-09-10T16:55:42Z,78724900430513,1692
2026-09-10T16:55:42Z,78839079957645,2215
2026-09-10T16:55:42Z,79267089300389,5498
2026-09-10T16:55:42Z,79268393072444,12193
2026-09-10T16:55:42Z,79315121100812,1889
2026-09-10T16:55:42Z,79392214809379,546
2026-09-10T16:55:42Z,79454007962937,1136
2026-09-10T16:55:42Z,79480724066456,12444
2026-09-10T16:55:42Z,79546208627805,172020
2026-09-10T16:55:42Z,79638614256104,510
2026-09-10T16:55:42Z,79790479326946,1018
2026-09-10T16:55:42Z,79797693256658,531
2026-09-10T16:55:42Z,79860632214114,620
2026-09-10T16:55:42Z,79886695267825,890
2026-09-10T16:55:42Z,79948106719663,728
2026-09-10T16:55:42Z,79966250354565,7865
2026-09-10T16:55:42Z,80000420704526,2907
2026-09-10T16:55:42Z,80031826041492,1331
2026-09-10T16:55:42Z,80111254680893,765
2026-09-10T16:55:42Z,80200604311136,2757
2026-09-10T16:55:42Z,80234914611737,1344
2026-09-10T16:55:42Z,80279663815725,1191
2026-09-10T16:55:42Z,80342862330041,639
2026-09-10T16:55:42Z,80607040330429,1483
2026-09-10T16:55:42Z,80610578881227,887
2026-09-10T16:55:42Z,80692223709267,605
2026-09-10T16:55:42Z,80734098185936,2489
2026-09-10T16:55:42Z,80861715191104,1257
2026-09-10T16:55:42Z,80898524797320,1806
2026-09-10T16:55:42Z,81040587037979,1793
2026-09-10T16:55:42Z,81223687051453,2924
2026-09-10T16:55:42Z,81239378558719,1141
2026-09-10T16:55:42Z,81549698024226,737
2026-09-10T16:55:42Z,81703830622949,2201
2026-09-10T16:55:42Z,82013336390273,816
2026-09-10T16:55:42Z,82075856475941,705
2026-09-10T16:55:42Z,82084053899394,794
2026-09-10T16:55:42Z,82103875404639,511
2026-09-10T16:55:42Z,82329146189989,1299
2026-09-10T16:55:42Z,82453659777192,1141
2026-09-10T16:55:42Z,82457571485380,8119
2026-09-10T16:55:42Z,82461912126439,616
2026-09-10T16:55:42Z,82524183928567,507
2026-09-10T16:55:42Z,82539019711975,1905
2026-09-10T16:55:42Z,82554996468034,1043
2026-09-10T16:55:42Z,82570142697239,1657
2026-09-10T16:55:42Z,82712304391069,4869
2026-09-10T16:55:42Z,82745432464897,1144
2026-09-10T16:55:42Z,82797688803922,3061
2026-09-10T16:55:42Z,82866880824588,610
2026-09-10T16:55:42Z,82898983236792,667
2026-09-10T16:55:42Z,82904798643396,956
2026-09-10T16:55:42Z,82983707799188,3331
2026-09-10T16:55:42Z,83038462357724,11715
2026-09-10T16:55:42Z,83211034158887,748
2026-09-10T16:55:42Z,83238501165241,603
2026-09-10T16:55:42Z,83264774625004,3080
2026-09-10T16:55:42Z,83312952548612,686
2026-09-10T16:55:42Z,83325975879599,3874
2026-09-10T16:55:42Z,83388257263676,4612
2026-09-10T16:55:42Z,83569851223739,2782
2026-09-10T16:55:42Z,83622406313819,1974
2026-09-10T16:55:42Z,83948716312312,1167
2026-09-10T16:55:42Z,84156601481934,2017
2026-09-10T16:55:42Z,84256892855657,1369
2026-09-10T16:55:42Z,84332574190497,3238
2026-09-10T16:55:42Z,84449017742177,5173
2026-09-10T16:55:42Z,84515722934860,39078
2026-09-10T16:55:42Z,84525826229916,4175
2026-09-10T16:55:42Z,84526099099491,1511
2026-09-10T16:55:42Z,84556640895285,14516
2026-09-10T16:55:42Z,84568117169118,1391
2026-09-10T16:55:42Z,84692574040798,874
2026-09-10T16:55:42Z,84717457860674,527
2026-09-10T16:55:42Z,84956402848349,944
2026-09-10T16:55:42Z,85011874799856,2073
2026-09-10T16:55:42Z,85048226835181,1545
2026-09-10T16:55:42Z,85056532479796,1544
2026-09-10T16:55:42Z,85070202669030,570
2026-09-10T16:55:42Z,85245205758607,2060
2026-09-10T16:55:42Z,85387381843881,1509
2026-09-10T16:55:42Z,85896571713843,2442
2026-09-10T16:55:42Z,85967844112283,20277
2026-09-10T16:55:42Z,86017989016432,1015
2026-09-10T16:55:42Z,86022723355936,962
2026-09-10T16:55:42Z,86089763581353,668
2026-09-10T16:55:42Z,86164638330564,781
2026-09-10T16:55:42Z,86178279217218,1342
2026-09-10T16:55:42Z,86247128610772,8222
2026-09-10T16:55:42Z,86259628805375,5579
2026-09-10T16:55:42Z,86368783421928,3672
2026-09-10T16:55:42Z,86374876468143,2424
2026-09-10T16:55:42Z,86378115369061,549
2026-09-10T16:55:42Z,86479448397834,8920
2026-09-10T16:55:42Z,86524001536792,1258
2026-09-10T16:55:42Z,86635275427451,507
2026-09-10T16:55:42Z,86707571837034,1002
2026-09-10T16:55:42Z,86754403332185,871
2026-09-10T16:55:42Z,86757987326668,597
2026-09-10T16:55:42Z,86847069957175,501
2026-09-10T16:55:42Z,86943068337855,6485
2026-09-10T16:55:42Z,87018676608089,1203
2026-09-10T16:55:42Z,87046419551816,3630
2026-09-10T16:55:42Z,87214116277191,1201
2026-09-10T16:55:42Z,87274635966213,500
2026-09-10T16:55:42Z,87311102000285,1516
2026-09-10T16:55:42Z,87468080405188,4793
2026-09-10T16:55:42Z,87555052900625,675
2026-09-10T16:55:42Z,88033955914813,1662
2026-09-10T16:55:42Z,88207898227053,833
2026-09-10T16:55:42Z,88234622381007,744
2026-09-10T16:55:42Z,88323040672117,2018
2026-09-10T16:55:42Z,88412811497379,1649
2026-09-10T16:55:42Z,88480125732253,659
2026-09-10T16:55:42Z,88728793053496,1066
2026-09-10T16:55:42Z,88887739603194,1441
2026-09-10T16:55:42Z,88933961678687,1840
2026-09-10T16:55:42Z,88951201927122,619
2026-09-10T16:55:42Z,89035794510548,2497
2026-09-10T16:55:42Z,89100823864844,2033
2026-09-10T16:55:42Z,89180039807836,732
2026-09-10T16:55:42Z,89469502395769,19031
2026-09-10T16:55:42Z,89490838554710,4876
2026-09-10T16:55:42Z,89561601601392,809
2026-09-10T16:55:42Z,89704645856683,3195
2026-09-10T16:55:42Z,89788834648171,840
2026-09-10T16:55:42Z,90038414385014,1077
2026-09-10T16:55:42Z,90053646552411,568
2026-09-10T16:55:42Z,90086669327265,13508
2026-09-10T16:55:42Z,90148635862803,11117
2026-09-10T16:55:42Z,90184287580174,3272
2026-09-10T16:55:42Z,90367590248857,747
2026-09-10T16:55:42Z,90462358603255,706
2026-09-10T16:55:42Z,90568084448279,22284
2026-09-10T16:55:42Z,90704250333473,2747
2026-09-10T16:55:42Z,90740816183375,5824
2026-09-10T16:55:42Z,90784570995507,2883
2026-09-10T16:55:42Z,90803345996188,771
2026-09-10T16:55:42Z,90842695067815,525
2026-09-10T16:55:42Z,90906407195271,4114
2026-09-10T16:55:42Z,91203203156283,1580
2026-09-10T16:55:42Z,91296119701853,765
2026-09-10T16:55:42Z,91440994157417,790
2026-09-10T16:55:42Z,91695551099066,1468
2026-09-10T16:55:42Z,91704854174760,4087
2026-09-10T16:55:42Z,91746497060666,4594
2026-09-10T16:55:42Z,91931360732020,799
2026-09-10T16:55:42Z,92044060392057,516
2026-09-10T16:55:42Z,92122513197996,5747
2026-09-10T16:55:42Z,92141204718989,557
2026-09-10T16:55:42Z,92171645661524,1369
2026-09-10T16:55:42Z,92415748858497,1130
2026-09-10T16:55:42Z,92416421522960,656
2026-09-10T16:55:42Z,92422478989816,918
2026-09-10T16:55:42Z,92432535588391,794
2026-09-10T16:55:42Z,92637789841354,68956
2026-09-10T16:55:42Z,92700582787930,1311
2026-09-10T16:55:42Z,92937726498067,776
2026-09-10T16:55:42Z,92942575852492,1086
2026-09-10T16:55:42Z,93028168925975,4632
2026-09-10T16:55:42Z,93091759101123,7603
2026-09-10T16:55:42Z,93233198656969,741
2026-09-10T16:55:42Z,93265851514769,1457
2026-09-10T16:55:42Z,93563420945975,729
2026-09-10T16:55:42Z,93623116896447,514
2026-09-10T16:55:42Z,93787311916283,953
2026-09-10T16:55:42Z,93829858358973,2643
2026-09-10T16:55:42Z,93978595733734,53179
2026-09-10T16:55:42Z,94217045453265,10102
2026-09-10T16:55:42Z,94495283121683,2633
2026-09-10T16:55:42Z,94503612388426,929
2026-09-10T16:55:42Z,94539932414164,1503
2026-09-10T16:55:42Z,94590879393563,950
2026-09-10T16:55:42Z,94640181989498,14852
2026-09-10T16:55:42Z,94647229517154,9320
2026-09-10T16:55:42Z,94702395375549,744
2026-09-10T16:55:42Z,94717504417144,767
2026-09-10T16:55:42Z,94845773826960,735
2026-09-10T16:55:42Z,94860588848140,1782
2026-09-10T16:55:42Z,94987506187454,1398
2026-09-10T16:55:42Z,95082159892680,173365
2026-09-10T16:55:42Z,95094140550911,946
2026-09-10T16:55:42Z,95094324354820,2187
2026-09-10T16:55:42Z,95223801959482,734
2026-09-10T16:55:42Z,95319535505764,1047
2026-09-10T16:55:42Z,95417153338993,6529
2026-09-10T16:55:42Z,95721658376580,2778
2026-09-10T16:55:42Z,95929919723230,534
2026-09-10T16:55:42Z,96033388567901,559
2026-09-10T16:55:42Z,96071743839078,566
2026-09-10T16:55:42Z,96153864779911,1315
2026-09-10T16:55:42Z,96168869671905,6174
2026-09-10T16:55:42Z,96280251181127,2319
2026-09-10T16:55:42Z,96401370703274,1173
2026-09-10T16:55:42Z,96425088123775,1813
2026-09-10T16:55:42Z,96447215899741,4349
2026-09-10T16:55:42Z,96462622512177,1419
2026-09-10T16:55:42Z,96469185605358,536
2026-09-10T16:55:42Z,96510596525082,5857
2026-09-10T16:55:42Z,96645548064314,20357
2026-09-10T16:55:42Z,96775630583143,1791
2026-09-10T16:55:42Z,96796259580891,3432
2026-09-10T16:55:42Z,97038396539280,575
2026-09-10T16:55:42Z,97042065873644,1914
2026-09-10T16:55:42Z,97090732168175,3489
2026-09-10T16:55:42Z,97387256206808,689
2026-09-10T16:55:42Z,97438379434717,1388
2026-09-10T16:55:42Z,97463774278378,764
2026-09-10T16:55:42Z,97598239454123,8642
2026-09-10T16:55:42Z,97607545197126,1963
2026-09-10T16:55:42Z,97630670804505,946
2026-09-10T16:55:42Z,97824450589417,19334
2026-09-10T16:55:42Z,97837301536811,622
2026-09-10T16:55:42Z,98067481349941,880
2026-09-10T16:55:42Z,98100179608264,561
2026-09-10T16:55:42Z,98138235237704,931
2026-09-10T16:55:42Z,98303142742576,1146
2026-09-10T16:55:42Z,98393605725180,5327
2026-09-10T16:55:42Z,98502499119821,4852
2026-09-10T16:55:42Z,98626216952426,862
2026-09-10T16:55:42Z,98629859043211,2095
2026-09-10T16:55:42Z,98664161516921,3989
2026-09-10T16:55:42Z,98679602313466,2320
2026-09-10T16:55:42Z,98695134949589,767
2026-09-10T16:55:42Z,98800969324557,21521
2026-09-10T16:55:42Z,98894876188248,9138
2026-09-10T16:55:42Z,98916904742148,2379
2026-09-10T16:55:42Z,98936097545088,3506
2026-09-10T16:55:42Z,98951612738714,731
2026-09-10T16:55:42Z,99065555424640,706
2026-09-10T16:55:42Z,99108783264633,5807
2026-09-10T16:55:42Z,99122501338948,1810
2026-09-10T16:55:42Z,99255447043899,1487
2026-09-10T16:55:42Z,99269206016797,1461
2026-09-10T16:55:42Z,99342262733194,964
2026-09-10T16:55:42Z,99449877692519,1628
2026-09-10T16:55:42Z,99521272836282,2484
2026-09-10T16:55:42Z,99567941238278,17252
2026-09-10T16:55:42Z,99702578544768,1522
2026-09-10T16:55:42Z,99703116573266,1485
2026-09-10T16:55:42Z,99715891575923,2571
2026-09-10T16:55:42Z,99758842280353,2022
2026-09-10T16:55:42Z,99817148924004,1593
2026-09-10T16:55:42Z,100034344773758,882
2026-09-10T16:55:42Z,100039707794702,863
2026-09-10T16:55:42Z,100178831086674,2480
2026-09-10T16:55:42Z,100221279566736,1223
2026-09-10T16:55:42Z,100293509865504,6123
2026-09-10T16:55:42Z,100400297022629,733
2026-09-10T16:55:42Z,100429474155186,6412
2026-09-10T16:55:42Z,100453351939863,839
2026-09-10T16:55:42Z,100722736774753,568
2026-09-10T16:55:42Z,100744519298647,1161
2026-09-10T16:55:42Z,100831517378953,728
2026-09-10T16:55:42Z,100860415498291,1337
2026-09-10T16:55:42Z,100911362514791,2024
2026-09-10T16:55:42Z,101009821472804,3870
2026-09-10T16:55:42Z,101272402522756,1390
2026-09-10T16:55:42Z,101396571928321,1888
2026-09-10T16:55:42Z,101480963912212,8104
2026-09-10T16:55:42Z,101533162298733,870
2026-09-10T16:55:42Z,101610294550592,2062
2026-09-10T16:55:42Z,101685456774656,1358
2026-09-10T16:55:42Z,101733180974837,1310
2026-09-10T16:55:42Z,101754965994520,536
2026-09-10T16:55:42Z,101906032112547,7261
2026-09-10T16:55:42Z,101914772188620,4283
2026-09-10T16:55:42Z,101949297449238,1134
2026-09-10T16:55:42Z,102054284786904,2524
2026-09-10T16:55:42Z,102072869879193,18314
2026-09-10T16:55:42Z,102457672839885,1912
2026-09-10T16:55:42Z,102489700929678,6890
2026-09-10T16:55:42Z,102553576537621,1907
2026-09-10T16:55:42Z,102574559184919,617
2026-09-10T16:55:42Z,102612844247090,649
2026-09-10T16:55:42Z,102837194624695,3938
2026-09-10T16:55:42Z,102871156420149,3177
2026-09-10T16:55:42Z,102917792916356,1356
2026-09-10T16:55:42Z,102990893659741,504
2026-09-10T16:55:42Z,103037106396302,18380
2026-09-10T16:55:42Z,103050497819513,2258
2026-09-10T16:55:42Z,103185879508967,913
2026-09-10T16:55:42Z,103285721487694,3615
2026-09-10T16:55:42Z,103311003648859,889
2026-09-10T16:55:42Z,103410145208388,602
2026-09-10T16:55:42Z,103556382323599,1295
2026-09-10T16:55:42Z,103589142326933,2923
2026-09-10T16:55:42Z,103593441753340,1143
2026-09-10T16:55:42Z,103731330407395,570
2026-09-10T16:55:42Z,103740390007820,701
2026-09-10T16:55:42Z,103754275310547,1883
2026-09-10T16:55:42Z,103802803330866,1394
2026-09-10T16:55:42Z,103854444055060,704
2026-09-10T16:55:42Z,103883942725157,8315
2026-09-10T16:55:42Z,104339804279870,888
2026-09-10T16:55:42Z,104485012391716,1182
2026-09-10T16:55:42Z,104524602549480,741
2026-09-10T16:55:42Z,104589921852670,1868
2026-09-10T16:55:42Z,104693964860826,3320
2026-09-10T16:55:42Z,104715542330896,20319
2026-09-10T16:55:42Z,104716788636258,757
2026-09-10T16:55:42Z,104761395312874,4897
2026-09-10T16:55:42Z,104808235862933,16254
2026-09-10T16:55:42Z,104809044319701,8036
2026-09-10T16:55:42Z,104812936457083,655
2026-09-10T16:55:42Z,104841616983113,3144
2026-09-10T16:55:42Z,104890260413773,1640
2026-09-10T16:55:42Z,104973076655377,4009
2026-09-10T16:55:42Z,105265986112006,612
2026-09-10T16:55:42Z,105350566569864,531
2026-09-10T16:55:42Z,105373497661352,1426
2026-09-10T16:55:42Z,105452889569708,2641
2026-09-10T16:55:42Z,105555311806207,2593
2026-09-10T16:55:42Z,105633123928294,2165
2026-09-10T16:55:42Z,105724836892064,4310
2026-09-10T16:55:42Z,105742951729183,1158
2026-09-10T16:55:42Z,105767799784652,726
2026-09-10T16:55:42Z,105954652742326,1313
2026-09-10T16:55:42Z,106078822951099,1192
2026-09-10T16:55:42Z,106131416903029,1424
2026-09-10T16:55:42Z,106187832607756,1032
2026-09-10T16:55:42Z,106484206883664,10848
2026-09-10T16:55:42Z,106487781999308,1228
2026-09-10T16:55:42Z,106605940421527,710
2026-09-10T16:55:42Z,106683702021527,3710
2026-09-10T16:55:42Z,106802314735486,2795
2026-09-10T16:55:42Z,106832050389015,839
2026-09-10T16:55:42Z,106838580527183,6603
2026-09-10T16:55:42Z,106920577206536,1606
2026-09-10T16:55:42Z,107095834793267,937
2026-09-10T16:55:42Z,107377364123237,1883
2026-09-10T16:55:42Z,107430889830807,5482
2026-09-10T16:55:42Z,107467295209358,10564
2026-09-10T16:55:42Z,107645101488133,719
2026-09-10T16:55:42Z,107646426076756,598
2026-09-10T16:55:42Z,107653945083776,9557
2026-09-10T16:55:42Z,107713910741616,579
2026-09-10T16:55:42Z,107717448640907,633
2026-09-10T16:55:42Z,107727386530697,728
2026-09-10T16:55:42Z,107750563478039,788
2026-09-10T16:55:42Z,107778070777162,1579691
2026-09-10T16:55:42Z,107792622719098,1668
2026-09-10T16:55:42Z,107828406309109,984
2026-09-10T16:55:42Z,107833198839573,2605
2026-09-10T16:55:42Z,107894105055312,7509
2026-09-10T16:55:42Z,108227239615000,1446
2026-09-10T16:55:42Z,108307565942574,4611
2026-09-10T16:55:42Z,108410750455933,819
2026-09-10T16:55:42Z,108439047160668,1478
2026-09-10T16:55:42Z,108533757090220,4456
2026-09-10T16:55:42Z,108567435288296,16737
2026-09-10T16:55:42Z,108645230905176,3895
2026-09-10T16:55:42Z,108730407897379,1861
2026-09-10T16:55:42Z,108750539382245,584
2026-09-10T16:55:42Z,108767400143329,973
2026-09-10T16:55:42Z,108843562394237,1065
2026-09-10T16:55:42Z,109073199927285,590
2026-09-10T16:55:42Z,109129552698918,926
2026-09-10T16:55:42Z,109167932163747,1108
2026-09-10T16:55:42Z,109170650911069,1816
2026-09-10T16:55:42Z,109258067111533,2422
2026-09-10T16:55:42Z,109397169461300,3759
2026-09-10T16:55:42Z,109509029034984,4975
2026-09-10T16:55:42Z,109509628648368,580
2026-09-10T16:55:42Z,109629391874197,737
2026-09-10T16:55:42Z,109686116036889,1036
2026-09-10T16:55:42Z,109694820409483,2887
2026-09-10T16:55:42Z,109715918987082,939
2026-09-10T16:55:42Z,109881277752094,2224
2026-09-10T16:55:42Z,109983668079237,93731
2026-09-10T16:55:42Z,110175021189594,6546
2026-09-10T16:55:42Z,110283655701247,1015
2026-09-10T16:55:42Z,110334393584385,750
2026-09-10T16:55:42Z,110373292461174,717
2026-09-10T16:55:42Z,110470672231288,1045
2026-09-10T16:55:42Z,110570058234582,1325
2026-09-10T16:55:42Z,110584310129887,504
2026-09-10T16:55:42Z,110627433764494,2565
2026-09-10T16:55:42Z,110668201954727,2710
2026-09-10T16:55:42Z,110677803091411,711
2026-09-10T16:55:42Z,110793563946846,1342
2026-09-10T16:55:42Z,110806816173057,1808
2026-09-10T16:55:42Z,110808833601416,686
2026-09-10T16:55:42Z,110829983956014,6411
2026-09-10T16:55:42Z,111063058742520,6986
2026-09-10T16:55:42Z,111262527555232,3370
2026-09-10T16:55:42Z,111363135577981,1641
2026-09-10T16:55:42Z,111403197324514,1684
2026-09-10T16:55:42Z,111421220771064,808
2026-09-10T16:55:42Z,111442376436641,1395
2026-09-10T16:55:42Z,111471464387284,557
2026-09-10T16:55:42Z,111779414681728,918
2026-09-10T16:55:42Z,111835260646713,2766
2026-09-10T16:55:42Z,111862336710239,660
2026-09-10T16:55:42Z,111894976456494,9217
2026-09-10T16:55:42Z,111989938562194,1976
2026-09-10T16:55:42Z,112107733863518,587
2026-09-10T16:55:42Z,112114621008524,508
2026-09-10T16:55:42Z,112171352246014,5452
2026-09-10T16:55:42Z,112226578490421,1650
2026-09-10T16:55:42Z,112233638491976,2735
2026-09-10T16:55:42Z,112413741511713,2445
2026-09-10T16:55:42Z,112490729816320,688
2026-09-10T16:55:42Z,112531085636442,1965
2026-09-10T16:55:42Z,112619156837009,2516
2026-09-10T16:55:42Z,112626674737178,3630
2026-09-10T16:55:42Z,112641748896693,3116
2026-09-10T16:55:42Z,112731528776884,10295
2026-09-10T16:55:42Z,112757576021097,631
2026-09-10T16:55:42Z,112781315318195,10441
2026-09-10T16:55:42Z,112796336189704,2185
2026-09-10T16:55:42Z,112816993332059,893
2026-09-10T16:55:42Z,112838150455902,3547
2026-09-10T16:55:42Z,112857282410969,1418
2026-09-10T16:55:42Z,112966546347918,3664
2026-09-10T16:55:42Z,113099333239841,5017
2026-09-10T16:55:42Z,113232329524315,4114
2026-09-10T16:55:42Z,113290951185459,26307
2026-09-10T16:55:42Z,113323927469374,3320
2026-09-10T16:55:42Z,113385048266134,1119
2026-09-10T16:55:42Z,113385977463481,1676
2026-09-10T16:55:42Z,113392430358155,1162
2026-09-10T16:55:42Z,113457460682474,2441
2026-09-10T16:55:42Z,113481077323469,10796
2026-09-10T16:55:42Z,113506071094099,7291
2026-09-10T16:55:42Z,113581963143008,1132
2026-09-10T16:55:42Z,113604074601559,720
2026-09-10T16:55:42Z,113745337705295,3589
2026-09-10T16:55:42Z,113987393426315,4223
2026-09-10T16:55:42Z,114122724051462,2275
2026-09-10T16:55:42Z,114204398207377,5300
2026-09-10T16:55:42Z,114234929420007,12263
2026-09-10T16:55:42Z,114283239905753,506
2026-09-10T16:55:42Z,114357963370524,1335
2026-09-10T16:55:42Z,114381378262504,2504
2026-09-10T16:55:42Z,114501358617756,2893
2026-09-10T16:55:42Z,114537828794341,643
2026-09-10T16:55:42Z,114640202062357,687
2026-09-10T16:55:42Z,114697347887839,35362
2026-09-10T16:55:42Z,114786176505608,645
2026-09-10T16:55:42Z,114861592677288,3247
2026-09-10T16:55:42Z,115035699922620,2749
2026-09-10T16:55:42Z,115092911061119,1322
2026-09-10T16:55:42Z,115286378269814,911
2026-09-10T16:55:42Z,115618367729321,1294
2026-09-10T16:55:42Z,115620466946909,947
2026-09-10T16:55:42Z,115681808123944,5005
2026-09-10T16:55:42Z,116058355775210,1451
2026-09-10T16:55:42Z,116070952245255,7180
2026-09-10T16:55:42Z,116113866980358,1077
2026-09-10T16:55:42Z,116223724643557,533
2026-09-10T16:55:42Z,116495829188952,11892
2026-09-10T16:55:42Z,116497287371701,25287
2026-09-10T16:55:42Z,116501341774429,1459
2026-09-10T16:55:42Z,117180001724009,645
2026-09-10T16:55:42Z,117381420723145,516
2026-09-10T16:55:42Z,117533937949084,8219
2026-09-10T16:55:42Z,117539213094671,1795
2026-09-10T16:55:42Z,117713779364528,9349
2026-09-10T16:55:42Z,117752943664280,1882
2026-09-10T16:55:42Z,117868278782684,2802
2026-09-10T16:55:42Z,118055952211055,1183
2026-09-10T16:55:42Z,118198615964701,622
2026-09-10T16:55:42Z,118367369949006,4524
2026-09-10T16:55:42Z,118418618261207,19373
2026-09-10T16:55:42Z,118447215156914,2107
2026-09-10T16:55:42Z,118546475246005,589
2026-09-10T16:55:42Z,118576822282213,2871
2026-09-10T16:55:42Z,118608618152057,1686
2026-09-10T16:55:42Z,118637423917462,810
2026-09-10T16:55:42Z,118806061296143,1341
2026-09-10T16:55:42Z,118889111240517,1580
2026-09-10T16:55:42Z,118891884735667,608
2026-09-10T16:55:42Z,118952094447715,548
2026-09-10T16:55:42Z,118973301158777,4471
2026-09-10T16:55:42Z,119004860768199,4522
2026-09-10T16:55:42Z,119031147890918,1462
2026-09-10T16:55:42Z,119048529960596,10555
2026-09-10T16:55:42Z,119068914321553,5444
2026-09-10T16:55:42Z,119168493101362,6160
2026-09-10T16:55:42Z,119209026892378,688
2026-09-10T16:55:42Z,119271610514030,1232
2026-09-10T16:55:42Z,119355263204054,2089
2026-09-10T16:55:42Z,119427438574114,1923
2026-09-10T16:55:42Z,119455737640001,2121
2026-09-10T16:55:42Z,119473104067789,1078
2026-09-10T16:55:42Z,119579217517090,2748
2026-09-10T16:55:42Z,119609933650338,801
2026-09-10T16:55:42Z,119741101026672,625
2026-09-10T16:55:42Z,119789365111500,4142
2026-09-10T16:55:42Z,119822977170203,3526
2026-09-10T16:55:42Z,119987266683883,628
2026-09-10T16:55:42Z,120014184236770,631
2026-09-10T16:55:42Z,120135584963579,3835
2026-09-10T16:55:42Z,120140631282295,749
2026-09-10T16:55:42Z,120154566897536,564
2026-09-10T16:55:42Z,120189115846709,1793
2026-09-10T16:55:42Z,120217704230083,1181
2026-09-10T16:55:42Z,120299070926116,1231
2026-09-10T16:55:42Z,120398694613042,685
2026-09-10T16:55:42Z,120450743769548,726
2026-09-10T16:55:42Z,120546894379169,1003
2026-09-10T16:55:42Z,120550559221143,542
2026-09-10T16:55:42Z,120564326011184,569
2026-09-10T16:55:42Z,120700541929930,18674
2026-09-10T16:55:42Z,120704669141193,2539
2026-09-10T16:55:42Z,120766736586332,763
2026-09-10T16:55:42Z,120790217521707,713
2026-09-10T16:55:42Z,120841752776030,2341
2026-09-10T16:55:42Z,120851538706364,14253
2026-09-10T16:55:42Z,120922552721050,546
2026-09-10T16:55:42Z,120944686522212,575
2026-09-10T16:55:42Z,121268060261990,3393
2026-09-10T16:55:42Z,121461214257813,1526
2026-09-10T16:55:42Z,121766265831153,564
2026-09-10T16:55:42Z,121781732399469,3028
2026-09-10T16:55:42Z,121864768012064,94386
2026-09-10T16:55:42Z,122093998639862,2051
2026-09-10T16:55:42Z,122245938604556,26514
2026-09-10T16:55:42Z,122283068696619,512
2026-09-10T16:55:42Z,122433454504469,820
2026-09-10T16:55:42Z,122446657157717,9878
2026-09-10T16:55:42Z,122454884469606,1057
2026-09-10T16:55:42Z,122485613019196,13708
2026-09-10T16:55:42Z,122507029092776,13688
2026-09-10T16:55:42Z,122553263569744,2325
2026-09-10T16:55:42Z,122572082932179,17660
2026-09-10T16:55:42Z,122606989565107,4977
2026-09-10T16:55:42Z,122700472919801,1268
2026-09-10T16:55:42Z,122720857080780,1033
2026-09-10T16:55:42Z,122802147482832,541
2026-09-10T16:55:42Z,122902171482835,734
2026-09-10T16:55:42Z,122951224417794,2909
2026-09-10T16:55:42Z,123258797415953,1046
2026-09-10T16:55:42Z,123468479998097,796
2026-09-10T16:55:42Z,123557829667240,866
2026-09-10T16:55:42Z,123577181610172,729
2026-09-10T16:55:42Z,123581964009368,863
2026-09-10T16:55:42Z,123618551531903,567
2026-09-10T16:55:42Z,123698673940079,6370
2026-09-10T16:55:42Z,123724279728430,7586
2026-09-10T16:55:42Z,123785180486774,625
2026-09-10T16:55:42Z,123821081589134,518
2026-09-10T16:55:42Z,123822115505881,533
2026-09-10T16:55:42Z,123847390309161,13916
2026-09-10T16:55:42Z,123921593837160,5693
2026-09-10T16:55:42Z,124027312895188,2315
2026-09-10T16:55:42Z,124157596473184,526
2026-09-10T16:55:42Z,124293095895786,8116
2026-09-10T16:55:42Z,124311897657957,886
2026-09-10T16:55:42Z,124338404742585,4442
2026-09-10T16:55:42Z,124374448373637,582
2026-09-10T16:55:42Z,124389216346675,4336
2026-09-10T16:55:42Z,124396690804338,943
2026-09-10T16:55:42Z,124473577469410,875
2026-09-10T16:55:42Z,124675142564227,1375
2026-09-10T16:55:42Z,124729731716967,2123
2026-09-10T16:55:42Z,124740268654741,1508
2026-09-10T16:55:42Z,124757309017950,510
2026-09-10T16:55:42Z,124761153798409,9008
2026-09-10T16:55:42Z,124842176624983,638
2026-09-10T16:55:42Z,124853293317687,1016
2026-09-10T16:55:42Z,124943244212764,842
2026-09-10T16:55:42Z,125039473548047,12379
2026-09-10T16:55:42Z,125088003721533,529
2026-09-10T16:55:42Z,125299131646017,673
2026-09-10T16:55:42Z,125306084071551,4936
2026-09-10T16:55:42Z,125488740127641,2684
2026-09-10T16:55:42Z,125496078313264,3999
2026-09-10T16:55:42Z,125790795579287,537
2026-09-10T16:55:42Z,125810438250765,1456
2026-09-10T16:55:42Z,125823964467491,585
2026-09-10T16:55:42Z,125927821145949,4394
2026-09-10T16:55:42Z,126016859830524,6126
2026-09-10T16:55:42Z,126171938168748,800
2026-09-10T16:55:42Z,126330684723008,639
2026-09-10T16:55:42Z,126639935515772,720
2026-09-10T16:55:42Z,126815230666914,3445
2026-09-10T16:55:42Z,126857641130765,1165
2026-09-10T16:55:42Z,126870639873289,41242
2026-09-10T16:55:42Z,126884695634066,22242
2026-09-10T16:55:42Z,126922689754590,1139
2026-09-10T16:55:42Z,126987974021910,34223
2026-09-10T16:55:42Z,127078880769763,1879
2026-09-10T16:55:42Z,127089247654125,3503
2026-09-10T16:55:42Z,127099886596040,1421
2026-09-10T16:55:42Z,127103413498148,2729
2026-09-10T16:55:42Z,127152805777886,1610
2026-09-10T16:55:42Z,127177791789316,806
2026-09-10T16:55:42Z,127332613700317,1535
2026-09-10T16:55:42Z,127377897541228,1614
2026-09-10T16:55:42Z,127380660530951,4643
2026-09-10T16:55:42Z,127403135954624,4432
2026-09-10T16:55:42Z,127415661078736,731
2026-09-10T16:55:42Z,127475054933484,2034
2026-09-10T16:55:42Z,127634932179327,3463
2026-09-10T16:55:42Z,127737908858963,1205
2026-09-10T16:55:42Z,127742093697776,1611
2026-09-10T16:55:42Z,127775478639865,3483
2026-09-10T16:55:42Z,127994242634536,41969
2026-09-10T16:55:42Z,127995006069066,648
2026-09-10T16:55:42Z,128039018996175,2319
2026-09-10T16:55:42Z,128095034580221,518
2026-09-10T16:55:42Z,128119795963270,5666
2026-09-10T16:55:42Z,128263975853774,4573
2026-09-10T16:55:42Z,128329680321338,2655
2026-09-10T16:55:42Z,128448883585036,6124
2026-09-10T16:55:42Z,128451689942376,6355
2026-09-10T16:55:42Z,128662368175518,1844
2026-09-10T16:55:42Z,128682909569625,914
2026-09-10T16:55:42Z,128718867767713,1038
2026-09-10T16:55:42Z,128736949265057,16988
2026-09-10T16:55:42Z,128784467030899,13147
2026-09-10T16:55:42Z,128931272139211,1762
2026-09-10T16:55:42Z,129003441529549,1180
2026-09-10T16:55:42Z,129096378231329,8439
2026-09-10T16:55:42Z,129163919591388,835
2026-09-10T16:55:42Z,129253568870286,4746
2026-09-10T16:55:42Z,129279692364812,3456
2026-09-10T16:55:42Z,129305872972839,1665
2026-09-10T16:55:42Z,129692563688057,1047
2026-09-10T16:55:42Z,129768092435314,6236
2026-09-10T16:55:42Z,129784419746425,1667
2026-09-10T16:55:42Z,129827112113663,3448
2026-09-10T16:55:42Z,129827535941999,867
2026-09-10T16:55:42Z,129839966867899,1097
2026-09-10T16:55:42Z,129866685202296,609
2026-09-10T16:55:42Z,129907317028750,1082
2026-09-10T16:55:42Z,129932912185311,2141
2026-09-10T16:55:42Z,129938700249638,874
2026-09-10T16:55:42Z,129972079094718,3779
2026-09-10T16:55:42Z,130222697019939,1568
2026-09-10T16:55:42Z,130253630950453,804
2026-09-10T16:55:42Z,130342654546662,544
2026-09-10T16:55:42Z,130404059693601,5880
2026-09-10T16:55:42Z,130496219537579,714
2026-09-10T16:55:42Z,130565641176498,1542
2026-09-10T16:55:42Z,130641102725850,6057
2026-09-10T16:55:42Z,130700367963690,500
2026-09-10T16:55:42Z,130739873848552,4488
2026-09-10T16:55:42Z,130782443587508,1357
2026-09-10T16:55:42Z,130880054413998,558
2026-09-10T16:55:42Z,130929507719087,761
2026-09-10T16:55:42Z,130960021905304,523
2026-09-10T16:55:42Z,130960835358983,3052
2026-09-10T16:55:42Z,131068932321596,1801
2026-09-10T16:55:42Z,131103239963274,1021
2026-09-10T16:55:42Z,131117978948830,1999
2026-09-10T16:55:42Z,131234167969699,737
2026-09-10T16:55:42Z,131346454575416,10619
2026-09-10T16:55:42Z,131367064230486,1031
2026-09-10T16:55:42Z,131378148336503,5338
2026-09-10T16:55:42Z,131479356121251,8532
2026-09-10T16:55:42Z,131572543049913,1690
2026-09-10T16:55:42Z,131623223084840,3924
2026-09-10T16:55:42Z,131667667758514,1851
2026-09-10T16:55:42Z,131776241538171,774
2026-09-10T16:55:42Z,131906518201863,1368
2026-09-10T16:55:42Z,131910189515331,2202
2026-09-10T16:55:42Z,132016691802922,782
2026-09-10T16:55:42Z,132046904416072,1506
2026-09-10T16:55:42Z,132173349090360,5898
2026-09-10T16:55:42Z,132239307080610,739
2026-09-10T16:55:42Z,132287558697665,1024
2026-09-10T16:55:42Z,132352755769957,6529
2026-09-10T16:55:42Z,132448451193552,577
2026-09-10T16:55:42Z,132499927511859,1295
2026-09-10T16:55:42Z,132586479415502,2081
2026-09-10T16:55:42Z,132640332499066,574
2026-09-10T16:55:42Z,132678066262863,913
2026-09-10T16:55:42Z,132768098780837,2712
2026-09-10T16:55:42Z,133007106457547,1272
2026-09-10T16:55:42Z,133188236593503,4546
2026-09-10T16:55:42Z,133203197541113,3867
2026-09-10T16:55:42Z,133253166104607,516
2026-09-10T16:55:42Z,133294838637122,16451
2026-09-10T16:55:42Z,133341016381877,2669
2026-09-10T16:55:42Z,133379826754141,685
2026-09-10T16:55:42Z,133585162751824,4451
2026-09-10T16:55:42Z,133609054222738,845
2026-09-10T16:55:42Z,133687999931943,1194
2026-09-10T16:55:42Z,133719960214587,1424
2026-09-10T16:55:42Z,133872233697203,713
2026-09-10T16:55:42Z,133943904733338,5702
2026-09-10T16:55:42Z,133968315607063,991
2026-09-10T16:55:42Z,134162299584012,4447
2026-09-10T16:55:42Z,134208374070897,7034
2026-09-10T16:55:42Z,134361906638337,3730
2026-09-10T16:55:42Z,134363641369914,2158
2026-09-10T16:55:42Z,134381727982611,5695
2026-09-10T16:55:42Z,134408426670720,576
2026-09-10T16:55:42Z,134424372433341,1401
2026-09-10T16:55:42Z,134619004688066,1992
2026-09-10T16:55:42Z,134707983960541,1980
2026-09-10T16:55:42Z,134719268825886,7403
2026-09-10T16:55:42Z,134750290201751,890
2026-09-10T16:55:42Z,134750648450964,902
2026-09-10T16:55:42Z,134807373415131,2052
2026-09-10T16:55:42Z,135000370479961,631
2026-09-10T16:55:42Z,135038773889079,605
2026-09-10T16:55:42Z,135155039067698,5656
2026-09-10T16:55:42Z,135193469413243,6273
2026-09-10T16:55:42Z,135392317269737,583
2026-09-10T16:55:42Z,135678396831347,738
2026-09-10T16:55:42Z,135717153770519,4646
2026-09-10T16:55:42Z,135729108619936,627
2026-09-10T16:55:42Z,135757618941587,1555
2026-09-10T16:55:42Z,135856908115931,37331
2026-09-10T16:55:42Z,136020512003847,24075
2026-09-10T16:55:42Z,136107936984073,1416
2026-09-10T16:55:42Z,136162036182779,1161
2026-09-10T16:55:42Z,136372246050123,2693
2026-09-10T16:55:42Z,136404558442020,1922
2026-09-10T16:55:42Z,136431686349723,753
2026-09-10T16:55:42Z,136533956395153,3158
2026-09-10T16:55:42Z,136764190843219,1324
2026-09-10T16:55:42Z,136801880565837,2781
2026-09-10T16:55:42Z,136822524519115,924
2026-09-10T16:55:42Z,136919941417380,687
2026-09-10T16:55:42Z,136990058242546,1232
2026-09-10T16:55:42Z,137069154816703,722
2026-09-10T16:55:42Z,137228775845999,11778
2026-09-10T16:55:42Z,137233438285284,7119
2026-09-10T16:55:42Z,137287903930382,922
2026-09-10T16:55:42Z,137370015275609,1488
2026-09-10T16:55:42Z,137373587493425,700
2026-09-10T16:55:42Z,137533474840546,824
2026-09-10T16:55:42Z,137541498231955,1710
2026-09-10T16:55:42Z,137826330724902,4931
2026-09-10T16:55:42Z,137849500783095,513
2026-09-10T16:55:42Z,137925884276740,7349
2026-09-10T16:55:42Z,138064211947107,552
2026-09-10T16:55:42Z,138182400257397,817
2026-09-10T16:55:42Z,138205182571367,4151
2026-09-10T16:55:42Z,138225905240404,512
2026-09-10T16:55:42Z,138363592957250,6306
2026-09-10T16:55:42Z,138381251771774,1774
2026-09-10T16:55:42Z,138432670504218,2768
2026-09-10T16:55:42Z,138486812747835,2440
2026-09-10T16:55:42Z,138837502355157,1105
2026-09-10T16:55:42Z,139063887391814,1786
2026-09-10T16:55:42Z,139360679647453,1827
2026-09-10T16:55:42Z,139488437793833,1288
2026-09-10T16:55:42Z,139489585993138,510
2026-09-10T16:55:42Z,139506321380888,3129
2026-09-10T16:55:42Z,139546619723000,2174
2026-09-10T16:55:42Z,139566161526375,541
2026-09-10T16:55:42Z,139589080661680,606
2026-09-10T16:55:42Z,139598620873181,660
2026-09-10T16:55:42Z,139617346573330,1015
2026-09-10T16:55:42Z,139766023909499,994
2026-09-10T16:55:42Z,139874182509202,719
2026-09-10T16:55:42Z,139988436996662,728
2026-09-10T16:55:42Z,139995416758538,1393
2026-09-10T16:55:42Z,140033502516293,645
2026-09-10T16:55:42Z,140063367098641,811
2026-09-10T16:55:42Z,140302982046391,1687
2026-09-10T16:55:42Z,140317247681516,1062
2026-09-10T16:55:42Z,140374914197602,3095
2026-09-10T16:55:42Z,140409475718339,1293
2026-09-10T16:55:42Z,140417239274110,2596
2026-09-10T16:55:42Z,140424985545402,1809
2026-09-10T16:55:42Z,140462309938712,1602
2026-09-10T16:55:42Z,140477643689375,780
2026-09-10T16:55:42Z,140481779622210,1645
2026-09-10T18:23:54Z,189707,8003
2026-09-10T18:23:54Z,192800,4807
2026-09-10T18:23:54Z,13822889,1719
2026-09-10T18:23:54Z,20321167,4857
2026-09-10T18:23:54Z,21532277,3635
2026-09-10T18:23:54Z,31490825,1141
2026-09-10T18:23:54Z,69184822,5426
2026-09-10T18:23:54Z,71315343,1230
2026-09-10T18:23:54Z,121748721,575
2026-09-10T18:23:54Z,137877687,544
2026-09-10T18:23:54Z,142823291,277244
2026-09-10T18:23:54Z,155382109,1150
2026-09-10T18:23:54Z,155615604,7081
2026-09-10T18:23:54Z,163501479,833
2026-09-10T18:23:54Z,166731267,1508
2026-09-10T18:23:54Z,166986752,3838
2026-09-10T18:23:54Z,174238106,543
2026-09-10T18:23:54Z,183364845,1119
2026-09-10T18:23:54Z,185655149,13801
2026-09-10T18:23:54Z,205224386,2345
2026-09-10T18:23:54Z,221718525,695
2026-09-10T18:23:54Z,263761432,1368
2026-09-10T18:23:54Z,277751860,2200
2026-09-10T18:23:54Z,286090429,2976
2026-09-10T18:23:54Z,292439477,2241
2026-09-10T18:23:54Z,292628125,561
2026-09-10T18:23:54Z,301549746,1269
2026-09-10T18:23:54Z,328028363,613
2026-09-10T18:23:54Z,335760407,575
2026-09-10T18:23:54Z,373513488,696
2026-09-10T18:23:54Z,443406476,779
2026-09-10T18:23:54Z,537413528,14663
2026-09-10T18:23:54Z,574407221,700
2026-09-10T18:23:54Z,606849621,7485
2026-09-10T18:23:54Z,654732683,3088
2026-09-10T18:23:54Z,662417684,657
2026-09-10T18:23:54Z,696347899,870
2026-09-10T18:23:54Z,735030788,5831
2026-09-10T18:23:54Z,815405518,2718
2026-09-10T18:23:54Z,863266079,1070
2026-09-10T18:23:54Z,891539556,832
2026-09-10T18:23:54Z,891852901,5394
2026-09-10T18:23:54Z,893973440,29333
2026-09-10T18:23:54Z,914010731,591
2026-09-10T18:23:54Z,920587237,127872
2026-09-10T18:23:54Z,1128650291,1675
2026-09-10T18:23:54Z,1185902301,713
2026-09-10T18:23:54Z,1324061305,669
2026-09-10T18:23:54Z,1343871267,1179
2026-09-10T18:23:54Z,1365404657,3982
2026-09-10T18:23:54Z,1428472551,512
2026-09-10T18:23:54Z,1458767429,4781
2026-09-10T18:23:54Z,1537690962,20391
2026-09-10T18:23:54Z,1554960397,2105
2026-09-10T18:23:54Z,1588965415,2253
2026-09-10T18:23:54Z,1730877806,18876
2026-09-10T18:23:54Z,1962086868,51026
2026-09-10T18:23:54Z,2057751924,544
2026-09-10T18:23:54Z,2166944189,1258
2026-09-10T18:23:54Z,2210085102,559
2026-09-10T18:23:54Z,2317712696,1138
2026-09-10T18:23:54Z,2338325648,1330
2026-09-10T18:23:54Z,2376885433,638
2026-09-10T18:23:54Z,2418863943,3030
2026-09-10T18:23:54Z,2474168535,801
2026-09-10T18:23:54Z,2512643572,2746
2026-09-10T18:23:54Z,2534724415,5709
2026-09-10T18:23:54Z,2537430692,820
2026-09-10T18:23:54Z,2551991523,3900
2026-09-10T18:23:54Z,2569453732,1373
2026-09-10T18:23:54Z,2650582631,671
2026-09-10T18:23:54Z,2693023319,2874
2026-09-10T18:23:54Z,2727067538,1298
2026-09-10T18:23:54Z,2753915549,392131
2026-09-10T18:23:54Z,2768379856,6221
2026-09-10T18:23:54Z,2772610559,2513
2026-09-10T18:23:54Z,2788229376,1968
2026-09-10T18:23:54Z,2809202155,2954
2026-09-10T18:23:54Z,2830250344,772
2026-09-10T18:23:54Z,2913303231,1154
2026-09-10T18:23:54Z,2916899287,4877
2026-09-10T18:23:54Z,2968914904,1493
2026-09-10T18:23:54Z,3016661674,768
2026-09-10T18:23:54Z,3025990139,699
2026-09-10T18:23:54Z,3214114884,713
2026-09-10T18:23:54Z,3226555017,819
2026-09-10T18:23:54Z,3242417672,2211
2026-09-10T18:23:54Z,3260590327,10513
2026-09-10T18:23:54Z,3261957210,919
2026-09-10T18:23:54Z,3339374541,934
2026-09-10T18:23:54Z,3351674303,29843
2026-09-10T18:23:54Z,3398014311,1767
2026-09-10T18:23:54Z,3457390032,1362
2026-09-10T18:23:54Z,3475397644,8003
2026-09-10T18:23:54Z,3623096087,11055
2026-09-10T18:23:54Z,3631820248,1865
2026-09-10T18:23:54Z,3663340706,6275
2026-09-10T18:23:54Z,3678761576,4354
2026-09-10T18:23:54Z,3823781113,1892
2026-09-10T18:23:54Z,3837864717,948
2026-09-10T18:23:54Z,3851622790,2069
2026-09-10T18:23:54Z,3891618314,2398
2026-09-10T18:23:54Z,3956818381,682
2026-09-10T18:23:54Z,4104106043,1197
2026-09-10T18:23:54Z,4110892437,609
2026-09-10T18:23:54Z,4111023553,3873
2026-09-10T18:23:54Z,4282985734,1736
2026-09-10T18:23:54Z,4299508195,3251
2026-09-10T18:23:54Z,4448566543,1541
2026-09-10T18:23:54Z,4480809144,2025
2026-09-10T18:23:54Z,4520749081,5060
2026-09-10T18:23:54Z,4522347649,995
2026-09-10T18:23:54Z,4566572536,1398
2026-09-10T18:23:54Z,4580204640,3998
2026-09-10T18:23:54Z,4588604953,1698
2026-09-10T18:23:54Z,4616652839,4644
2026-09-10T18:23:54Z,4623386862,4843
2026-09-10T18:23:54Z,4637668954,3544
2026-09-10T18:23:54Z,4639625707,9028
2026-09-10T18:23:54Z,4640354700,808
2026-09-10T18:23:54Z,4646477729,1145
2026-09-10T18:23:54Z,4796443083,980
2026-09-10T18:23:54Z,4830581890,1016
2026-09-10T18:23:54Z,4832438542,1539
2026-09-10T18:23:54Z,4850533156,1276
2026-09-10T18:23:54Z,4850588087,3264
2026-09-10T18:23:54Z,4855457388,818
2026-09-10T18:23:54Z,4872321990,645
2026-09-10T18:23:54Z,4889315193,2766
2026-09-10T18:23:54Z,4924922222,387166
2026-09-10T18:23:54Z,4954096313,1358
2026-09-10T18:23:54Z,4954512662,1174
2026-09-10T18:23:54Z,4954752502,644
2026-09-10T18:23:54Z,4972091010,533
2026-09-10T18:23:54Z,4972273297,1847
2026-09-10T18:23:54Z,4991214437,748
2026-09-10T18:23:54Z,4992570197,964
2026-09-10T18:23:54Z,4996049426,5834
2026-09-10T18:23:54Z,5041144419,2365
2026-09-10T18:23:54Z,5044920251,518
2026-09-10T18:23:54Z,5062619730,694
2026-09-10T18:23:54Z,5104202731,690
2026-09-10T18:23:54Z,5118969548,3231
2026-09-10T18:23:54Z,5130598377,919
2026-09-10T18:23:54Z,5140123832,710
2026-09-10T18:23:54Z,5152425034,1889
2026-09-10T18:23:54Z,5154858502,758
2026-09-10T18:23:54Z,5171093784,2056
2026-09-10T18:23:54Z,5171347293,2004
2026-09-10T18:23:54Z,5233782396,24729
2026-09-10T18:23:54Z,5244411056,2209
2026-09-10T18:23:54Z,5286116071,943
2026-09-10T18:23:54Z,5289509545,12157
2026-09-10T18:23:54Z,5342047554,756
2026-09-10T18:23:54Z,5343994291,625
2026-09-10T18:23:54Z,5391778736,583
2026-09-10T18:23:54Z,5407396567,682
2026-09-10T18:23:54Z,5496455308,3658
2026-09-10T18:23:54Z,5571328985,2119
2026-09-10T18:23:54Z,5593925613,2509
2026-09-10T18:23:54Z,5670218884,2093
2026-09-10T18:23:54Z,5671985295,2603
2026-09-10T18:23:54Z,5683833663,1986
2026-09-10T18:23:54Z,5702593762,1924
2026-09-10T18:23:54Z,5708035517,1225
2026-09-10T18:23:54Z,5712833750,2868
2026-09-10T18:23:54Z,5777099015,1968
2026-09-10T18:23:54Z,5829141886,3092
2026-09-10T18:23:54Z,5846386835,670
2026-09-10T18:23:54Z,5856880701,1778
2026-09-10T18:23:54Z,5865858426,2212
2026-09-10T18:23:54Z,5901440255,2100
2026-09-10T18:23:54Z,5926001758,1361
2026-09-10T18:23:54Z,5956785391,537
2026-09-10T18:23:54Z,5976159288,1068
2026-09-10T18:23:54Z,5984006660,1380
2026-09-10T18:23:54Z,5985232436,2713
2026-09-10T18:23:54Z,6000468131,788
2026-09-10T18:23:54Z,6011940308,692
2026-09-10T18:23:54Z,6020247720,2214
2026-09-10T18:23:54Z,6104994594,1738
2026-09-10T18:23:54Z,6128441278,752
2026-09-10T18:23:54Z,6132958612,1096
2026-09-10T18:23:54Z,6137321701,1200
2026-09-10T18:23:54Z,6153766069,1957
2026-09-10T18:23:54Z,6161235818,1771
2026-09-10T18:23:54Z,6205205961,6785
2026-09-10T18:23:54Z,6243699076,2733
2026-09-10T18:23:54Z,6263431107,2151
2026-09-10T18:23:54Z,6270290407,1622
2026-09-10T18:23:54Z,6284583030,782
2026-09-10T18:23:54Z,6299805723,1403
2026-09-10T18:23:54Z,6305582775,727
2026-09-10T18:23:54Z,6349094071,1349
2026-09-10T18:23:54Z,6358567974,8086
2026-09-10T18:23:54Z,6366329104,2954
2026-09-10T18:23:54Z,6377740507,2307
2026-09-10T18:23:54Z,6382584061,2340
2026-09-10T18:23:54Z,6403373529,8330
2026-09-10T18:23:54Z,6442957604,690
2026-09-10T18:23:54Z,6445435958,874
2026-09-10T18:23:54Z,6447798030,2085
2026-09-10T18:23:54Z,6507422231,5073
2026-09-10T18:23:54Z,6516141723,53371
2026-09-10T18:23:54Z,6520999642,1414
2026-09-10T18:23:54Z,6608498361,958
2026-09-10T18:23:54Z,6610021055,634
2026-09-10T18:23:54Z,6686932749,838
2026-09-10T18:23:54Z,6698800091,3151
2026-09-10T18:23:54Z,6700307184,534
2026-09-10T18:23:54Z,6717367660,982
2026-09-10T18:23:54Z,6727915552,745
2026-09-10T18:23:54Z,6735572261,572
2026-09-10T18:23:54Z,6737970321,2909
2026-09-10T18:23:54Z,6766156863,1012
2026-09-10T18:23:54Z,6804602922,2721
2026-09-10T18:23:54Z,6816975827,3461
2026-09-10T18:23:54Z,6872265039,17920
2026-09-10T18:23:54Z,6875747014,2971
2026-09-10T18:23:54Z,6884319169,2429
2026-09-10T18:23:54Z,6911148748,1649
2026-09-10T18:23:54Z,6915976310,2116
2026-09-10T18:23:54Z,6918802270,1764
2026-09-10T18:23:54Z,6924758805,1531
2026-09-10T18:23:54Z,6934310111,1536
2026-09-10T18:23:54Z,6939111033,1797
2026-09-10T18:23:54Z,6961824067,32827
2026-09-10T18:23:54Z,6989310863,4396
2026-09-10T18:23:54Z,7041939546,59348
2026-09-10T18:23:54Z,7071444234,896
2026-09-10T18:23:54Z,7074772062,1866
2026-09-10T18:23:54Z,7117492592,3234
2026-09-10T18:23:54Z,7138009149,1058
2026-09-10T18:23:54Z,7171174521,6146
2026-09-10T18:23:54Z,7180042682,2976
2026-09-10T18:23:54Z,7239319209,515
2026-09-10T18:23:54Z,7241858214,2667
2026-09-10T18:23:54Z,7243409883,4546
2026-09-10T18:23:54Z,7253149844,518
2026-09-10T18:23:54Z,7305309231,10955
2026-09-10T18:23:54Z,7336302630,2143
2026-09-10T18:23:54Z,7367863399,1092
2026-09-10T18:23:54Z,7491927311,689
2026-09-10T18:23:54Z,7554888362,20948
2026-09-10T18:23:54Z,7577961216,3419
2026-09-10T18:23:54Z,7605357829,2572
2026-09-10T18:23:54Z,7606564092,652
2026-09-10T18:23:54Z,7670825572,2825
2026-09-10T18:23:54Z,7711635737,15664
2026-09-10T18:23:54Z,7772810845,1569
2026-09-10T18:23:54Z,7774892351,539
2026-09-10T18:23:54Z,7784286514,659
2026-09-10T18:23:54Z,7871169780,2675
2026-09-10T18:23:54Z,7896264844,1533
2026-09-10T18:23:54Z,7971857341,7062
2026-09-10T18:23:54Z,7991339063,7062
2026-09-10T18:23:54Z,8003084678,1678
2026-09-10T18:23:54Z,8034026074,2005
2026-09-10T18:23:54Z,8075399143,2377
2026-09-10T18:23:54Z,8087448382,717
2026-09-10T18:23:54Z,8096601114,1296
2026-09-10T18:23:54Z,8109476632,750
2026-09-10T18:23:54Z,8122612051,514
2026-09-10T18:23:54Z,8200787440,641
2026-09-10T18:23:54Z,8204899140,1635
2026-09-10T18:23:54Z,8246874626,2058
2026-09-10T18:23:54Z,8260276694,1941
2026-09-10T18:23:54Z,8265622251,1059
2026-09-10T18:23:54Z,8286149869,681
2026-09-10T18:23:54Z,8317834514,3276
2026-09-10T18:23:54Z,8328351891,1828
2026-09-10T18:23:54Z,8356562067,780
2026-09-10T18:23:54Z,8369888266,3267
2026-09-10T18:23:54Z,8388259310,1187
2026-09-10T18:23:54Z,8412352352,530
2026-09-10T18:23:54Z,8416249767,1174
2026-09-10T18:23:54Z,8481844229,32733
2026-09-10T18:23:54Z,8534845015,945
2026-09-10T18:23:54Z,8540168650,878
2026-09-10T18:23:54Z,8542259458,1174
2026-09-10T18:23:54Z,8554378337,668
2026-09-10T18:23:54Z,8562822414,1243
2026-09-10T18:23:54Z,8571687919,768
2026-09-10T18:23:54Z,8617370639,1739
2026-09-10T18:23:54Z,8657766101,870
2026-09-10T18:23:54Z,8665470667,712
2026-09-10T18:23:54Z,8668536168,790
2026-09-10T18:23:54Z,8704997000,5413
2026-09-10T18:23:54Z,8712817601,13527
2026-09-10T18:23:54Z,8737602449,3341
2026-09-10T18:23:54Z,8737899170,67738
2026-09-10T18:23:54Z,8831256282,588
2026-09-10T18:23:54Z,8838701772,1317
2026-09-10T18:23:54Z,8840562096,558
2026-09-10T18:23:54Z,8867129986,788
2026-09-10T18:23:54Z,8884433153,3039
2026-09-10T18:23:54Z,8908228901,1356
2026-09-10T18:23:54Z,9049840490,2662
2026-09-10T18:23:54Z,9058310544,1000
2026-09-10T18:23:54Z,9096881148,3902
2026-09-10T18:23:54Z,9099326192,1460
2026-09-10T18:23:54Z,9120716669,936
2026-09-10T18:23:54Z,9192423027,3574
2026-09-10T18:23:54Z,9224601490,2429
2026-09-10T18:23:54Z,9272528920,968
2026-09-10T18:23:54Z,9273658706,1396
2026-09-10T18:23:54Z,9281034297,590
2026-09-10T18:23:54Z,9346039031,746
2026-09-10T18:23:54Z,9372570969,772
2026-09-10T18:23:54Z,9388784421,502
2026-09-10T18:23:54Z,9391468976,126534
2026-09-10T18:23:54Z,9404223526,2199
2026-09-10T18:23:54Z,9414511685,2616
2026-09-10T18:23:54Z,9503261072,780
2026-09-10T18:23:54Z,9534337535,774
2026-09-10T18:23:54Z,9558986910,945
2026-09-10T18:23:54Z,9731376817,1589
2026-09-10T18:23:54Z,9772878203,604
2026-09-10T18:23:54Z,9788848685,1526
2026-09-10T18:23:54Z,9791603388,2578
2026-09-10T18:23:54Z,9872472334,29110
2026-09-10T18:23:54Z,9879422661,571
2026-09-10T18:23:54Z,9922455303,1398
2026-09-10T18:23:54Z,10082031223,1210
2026-09-10T18:23:54Z,10110568567,779
2026-09-10T18:23:54Z,10118504428,660
2026-09-10T18:23:54Z,10165583746,5478
2026-09-10T18:23:54Z,10179538382,1140
2026-09-10T18:23:54Z,10224049386,1998
2026-09-10T18:23:54Z,10228136016,693
2026-09-10T18:23:54Z,10253248401,3650
2026-09-10T18:23:54Z,10260193230,1459
2026-09-10T18:23:54Z,10272636261,1565
2026-09-10T18:23:54Z,10277607801,729
2026-09-10T18:23:54Z,10351562025,560
2026-09-10T18:23:54Z,10449761463,42470
2026-09-10T18:23:54Z,10450270085,1018
2026-09-10T18:23:54Z,10518166490,616
2026-09-10T18:23:54Z,10554647907,557
2026-09-10T18:23:54Z,10561456271,792
2026-09-10T18:23:54Z,10576142169,1005
2026-09-10T18:23:54Z,10595058975,1630
2026-09-10T18:23:54Z,10660791703,1011
2026-09-10T18:23:54Z,10679239752,1416
2026-09-10T18:23:54Z,10696301650,995
2026-09-10T18:23:54Z,10704789056,942
2026-09-10T18:23:54Z,10726371567,1258
2026-09-10T18:23:54Z,10745043766,1225
2026-09-10T18:23:54Z,10760024537,512
2026-09-10T18:23:54Z,10834586502,2364
2026-09-10T18:23:54Z,10853515606,798
2026-09-10T18:23:54Z,10912405603,563
2026-09-10T18:23:54Z,10941514720,2074
2026-09-10T18:23:54Z,10959918411,1375
2026-09-10T18:23:54Z,11021288030,750
2026-09-10T18:23:54Z,11137575513,602
2026-09-10T18:23:54Z,11158043705,3717
2026-09-10T18:23:54Z,11232592166,932
2026-09-10T18:23:54Z,11273483795,1609
2026-09-10T18:23:54Z,11276071411,1801
2026-09-10T18:23:54Z,11364087119,1527
2026-09-10T18:23:54Z,11379739543,21733
2026-09-10T18:23:54Z,11392373641,2131
2026-09-10T18:23:54Z,11451679682,607
2026-09-10T18:23:54Z,11474405411,1412
2026-09-10T18:23:54Z,11653088948,849
2026-09-10T18:23:54Z,11684369582,1318
2026-09-10T18:23:54Z,11694307960,694
2026-09-10T18:23:54Z,11727501024,2120
2026-09-10T18:23:54Z,11729688377,943
2026-09-10T18:23:54Z,11765402359,4135
2026-09-10T18:23:54Z,11782774748,2754
2026-09-10T18:23:54Z,11815767793,2466
2026-09-10T18:23:54Z,11832484500,591
2026-09-10T18:23:54Z,11848247239,1388
2026-09-10T18:23:54Z,11862502039,2412
2026-09-10T18:23:54Z,11872917490,620
2026-09-10T18:23:54Z,11928087342,1598
2026-09-10T18:23:54Z,12018893069,602
2026-09-10T18:23:54Z,12076775711,870
2026-09-10T18:23:54Z,12090482034,1144
2026-09-10T18:23:54Z,12144402492,597
2026-09-10T18:23:54Z,12177325772,13608
2026-09-10T18:23:54Z,12262046571,1744
2026-09-10T18:23:54Z,12334109280,4748
2026-09-10T18:23:54Z,12338455185,2375
2026-09-10T18:23:54Z,12355337193,10934
2026-09-10T18:23:54Z,12397515839,2397
2026-09-10T18:23:54Z,12398038681,699
2026-09-10T18:23:54Z,12407250267,1938
2026-09-10T18:23:54Z,12411473842,1290
2026-09-10T18:23:54Z,12495498157,1252
2026-09-10T18:23:54Z,12550651382,999
2026-09-10T18:23:54Z,12593620250,3730
2026-09-10T18:23:54Z,12625784503,579
2026-09-10T18:23:54Z,12640491155,1009
2026-09-10T18:23:54Z,12699642568,8378
2026-09-10T18:23:54Z,12716055617,2547
2026-09-10T18:23:54Z,12828227139,2003
2026-09-10T18:23:54Z,12847474373,964
2026-09-10T18:23:54Z,12893488117,513
2026-09-10T18:23:54Z,12912701243,998
2026-09-10T18:23:54Z,12912731475,3242
2026-09-10T18:23:54Z,12931609417,3591
2026-09-10T18:23:54Z,12981936705,660
2026-09-10T18:23:54Z,12985361032,7833
2026-09-10T18:23:54Z,12997619803,761
2026-09-10T18:23:54Z,13042495892,1105
2026-09-10T18:23:54Z,13076380114,6588
2026-09-10T18:23:54Z,13110267312,564
2026-09-10T18:23:54Z,13118814103,1615
2026-09-10T18:23:54Z,13127800756,1868
2026-09-10T18:23:54Z,13159565330,1651
2026-09-10T18:23:54Z,13166293021,2362
2026-09-10T18:23:54Z,13184713709,2277
2026-09-10T18:23:54Z,13189735542,948
2026-09-10T18:23:54Z,13358463560,540
2026-09-10T18:23:54Z,13379208636,11649
2026-09-10T18:23:54Z,13404995530,551
2026-09-10T18:23:54Z,13416197699,2297
2026-09-10T18:23:54Z,13429790955,1822
2026-09-10T18:23:54Z,13438553315,806
2026-09-10T18:23:54Z,13473615074,2570
2026-09-10T18:23:54Z,13482468151,5237
2026-09-10T18:23:54Z,13587601484,1725
2026-09-10T18:23:54Z,13600218266,8027
2026-09-10T18:23:54Z,13621938427,6579
2026-09-10T18:23:54Z,13664698400,3090
2026-09-10T18:23:54Z,13687899540,8406
2026-09-10T18:23:54Z,13718567207,1291
2026-09-10T18:23:54Z,13772394625,18443
2026-09-10T18:23:54Z,13775256536,3073
2026-09-10T18:23:54Z,13794093709,738
2026-09-10T18:23:54Z,13796645198,1544
2026-09-10T18:23:54Z,13822562292,3134
2026-09-10T18:23:54Z,13827198708,589
2026-09-10T18:23:54Z,13864661000,1646
2026-09-10T18:23:54Z,13955927965,2333
2026-09-10T18:23:54Z,13967668166,29080
2026-09-10T18:23:54Z,13999660589,3870
2026-09-10T18:23:54Z,14004668761,709
2026-09-10T18:23:54Z,14026026722,666
2026-09-10T18:23:54Z,14038329225,1028
2026-09-10T18:23:54Z,14044547200,1981
2026-09-10T18:23:54Z,14161770735,764
2026-09-10T18:23:54Z,14184086618,1346
2026-09-10T18:23:54Z,14212732626,1861
2026-09-10T18:23:54Z,14236925335,4192
2026-09-10T18:23:54Z,14237585680,1000
2026-09-10T18:23:54Z,14238596528,3996
2026-09-10T18:23:54Z,14259168147,2113
2026-09-10T18:23:54Z,14259358984,642
2026-09-10T18:23:54Z,14279693118,1935
2026-09-10T18:23:54Z,14301835518,4151
2026-09-10T18:23:54Z,14313259147,1422
2026-09-10T18:23:54Z,14315258385,27303
2026-09-10T18:23:54Z,14337656835,742
2026-09-10T18:23:54Z,14350413280,1002
2026-09-10T18:23:54Z,14422394494,7135
2026-09-10T18:23:54Z,14437001043,1710
2026-09-10T18:23:54Z,14438406081,10462
2026-09-10T18:23:54Z,14451515684,1451
2026-09-10T18:23:54Z,14458936637,1463
2026-09-10T18:23:54Z,14475396559,928
2026-09-10T18:23:54Z,14475792710,804
2026-09-10T18:23:54Z,14518422161,688
2026-09-10T18:23:54Z,14564651437,2604
2026-09-10T18:23:54Z,14567590300,2315
2026-09-10T18:23:54Z,14581889272,718
2026-09-10T18:23:54Z,14608970270,7906
2026-09-10T18:23:54Z,14721282186,607
2026-09-10T18:23:54Z,14772802900,2168
2026-09-10T18:23:54Z,14776071100,821
2026-09-10T18:23:54Z,14787369036,1209
2026-09-10T18:23:54Z,14823220100,956
2026-09-10T18:23:54Z,14833592591,1374
2026-09-10T18:23:54Z,14835828495,2012
2026-09-10T18:23:54Z,14842128242,712
2026-09-10T18:23:54Z,14852797539,507
2026-09-10T18:23:54Z,14959543012,556
2026-09-10T18:23:54Z,15002061926,7304
2026-09-10T18:23:54Z,15027718878,1108
2026-09-10T18:23:54Z,15077422637,645
2026-09-10T18:23:54Z,15092647980,536
2026-09-10T18:23:54Z,15101393044,70113
2026-09-10T18:23:54Z,15111895255,1355
2026-09-10T18:23:54Z,15135285305,1019
2026-09-10T18:23:54Z,15198166649,1524
2026-09-10T18:23:54Z,15235397483,650
2026-09-10T18:23:54Z,15240723287,2909
2026-09-10T18:23:54Z,15269951959,3582
2026-09-10T18:23:54Z,15270182488,1280
2026-09-10T18:23:54Z,15282120493,541
2026-09-10T18:23:54Z,15288629078,1760
2026-09-10T18:23:54Z,15318113891,6273
2026-09-10T18:23:54Z,15352028692,786
2026-09-10T18:23:54Z,15446342241,576
2026-09-10T18:23:54Z,15507022415,1876
2026-09-10T18:23:54Z,15509312676,732
2026-09-10T18:23:54Z,15532962292,44607
2026-09-10T18:23:54Z,15546218972,1063
2026-09-10T18:23:54Z,15550215902,3498
2026-09-10T18:23:54Z,15560168390,1488
2026-09-10T18:23:54Z,15598056478,2165
2026-09-10T18:23:54Z,15654981113,985
2026-09-10T18:23:54Z,15694891095,1733
2026-09-10T18:23:54Z,15696848933,2757
2026-09-10T18:23:54Z,15722706376,511
2026-09-10T18:23:54Z,15768329004,8488
2026-09-10T18:23:54Z,15781012611,556
2026-09-10T18:23:54Z,15784744207,2082
2026-09-10T18:23:54Z,15845087881,505
2026-09-10T18:23:54Z,15859503151,564
2026-09-10T18:23:54Z,15864327873,595
2026-09-10T18:23:54Z,15930174396,4065
2026-09-10T18:23:54Z,16039690331,1593
2026-09-10T18:23:54Z,16057679366,874
2026-09-10T18:23:54Z,16115051360,1142
2026-09-10T18:23:54Z,16116270224,22140
2026-09-10T18:23:54Z,16141640360,2667
2026-09-10T18:23:54Z,16141898262,1584
2026-09-10T18:23:54Z,16146832113,20644
2026-09-10T18:23:54Z,16154918775,2517
2026-09-10T18:23:54Z,16159871483,530
2026-09-10T18:23:54Z,16272604134,2229
2026-09-10T18:23:54Z,16288616721,1166
2026-09-10T18:23:54Z,16290530659,699
2026-09-10T18:23:54Z,16304978305,616
2026-09-10T18:23:54Z,16331682055,609
2026-09-10T18:23:54Z,16381982348,716
2026-09-10T18:23:54Z,16389395869,12349
2026-09-10T18:23:54Z,16446142514,1173
2026-09-10T18:23:54Z,16447934574,6347
2026-09-10T18:23:54Z,16454399300,801
2026-09-10T18:23:54Z,16480898254,2415
2026-09-10T18:23:54Z,16483433878,645
2026-09-10T18:23:54Z,16501421966,663
2026-09-10T18:23:54Z,16518256559,1262
2026-09-10T18:23:54Z,16625391970,8098
2026-09-10T18:23:54Z,16653555262,1553
2026-09-10T18:23:54Z,16732694052,73724
2026-09-10T18:23:54Z,16740784399,535
2026-09-10T18:23:54Z,16867505761,1722
2026-09-10T18:23:54Z,16901389020,2554
2026-09-10T18:23:54Z,16907212609,1544
2026-09-10T18:23:54Z,16910059756,4136
2026-09-10T18:23:54Z,16962279458,2615
2026-09-10T18:23:54Z,16991287194,2733
2026-09-10T18:23:54Z,16993432698,1090
2026-09-10T18:23:54Z,17012548142,808
2026-09-10T18:23:54Z,17045823120,1688
2026-09-10T18:23:54Z,17050349106,511
2026-09-10T18:23:54Z,17070462969,630
2026-09-10T18:23:54Z,17121846721,1073
2026-09-10T18:23:54Z,17188326828,1089
2026-09-10T18:23:54Z,17192092512,3413
2026-09-10T18:23:54Z,17255098561,1446
2026-09-10T18:23:54Z,17277889388,596
2026-09-10T18:23:54Z,17371491481,1927
2026-09-10T18:23:54Z,17450551531,1142
2026-09-10T18:23:54Z,17457986005,1246
2026-09-10T18:23:54Z,17516596118,19841
2026-09-10T18:23:54Z,17556820024,2979
2026-09-10T18:23:54Z,17571821642,1558
2026-09-10T18:23:54Z,17577256698,6244
2026-09-10T18:23:54Z,17581668152,2201
2026-09-10T18:23:54Z,17600423422,905
2026-09-10T18:23:54Z,17625359962,148031
2026-09-10T18:23:54Z,17662297954,914
2026-09-10T18:23:54Z,17664585395,1159
2026-09-10T18:23:54Z,17698425045,1085
2026-09-10T18:23:54Z,17720162456,2356
2026-09-10T18:23:54Z,17729873503,632
2026-09-10T18:23:54Z,17759606919,687
2026-09-10T18:23:54Z,17844293708,1278
2026-09-10T18:23:54Z,17861623204,610
2026-09-10T18:23:54Z,17882166032,2428
2026-09-10T18:23:54Z,18102078939,1903
2026-09-10T18:23:54Z,18138682962,1081
2026-09-10T18:23:54Z,18152595062,927
2026-09-10T18:23:54Z,18153851914,580
2026-09-10T18:23:54Z,18156286285,1074
2026-09-10T18:23:54Z,18172550962,666
2026-09-10T18:23:54Z,18180736634,1965
2026-09-10T18:23:54Z,18183902003,1307
2026-09-10T18:23:54Z,18192562963,1392
2026-09-10T18:23:54Z,18199615050,5268
2026-09-10T18:23:54Z,18214855317,3667
2026-09-10T18:23:54Z,18218605381,868
2026-09-10T18:23:54Z,18259975825,2020
2026-09-10T18:23:54Z,18260439047,1215
2026-09-10T18:23:54Z,18334179599,1369
2026-09-10T18:23:54Z,18335956021,12028
2026-09-10T18:23:54Z,18341181766,675
2026-09-10T18:23:54Z,18376355901,1248
2026-09-10T18:23:54Z,18403789061,645
2026-09-10T18:23:54Z,18408132742,557
2026-09-10T18:23:54Z,18519254033,2121
2026-09-10T18:23:54Z,18537079992,1559
2026-09-10T18:23:54Z,18545825758,555
2026-09-10T18:23:54Z,18645473062,1072
2026-09-10T18:23:54Z,18649596490,1698
2026-09-10T18:23:54Z,18666738837,4873
2026-09-10T18:23:54Z,18668065416,13367
2026-09-10T18:23:54Z,18680867089,2266
2026-09-10T18:23:54Z,18687417158,49063
2026-09-10T18:23:54Z,18688598012,820
2026-09-10T18:23:54Z,18700851435,3899
2026-09-10T18:23:54Z,18753889337,5230
2026-09-10T18:23:54Z,18799085098,2922
2026-09-10T18:23:54Z,18803315158,4329
2026-09-10T18:23:54Z,18816315817,1580
2026-09-10T18:23:54Z,18864551515,851
2026-09-10T18:23:54Z,18934709778,1429
2026-09-10T18:23:54Z,18948446518,3402
2026-09-10T18:23:54Z,18959440414,1378
2026-09-10T18:23:54Z,18960834681,561
2026-09-10T18:23:54Z,18984776765,718
2026-09-10T18:23:54Z,70390793715007,1199
2026-09-10T18:23:54Z,70400654680508,2750
2026-09-10T18:23:54Z,70411440483149,20831
2026-09-10T18:23:54Z,70435795041539,5609
2026-09-10T18:23:54Z,70476134485723,673
2026-09-10T18:23:54Z,70564797343878,671
2026-09-10T18:23:54Z,70587876731444,1939
2026-09-10T18:23:54Z,70640255604878,12660
2026-09-10T18:23:54Z,70805830291547,1208
2026-09-10T18:23:54Z,70904050766278,576
2026-09-10T18:23:54Z,70906625936847,5783
2026-09-10T18:23:54Z,70911358699250,1647
2026-09-10T18:23:54Z,70970763145070,862
2026-09-10T18:23:54Z,70990751935174,1622
2026-09-10T18:23:54Z,70994695337243,936
2026-09-10T18:23:54Z,70998903613713,611
2026-09-10T18:23:54Z,71099982892966,1155
2026-09-10T18:23:54Z,71132543521245,7359
2026-09-10T18:23:54Z,71143154217953,986
2026-09-10T18:23:54Z,71174733280934,1080
2026-09-10T18:23:54Z,71394819414417,2246
2026-09-10T18:23:54Z,71457452830106,1044
2026-09-10T18:23:54Z,71480482338212,1093
2026-09-10T18:23:54Z,71543463524754,822
2026-09-10T18:23:54Z,71565666593141,574
2026-09-10T18:23:54Z,71599043035739,3016
2026-09-10T18:23:54Z,71600459831333,2353
2026-09-10T18:23:54Z,71633357192188,2232
2026-09-10T18:23:54Z,71647256260480,1989
2026-09-10T18:23:54Z,71704434889758,8841
2026-09-10T18:23:54Z,71706515477118,1225
2026-09-10T18:23:54Z,71739455261863,526
2026-09-10T18:23:54Z,71774876641249,1625
2026-09-10T18:23:54Z,71849204829689,824
2026-09-10T18:23:54Z,71852303862507,1800
2026-09-10T18:23:54Z,71895508397153,2389
2026-09-10T18:23:54Z,72019577565540,1099
2026-09-10T18:23:54Z,72167803024670,1012
2026-09-10T18:23:54Z,72216345408467,4686
2026-09-10T18:23:54Z,72317248326994,2041
2026-09-10T18:23:54Z,72387437800091,4502
2026-09-10T18:23:54Z,72399795227216,542
2026-09-10T18:23:54Z,72450672234943,2015
2026-09-10T18:23:54Z,72525366293660,589
2026-09-10T18:23:54Z,72604809857139,555
2026-09-10T18:23:54Z,72659788689464,662
2026-09-10T18:23:54Z,72712036210947,1707
2026-09-10T18:23:54Z,72763503064951,2620
2026-09-10T18:23:54Z,72845937010155,1055
2026-09-10T18:23:54Z,72920620366355,4209
2026-09-10T18:23:54Z,73097591386069,955
2026-09-10T18:23:54Z,73101851322368,1486
2026-09-10T18:23:54Z,73189007576537,2668
2026-09-10T18:23:54Z,73413968610508,1673
2026-09-10T18:23:54Z,73526576502092,581
2026-09-10T18:23:54Z,73578698401320,2370
2026-09-10T18:23:54Z,73613510857111,2878
2026-09-10T18:23:54Z,73621314943835,6730
2026-09-10T18:23:54Z,73768006371986,3927
2026-09-10T18:23:54Z,73814003954154,709
2026-09-10T18:23:54Z,73871058651498,1359
2026-09-10T18:23:54Z,73897506680154,6636
2026-09-10T18:23:54Z,73904017172892,2933
2026-09-10T18:23:54Z,73908022013371,1980
2026-09-10T18:23:54Z,73954336239895,1223
2026-09-10T18:23:54Z,73956553001240,27941
2026-09-10T18:23:54Z,74102906764176,18184
2026-09-10T18:23:54Z,74188431054457,12263
2026-09-10T18:23:54Z,74193805629461,2593
2026-09-10T18:23:54Z,74218191398494,666
2026-09-10T18:23:54Z,74256669508761,2865
2026-09-10T18:23:54Z,74260430392611,5123
2026-09-10T18:23:54Z,74341114342499,9990
2026-09-10T18:23:54Z,74395953411817,10201
2026-09-10T18:23:54Z,74511210941284,1705
2026-09-10T18:23:54Z,74542317333958,1326
2026-09-10T18:23:54Z,74716719697996,4019
2026-09-10T18:23:54Z,74729868188364,5979
2026-09-10T18:23:54Z,74889851913797,4045
2026-09-10T18:23:54Z,74994442538508,929
2026-09-10T18:23:54Z,75178747054941,1923
2026-09-10T18:23:54Z,75317862071711,4249
2026-09-10T18:23:54Z,75366259315586,628
2026-09-10T18:23:54Z,75387700043737,12750
2026-09-10T18:23:54Z,75467339082089,546
2026-09-10T18:23:54Z,75541741887441,1273
2026-09-10T18:23:54Z,75547400568620,6608
2026-09-10T18:23:54Z,75561686090072,750
2026-09-10T18:23:54Z,75568173037446,2889
2026-09-10T18:23:54Z,75626443136851,750
2026-09-10T18:23:54Z,75646865566926,819
2026-09-10T18:23:54Z,75663528075786,2789
2026-09-10T18:23:54Z,75753413268977,868
2026-09-10T18:23:54Z,75839707976715,976
2026-09-10T18:23:54Z,75888315541325,510
2026-09-10T18:23:54Z,76137189788863,2219
2026-09-10T18:23:54Z,76153324611685,5564
2026-09-10T18:23:54Z,76193707924033,618
2026-09-10T18:23:54Z,76285745979410,4124
2026-09-10T18:23:54Z,76427490154192,2122
2026-09-10T18:23:54Z,76503495566299,8631
2026-09-10T18:23:54Z,76526090659517,1800
2026-09-10T18:23:54Z,76558904092080,1577
2026-09-10T18:23:54Z,76603753346534,634
2026-09-10T18:23:54Z,76737571462455,2279
2026-09-10T18:23:54Z,76812848652979,1039
2026-09-10T18:23:54Z,76838459031868,12036
2026-09-10T18:23:54Z,76842920359834,612
2026-09-10T18:23:54Z,76911729991355,3578
2026-09-10T18:23:54Z,77108422251420,56339
2026-09-10T18:23:54Z,77649408247578,30658
2026-09-10T18:23:54Z,77747658251236,1623
2026-09-10T18:23:54Z,77843161404023,8784
2026-09-10T18:23:54Z,78028206594931,787
2026-09-10T18:23:54Z,78131609782350,1102
2026-09-10T18:23:54Z,78177131121429,3187
2026-09-10T18:23:54Z,78471443847948,1120
2026-09-10T18:23:54Z,78496323189083,1599
2026-09-10T18:23:54Z,78515283254292,85132
2026-09-10T18:23:54Z,78699621133325,1062
2026-09-10T18:23:54Z,78724109436030,839
2026-09-10T18:23:54Z,78724900430513,1420
2026-09-10T18:23:54Z,78839079957645,1803
2026-09-10T18:23:54Z,79267089300389,4572
2026-09-10T18:23:54Z,79268393072444,11825
2026-09-10T18:23:54Z,79315121100812,1748
2026-09-10T18:23:54Z,79454007962937,1164
2026-09-10T18:23:54Z,79480724066456,13529
2026-09-10T18:23:54Z,79546208627805,150986
2026-09-10T18:23:54Z,79790479326946,971
2026-09-10T18:23:54Z,79797693256658,545
2026-09-10T18:23:54Z,79860632214114,544
2026-09-10T18:23:54Z,79886695267825,948
2026-09-10T18:23:54Z,79948106719663,627
2026-09-10T18:23:54Z,79966250354565,7562
2026-09-10T18:23:54Z,80000420704526,2918
2026-09-10T18:23:54Z,80031826041492,1319
2026-09-10T18:23:54Z,80111254680893,690
2026-09-10T18:23:54Z,80200604311136,2643
2026-09-10T18:23:54Z,80234914611737,1212
2026-09-10T18:23:54Z,80279663815725,1125
2026-09-10T18:23:54Z,80342862330041,639
2026-09-10T18:23:54Z,80607040330429,1336
2026-09-10T18:23:54Z,80610578881227,771
2026-09-10T18:23:54Z,80692223709267,534
2026-09-10T18:23:54Z,80734098185936,2539
2026-09-10T18:23:54Z,80861715191104,1023
2026-09-10T18:23:54Z,80898524797320,1631
2026-09-10T18:23:54Z,81040587037979,1627
2026-09-10T18:23:54Z,81223687051453,2818
2026-09-10T18:23:54Z,81239378558719,1070
2026-09-10T18:23:54Z,81549698024226,651
2026-09-10T18:23:54Z,81703830622949,2181
2026-09-10T18:23:54Z,82013336390273,794
2026-09-10T18:23:54Z,82075856475941,694
2026-09-10T18:23:54Z,82084053899394,710
2026-09-10T18:23:54Z,82103875404639,508
2026-09-10T18:23:54Z,82329146189989,1158
2026-09-10T18:23:54Z,82453659777192,951
2026-09-10T18:23:54Z,82457571485380,7496
2026-09-10T18:23:54Z,82461912126439,572
2026-09-10T18:23:54Z,82539019711975,1674
2026-09-10T18:23:54Z,82554996468034,1064
2026-09-10T18:23:54Z,82570142697239,1583
2026-09-10T18:23:54Z,82712304391069,4781
2026-09-10T18:23:54Z,82745432464897,1083
2026-09-10T18:23:54Z,82797688803922,3115
2026-09-10T18:23:54Z,82866880824588,776
2026-09-10T18:23:54Z,82898983236792,609
2026-09-10T18:23:54Z,82904798643396,858
2026-09-10T18:23:54Z,82983707799188,3216
2026-09-10T18:23:54Z,83038462357724,10101
2026-09-10T18:23:54Z,83211034158887,626
2026-09-10T18:23:54Z,83238501165241,612
2026-09-10T18:23:54Z,83264774625004,3003
2026-09-10T18:23:54Z,83312952548612,579
2026-09-10T18:23:54Z,83325975879599,3503
2026-09-10T18:23:54Z,83388257263676,4082
2026-09-10T18:23:54Z,83569851223739,2527
2026-09-10T18:23:54Z,83622406313819,1815
2026-09-10T18:23:54Z,83948716312312,1089
2026-09-10T18:23:54Z,84156601481934,1952
2026-09-10T18:23:54Z,84256892855657,1167
2026-09-10T18:23:54Z,84332574190497,2775
2026-09-10T18:23:54Z,84449017742177,5046
2026-09-10T18:23:54Z,84515722934860,36791
2026-09-10T18:23:54Z,84525826229916,4244
2026-09-10T18:23:54Z,84526099099491,1277
2026-09-10T18:23:54Z,84556640895285,13357
2026-09-10T18:23:54Z,84568117169118,1315
2026-09-10T18:23:54Z,84692574040798,830
2026-09-10T18:23:54Z,84956402848349,1093
2026-09-10T18:23:54Z,84968446824850,516
2026-09-10T18:23:54Z,85011874799856,1805
2026-09-10T18:23:54Z,85048226835181,1577
2026-09-10T18:23:54Z,85056532479796,1539
2026-09-10T18:23:54Z,85070202669030,513
2026-09-10T18:23:54Z,85245205758607,1799
2026-09-10T18:23:54Z,85387381843881,1404
2026-09-10T18:23:54Z,85896571713843,2327
2026-09-10T18:23:54Z,85967844112283,16008
2026-09-10T18:23:54Z,86017989016432,1134
2026-09-10T18:23:54Z,86022723355936,931
2026-09-10T18:23:54Z,86089763581353,739
2026-09-10T18:23:54Z,86164638330564,649
2026-09-10T18:23:54Z,86178279217218,1185
2026-09-10T18:23:54Z,86247128610772,7513
2026-09-10T18:23:54Z,86259628805375,4649
2026-09-10T18:23:54Z,86368783421928,3431
2026-09-10T18:23:54Z,86374876468143,2248
2026-09-10T18:23:54Z,86378115369061,507
2026-09-10T18:23:54Z,86479448397834,7667
2026-09-10T18:23:54Z,86524001536792,1310
2026-09-10T18:23:54Z,86707571837034,978
2026-09-10T18:23:54Z,86754403332185,934
2026-09-10T18:23:54Z,86757987326668,677
2026-09-10T18:23:54Z,86847069957175,501
2026-09-10T18:23:54Z,86943068337855,6394
2026-09-10T18:23:54Z,87018676608089,1114
2026-09-10T18:23:54Z,87046419551816,3710
2026-09-10T18:23:54Z,87214116277191,1018
2026-09-10T18:23:54Z,87311102000285,1435
2026-09-10T18:23:54Z,87468080405188,3605
2026-09-10T18:23:54Z,87555052900625,685
2026-09-10T18:23:54Z,88033955914813,1887
2026-09-10T18:23:54Z,88207898227053,869
2026-09-10T18:23:54Z,88234622381007,623
2026-09-10T18:23:54Z,88323040672117,1885
2026-09-10T18:23:54Z,88412811497379,1474
2026-09-10T18:23:54Z,88480125732253,602
2026-09-10T18:23:54Z,88728793053496,867
2026-09-10T18:23:54Z,88887739603194,1504
2026-09-10T18:23:54Z,88932739628526,609
2026-09-10T18:23:54Z,88933961678687,1481
2026-09-10T18:23:54Z,88951201927122,540
2026-09-10T18:23:54Z,89035794510548,2640
2026-09-10T18:23:54Z,89100823864844,1885
2026-09-10T18:23:54Z,89180039807836,732
2026-09-10T18:23:54Z,89469502395769,16049
2026-09-10T18:23:54Z,89490838554710,5212
2026-09-10T18:23:54Z,89561601601392,816
2026-09-10T18:23:54Z,89704645856683,2694
2026-09-10T18:23:54Z,89788834648171,835
2026-09-10T18:23:54Z,90038414385014,1169
2026-09-10T18:23:54Z,90053646552411,586
2026-09-10T18:23:54Z,90086669327265,12169
2026-09-10T18:23:54Z,90148635862803,9568
2026-09-10T18:23:54Z,90184287580174,3679
2026-09-10T18:23:54Z,90462358603255,675
2026-09-10T18:23:54Z,90568084448279,21206
2026-09-10T18:23:54Z,90704250333473,2164
2026-09-10T18:23:54Z,90740816183375,6918
2026-09-10T18:23:54Z,90784570995507,2880
2026-09-10T18:23:54Z,90803345996188,789
2026-09-10T18:23:54Z,90906407195271,3149
2026-09-10T18:23:54Z,91203203156283,1855
2026-09-10T18:23:54Z,91296119701853,710
2026-09-10T18:23:54Z,91440994157417,754
2026-09-10T18:23:54Z,91514145260129,517
2026-09-10T18:23:54Z,91695551099066,1361
2026-09-10T18:23:54Z,91704854174760,3319
2026-09-10T18:23:54Z,91746497060666,4089
2026-09-10T18:23:54Z,91931360732020,773
2026-09-10T18:23:54Z,92122513197996,5448
2026-09-10T18:23:54Z,92141204718989,534
2026-09-10T18:23:54Z,92171645661524,1559
2026-09-10T18:23:54Z,92415748858497,1146
2026-09-10T18:23:54Z,92416421522960,600
2026-09-10T18:23:54Z,92422478989816,851
2026-09-10T18:23:54Z,92432535588391,805
2026-09-10T18:23:54Z,92637789841354,62473
2026-09-10T18:23:54Z,92683694220101,502
2026-09-10T18:23:54Z,92700582787930,1341
2026-09-10T18:23:54Z,92937726498067,731
2026-09-10T18:23:54Z,92942575852492,932
2026-09-10T18:23:54Z,93028168925975,4078
2026-09-10T18:23:54Z,93091759101123,6232
2026-09-10T18:23:54Z,93233198656969,565
2026-09-10T18:23:54Z,93265851514769,1259
2026-09-10T18:23:54Z,93563420945975,724
2026-09-10T18:23:54Z,93787311916283,895
2026-09-10T18:23:54Z,93829858358973,2165
2026-09-10T18:23:54Z,93978595733734,40350
2026-09-10T18:23:54Z,94217045453265,9058
2026-09-10T18:23:54Z,94495283121683,2397
2026-09-10T18:23:54Z,94503612388426,595
2026-09-10T18:23:54Z,94539932414164,1350
2026-09-10T18:23:54Z,94590879393563,879
2026-09-10T18:23:54Z,94640181989498,12823
2026-09-10T18:23:54Z,94647229517154,9715
2026-09-10T18:23:54Z,94702395375549,639
2026-09-10T18:23:54Z,94717504417144,759
2026-09-10T18:23:54Z,94845773826960,604
2026-09-10T18:23:54Z,94860588848140,1716
2026-09-10T18:23:54Z,94987506187454,1304
2026-09-10T18:23:54Z,95082159892680,180872
2026-09-10T18:23:54Z,95094140550911,806
2026-09-10T18:23:54Z,95094324354820,2299
2026-09-10T18:23:54Z,95223801959482,774
2026-09-10T18:23:54Z,95319535505764,1208
2026-09-10T18:23:54Z,95417153338993,5564
2026-09-10T18:23:54Z,95721658376580,2974
2026-09-10T18:23:54Z,95929919723230,534
2026-09-10T18:23:54Z,96071743839078,529
2026-09-10T18:23:54Z,96153864779911,1249
2026-09-10T18:23:54Z,96168869671905,5701
2026-09-10T18:23:54Z,96280251181127,2000
2026-09-10T18:23:54Z,96401370703274,916
2026-09-10T18:23:54Z,96425088123775,1819
2026-09-10T18:23:54Z,96447215899741,4802
2026-09-10T18:23:54Z,96462622512177,1266
2026-09-10T18:23:54Z,96469185605358,502
2026-09-10T18:23:54Z,96510596525082,5728
2026-09-10T18:23:54Z,96645548064314,17745
2026-09-10T18:23:54Z,96775630583143,1799
2026-09-10T18:23:54Z,96796259580891,2931
2026-09-10T18:23:54Z,97038396539280,713
2026-09-10T18:23:54Z,97042065873644,1524
2026-09-10T18:23:54Z,97090732168175,3505
2026-09-10T18:23:54Z,97253290114878,506
2026-09-10T18:23:54Z,97387256206808,694
2026-09-10T18:23:54Z,97438379434717,1173
2026-09-10T18:23:54Z,97463774278378,831
2026-09-10T18:23:54Z,97598239454123,8445
2026-09-10T18:23:54Z,97607545197126,1850
2026-09-10T18:23:54Z,97630670804505,857
2026-09-10T18:23:54Z,97824450589417,18384
2026-09-10T18:23:54Z,97837301536811,605
2026-09-10T18:23:54Z,98067481349941,847
2026-09-10T18:23:54Z,98138235237704,1031
2026-09-10T18:23:54Z,98303142742576,1107
2026-09-10T18:23:54Z,98393605725180,5167
2026-09-10T18:23:54Z,98502499119821,3884
2026-09-10T18:23:54Z,98626216952426,786
2026-09-10T18:23:54Z,98629859043211,1933
2026-09-10T18:23:54Z,98664161516921,3946
2026-09-10T18:23:54Z,98679602313466,2057
2026-09-10T18:23:54Z,98695134949589,660
2026-09-10T18:23:54Z,98800969324557,21003
2026-09-10T18:23:54Z,98894876188248,8467
2026-09-10T18:23:54Z,98916904742148,2403
2026-09-10T18:23:54Z,98936097545088,3210
2026-09-10T18:23:54Z,98951612738714,705
2026-09-10T18:23:54Z,99065555424640,632
2026-09-10T18:23:54Z,99108783264633,5708
2026-09-10T18:23:54Z,99122501338948,1885
2026-09-10T18:23:54Z,99255447043899,1345
2026-09-10T18:23:54Z,99269206016797,1366
2026-09-10T18:23:54Z,99342262733194,1061
2026-09-10T18:23:54Z,99449877692519,1755
2026-09-10T18:23:54Z,99521272836282,2397
2026-09-10T18:23:54Z,99567941238278,16164
2026-09-10T18:23:54Z,99702578544768,1430
2026-09-10T18:23:54Z,99703116573266,1248
2026-09-10T18:23:54Z,99715891575923,2224
2026-09-10T18:23:54Z,99758842280353,1949
2026-09-10T18:23:54Z,99817148924004,1568
2026-09-10T18:23:54Z,100034344773758,988
2026-09-10T18:23:54Z,100039707794702,876
2026-09-10T18:23:54Z,100178831086674,2459
2026-09-10T18:23:54Z,100221279566736,1009
2026-09-10T18:23:54Z,100293509865504,5697
2026-09-10T18:23:54Z,100400297022629,677
2026-09-10T18:23:54Z,100429474155186,6181
2026-09-10T18:23:54Z,100453351939863,787
2026-09-10T18:23:54Z,100722736774753,651
2026-09-10T18:23:54Z,100744519298647,1064
2026-09-10T18:23:54Z,100831517378953,640
2026-09-10T18:23:54Z,100860415498291,1091
2026-09-10T18:23:54Z,100911362514791,2162
2026-09-10T18:23:54Z,101009821472804,4498
2026-09-10T18:23:54Z,101272402522756,1446
2026-09-10T18:23:54Z,101396571928321,1554
2026-09-10T18:23:54Z,101480963912212,7169
2026-09-10T18:23:54Z,101533162298733,662
2026-09-10T18:23:54Z,101610294550592,2128
2026-09-10T18:23:54Z,101685456774656,1272
2026-09-10T18:23:54Z,101733180974837,1211
2026-09-10T18:23:54Z,101906032112547,6109
2026-09-10T18:23:54Z,101914772188620,3789
2026-09-10T18:23:54Z,101949297449238,1117
2026-09-10T18:23:54Z,102054284786904,2283
2026-09-10T18:23:54Z,102072869879193,17875
2026-09-10T18:23:54Z,102457672839885,1802
2026-09-10T18:23:54Z,102489700929678,6132
2026-09-10T18:23:54Z,102553576537621,1926
2026-09-10T18:23:54Z,102574559184919,546
2026-09-10T18:23:54Z,102612844247090,658
2026-09-10T18:23:54Z,102837194624695,3537
2026-09-10T18:23:54Z,102871156420149,3185
2026-09-10T18:23:54Z,102917792916356,1155
2026-09-10T18:23:54Z,103037106396302,17288
2026-09-10T18:23:54Z,103050497819513,1878
2026-09-10T18:23:54Z,103185879508967,927
2026-09-10T18:23:54Z,103285721487694,3051
2026-09-10T18:23:54Z,103311003648859,941
2026-09-10T18:23:54Z,103410145208388,565
2026-09-10T18:23:54Z,103556382323599,1100
2026-09-10T18:23:54Z,103589142326933,2683
2026-09-10T18:23:54Z,103593441753340,1186
2026-09-10T18:23:54Z,103731330407395,605
2026-09-10T18:23:54Z,103740390007820,805
2026-09-10T18:23:54Z,103754275310547,1718
2026-09-10T18:23:54Z,103802803330866,1259
2026-09-10T18:23:54Z,103854444055060,622
2026-09-10T18:23:54Z,103883942725157,6571
2026-09-10T18:23:54Z,104339804279870,826
2026-09-10T18:23:54Z,104485012391716,1105
2026-09-10T18:23:54Z,104524602549480,560
2026-09-10T18:23:54Z,104589921852670,1764
2026-09-10T18:23:54Z,104693964860826,3210
2026-09-10T18:23:54Z,104715542330896,20605
2026-09-10T18:23:54Z,104716788636258,723
2026-09-10T18:23:54Z,104761395312874,4509
2026-09-10T18:23:54Z,104808235862933,14312
2026-09-10T18:23:54Z,104809044319701,7315
2026-09-10T18:23:54Z,104812936457083,607
2026-09-10T18:23:54Z,104841616983113,2895
2026-09-10T18:23:54Z,104890260413773,1475
2026-09-10T18:23:54Z,104973076655377,3761
2026-09-10T18:23:54Z,105265986112006,612
2026-09-10T18:23:54Z,105373497661352,1312
2026-09-10T18:23:54Z,105452889569708,3096
2026-09-10T18:23:54Z,105555311806207,2521
2026-09-10T18:23:54Z,105633123928294,1861
2026-09-10T18:23:54Z,105724836892064,4119
2026-09-10T18:23:54Z,105742951729183,1160
2026-09-10T18:23:54Z,105767799784652,869
2026-09-10T18:23:54Z,105954652742326,1248
2026-09-10T18:23:54Z,106078822951099,919
2026-09-10T18:23:54Z,106131416903029,1010
2026-09-10T18:23:54Z,106187832607756,1060
2026-09-10T18:23:54Z,106484206883664,9759
2026-09-10T18:23:54Z,106487781999308,1256
2026-09-10T18:23:54Z,106605940421527,838
2026-09-10T18:23:54Z,106683702021527,3562
2026-09-10T18:23:54Z,106802314735486,2180
2026-09-10T18:23:54Z,106832050389015,825
2026-09-10T18:23:54Z,106838580527183,5629
2026-09-10T18:23:54Z,106920577206536,1615
2026-09-10T18:23:54Z,107095834793267,822
2026-09-10T18:23:54Z,107377364123237,1842
2026-09-10T18:23:54Z,107430889830807,5371
2026-09-10T18:23:54Z,107467295209358,10265
2026-09-10T18:23:54Z,107645101488133,642
2026-09-10T18:23:54Z,107646426076756,568
2026-09-10T18:23:54Z,107653945083776,9020
2026-09-10T18:23:54Z,107713910741616,533
2026-09-10T18:23:54Z,107717448640907,659
2026-09-10T18:23:54Z,107727386530697,602
2026-09-10T18:23:54Z,107750563478039,844
2026-09-10T18:23:54Z,107778070777162,1350451
2026-09-10T18:23:54Z,107792622719098,1472
2026-09-10T18:23:54Z,107828406309109,1076
2026-09-10T18:23:54Z,107833198839573,2218
2026-09-10T18:23:54Z,107894105055312,6578
2026-09-10T18:23:54Z,108227239615000,1413
2026-09-10T18:23:54Z,108307565942574,4595
2026-09-10T18:23:54Z,108410750455933,752
2026-09-10T18:23:54Z,108439047160668,1267
2026-09-10T18:23:54Z,108533757090220,3980
2026-09-10T18:23:54Z,108567435288296,14144
2026-09-10T18:23:54Z,108645230905176,3102
2026-09-10T18:23:54Z,108730407897379,1975
2026-09-10T18:23:54Z,108750539382245,538
2026-09-10T18:23:54Z,108767400143329,994
2026-09-10T18:23:54Z,108843562394237,1176
2026-09-10T18:23:54Z,109129552698918,920
2026-09-10T18:23:54Z,109167932163747,1285
2026-09-10T18:23:54Z,109170650911069,1807
2026-09-10T18:23:54Z,109258067111533,2751
2026-09-10T18:23:54Z,109397169461300,4030
2026-09-10T18:23:54Z,109509029034984,4262
2026-09-10T18:23:54Z,109509628648368,537
2026-09-10T18:23:54Z,109629391874197,671
2026-09-10T18:23:54Z,109686116036889,924
2026-09-10T18:23:54Z,109694820409483,2867
2026-09-10T18:23:54Z,109715918987082,933
2026-09-10T18:23:54Z,109881277752094,2157
2026-09-10T18:23:54Z,109983668079237,90651
2026-09-10T18:23:54Z,110175021189594,6256
2026-09-10T18:23:54Z,110283655701247,1005
2026-09-10T18:23:54Z,110334393584385,666
2026-09-10T18:23:54Z,110373292461174,609
2026-09-10T18:23:54Z,110470672231288,1028
2026-09-10T18:23:54Z,110570058234582,1305
2026-09-10T18:23:54Z,110627433764494,2514
2026-09-10T18:23:54Z,110668201954727,2615
2026-09-10T18:23:54Z,110677803091411,704
2026-09-10T18:23:54Z,110793563946846,1060
2026-09-10T18:23:54Z,110806816173057,1771
2026-09-10T18:23:54Z,110808833601416,658
2026-09-10T18:23:54Z,110829983956014,6000
2026-09-10T18:23:54Z,111063058742520,6925
2026-09-10T18:23:54Z,111262527555232,3343
2026-09-10T18:23:54Z,111363135577981,1571
2026-09-10T18:23:54Z,111403197324514,1644
2026-09-10T18:23:54Z,111421220771064,657
2026-09-10T18:23:54Z,111442376436641,1356
2026-09-10T18:23:54Z,111779414681728,869
2026-09-10T18:23:54Z,111835260646713,2634
2026-09-10T18:23:54Z,111862336710239,638
2026-09-10T18:23:54Z,111894976456494,4606
2026-09-10T18:23:54Z,111989938562194,1829
2026-09-10T18:23:54Z,112107733863518,508
2026-09-10T18:23:54Z,112114621008524,507
2026-09-10T18:23:54Z,112171352246014,3774
2026-09-10T18:23:54Z,112226578490421,1465
2026-09-10T18:23:54Z,112233638491976,2641
2026-09-10T18:23:54Z,112413741511713,2187
2026-09-10T18:23:54Z,112490729816320,587
2026-09-10T18:23:54Z,112531085636442,1965
2026-09-10T18:23:54Z,112619156837009,2421
2026-09-10T18:23:54Z,112626674737178,3260
2026-09-10T18:23:54Z,112641748896693,3070
2026-09-10T18:23:54Z,112731528776884,10011
2026-09-10T18:23:54Z,112757576021097,553
2026-09-10T18:23:54Z,112781315318195,10012
2026-09-10T18:23:54Z,112796336189704,1987
2026-09-10T18:23:54Z,112816993332059,955
2026-09-10T18:23:54Z,112838150455902,3614
2026-09-10T18:23:54Z,112851296174239,526
2026-09-10T18:23:54Z,112857282410969,1380
2026-09-10T18:23:54Z,112966546347918,3384
2026-09-10T18:23:54Z,113099333239841,4950
2026-09-10T18:23:54Z,113232329524315,3885
2026-09-10T18:23:54Z,113290951185459,24763
2026-09-10T18:23:54Z,113323927469374,3427
2026-09-10T18:23:54Z,113385048266134,979
2026-09-10T18:23:54Z,113385977463481,1851
2026-09-10T18:23:54Z,113392430358155,1169
2026-09-10T18:23:54Z,113457460682474,2040
2026-09-10T18:23:54Z,113481077323469,12253
2026-09-10T18:23:54Z,113506071094099,7215
2026-09-10T18:23:54Z,113581963143008,1086
2026-09-10T18:23:54Z,113604074601559,654
2026-09-10T18:23:54Z,113745337705295,3278
2026-09-10T18:23:54Z,113987393426315,3908
2026-09-10T18:23:54Z,114122724051462,2186
2026-09-10T18:23:54Z,114204398207377,4530
2026-09-10T18:23:54Z,114234929420007,12349
2026-09-10T18:23:54Z,114357963370524,1271
2026-09-10T18:23:54Z,114381378262504,2254
2026-09-10T18:23:54Z,114501358617756,2607
2026-09-10T18:23:54Z,114537828794341,567
2026-09-10T18:23:54Z,114640202062357,630
2026-09-10T18:23:54Z,114697347887839,34917
2026-09-10T18:23:54Z,114786176505608,566
2026-09-10T18:23:54Z,114861592677288,3362
2026-09-10T18:23:54Z,115035699922620,2608
2026-09-10T18:23:54Z,115092911061119,1383
2026-09-10T18:23:54Z,115286378269814,723
2026-09-10T18:23:54Z,115618367729321,1269
2026-09-10T18:23:54Z,115620466946909,943
2026-09-10T18:23:54Z,115681808123944,4773
2026-09-10T18:23:54Z,116058355775210,1297
2026-09-10T18:23:54Z,116070952245255,6159
2026-09-10T18:23:54Z,116113866980358,991
2026-09-10T18:23:54Z,116223724643557,540
2026-09-10T18:23:54Z,116495829188952,11116
2026-09-10T18:23:54Z,116497287371701,14427
2026-09-10T18:23:54Z,116501341774429,1244
2026-09-10T18:23:54Z,117180001724009,723
2026-09-10T18:23:54Z,117533937949084,6891
2026-09-10T18:23:54Z,117539213094671,1817
2026-09-10T18:23:54Z,117713779364528,7725
2026-09-10T18:23:54Z,117752943664280,1859
2026-09-10T18:23:54Z,117868278782684,2926
2026-09-10T18:23:54Z,118055952211055,1088
2026-09-10T18:23:54Z,118198615964701,539
2026-09-10T18:23:54Z,118367369949006,4377
2026-09-10T18:23:54Z,118418618261207,19287
2026-09-10T18:23:54Z,118447215156914,1584
2026-09-10T18:23:54Z,118576822282213,2782
2026-09-10T18:23:54Z,118608618152057,1732
2026-09-10T18:23:54Z,118637423917462,867
2026-09-10T18:23:54Z,118806061296143,1126
2026-09-10T18:23:54Z,118889111240517,1523
2026-09-10T18:23:54Z,118891884735667,626
2026-09-10T18:23:54Z,118952094447715,598
2026-09-10T18:23:54Z,118973301158777,3871
2026-09-10T18:23:54Z,119004860768199,4120
2026-09-10T18:23:54Z,119031147890918,1399
2026-09-10T18:23:54Z,119048529960596,9996
2026-09-10T18:23:54Z,119068914321553,5405
2026-09-10T18:23:54Z,119168493101362,6387
2026-09-10T18:23:54Z,119209026892378,598
2026-09-10T18:23:54Z,119271610514030,1308
2026-09-10T18:23:54Z,119355263204054,2335
2026-09-10T18:23:54Z,119405710070223,510
2026-09-10T18:23:54Z,119427438574114,1899
2026-09-10T18:23:54Z,119455737640001,1868
2026-09-10T18:23:54Z,119473104067789,1009
2026-09-10T18:23:54Z,119579217517090,2610
2026-09-10T18:23:54Z,119609933650338,724
2026-09-10T18:23:54Z,119741101026672,618
2026-09-10T18:23:54Z,119789365111500,3947
2026-09-10T18:23:54Z,119822977170203,2802
2026-09-10T18:23:54Z,119987266683883,722
2026-09-10T18:23:54Z,120014184236770,610
2026-09-10T18:23:54Z,120135584963579,3214
2026-09-10T18:23:54Z,120140631282295,749
2026-09-10T18:23:54Z,120154566897536,633
2026-09-10T18:23:54Z,120189115846709,1845
2026-09-10T18:23:54Z,120217704230083,897
2026-09-10T18:23:54Z,120299070926116,1237
2026-09-10T18:23:54Z,120398694613042,577
2026-09-10T18:23:54Z,120450743769548,690
2026-09-10T18:23:54Z,120546894379169,1069
2026-09-10T18:23:54Z,120700541929930,17977
2026-09-10T18:23:54Z,120704669141193,2283
2026-09-10T18:23:54Z,120766736586332,733
2026-09-10T18:23:54Z,120790217521707,747
2026-09-10T18:23:54Z,120841752776030,2149
2026-09-10T18:23:54Z,120851538706364,12947
2026-09-10T18:23:54Z,120922552721050,554
2026-09-10T18:23:54Z,120944686522212,514
2026-09-10T18:23:54Z,121268060261990,2987
2026-09-10T18:23:54Z,121461214257813,1480
2026-09-10T18:23:54Z,121766265831153,582
2026-09-10T18:23:54Z,121781732399469,2947
2026-09-10T18:23:54Z,121864768012064,96481
2026-09-10T18:23:54Z,121903154323395,559
2026-09-10T18:23:54Z,122093998639862,1709
2026-09-10T18:23:54Z,122245938604556,24389
2026-09-10T18:23:54Z,122283068696619,505
2026-09-10T18:23:54Z,122433454504469,745
2026-09-10T18:23:54Z,122446657157717,8453
2026-09-10T18:23:54Z,122454884469606,945
2026-09-10T18:23:54Z,122485613019196,12430
2026-09-10T18:23:54Z,122507029092776,13198
2026-09-10T18:23:54Z,122553263569744,2293
2026-09-10T18:23:54Z,122572082932179,16239
2026-09-10T18:23:54Z,122606989565107,4576
2026-09-10T18:23:54Z,122700472919801,1413
2026-09-10T18:23:54Z,122720857080780,1059
2026-09-10T18:23:54Z,122902171482835,565
2026-09-10T18:23:54Z,122951224417794,2802
2026-09-10T18:23:54Z,123258797415953,1022
2026-09-10T18:23:54Z,123468479998097,737
2026-09-10T18:23:54Z,123557829667240,697
2026-09-10T18:23:54Z,123577181610172,702
2026-09-10T18:23:54Z,123581964009368,748
2026-09-10T18:23:54Z,123618551531903,531
2026-09-10T18:23:54Z,123698673940079,4923
2026-09-10T18:23:54Z,123724279728430,8586
2026-09-10T18:23:54Z,123785180486774,558
2026-09-10T18:23:54Z,123847390309161,13385
2026-09-10T18:23:54Z,123921593837160,4630
2026-09-10T18:23:54Z,124027312895188,2281
2026-09-10T18:23:54Z,124157596473184,593
2026-09-10T18:23:54Z,124293095895786,8776
2026-09-10T18:23:54Z,124311897657957,670
2026-09-10T18:23:54Z,124338404742585,4003
2026-09-10T18:23:54Z,124374448373637,593
2026-09-10T18:23:54Z,124389216346675,4299
2026-09-10T18:23:54Z,124396690804338,835
2026-09-10T18:23:54Z,124473577469410,906
2026-09-10T18:23:54Z,124675142564227,1437
2026-09-10T18:23:54Z,124729731716967,1818
2026-09-10T18:23:54Z,124740268654741,1493
2026-09-10T18:23:54Z,124757309017950,527
2026-09-10T18:23:54Z,124761153798409,8376
2026-09-10T18:23:54Z,124842176624983,625
2026-09-10T18:23:54Z,124853293317687,1157
2026-09-10T18:23:54Z,124943244212764,725
2026-09-10T18:23:54Z,125039473548047,10766
2026-09-10T18:23:54Z,125299131646017,732
2026-09-10T18:23:54Z,125306084071551,4862
2026-09-10T18:23:54Z,125488740127641,2373
2026-09-10T18:23:54Z,125496078313264,4051
2026-09-10T18:23:54Z,125810438250765,1265
2026-09-10T18:23:54Z,125823964467491,585
2026-09-10T18:23:54Z,125927821145949,4007
2026-09-10T18:23:54Z,126016859830524,6150
2026-09-10T18:23:54Z,126171938168748,712
2026-09-10T18:23:54Z,126330684723008,622
2026-09-10T18:23:54Z,126639935515772,606
2026-09-10T18:23:54Z,126815230666914,3190
2026-09-10T18:23:54Z,126857641130765,1327
2026-09-10T18:23:54Z,126870639873289,33725
2026-09-10T18:23:54Z,126884695634066,19587
2026-09-10T18:23:54Z,126922689754590,1004
2026-09-10T18:23:54Z,126987974021910,34740
2026-09-10T18:23:54Z,127078880769763,1798
2026-09-10T18:23:54Z,127089247654125,3012
2026-09-10T18:23:54Z,127099886596040,1084
2026-09-10T18:23:54Z,127103413498148,2962
2026-09-10T18:23:54Z,127152805777886,1390
2026-09-10T18:23:54Z,127177791789316,742
2026-09-10T18:23:54Z,127332613700317,1334
2026-09-10T18:23:54Z,127377897541228,1430
2026-09-10T18:23:54Z,127380660530951,4558
2026-09-10T18:23:54Z,127403135954624,4337
2026-09-10T18:23:54Z,127415661078736,720
2026-09-10T18:23:54Z,127475054933484,1919
2026-09-10T18:23:54Z,127634932179327,3466
2026-09-10T18:23:54Z,127737908858963,1139
2026-09-10T18:23:54Z,127742093697776,1720
2026-09-10T18:23:54Z,127775478639865,3149
2026-09-10T18:23:54Z,127994242634536,41969
2026-09-10T18:23:54Z,127995006069066,573
2026-09-10T18:23:54Z,128039018996175,2431
2026-09-10T18:23:54Z,128119795963270,5564
2026-09-10T18:23:54Z,128263975853774,4406
2026-09-10T18:23:54Z,128329680321338,3099
2026-09-10T18:23:54Z,128448883585036,5872
2026-09-10T18:23:54Z,128451689942376,6193
2026-09-10T18:23:54Z,128662368175518,1627
2026-09-10T18:23:54Z,128682909569625,634
2026-09-10T18:23:54Z,128718867767713,1032
2026-09-10T18:23:54Z,128736949265057,15616
2026-09-10T18:23:54Z,128784467030899,12139
2026-09-10T18:23:54Z,128931272139211,1725
2026-09-10T18:23:54Z,129003441529549,1280
2026-09-10T18:23:54Z,129096378231329,6941
2026-09-10T18:23:54Z,129163919591388,773
2026-09-10T18:23:54Z,129253568870286,5001
2026-09-10T18:23:54Z,129279692364812,3345
2026-09-10T18:23:54Z,129305872972839,1593
2026-09-10T18:23:54Z,129692563688057,923
2026-09-10T18:23:54Z,129768092435314,5736
2026-09-10T18:23:54Z,129784419746425,1477
2026-09-10T18:23:54Z,129827112113663,3234
2026-09-10T18:23:54Z,129827535941999,1264
2026-09-10T18:23:54Z,129839966867899,860
2026-09-10T18:23:54Z,129866685202296,543
2026-09-10T18:23:54Z,129907317028750,1957
2026-09-10T18:23:54Z,129932912185311,2242
2026-09-10T18:23:54Z,129938700249638,868
2026-09-10T18:23:54Z,129972079094718,3733
2026-09-10T18:23:54Z,130222697019939,1629
2026-09-10T18:23:54Z,130253630950453,788
2026-09-10T18:23:54Z,130404059693601,5425
2026-09-10T18:23:54Z,130496219537579,728
2026-09-10T18:23:54Z,130565641176498,1362
2026-09-10T18:23:54Z,130641102725850,6364
2026-09-10T18:23:54Z,130700367963690,667
2026-09-10T18:23:54Z,130739873848552,4446
2026-09-10T18:23:54Z,130782443587508,1498
2026-09-10T18:23:54Z,130929507719087,792
2026-09-10T18:23:54Z,130960835358983,2840
2026-09-10T18:23:54Z,131068932321596,1461
2026-09-10T18:23:54Z,131103239963274,974
2026-09-10T18:23:54Z,131117978948830,2349
2026-09-10T18:23:54Z,131234167969699,636
2026-09-10T18:23:54Z,131346454575416,10219
2026-09-10T18:23:54Z,131367064230486,957
2026-09-10T18:23:54Z,131378148336503,2669
2026-09-10T18:23:54Z,131479356121251,7745
2026-09-10T18:23:54Z,131572543049913,1504
2026-09-10T18:23:54Z,131623223084840,4033
2026-09-10T18:23:54Z,131667667758514,1028
2026-09-10T18:23:54Z,131776241538171,683
2026-09-10T18:23:54Z,131906518201863,1250
2026-09-10T18:23:54Z,131910189515331,1911
2026-09-10T18:23:54Z,132016691802922,725
2026-09-10T18:23:54Z,132046904416072,1197
2026-09-10T18:23:54Z,132173349090360,5856
2026-09-10T18:23:54Z,132239307080610,753
2026-09-10T18:23:54Z,132287558697665,987
2026-09-10T18:23:54Z,132352755769957,6259
2026-09-10T18:23:54Z,132448451193552,546
2026-09-10T18:23:54Z,132499927511859,1246
2026-09-10T18:23:54Z,132586479415502,2243
2026-09-10T18:23:54Z,132640332499066,542
2026-09-10T18:23:54Z,132678066262863,703
2026-09-10T18:23:54Z,132768098780837,2565
2026-09-10T18:23:54Z,133007106457547,1121
2026-09-10T18:23:54Z,133188236593503,4333
2026-09-10T18:23:54Z,133203197541113,3658
2026-09-10T18:23:54Z,133294838637122,16126
2026-09-10T18:23:54Z,133341016381877,2630
2026-09-10T18:23:54Z,133379826754141,741
2026-09-10T18:23:54Z,133585162751824,5061
2026-09-10T18:23:54Z,133609054222738,815
2026-09-10T18:23:54Z,133687999931943,1196
2026-09-10T18:23:54Z,133719960214587,1354
2026-09-10T18:23:54Z,133872233697203,693
2026-09-10T18:23:54Z,133943904733338,3970
2026-09-10T18:23:54Z,133968315607063,969
2026-09-10T18:23:54Z,134162299584012,4179
2026-09-10T18:23:54Z,134208374070897,7597
2026-09-10T18:23:54Z,134361906638337,3311
2026-09-10T18:23:54Z,134363641369914,2043
2026-09-10T18:23:54Z,134381727982611,5125
2026-09-10T18:23:54Z,134424372433341,1341
2026-09-10T18:23:54Z,134619004688066,1939
2026-09-10T18:23:54Z,134707983960541,1938
2026-09-10T18:23:54Z,134719268825886,6657
2026-09-10T18:23:54Z,134750290201751,937
2026-09-10T18:23:54Z,134750648450964,795
2026-09-10T18:23:54Z,134807373415131,2069
2026-09-10T18:23:54Z,135000370479961,787
2026-09-10T18:23:54Z,135038773889079,596
2026-09-10T18:23:54Z,135155039067698,6001
2026-09-10T18:23:54Z,135193469413243,6213
2026-09-10T18:23:54Z,135392317269737,528
2026-09-10T18:23:54Z,135678396831347,608
2026-09-10T18:23:54Z,135717153770519,4230
2026-09-10T18:23:54Z,135729108619936,602
2026-09-10T18:23:54Z,135757618941587,1354
2026-09-10T18:23:54Z,135856908115931,43549
2026-09-10T18:23:54Z,136020512003847,22878
2026-09-10T18:23:54Z,136107936984073,1581
2026-09-10T18:23:54Z,136162036182779,1446
2026-09-10T18:23:54Z,136372246050123,2509
2026-09-10T18:23:54Z,136404558442020,1626
2026-09-10T18:23:54Z,136431686349723,654
2026-09-10T18:23:54Z,136533956395153,2833
2026-09-10T18:23:54Z,136764190843219,1333
2026-09-10T18:23:54Z,136801880565837,2587
2026-09-10T18:23:54Z,136822524519115,858
2026-09-10T18:23:54Z,136919941417380,584
2026-09-10T18:23:54Z,136990058242546,1178
2026-09-10T18:23:54Z,137069154816703,649
2026-09-10T18:23:54Z,137228775845999,12350
2026-09-10T18:23:54Z,137233438285284,6714
2026-09-10T18:23:54Z,137287903930382,845
2026-09-10T18:23:54Z,137370015275609,1408
2026-09-10T18:23:54Z,137373587493425,674
2026-09-10T18:23:54Z,137533474840546,708
2026-09-10T18:23:54Z,137541498231955,2039
2026-09-10T18:23:54Z,137826330724902,4726
2026-09-10T18:23:54Z,137925884276740,6171
2026-09-10T18:23:54Z,138182400257397,817
2026-09-10T18:23:54Z,138205182571367,3485
2026-09-10T18:23:54Z,138363592957250,6882
2026-09-10T18:23:54Z,138381251771774,1647
2026-09-10T18:23:54Z,138432670504218,2729
2026-09-10T18:23:54Z,138486812747835,2295
2026-09-10T18:23:54Z,138837502355157,1231
2026-09-10T18:23:54Z,139063887391814,1918
2026-09-10T18:23:54Z,139360679647453,1454
2026-09-10T18:23:54Z,139488437793833,1186
2026-09-10T18:23:54Z,139489585993138,593
2026-09-10T18:23:54Z,139506321380888,2977
2026-09-10T18:23:54Z,139546619723000,2217
2026-09-10T18:23:54Z,139589080661680,592
2026-09-10T18:23:54Z,139598620873181,660
2026-09-10T18:23:54Z,139617346573330,938
2026-09-10T18:23:54Z,139766023909499,1089
2026-09-10T18:23:54Z,139874182509202,669
2026-09-10T18:23:54Z,139988436996662,865
2026-09-10T18:23:54Z,139995416758538,1333
2026-09-10T18:23:54Z,140033502516293,638
2026-09-10T18:23:54Z,140063367098641,754
2026-09-10T18:23:54Z,140302982046391,1652
2026-09-10T18:23:54Z,140317247681516,1025
2026-09-10T18:23:54Z,140374914197602,2936
2026-09-10T18:23:54Z,140409475718339,1243
2026-09-10T18:23:54Z,140417239274110,2249
2026-09-10T18:23:54Z,140424985545402,1612
2026-09-10T18:23:54Z,140462309938712,1518
2026-09-10T18:23:54Z,140477643689375,715
2026-09-10T18:23:54Z,140481779622210,1542
2026-09-10T18:57:27Z,189707,8086
2026-09-10T18:57:27Z,192800,4879
2026-09-10T18:57:27Z,13822889,1692
2026-09-10T18:57:27Z,20321167,4772
2026-09-10T18:57:27Z,21532277,3510
2026-09-10T18:57:27Z,31490825,1109
2026-09-10T18:57:27Z,69184822,5448
2026-09-10T18:57:27Z,71315343,1261
2026-09-10T18:57:27Z,121748721,575
2026-09-10T18:57:27Z,137877687,589
2026-09-10T18:57:27Z,142823291,278904
2026-09-10T18:57:27Z,155382109,1120
2026-09-10T18:57:27Z,155615604,6953
2026-09-10T18:57:27Z,163501479,874
2026-09-10T18:57:27Z,166731267,1437
2026-09-10T18:57:27Z,166986752,3702
2026-09-10T18:57:27Z,174238106,550
2026-09-10T18:57:27Z,183364845,1227
2026-09-10T18:57:27Z,185655149,14165
2026-09-10T18:57:27Z,205224386,2471
2026-09-10T18:57:27Z,221718525,646
2026-09-10T18:57:27Z,263761432,1544
2026-09-10T18:57:27Z,277751860,2306
2026-09-10T18:57:27Z,286090429,3083
2026-09-10T18:57:27Z,292439477,2321
2026-09-10T18:57:27Z,292628125,613
2026-09-10T18:57:27Z,301549746,1320
2026-09-10T18:57:27Z,328028363,624
2026-09-10T18:57:27Z,335760407,590
2026-09-10T18:57:27Z,373513488,657
2026-09-10T18:57:27Z,443406476,780
2026-09-10T18:57:27Z,537413528,14336
2026-09-10T18:57:27Z,574407221,712
2026-09-10T18:57:27Z,606849621,7545
2026-09-10T18:57:27Z,654732683,3074
2026-09-10T18:57:27Z,662417684,591
2026-09-10T18:57:27Z,696347899,868
2026-09-10T18:57:27Z,735030788,6055
2026-09-10T18:57:27Z,815405518,2598
2026-09-10T18:57:27Z,863266079,1029
2026-09-10T18:57:27Z,891539556,849
2026-09-10T18:57:27Z,891852901,5601
2026-09-10T18:57:27Z,893973440,29375
2026-09-10T18:57:27Z,914010731,560
2026-09-10T18:57:27Z,920587237,133050
2026-09-10T18:57:27Z,1128650291,1717
2026-09-10T18:57:27Z,1185902301,640
2026-09-10T18:57:27Z,1324061305,670
2026-09-10T18:57:27Z,1343871267,1201
2026-09-10T18:57:27Z,1365404657,3639
2026-09-10T18:57:27Z,1458767429,4974
2026-09-10T18:57:27Z,1537690962,20438
2026-09-10T18:57:27Z,1554960397,2139
2026-09-10T18:57:27Z,1588965415,2146
2026-09-10T18:57:27Z,1730877806,18478
2026-09-10T18:57:27Z,1962086868,49396
2026-09-10T18:57:27Z,2057751924,517
2026-09-10T18:57:27Z,2166944189,1144
2026-09-10T18:57:27Z,2210085102,577
2026-09-10T18:57:27Z,2317712696,1100
2026-09-10T18:57:27Z,2338325648,1466
2026-09-10T18:57:27Z,2376885433,687
2026-09-10T18:57:27Z,2418863943,3140
2026-09-10T18:57:27Z,2474168535,775
2026-09-10T18:57:27Z,2512643572,2765
2026-09-10T18:57:27Z,2534724415,5860
2026-09-10T18:57:27Z,2537430692,824
2026-09-10T18:57:27Z,2551991523,3758
2026-09-10T18:57:27Z,2569453732,1381
2026-09-10T18:57:27Z,2650582631,674
2026-09-10T18:57:27Z,2693023319,2678
2026-09-10T18:57:27Z,2727067538,1273
2026-09-10T18:57:27Z,2753915549,311824
2026-09-10T18:57:27Z,2768379856,6066
2026-09-10T18:57:27Z,2772610559,2568
2026-09-10T18:57:27Z,2778230703,522
2026-09-10T18:57:27Z,2788229376,2005
2026-09-10T18:57:27Z,2809202155,2819
2026-09-10T18:57:27Z,2830250344,737
2026-09-10T18:57:27Z,2913303231,1085
2026-09-10T18:57:27Z,2916899287,4665
2026-09-10T18:57:27Z,2968914904,1399
2026-09-10T18:57:27Z,3016661674,772
2026-09-10T18:57:27Z,3025990139,710
2026-09-10T18:57:27Z,3214114884,665
2026-09-10T18:57:27Z,3226555017,840
2026-09-10T18:57:27Z,3242417672,2078
2026-09-10T18:57:27Z,3260590327,10772
2026-09-10T18:57:27Z,3261957210,925
2026-09-10T18:57:27Z,3272915504,509
2026-09-10T18:57:27Z,3339374541,879
2026-09-10T18:57:27Z,3351674303,29391
2026-09-10T18:57:27Z,3398014311,1765
2026-09-10T18:57:27Z,3457390032,1163
2026-09-10T18:57:27Z,3475397644,7895
2026-09-10T18:57:27Z,3623096087,8518
2026-09-10T18:57:27Z,3631820248,1851
2026-09-10T18:57:27Z,3663340706,6092
2026-09-10T18:57:27Z,3678761576,4332
2026-09-10T18:57:27Z,3823781113,1851
2026-09-10T18:57:27Z,3837864717,922
2026-09-10T18:57:27Z,3851622790,2074
2026-09-10T18:57:27Z,3891618314,2233
2026-09-10T18:57:27Z,3956818381,643
2026-09-10T18:57:27Z,4104106043,1106
2026-09-10T18:57:27Z,4110892437,571
2026-09-10T18:57:27Z,4111023553,3980
2026-09-10T18:57:27Z,4282985734,1773
2026-09-10T18:57:27Z,4299508195,3227
2026-09-10T18:57:27Z,4448566543,1530
2026-09-10T18:57:27Z,4480809144,1918
2026-09-10T18:57:27Z,4520749081,4792
2026-09-10T18:57:27Z,4522347649,942
2026-09-10T18:57:27Z,4566572536,1400
2026-09-10T18:57:27Z,4580204640,3708
2026-09-10T18:57:27Z,4588604953,1728
2026-09-10T18:57:27Z,4616652839,4726
2026-09-10T18:57:27Z,4623386862,5090
2026-09-10T18:57:27Z,4637668954,3619
2026-09-10T18:57:27Z,4639625707,8785
2026-09-10T18:57:27Z,4640354700,726
2026-09-10T18:57:27Z,4646477729,1124
2026-09-10T18:57:27Z,4796443083,901
2026-09-10T18:57:27Z,4830581890,1016
2026-09-10T18:57:27Z,4832438542,1648
2026-09-10T18:57:27Z,4850533156,1215
2026-09-10T18:57:27Z,4850588087,3182
2026-09-10T18:57:27Z,4855457388,816
2026-09-10T18:57:27Z,4872321990,637
2026-09-10T18:57:27Z,4889315193,2856
2026-09-10T18:57:27Z,4924922222,386308
2026-09-10T18:57:27Z,4954096313,1301
2026-09-10T18:57:27Z,4954512662,1091
2026-09-10T18:57:27Z,4954752502,688
2026-09-10T18:57:27Z,4972091010,551
2026-09-10T18:57:27Z,4972273297,1816
2026-09-10T18:57:27Z,4991214437,679
2026-09-10T18:57:27Z,4992570197,889
2026-09-10T18:57:27Z,4996049426,5765
2026-09-10T18:57:27Z,5041144419,2477
2026-09-10T18:57:27Z,5044920251,502
2026-09-10T18:57:27Z,5062619730,653
2026-09-10T18:57:27Z,5104202731,693
2026-09-10T18:57:27Z,5118969548,3104
2026-09-10T18:57:27Z,5130598377,936
2026-09-10T18:57:27Z,5140123832,676
2026-09-10T18:57:27Z,5152425034,1671
2026-09-10T18:57:27Z,5154858502,742
2026-09-10T18:57:27Z,5171093784,2028
2026-09-10T18:57:27Z,5171347293,1878
2026-09-10T18:57:27Z,5233782396,25221
2026-09-10T18:57:27Z,5244411056,2155
2026-09-10T18:57:27Z,5286116071,890
2026-09-10T18:57:27Z,5289509545,11938
2026-09-10T18:57:27Z,5342047554,742
2026-09-10T18:57:27Z,5343994291,664
2026-09-10T18:57:27Z,5391778736,542
2026-09-10T18:57:27Z,5407396567,670
2026-09-10T18:57:27Z,5496455308,3187
2026-09-10T18:57:27Z,5571328985,2104
2026-09-10T18:57:27Z,5593925613,2382
2026-09-10T18:57:27Z,5670218884,2098
2026-09-10T18:57:27Z,5671985295,2603
2026-09-10T18:57:27Z,5683833663,2075
2026-09-10T18:57:27Z,5702593762,1832
2026-09-10T18:57:27Z,5708035517,1150
2026-09-10T18:57:27Z,5712833750,2831
2026-09-10T18:57:27Z,5777099015,1875
2026-09-10T18:57:27Z,5829141886,3063
2026-09-10T18:57:27Z,5846386835,668
2026-09-10T18:57:27Z,5856880701,1736
2026-09-10T18:57:27Z,5865858426,2194
2026-09-10T18:57:27Z,5901440255,2006
2026-09-10T18:57:27Z,5926001758,1427
2026-09-10T18:57:27Z,5956785391,549
2026-09-10T18:57:27Z,5976159288,1050
2026-09-10T18:57:27Z,5984006660,1288
2026-09-10T18:57:27Z,5985232436,2652
2026-09-10T18:57:27Z,6000468131,784
2026-09-10T18:57:27Z,6011940308,681
2026-09-10T18:57:27Z,6020247720,2133
2026-09-10T18:57:27Z,6066404016,507
2026-09-10T18:57:27Z,6104994594,1664
2026-09-10T18:57:27Z,6128441278,700
2026-09-10T18:57:27Z,6132958612,1062
2026-09-10T18:57:27Z,6137321701,1200
2026-09-10T18:57:27Z,6153766069,1924
2026-09-10T18:57:27Z,6161235818,1752
2026-09-10T18:57:27Z,6205205961,6701
2026-09-10T18:57:27Z,6243699076,2646
2026-09-10T18:57:27Z,6263431107,2116
2026-09-10T18:57:27Z,6270290407,1632
2026-09-10T18:57:27Z,6284583030,749
2026-09-10T18:57:27Z,6299805723,1375
2026-09-10T18:57:27Z,6305582775,721
2026-09-10T18:57:27Z,6349094071,1257
2026-09-10T18:57:27Z,6358567974,8086
2026-09-10T18:57:27Z,6366329104,2792
2026-09-10T18:57:27Z,6377740507,2231
2026-09-10T18:57:27Z,6382584061,2247
2026-09-10T18:57:27Z,6403373529,8125
2026-09-10T18:57:27Z,6442957604,623
2026-09-10T18:57:27Z,6445435958,874
2026-09-10T18:57:27Z,6447798030,2155
2026-09-10T18:57:27Z,6507422231,4937
2026-09-10T18:57:27Z,6516141723,52388
2026-09-10T18:57:27Z,6520999642,1496
2026-09-10T18:57:27Z,6608498361,962
2026-09-10T18:57:27Z,6610021055,629
2026-09-10T18:57:27Z,6686932749,809
2026-09-10T18:57:27Z,6698800091,3301
2026-09-10T18:57:27Z,6700307184,565
2026-09-10T18:57:27Z,6717367660,957
2026-09-10T18:57:27Z,6727915552,734
2026-09-10T18:57:27Z,6735572261,508
2026-09-10T18:57:27Z,6737970321,2789
2026-09-10T18:57:27Z,6766156863,998
2026-09-10T18:57:27Z,6804602922,2654
2026-09-10T18:57:27Z,6816975827,3248
2026-09-10T18:57:27Z,6872265039,17800
2026-09-10T18:57:27Z,6875747014,3157
2026-09-10T18:57:27Z,6884319169,2568
2026-09-10T18:57:27Z,6888253864,553
2026-09-10T18:57:27Z,6911148748,1437
2026-09-10T18:57:27Z,6915976310,1932
2026-09-10T18:57:27Z,6918802270,1722
2026-09-10T18:57:27Z,6924758805,1428
2026-09-10T18:57:27Z,6934310111,1583
2026-09-10T18:57:27Z,6939111033,1690
2026-09-10T18:57:27Z,6961824067,32355
2026-09-10T18:57:27Z,6989310863,4467
2026-09-10T18:57:27Z,7041939546,59567
2026-09-10T18:57:27Z,7071444234,833
2026-09-10T18:57:27Z,7074772062,1892
2026-09-10T18:57:27Z,7117492592,3102
2026-09-10T18:57:27Z,7138009149,1027
2026-09-10T18:57:27Z,7171174521,6400
2026-09-10T18:57:27Z,7180042682,2893
2026-09-10T18:57:27Z,7239319209,535
2026-09-10T18:57:27Z,7241858214,2718
2026-09-10T18:57:27Z,7243409883,4381
2026-09-10T18:57:27Z,7305309231,10446
2026-09-10T18:57:27Z,7336302630,2128
2026-09-10T18:57:27Z,7367863399,1103
2026-09-10T18:57:27Z,7491927311,693
2026-09-10T18:57:27Z,7554888362,20645
2026-09-10T18:57:27Z,7577961216,3392
2026-09-10T18:57:27Z,7605357829,2309
2026-09-10T18:57:27Z,7606564092,561
2026-09-10T18:57:27Z,7670825572,2724
2026-09-10T18:57:27Z,7711635737,15885
2026-09-10T18:57:27Z,7772810845,1697
2026-09-10T18:57:27Z,7784286514,656
2026-09-10T18:57:27Z,7871169780,2621
2026-09-10T18:57:27Z,7896264844,1489
2026-09-10T18:57:27Z,7971857341,6974
2026-09-10T18:57:27Z,7991339063,6696
2026-09-10T18:57:27Z,8003084678,1689
2026-09-10T18:57:27Z,8034026074,1992
2026-09-10T18:57:27Z,8075399143,2332
2026-09-10T18:57:27Z,8087448382,686
2026-09-10T18:57:27Z,8096601114,1362
2026-09-10T18:57:27Z,8109476632,740
2026-09-10T18:57:27Z,8122612051,536
2026-09-10T18:57:27Z,8200787440,650
2026-09-10T18:57:27Z,8204899140,1635
2026-09-10T18:57:27Z,8246874626,2029
2026-09-10T18:57:27Z,8260276694,1930
2026-09-10T18:57:27Z,8265622251,967
2026-09-10T18:57:27Z,8286149869,646
2026-09-10T18:57:27Z,8317834514,3230
2026-09-10T18:57:27Z,8328351891,1887
2026-09-10T18:57:27Z,8356562067,657
2026-09-10T18:57:27Z,8369888266,3180
2026-09-10T18:57:27Z,8388259310,1101
2026-09-10T18:57:27Z,8416249767,1163
2026-09-10T18:57:27Z,8481844229,32982
2026-09-10T18:57:27Z,8534845015,922
2026-09-10T18:57:27Z,8540168650,906
2026-09-10T18:57:27Z,8542259458,1207
2026-09-10T18:57:27Z,8554378337,666
2026-09-10T18:57:27Z,8562822414,1308
2026-09-10T18:57:27Z,8571687919,758
2026-09-10T18:57:27Z,8617370639,1710
2026-09-10T18:57:27Z,8657766101,868
2026-09-10T18:57:27Z,8665470667,656
2026-09-10T18:57:27Z,8668536168,778
2026-09-10T18:57:27Z,8704997000,5253
2026-09-10T18:57:27Z,8712817601,13347
2026-09-10T18:57:27Z,8737602449,3266
2026-09-10T18:57:27Z,8737899170,68528
2026-09-10T18:57:27Z,8831256282,544
2026-09-10T18:57:27Z,8838701772,1156
2026-09-10T18:57:27Z,8840562096,608
2026-09-10T18:57:27Z,8867129986,809
2026-09-10T18:57:27Z,8884433153,3086
2026-09-10T18:57:27Z,8908228901,1315
2026-09-10T18:57:27Z,9049840490,2639
2026-09-10T18:57:27Z,9058310544,939
2026-09-10T18:57:27Z,9096881148,3925
2026-09-10T18:57:27Z,9099326192,1367
2026-09-10T18:57:27Z,9120716669,941
2026-09-10T18:57:27Z,9192423027,3577
2026-09-10T18:57:27Z,9224601490,2433
2026-09-10T18:57:27Z,9272528920,931
2026-09-10T18:57:27Z,9273658706,1237
2026-09-10T18:57:27Z,9281034297,601
2026-09-10T18:57:27Z,9346039031,726
2026-09-10T18:57:27Z,9372570969,758
2026-09-10T18:57:27Z,9391468976,130006
2026-09-10T18:57:27Z,9404223526,2216
2026-09-10T18:57:27Z,9414511685,2472
2026-09-10T18:57:27Z,9503261072,784
2026-09-10T18:57:27Z,9534337535,734
2026-09-10T18:57:27Z,9558986910,899
2026-09-10T18:57:27Z,9731376817,1484
2026-09-10T18:57:27Z,9772878203,591
2026-09-10T18:57:27Z,9788848685,1347
2026-09-10T18:57:27Z,9791603388,2643
2026-09-10T18:57:27Z,9872472334,28591
2026-09-10T18:57:27Z,9879422661,571
2026-09-10T18:57:27Z,9922455303,1324
2026-09-10T18:57:27Z,10082031223,1073
2026-09-10T18:57:27Z,10110568567,779
2026-09-10T18:57:27Z,10118504428,614
2026-09-10T18:57:27Z,10165583746,5317
2026-09-10T18:57:27Z,10179538382,1186
2026-09-10T18:57:27Z,10224049386,1952
2026-09-10T18:57:27Z,10228136016,723
2026-09-10T18:57:27Z,10253248401,3491
2026-09-10T18:57:27Z,10260193230,1382
2026-09-10T18:57:27Z,10272636261,1394
2026-09-10T18:57:27Z,10277607801,827
2026-09-10T18:57:27Z,10351562025,554
2026-09-10T18:57:27Z,10449761463,42816
2026-09-10T18:57:27Z,10450270085,1058
2026-09-10T18:57:27Z,10518166490,566
2026-09-10T18:57:27Z,10554647907,560
2026-09-10T18:57:27Z,10561456271,838
2026-09-10T18:57:27Z,10576142169,968
2026-09-10T18:57:27Z,10595058975,1629
2026-09-10T18:57:27Z,10660791703,1050
2026-09-10T18:57:27Z,10679239752,1412
2026-09-10T18:57:27Z,10696301650,877
2026-09-10T18:57:27Z,10704789056,897
2026-09-10T18:57:27Z,10726371567,1293
2026-09-10T18:57:27Z,10745043766,1161
2026-09-10T18:57:27Z,10760024537,513
2026-09-10T18:57:27Z,10834586502,2355
2026-09-10T18:57:27Z,10853515606,730
2026-09-10T18:57:27Z,10912405603,558
2026-09-10T18:57:27Z,10941514720,2001
2026-09-10T18:57:27Z,10959918411,1336
2026-09-10T18:57:27Z,11021288030,725
2026-09-10T18:57:27Z,11137575513,602
2026-09-10T18:57:27Z,11158043705,3790
2026-09-10T18:57:27Z,11232592166,984
2026-09-10T18:57:27Z,11273483795,1597
2026-09-10T18:57:27Z,11276071411,1840
2026-09-10T18:57:27Z,11364087119,1514
2026-09-10T18:57:27Z,11379739543,22047
2026-09-10T18:57:27Z,11392373641,2318
2026-09-10T18:57:27Z,11451679682,594
2026-09-10T18:57:27Z,11474405411,1378
2026-09-10T18:57:27Z,11541986592,527
2026-09-10T18:57:27Z,11653088948,839
2026-09-10T18:57:27Z,11684369582,1299
2026-09-10T18:57:27Z,11694307960,648
2026-09-10T18:57:27Z,11727501024,2169
2026-09-10T18:57:27Z,11729688377,911
2026-09-10T18:57:27Z,11765402359,3984
2026-09-10T18:57:27Z,11782774748,2720
2026-09-10T18:57:27Z,11815767793,2363
2026-09-10T18:57:27Z,11832484500,558
2026-09-10T18:57:27Z,11848247239,1239
2026-09-10T18:57:27Z,11862502039,2412
2026-09-10T18:57:27Z,11928087342,1595
2026-09-10T18:57:27Z,12018893069,589
2026-09-10T18:57:27Z,12076775711,783
2026-09-10T18:57:27Z,12077443856,540
2026-09-10T18:57:27Z,12090482034,1102
2026-09-10T18:57:27Z,12144402492,643
2026-09-10T18:57:27Z,12177325772,13427
2026-09-10T18:57:27Z,12262046571,1744
2026-09-10T18:57:27Z,12334109280,4699
2026-09-10T18:57:27Z,12338455185,2381
2026-09-10T18:57:27Z,12355337193,10858
2026-09-10T18:57:27Z,12397515839,2331
2026-09-10T18:57:27Z,12398038681,700
2026-09-10T18:57:27Z,12407250267,1892
2026-09-10T18:57:27Z,12411473842,1278
2026-09-10T18:57:27Z,12495498157,1180
2026-09-10T18:57:27Z,12550651382,957
2026-09-10T18:57:27Z,12593620250,3790
2026-09-10T18:57:27Z,12625784503,598
2026-09-10T18:57:27Z,12640491155,984
2026-09-10T18:57:27Z,12699642568,8641
2026-09-10T18:57:27Z,12716055617,2495
2026-09-10T18:57:27Z,12828227139,1899
2026-09-10T18:57:27Z,12847474373,920
2026-09-10T18:57:27Z,12912701243,948
2026-09-10T18:57:27Z,12912731475,3182
2026-09-10T18:57:27Z,12931609417,3480
2026-09-10T18:57:27Z,12981936705,627
2026-09-10T18:57:27Z,12985361032,7504
2026-09-10T18:57:27Z,12997619803,698
2026-09-10T18:57:27Z,13042495892,1129
2026-09-10T18:57:27Z,13076380114,6536
2026-09-10T18:57:27Z,13110267312,569
2026-09-10T18:57:27Z,13118814103,1559
2026-09-10T18:57:27Z,13127800756,1883
2026-09-10T18:57:27Z,13159565330,1713
2026-09-10T18:57:27Z,13166293021,2394
2026-09-10T18:57:27Z,13184713709,2430
2026-09-10T18:57:27Z,13189735542,992
2026-09-10T18:57:27Z,13358463560,539
2026-09-10T18:57:27Z,13379208636,11976
2026-09-10T18:57:27Z,13416197699,2193
2026-09-10T18:57:27Z,13429790955,1794
2026-09-10T18:57:27Z,13438553315,759
2026-09-10T18:57:27Z,13473615074,2482
2026-09-10T18:57:27Z,13482468151,4941
2026-09-10T18:57:27Z,13587601484,1661
2026-09-10T18:57:27Z,13600218266,8153
2026-09-10T18:57:27Z,13621938427,6541
2026-09-10T18:57:27Z,13664698400,3200
2026-09-10T18:57:27Z,13687899540,8376
2026-09-10T18:57:27Z,13718567207,1294
2026-09-10T18:57:27Z,13772394625,18672
2026-09-10T18:57:27Z,13775256536,3091
2026-09-10T18:57:27Z,13794093709,799
2026-09-10T18:57:27Z,13796645198,1614
2026-09-10T18:57:27Z,13822562292,3080
2026-09-10T18:57:27Z,13827198708,588
2026-09-10T18:57:27Z,13864661000,1634
2026-09-10T18:57:27Z,13955927965,2354
2026-09-10T18:57:27Z,13967668166,28035
2026-09-10T18:57:27Z,13999660589,3987
2026-09-10T18:57:27Z,14004668761,704
2026-09-10T18:57:27Z,14026026722,632
2026-09-10T18:57:27Z,14038329225,1033
2026-09-10T18:57:27Z,14044547200,2068
2026-09-10T18:57:27Z,14161770735,816
2026-09-10T18:57:27Z,14184086618,1333
2026-09-10T18:57:27Z,14212732626,1861
2026-09-10T18:57:27Z,14236925335,4414
2026-09-10T18:57:27Z,14237585680,922
2026-09-10T18:57:27Z,14238596528,4078
2026-09-10T18:57:27Z,14259168147,2073
2026-09-10T18:57:27Z,14259358984,572
2026-09-10T18:57:27Z,14279693118,1863
2026-09-10T18:57:27Z,14301835518,3964
2026-09-10T18:57:27Z,14313259147,1517
2026-09-10T18:57:27Z,14315258385,27888
2026-09-10T18:57:27Z,14337656835,648
2026-09-10T18:57:27Z,14350413280,1030
2026-09-10T18:57:27Z,14422394494,7156
2026-09-10T18:57:27Z,14437001043,1717
2026-09-10T18:57:27Z,14438406081,10413
2026-09-10T18:57:27Z,14451515684,1349
2026-09-10T18:57:27Z,14458936637,1463
2026-09-10T18:57:27Z,14475396559,931
2026-09-10T18:57:27Z,14475792710,738
2026-09-10T18:57:27Z,14518422161,702
2026-09-10T18:57:27Z,14564651437,2766
2026-09-10T18:57:27Z,14567590300,2346
2026-09-10T18:57:27Z,14569384529,512
2026-09-10T18:57:27Z,14581889272,692
2026-09-10T18:57:27Z,14608970270,8389
2026-09-10T18:57:27Z,14721282186,621
2026-09-10T18:57:27Z,14772802900,2029
2026-09-10T18:57:27Z,14776071100,875
2026-09-10T18:57:27Z,14787369036,1204
2026-09-10T18:57:27Z,14823220100,935
2026-09-10T18:57:27Z,14833592591,1371
2026-09-10T18:57:27Z,14835828495,1871
2026-09-10T18:57:27Z,14842128242,737
2026-09-10T18:57:27Z,14852797539,514
2026-09-10T18:57:27Z,14943334555,529
2026-09-10T18:57:27Z,14959543012,563
2026-09-10T18:57:27Z,15002061926,7405
2026-09-10T18:57:27Z,15027718878,1054
2026-09-10T18:57:27Z,15077422637,650
2026-09-10T18:57:27Z,15092647980,590
2026-09-10T18:57:27Z,15101393044,70150
2026-09-10T18:57:27Z,15111895255,1275
2026-09-10T18:57:27Z,15135285305,1008
2026-09-10T18:57:27Z,15198166649,1594
2026-09-10T18:57:27Z,15235397483,550
2026-09-10T18:57:27Z,15240723287,2981
2026-09-10T18:57:27Z,15269951959,3407
2026-09-10T18:57:27Z,15270182488,1257
2026-09-10T18:57:27Z,15282120493,519
2026-09-10T18:57:27Z,15288629078,1781
2026-09-10T18:57:27Z,15318113891,6291
2026-09-10T18:57:27Z,15352028692,741
2026-09-10T18:57:27Z,15446342241,567
2026-09-10T18:57:27Z,15507022415,1915
2026-09-10T18:57:27Z,15509312676,738
2026-09-10T18:57:27Z,15532962292,44476
2026-09-10T18:57:27Z,15546218972,1125
2026-09-10T18:57:27Z,15550215902,3408
2026-09-10T18:57:27Z,15560168390,1452
2026-09-10T18:57:27Z,15598056478,2034
2026-09-10T18:57:27Z,15654981113,1106
2026-09-10T18:57:27Z,15694891095,1672
2026-09-10T18:57:27Z,15696848933,2676
2026-09-10T18:57:27Z,15722706376,525
2026-09-10T18:57:27Z,15768329004,9439
2026-09-10T18:57:27Z,15781012611,541
2026-09-10T18:57:27Z,15784744207,2208
2026-09-10T18:57:27Z,15859503151,517
2026-09-10T18:57:27Z,15864327873,671
2026-09-10T18:57:27Z,15930174396,3914
2026-09-10T18:57:27Z,16039690331,1560
2026-09-10T18:57:27Z,16057679366,809
2026-09-10T18:57:27Z,16115051360,1106
2026-09-10T18:57:27Z,16116270224,21628
2026-09-10T18:57:27Z,16141640360,2457
2026-09-10T18:57:27Z,16141898262,1510
2026-09-10T18:57:27Z,16146832113,20395
2026-09-10T18:57:27Z,16154918775,2703
2026-09-10T18:57:27Z,16159871483,530
2026-09-10T18:57:27Z,16272604134,2229
2026-09-10T18:57:27Z,16288616721,1200
2026-09-10T18:57:27Z,16290530659,631
2026-09-10T18:57:27Z,16304978305,685
2026-09-10T18:57:27Z,16331682055,633
2026-09-10T18:57:27Z,16381982348,663
2026-09-10T18:57:27Z,16389395869,11485
2026-09-10T18:57:27Z,16446142514,1184
2026-09-10T18:57:27Z,16447934574,6428
2026-09-10T18:57:27Z,16454399300,835
2026-09-10T18:57:27Z,16480898254,2252
2026-09-10T18:57:27Z,16483433878,667
2026-09-10T18:57:27Z,16501421966,715
2026-09-10T18:57:27Z,16518256559,1170
2026-09-10T18:57:27Z,16625391970,7810
2026-09-10T18:57:27Z,16653555262,1537
2026-09-10T18:57:27Z,16732694052,72592
2026-09-10T18:57:27Z,16740784399,510
2026-09-10T18:57:27Z,16867505761,1565
2026-09-10T18:57:27Z,16901389020,2426
2026-09-10T18:57:27Z,16907212609,1556
2026-09-10T18:57:27Z,16910059756,3950
2026-09-10T18:57:27Z,16962279458,2564
2026-09-10T18:57:27Z,16991287194,2674
2026-09-10T18:57:27Z,16993432698,1060
2026-09-10T18:57:27Z,17012548142,768
2026-09-10T18:57:27Z,17045823120,1716
2026-09-10T18:57:27Z,17070462969,665
2026-09-10T18:57:27Z,17121846721,1066
2026-09-10T18:57:27Z,17188326828,1089
2026-09-10T18:57:27Z,17192092512,3292
2026-09-10T18:57:27Z,17255098561,1388
2026-09-10T18:57:27Z,17277889388,583
2026-09-10T18:57:27Z,17371491481,1816
2026-09-10T18:57:27Z,17450551531,1175
2026-09-10T18:57:27Z,17457986005,1195
2026-09-10T18:57:27Z,17516596118,19410
2026-09-10T18:57:27Z,17556820024,3041
2026-09-10T18:57:27Z,17559596992,519
2026-09-10T18:57:27Z,17571821642,1611
2026-09-10T18:57:27Z,17577256698,5328
2026-09-10T18:57:27Z,17581668152,2036
2026-09-10T18:57:27Z,17600423422,909
2026-09-10T18:57:27Z,17625359962,141804
2026-09-10T18:57:27Z,17662297954,872
2026-09-10T18:57:27Z,17664585395,1096
2026-09-10T18:57:27Z,17698425045,1078
2026-09-10T18:57:27Z,17720162456,2353
2026-09-10T18:57:27Z,17729873503,568
2026-09-10T18:57:27Z,17759606919,704
2026-09-10T18:57:27Z,17798223108,537
2026-09-10T18:57:27Z,17844293708,1262
2026-09-10T18:57:27Z,17861623204,610
2026-09-10T18:57:27Z,17882166032,2272
2026-09-10T18:57:27Z,18102078939,1896
2026-09-10T18:57:27Z,18138682962,1049
2026-09-10T18:57:27Z,18152595062,953
2026-09-10T18:57:27Z,18153851914,590
2026-09-10T18:57:27Z,18156286285,973
2026-09-10T18:57:27Z,18172550962,654
2026-09-10T18:57:27Z,18180736634,1865
2026-09-10T18:57:27Z,18183902003,1316
2026-09-10T18:57:27Z,18192562963,1392
2026-09-10T18:57:27Z,18199615050,5221
2026-09-10T18:57:27Z,18214855317,3563
2026-09-10T18:57:27Z,18218605381,688
2026-09-10T18:57:27Z,18259975825,2149
2026-09-10T18:57:27Z,18260439047,1269
2026-09-10T18:57:27Z,18334179599,1298
2026-09-10T18:57:27Z,18335956021,11912
2026-09-10T18:57:27Z,18341181766,561
2026-09-10T18:57:27Z,18376355901,1248
2026-09-10T18:57:27Z,18403789061,638
2026-09-10T18:57:27Z,18408132742,557
2026-09-10T18:57:27Z,18519254033,2182
2026-09-10T18:57:27Z,18537079992,1534
2026-09-10T18:57:27Z,18545825758,515
2026-09-10T18:57:27Z,18645473062,1064
2026-09-10T18:57:27Z,18649596490,1469
2026-09-10T18:57:27Z,18666738837,4786
2026-09-10T18:57:27Z,18668065416,13602
2026-09-10T18:57:27Z,18680867089,2217
2026-09-10T18:57:27Z,18687417158,49549
2026-09-10T18:57:27Z,18688598012,800
2026-09-10T18:57:27Z,18700851435,3804
2026-09-10T18:57:27Z,18753889337,5067
2026-09-10T18:57:27Z,18799085098,2933
2026-09-10T18:57:27Z,18803315158,4105
2026-09-10T18:57:27Z,18816315817,1548
2026-09-10T18:57:27Z,18864551515,815
2026-09-10T18:57:27Z,18934709778,1443
2026-09-10T18:57:27Z,18948446518,3280
2026-09-10T18:57:27Z,18959440414,1281
2026-09-10T18:57:27Z,18960834681,583
2026-09-10T18:57:27Z,18984776765,639
2026-09-10T18:57:27Z,70390793715007,1139
2026-09-10T18:57:27Z,70400654680508,2818
2026-09-10T18:57:27Z,70411440483149,19800
2026-09-10T18:57:27Z,70435795041539,5677
2026-09-10T18:57:27Z,70476134485723,694
2026-09-10T18:57:27Z,70564797343878,706
2026-09-10T18:57:27Z,70587876731444,1955
2026-09-10T18:57:27Z,70640255604878,12517
2026-09-10T18:57:27Z,70805830291547,1074
2026-09-10T18:57:27Z,70904050766278,553
2026-09-10T18:57:27Z,70906625936847,5650
2026-09-10T18:57:27Z,70911358699250,1671
2026-09-10T18:57:27Z,70970763145070,867
2026-09-10T18:57:27Z,70990751935174,1610
2026-09-10T18:57:27Z,70994695337243,918
2026-09-10T18:57:27Z,70998903613713,611
2026-09-10T18:57:27Z,71099982892966,957
2026-09-10T18:57:27Z,71132543521245,7360
2026-09-10T18:57:27Z,71143154217953,913
2026-09-10T18:57:27Z,71174733280934,1082
2026-09-10T18:57:27Z,71394819414417,2072
2026-09-10T18:57:27Z,71457452830106,959
2026-09-10T18:57:27Z,71480482338212,1026
2026-09-10T18:57:27Z,71543463524754,698
2026-09-10T18:57:27Z,71565666593141,535
2026-09-10T18:57:27Z,71599043035739,2903
2026-09-10T18:57:27Z,71600459831333,2331
2026-09-10T18:57:27Z,71633357192188,2178
2026-09-10T18:57:27Z,71647048889071,509
2026-09-10T18:57:27Z,71647256260480,2039
2026-09-10T18:57:27Z,71704434889758,9064
2026-09-10T18:57:27Z,71706515477118,1166
2026-09-10T18:57:27Z,71774876641249,1609
2026-09-10T18:57:27Z,71849204829689,864
2026-09-10T18:57:27Z,71852303862507,1719
2026-09-10T18:57:27Z,71895508397153,2347
2026-09-10T18:57:27Z,72019577565540,1051
2026-09-10T18:57:27Z,72167803024670,1005
2026-09-10T18:57:27Z,72216345408467,4468
2026-09-10T18:57:27Z,72317248326994,1914
2026-09-10T18:57:27Z,72387437800091,4653
2026-09-10T18:57:27Z,72399795227216,523
2026-09-10T18:57:27Z,72450672234943,1891
2026-09-10T18:57:27Z,72525366293660,536
2026-09-10T18:57:27Z,72604809857139,555
2026-09-10T18:57:27Z,72659788689464,627
2026-09-10T18:57:27Z,72712036210947,1809
2026-09-10T18:57:27Z,72763503064951,2438
2026-09-10T18:57:27Z,72845937010155,1090
2026-09-10T18:57:27Z,72920620366355,4198
2026-09-10T18:57:27Z,73097591386069,912
2026-09-10T18:57:27Z,73101851322368,1348
2026-09-10T18:57:27Z,73189007576537,2701
2026-09-10T18:57:27Z,73413968610508,1612
2026-09-10T18:57:27Z,73526576502092,620
2026-09-10T18:57:27Z,73578698401320,2332
2026-09-10T18:57:27Z,73613510857111,2804
2026-09-10T18:57:27Z,73621314943835,7001
2026-09-10T18:57:27Z,73768006371986,3966
2026-09-10T18:57:27Z,73814003954154,660
2026-09-10T18:57:27Z,73871058651498,1405
2026-09-10T18:57:27Z,73897506680154,6610
2026-09-10T18:57:27Z,73904017172892,2999
2026-09-10T18:57:27Z,73908022013371,1803
2026-09-10T18:57:27Z,73954336239895,1244
2026-09-10T18:57:27Z,73956553001240,28388
2026-09-10T18:57:27Z,74102906764176,17628
2026-09-10T18:57:27Z,74188431054457,12095
2026-09-10T18:57:27Z,74193805629461,2719
2026-09-10T18:57:27Z,74218191398494,652
2026-09-10T18:57:27Z,74256669508761,2872
2026-09-10T18:57:27Z,74260430392611,5262
2026-09-10T18:57:27Z,74341114342499,9555
2026-09-10T18:57:27Z,74395953411817,9946
2026-09-10T18:57:27Z,74511210941284,1680
2026-09-10T18:57:27Z,74542317333958,1221
2026-09-10T18:57:27Z,74716719697996,3868
2026-09-10T18:57:27Z,74729868188364,6011
2026-09-10T18:57:27Z,74889851913797,3958
2026-09-10T18:57:27Z,74994442538508,838
2026-09-10T18:57:27Z,75178747054941,1933
2026-09-10T18:57:27Z,75317862071711,4475
2026-09-10T18:57:27Z,75366259315586,606
2026-09-10T18:57:27Z,75387700043737,12850
2026-09-10T18:57:27Z,75467339082089,585
2026-09-10T18:57:27Z,75541741887441,1282
2026-09-10T18:57:27Z,75547400568620,6215
2026-09-10T18:57:27Z,75561686090072,676
2026-09-10T18:57:27Z,75568173037446,2994
2026-09-10T18:57:27Z,75626443136851,769
2026-09-10T18:57:27Z,75646865566926,822
2026-09-10T18:57:27Z,75663528075786,2726
2026-09-10T18:57:27Z,75753413268977,852
2026-09-10T18:57:27Z,75839707976715,971
2026-09-10T18:57:27Z,75888315541325,501
2026-09-10T18:57:27Z,76137189788863,2130
2026-09-10T18:57:27Z,76153324611685,5603
2026-09-10T18:57:27Z,76193707924033,588
2026-09-10T18:57:27Z,76285745979410,3927
2026-09-10T18:57:27Z,76427445314955,520
2026-09-10T18:57:27Z,76427490154192,1961
2026-09-10T18:57:27Z,76503495566299,8021
2026-09-10T18:57:27Z,76526090659517,1726
2026-09-10T18:57:27Z,76558904092080,1561
2026-09-10T18:57:27Z,76603753346534,659
2026-09-10T18:57:27Z,76737571462455,2334
2026-09-10T18:57:27Z,76812848652979,1039
2026-09-10T18:57:27Z,76838459031868,11628
2026-09-10T18:57:27Z,76842920359834,584
2026-09-10T18:57:27Z,76911729991355,3662
2026-09-10T18:57:27Z,77108422251420,57495
2026-09-10T18:57:27Z,77187847593796,513
2026-09-10T18:57:27Z,77649408247578,29995
2026-09-10T18:57:27Z,77747658251236,1594
2026-09-10T18:57:27Z,77843161404023,8378
2026-09-10T18:57:27Z,78028206594931,767
2026-09-10T18:57:27Z,78131609782350,1035
2026-09-10T18:57:27Z,78177131121429,3146
2026-09-10T18:57:27Z,78471443847948,1094
2026-09-10T18:57:27Z,78496323189083,1546
2026-09-10T18:57:27Z,78515283254292,82332
2026-09-10T18:57:27Z,78699621133325,1055
2026-09-10T18:57:27Z,78724109436030,885
2026-09-10T18:57:27Z,78724900430513,1400
2026-09-10T18:57:27Z,78839079957645,1829
2026-09-10T18:57:27Z,79267089300389,4320
2026-09-10T18:57:27Z,79268393072444,11665
2026-09-10T18:57:27Z,79315121100812,1667
2026-09-10T18:57:27Z,79454007962937,1156
2026-09-10T18:57:27Z,79480724066456,13147
2026-09-10T18:57:27Z,79546208627805,145933
2026-09-10T18:57:27Z,79790479326946,811
2026-09-10T18:57:27Z,79860632214114,536
2026-09-10T18:57:27Z,79886695267825,1009
2026-09-10T18:57:27Z,79948106719663,649
2026-09-10T18:57:27Z,79966250354565,7640
2026-09-10T18:57:27Z,80000420704526,3039
2026-09-10T18:57:27Z,80031826041492,1361
2026-09-10T18:57:27Z,80111254680893,647
2026-09-10T18:57:27Z,80200604311136,2420
2026-09-10T18:57:27Z,80234914611737,1175
2026-09-10T18:57:27Z,80279663815725,1133
2026-09-10T18:57:27Z,80342862330041,639
2026-09-10T18:57:27Z,80607040330429,1351
2026-09-10T18:57:27Z,80610578881227,763
2026-09-10T18:57:27Z,80692223709267,519
2026-09-10T18:57:27Z,80734098185936,2488
2026-09-10T18:57:27Z,80861715191104,945
2026-09-10T18:57:27Z,80898524797320,1592
2026-09-10T18:57:27Z,81040587037979,1587
2026-09-10T18:57:27Z,81223687051453,2760
2026-09-10T18:57:27Z,81239378558719,1050
2026-09-10T18:57:27Z,81549698024226,610
2026-09-10T18:57:27Z,81703830622949,2079
2026-09-10T18:57:27Z,82013336390273,862
2026-09-10T18:57:27Z,82075856475941,755
2026-09-10T18:57:27Z,82084053899394,672
2026-09-10T18:57:27Z,82329146189989,1224
2026-09-10T18:57:27Z,82453659777192,905
2026-09-10T18:57:27Z,82457571485380,7471
2026-09-10T18:57:27Z,82461912126439,518
2026-09-10T18:57:27Z,82524183928567,528
2026-09-10T18:57:27Z,82539019711975,1710
2026-09-10T18:57:27Z,82554996468034,1092
2026-09-10T18:57:27Z,82570142697239,2073
2026-09-10T18:57:27Z,82712304391069,4688
2026-09-10T18:57:27Z,82745432464897,1080
2026-09-10T18:57:27Z,82797688803922,3210
2026-09-10T18:57:27Z,82866880824588,806
2026-09-10T18:57:27Z,82898983236792,518
2026-09-10T18:57:27Z,82904798643396,797
2026-09-10T18:57:27Z,82983707799188,3241
2026-09-10T18:57:27Z,83038462357724,9766
2026-09-10T18:57:27Z,83211034158887,569
2026-09-10T18:57:27Z,83238501165241,613
2026-09-10T18:57:27Z,83264774625004,3097
2026-09-10T18:57:27Z,83312952548612,566
2026-09-10T18:57:27Z,83325975879599,3240
2026-09-10T18:57:27Z,83388257263676,4027
2026-09-10T18:57:27Z,83569851223739,2547
2026-09-10T18:57:27Z,83622406313819,1704
2026-09-10T18:57:27Z,83948716312312,1087
2026-09-10T18:57:27Z,84156601481934,1988
2026-09-10T18:57:27Z,84256892855657,1109
2026-09-10T18:57:27Z,84332574190497,2739
2026-09-10T18:57:27Z,84449017742177,4758
2026-09-10T18:57:27Z,84515722934860,36556
2026-09-10T18:57:27Z,84525826229916,4015
2026-09-10T18:57:27Z,84526099099491,1318
2026-09-10T18:57:27Z,84556640895285,12813
2026-09-10T18:57:27Z,84568117169118,1343
2026-09-10T18:57:27Z,84692574040798,820
2026-09-10T18:57:27Z,84956402848349,1103
2026-09-10T18:57:27Z,85011874799856,1828
2026-09-10T18:57:27Z,85048226835181,1541
2026-09-10T18:57:27Z,85056532479796,1464
2026-09-10T18:57:27Z,85245205758607,1832
2026-09-10T18:57:27Z,85387381843881,1350
2026-09-10T18:57:27Z,85896571713843,2365
2026-09-10T18:57:27Z,85967844112283,15452
2026-09-10T18:57:27Z,86017989016432,1004
2026-09-10T18:57:27Z,86022723355936,872
2026-09-10T18:57:27Z,86089763581353,732
2026-09-10T18:57:27Z,86164638330564,653
2026-09-10T18:57:27Z,86178279217218,1169
2026-09-10T18:57:27Z,86247128610772,7098
2026-09-10T18:57:27Z,86259628805375,4456
2026-09-10T18:57:27Z,86368783421928,3475
2026-09-10T18:57:27Z,86374876468143,2158
2026-09-10T18:57:27Z,86479448397834,7245
2026-09-10T18:57:27Z,86524001536792,1319
2026-09-10T18:57:27Z,86707571837034,1029
2026-09-10T18:57:27Z,86754403332185,948
2026-09-10T18:57:27Z,86757987326668,705
2026-09-10T18:57:27Z,86943068337855,6167
2026-09-10T18:57:27Z,87018676608089,1099
2026-09-10T18:57:27Z,87046419551816,3573
2026-09-10T18:57:27Z,87214116277191,1054
2026-09-10T18:57:27Z,87311102000285,1393
2026-09-10T18:57:27Z,87468080405188,3526
2026-09-10T18:57:27Z,87555052900625,655
2026-09-10T18:57:27Z,88033955914813,1850
2026-09-10T18:57:27Z,88207898227053,822
2026-09-10T18:57:27Z,88234622381007,547
2026-09-10T18:57:27Z,88323040672117,1935
2026-09-10T18:57:27Z,88412811497379,1505
2026-09-10T18:57:27Z,88480125732253,641
2026-09-10T18:57:27Z,88728793053496,827
2026-09-10T18:57:27Z,88887739603194,1556
2026-09-10T18:57:27Z,88932739628526,707
2026-09-10T18:57:27Z,88933961678687,1422
2026-09-10T18:57:27Z,89035794510548,2634
2026-09-10T18:57:27Z,89100823864844,1910
2026-09-10T18:57:27Z,89180039807836,732
2026-09-10T18:57:27Z,89469502395769,14679
2026-09-10T18:57:27Z,89490838554710,5420
2026-09-10T18:57:27Z,89561601601392,832
2026-09-10T18:57:27Z,89704645856683,2495
2026-09-10T18:57:27Z,89788834648171,854
2026-09-10T18:57:27Z,90038414385014,1212
2026-09-10T18:57:27Z,90053646552411,571
2026-09-10T18:57:27Z,90086669327265,12251
2026-09-10T18:57:27Z,90148635862803,9020
2026-09-10T18:57:27Z,90184287580174,3506
2026-09-10T18:57:27Z,90462358603255,651
2026-09-10T18:57:27Z,90568084448279,20225
2026-09-10T18:57:27Z,90704250333473,2151
2026-09-10T18:57:27Z,90740816183375,5862
2026-09-10T18:57:27Z,90784570995507,2671
2026-09-10T18:57:27Z,90803345996188,781
2026-09-10T18:57:27Z,90906407195271,3020
2026-09-10T18:57:27Z,91203203156283,1809
2026-09-10T18:57:27Z,91296119701853,629
2026-09-10T18:57:27Z,91440994157417,741
2026-09-10T18:57:27Z,91695551099066,1335
2026-09-10T18:57:27Z,91704854174760,3459
2026-09-10T18:57:27Z,91746497060666,4007
2026-09-10T18:57:27Z,91931360732020,789
2026-09-10T18:57:27Z,92122513197996,5115
2026-09-10T18:57:27Z,92171645661524,1484
2026-09-10T18:57:27Z,92415748858497,1061
2026-09-10T18:57:27Z,92416421522960,610
2026-09-10T18:57:27Z,92422478989816,929
2026-09-10T18:57:27Z,92432535588391,848
2026-09-10T18:57:27Z,92637789841354,61777
2026-09-10T18:57:27Z,92700582787930,1238
2026-09-10T18:57:27Z,92937726498067,684
2026-09-10T18:57:27Z,92942575852492,851
2026-09-10T18:57:27Z,93028168925975,3858
2026-09-10T18:57:27Z,93091759101123,6087
2026-09-10T18:57:27Z,93233198656969,583
2026-09-10T18:57:27Z,93265851514769,1265
2026-09-10T18:57:27Z,93563420945975,729
2026-09-10T18:57:27Z,93787311916283,880
2026-09-10T18:57:27Z,93829858358973,2237
2026-09-10T18:57:27Z,93978595733734,38083
2026-09-10T18:57:27Z,94217045453265,8782
2026-09-10T18:57:27Z,94495283121683,2332
2026-09-10T18:57:27Z,94503612388426,590
2026-09-10T18:57:27Z,94539932414164,1329
2026-09-10T18:57:27Z,94590879393563,868
2026-09-10T18:57:27Z,94640181989498,12258
2026-09-10T18:57:27Z,94647229517154,10175
2026-09-10T18:57:27Z,94702395375549,648
2026-09-10T18:57:27Z,94717504417144,761
2026-09-10T18:57:27Z,94845773826960,617
2026-09-10T18:57:27Z,94860588848140,1634
2026-09-10T18:57:27Z,94987506187454,1361
2026-09-10T18:57:27Z,95082159892680,157225
2026-09-10T18:57:27Z,95094140550911,791
2026-09-10T18:57:27Z,95094324354820,2301
2026-09-10T18:57:27Z,95223801959482,789
2026-09-10T18:57:27Z,95319535505764,1179
2026-09-10T18:57:27Z,95417153338993,5525
2026-09-10T18:57:27Z,95721658376580,3035
2026-09-10T18:57:27Z,95929919723230,534
2026-09-10T18:57:27Z,96071743839078,518
2026-09-10T18:57:27Z,96153864779911,1179
2026-09-10T18:57:27Z,96168869671905,5523
2026-09-10T18:57:27Z,96280251181127,1871
2026-09-10T18:57:27Z,96401370703274,857
2026-09-10T18:57:27Z,96425088123775,1845
2026-09-10T18:57:27Z,96447215899741,4686
2026-09-10T18:57:27Z,96462622512177,1293
2026-09-10T18:57:27Z,96469185605358,534
2026-09-10T18:57:27Z,96510596525082,5750
2026-09-10T18:57:27Z,96645548064314,10027
2026-09-10T18:57:27Z,96775630583143,1797
2026-09-10T18:57:27Z,96796259580891,2889
2026-09-10T18:57:27Z,97038396539280,618
2026-09-10T18:57:27Z,97042065873644,1420
2026-09-10T18:57:27Z,97090732168175,3344
2026-09-10T18:57:27Z,97387256206808,668
2026-09-10T18:57:27Z,97438379434717,1109
2026-09-10T18:57:27Z,97463774278378,940
2026-09-10T18:57:27Z,97598239454123,8317
2026-09-10T18:57:27Z,97607545197126,1881
2026-09-10T18:57:27Z,97630670804505,807
2026-09-10T18:57:27Z,97824450589417,17524
2026-09-10T18:57:27Z,97837301536811,566
2026-09-10T18:57:27Z,98067481349941,870
2026-09-10T18:57:27Z,98138235237704,990
2026-09-10T18:57:27Z,98303142742576,1122
2026-09-10T18:57:27Z,98393605725180,5213
2026-09-10T18:57:27Z,98502499119821,3750
2026-09-10T18:57:27Z,98626216952426,751
2026-09-10T18:57:27Z,98629859043211,1763
2026-09-10T18:57:27Z,98664161516921,3866
2026-09-10T18:57:27Z,98679602313466,1971
2026-09-10T18:57:27Z,98695134949589,661
2026-09-10T18:57:27Z,98800969324557,20527
2026-09-10T18:57:27Z,98894876188248,8688
2026-09-10T18:57:27Z,98916904742148,2395
2026-09-10T18:57:27Z,98936097545088,3234
2026-09-10T18:57:27Z,98951612738714,718
2026-09-10T18:57:27Z,99065555424640,588
2026-09-10T18:57:27Z,99108783264633,5685
2026-09-10T18:57:27Z,99122501338948,1690
2026-09-10T18:57:27Z,99255447043899,1242
2026-09-10T18:57:27Z,99269206016797,1336
2026-09-10T18:57:27Z,99342262733194,1054
2026-09-10T18:57:27Z,99449877692519,1835
2026-09-10T18:57:27Z,99521272836282,2353
2026-09-10T18:57:27Z,99567941238278,16252
2026-09-10T18:57:27Z,99702578544768,1344
2026-09-10T18:57:27Z,99703116573266,1254
2026-09-10T18:57:27Z,99715891575923,2146
2026-09-10T18:57:27Z,99758842280353,1861
2026-09-10T18:57:27Z,99817148924004,1589
2026-09-10T18:57:27Z,100034344773758,879
2026-09-10T18:57:27Z,100039707794702,816
2026-09-10T18:57:27Z,100178831086674,2235
2026-09-10T18:57:27Z,100221279566736,972
2026-09-10T18:57:27Z,100293509865504,5684
2026-09-10T18:57:27Z,100400297022629,612
2026-09-10T18:57:27Z,100429474155186,6210
2026-09-10T18:57:27Z,100453351939863,714
2026-09-10T18:57:27Z,100722736774753,629
2026-09-10T18:57:27Z,100744519298647,1048
2026-09-10T18:57:27Z,100831517378953,726
2026-09-10T18:57:27Z,100860415498291,1030
2026-09-10T18:57:27Z,100911362514791,2238
2026-09-10T18:57:27Z,101009821472804,4286
2026-09-10T18:57:27Z,101272402522756,1496
2026-09-10T18:57:27Z,101396571928321,1520
2026-09-10T18:57:27Z,101432174163538,580
2026-09-10T18:57:27Z,101480963912212,7147
2026-09-10T18:57:27Z,101533162298733,660
2026-09-10T18:57:27Z,101610294550592,2232
2026-09-10T18:57:27Z,101685456774656,1263
2026-09-10T18:57:27Z,101733180974837,1238
2026-09-10T18:57:27Z,101906032112547,5853
2026-09-10T18:57:27Z,101914772188620,3575
2026-09-10T18:57:27Z,101949297449238,1094
2026-09-10T18:57:27Z,102054284786904,2213
2026-09-10T18:57:27Z,102072869879193,17893
2026-09-10T18:57:27Z,102457672839885,1807
2026-09-10T18:57:27Z,102489700929678,5729
2026-09-10T18:57:27Z,102553576537621,1747
2026-09-10T18:57:27Z,102574559184919,500
2026-09-10T18:57:27Z,102612844247090,594
2026-09-10T18:57:27Z,102837194624695,3439
2026-09-10T18:57:27Z,102871156420149,3206
2026-09-10T18:57:27Z,102917792916356,1211
2026-09-10T18:57:27Z,103037106396302,16701
2026-09-10T18:57:27Z,103050497819513,1792
2026-09-10T18:57:27Z,103185879508967,890
2026-09-10T18:57:27Z,103285721487694,3156
2026-09-10T18:57:27Z,103311003648859,958
2026-09-10T18:57:27Z,103410145208388,528
2026-09-10T18:57:27Z,103556382323599,991
2026-09-10T18:57:27Z,103589142326933,2563
2026-09-10T18:57:27Z,103593441753340,1170
2026-09-10T18:57:27Z,103731330407395,674
2026-09-10T18:57:27Z,103740390007820,857
2026-09-10T18:57:27Z,103754275310547,1636
2026-09-10T18:57:27Z,103802803330866,1273
2026-09-10T18:57:27Z,103854444055060,618
2026-09-10T18:57:27Z,103883942725157,6245
2026-09-10T18:57:27Z,104339804279870,766
2026-09-10T18:57:27Z,104485012391716,1165
2026-09-10T18:57:27Z,104524602549480,610
2026-09-10T18:57:27Z,104589921852670,960
2026-09-10T18:57:27Z,104693964860826,3175
2026-09-10T18:57:27Z,104715542330896,20969
2026-09-10T18:57:27Z,104716788636258,743
2026-09-10T18:57:27Z,104761395312874,4401
2026-09-10T18:57:27Z,104808235862933,14839
2026-09-10T18:57:27Z,104809044319701,7072
2026-09-10T18:57:27Z,104812936457083,614
2026-09-10T18:57:27Z,104841616983113,2723
2026-09-10T18:57:27Z,104890260413773,1367
2026-09-10T18:57:27Z,104973076655377,3838
2026-09-10T18:57:27Z,105265986112006,612
2026-09-10T18:57:27Z,105373497661352,1341
2026-09-10T18:57:27Z,105452889569708,3334
2026-09-10T18:57:27Z,105555311806207,2492
2026-09-10T18:57:27Z,105633123928294,1885
2026-09-10T18:57:27Z,105724836892064,3895
2026-09-10T18:57:27Z,105742951729183,1058
2026-09-10T18:57:27Z,105767799784652,839
2026-09-10T18:57:27Z,105954652742326,1201
2026-09-10T18:57:27Z,106078822951099,927
2026-09-10T18:57:27Z,106131416903029,991
2026-09-10T18:57:27Z,106187832607756,1057
2026-09-10T18:57:27Z,106484206883664,9547
2026-09-10T18:57:27Z,106487781999308,1233
2026-09-10T18:57:27Z,106605940421527,767
2026-09-10T18:57:27Z,106683702021527,3363
2026-09-10T18:57:27Z,106802314735486,2014
2026-09-10T18:57:27Z,106832050389015,805
2026-09-10T18:57:27Z,106838580527183,5452
2026-09-10T18:57:27Z,106920577206536,1588
2026-09-10T18:57:27Z,107095834793267,896
2026-09-10T18:57:27Z,107377364123237,1682
2026-09-10T18:57:27Z,107430889830807,5037
2026-09-10T18:57:27Z,107467295209358,10388
2026-09-10T18:57:27Z,107645101488133,692
2026-09-10T18:57:27Z,107646426076756,557
2026-09-10T18:57:27Z,107653945083776,9002
2026-09-10T18:57:27Z,107713910741616,542
2026-09-10T18:57:27Z,107717448640907,658
2026-09-10T18:57:27Z,107727386530697,537
2026-09-10T18:57:27Z,107750563478039,891
2026-09-10T18:57:27Z,107778070777162,1324929
2026-09-10T18:57:27Z,107792622719098,1423
2026-09-10T18:57:27Z,107828406309109,1086
2026-09-10T18:57:27Z,107833198839573,2039
2026-09-10T18:57:27Z,107894105055312,6334
2026-09-10T18:57:27Z,108227239615000,1306
2026-09-10T18:57:27Z,108307565942574,4679
2026-09-10T18:57:27Z,108410750455933,708
2026-09-10T18:57:27Z,108439047160668,1176
2026-09-10T18:57:27Z,108533757090220,4020
2026-09-10T18:57:27Z,108567435288296,13598
2026-09-10T18:57:27Z,108645230905176,2919
2026-09-10T18:57:27Z,108730407897379,2099
2026-09-10T18:57:27Z,108750539382245,510
2026-09-10T18:57:27Z,108767400143329,909
2026-09-10T18:57:27Z,108843562394237,1093
2026-09-10T18:57:27Z,109069998531261,519
2026-09-10T18:57:27Z,109129552698918,1018
2026-09-10T18:57:27Z,109167932163747,1247
2026-09-10T18:57:27Z,109170650911069,1874
2026-09-10T18:57:27Z,109258067111533,2745
2026-09-10T18:57:27Z,109397169461300,4170
2026-09-10T18:57:27Z,109509029034984,4077
2026-09-10T18:57:27Z,109509628648368,538
2026-09-10T18:57:27Z,109629391874197,650
2026-09-10T18:57:27Z,109686116036889,888
2026-09-10T18:57:27Z,109694820409483,2675
2026-09-10T18:57:27Z,109715918987082,970
2026-09-10T18:57:27Z,109881277752094,2241
2026-09-10T18:57:27Z,109983668079237,93158
2026-09-10T18:57:27Z,110175021189594,6248
2026-09-10T18:57:27Z,110283655701247,986
2026-09-10T18:57:27Z,110334393584385,669
2026-09-10T18:57:27Z,110373292461174,666
2026-09-10T18:57:27Z,110470672231288,1001
2026-09-10T18:57:27Z,110570058234582,1241
2026-09-10T18:57:27Z,110627433764494,2403
2026-09-10T18:57:27Z,110668201954727,2682
2026-09-10T18:57:27Z,110677803091411,727
2026-09-10T18:57:27Z,110793563946846,1020
2026-09-10T18:57:27Z,110806816173057,1773
2026-09-10T18:57:27Z,110808833601416,722
2026-09-10T18:57:27Z,110829983956014,6045
2026-09-10T18:57:27Z,111063058742520,6765
2026-09-10T18:57:27Z,111262527555232,3371
2026-09-10T18:57:27Z,111363135577981,1471
2026-09-10T18:57:27Z,111403197324514,1587
2026-09-10T18:57:27Z,111421220771064,631
2026-09-10T18:57:27Z,111442376436641,1343
2026-09-10T18:57:27Z,111779414681728,770
2026-09-10T18:57:27Z,111835260646713,2671
2026-09-10T18:57:27Z,111862336710239,616
2026-09-10T18:57:27Z,111894976456494,3289
2026-09-10T18:57:27Z,111989938562194,1699
2026-09-10T18:57:27Z,112114621008524,517
2026-09-10T18:57:27Z,112171352246014,3220
2026-09-10T18:57:27Z,112226578490421,1583
2026-09-10T18:57:27Z,112233638491976,2504
2026-09-10T18:57:27Z,112413741511713,2084
2026-09-10T18:57:27Z,112490729816320,621
2026-09-10T18:57:27Z,112531085636442,1965
2026-09-10T18:57:27Z,112619156837009,2445
2026-09-10T18:57:27Z,112626674737178,3364
2026-09-10T18:57:27Z,112641748896693,2969
2026-09-10T18:57:27Z,112731528776884,10230
2026-09-10T18:57:27Z,112757576021097,560
2026-09-10T18:57:27Z,112781315318195,9680
2026-09-10T18:57:27Z,112796336189704,1883
2026-09-10T18:57:27Z,112816993332059,839
2026-09-10T18:57:27Z,112838150455902,3572
2026-09-10T18:57:27Z,112851296174239,521
2026-09-10T18:57:27Z,112857282410969,1401
2026-09-10T18:57:27Z,112966546347918,3457
2026-09-10T18:57:27Z,113099333239841,4925
2026-09-10T18:57:27Z,113232329524315,3749
2026-09-10T18:57:27Z,113290951185459,24360
2026-09-10T18:57:27Z,113323927469374,3249
2026-09-10T18:57:27Z,113385048266134,898
2026-09-10T18:57:27Z,113385977463481,1899
2026-09-10T18:57:27Z,113392430358155,1231
2026-09-10T18:57:27Z,113457460682474,1981
2026-09-10T18:57:27Z,113481077323469,13271
2026-09-10T18:57:27Z,113506071094099,6918
2026-09-10T18:57:27Z,113581963143008,1037
2026-09-10T18:57:27Z,113604074601559,662
2026-09-10T18:57:27Z,113745337705295,2910
2026-09-10T18:57:27Z,113987393426315,3913
2026-09-10T18:57:27Z,114122724051462,2400
2026-09-10T18:57:27Z,114204398207377,4327
2026-09-10T18:57:27Z,114234929420007,12189
2026-09-10T18:57:27Z,114357963370524,1275
2026-09-10T18:57:27Z,114381378262504,2240
2026-09-10T18:57:27Z,114501358617756,2509
2026-09-10T18:57:27Z,114537828794341,579
2026-09-10T18:57:27Z,114640202062357,683
2026-09-10T18:57:27Z,114697347887839,36006
2026-09-10T18:57:27Z,114786176505608,554
2026-09-10T18:57:27Z,114861592677288,3258
2026-09-10T18:57:27Z,115035699922620,2602
2026-09-10T18:57:27Z,115092911061119,1551
2026-09-10T18:57:27Z,115286378269814,639
2026-09-10T18:57:27Z,115618367729321,1213
2026-09-10T18:57:27Z,115620466946909,853
2026-09-10T18:57:27Z,115681808123944,4635
2026-09-10T18:57:27Z,116058355775210,1358
2026-09-10T18:57:27Z,116070952245255,6171
2026-09-10T18:57:27Z,116113866980358,937
2026-09-10T18:57:27Z,116223724643557,523
2026-09-10T18:57:27Z,116495829188952,10993
2026-09-10T18:57:27Z,116497287371701,10746
2026-09-10T18:57:27Z,116501341774429,1129
2026-09-10T18:57:27Z,117180001724009,657
2026-09-10T18:57:27Z,117533937949084,6568
2026-09-10T18:57:27Z,117539213094671,1807
2026-09-10T18:57:27Z,117713779364528,8088
2026-09-10T18:57:27Z,117752943664280,1894
2026-09-10T18:57:27Z,117868278782684,3019
2026-09-10T18:57:27Z,118055952211055,1130
2026-09-10T18:57:27Z,118198615964701,516
2026-09-10T18:57:27Z,118367369949006,4152
2026-09-10T18:57:27Z,118418618261207,19201
2026-09-10T18:57:27Z,118447215156914,1508
2026-09-10T18:57:27Z,118576822282213,2925
2026-09-10T18:57:27Z,118608618152057,1729
2026-09-10T18:57:27Z,118637423917462,863
2026-09-10T18:57:27Z,118806061296143,1066
2026-09-10T18:57:27Z,118889111240517,1483
2026-09-10T18:57:27Z,118891884735667,614
2026-09-10T18:57:27Z,118952094447715,632
2026-09-10T18:57:27Z,118973301158777,3623
2026-09-10T18:57:27Z,119004860768199,4004
2026-09-10T18:57:27Z,119031147890918,1404
2026-09-10T18:57:27Z,119048529960596,9870
2026-09-10T18:57:27Z,119068914321553,5404
2026-09-10T18:57:27Z,119168493101362,6028
2026-09-10T18:57:27Z,119209026892378,558
2026-09-10T18:57:27Z,119271610514030,1235
2026-09-10T18:57:27Z,119355263204054,2394
2026-09-10T18:57:27Z,119427438574114,1797
2026-09-10T18:57:27Z,119455737640001,1844
2026-09-10T18:57:27Z,119473104067789,1022
2026-09-10T18:57:27Z,119579217517090,2557
2026-09-10T18:57:27Z,119609933650338,735
2026-09-10T18:57:27Z,119741101026672,584
2026-09-10T18:57:27Z,119789365111500,3819
2026-09-10T18:57:27Z,119822977170203,2691
2026-09-10T18:57:27Z,119987266683883,630
2026-09-10T18:57:27Z,120014184236770,652
2026-09-10T18:57:27Z,120135584963579,3043
2026-09-10T18:57:27Z,120140631282295,749
2026-09-10T18:57:27Z,120154566897536,639
2026-09-10T18:57:27Z,120189115846709,1951
2026-09-10T18:57:27Z,120217704230083,970
2026-09-10T18:57:27Z,120299070926116,1244
2026-09-10T18:57:27Z,120398694613042,584
2026-09-10T18:57:27Z,120450743769548,665
2026-09-10T18:57:27Z,120546894379169,1044
2026-09-10T18:57:27Z,120700541929930,17187
2026-09-10T18:57:27Z,120704669141193,2199
2026-09-10T18:57:27Z,120766736586332,715
2026-09-10T18:57:27Z,120790217521707,712
2026-09-10T18:57:27Z,120841752776030,2064
2026-09-10T18:57:27Z,120851538706364,12530
2026-09-10T18:57:27Z,120922552721050,532
2026-09-10T18:57:27Z,120944686522212,516
2026-09-10T18:57:27Z,121268060261990,2855
2026-09-10T18:57:27Z,121461214257813,1527
2026-09-10T18:57:27Z,121766265831153,552
2026-09-10T18:57:27Z,121781732399469,2799
2026-09-10T18:57:27Z,121864768012064,98290
2026-09-10T18:57:27Z,121903154323395,591
2026-09-10T18:57:27Z,122093998639862,1670
2026-09-10T18:57:27Z,122245938604556,23579
2026-09-10T18:57:27Z,122283068696619,502
2026-09-10T18:57:27Z,122433454504469,705
2026-09-10T18:57:27Z,122446657157717,8394
2026-09-10T18:57:27Z,122454884469606,942
2026-09-10T18:57:27Z,122485613019196,12117
2026-09-10T18:57:27Z,122507029092776,13137
2026-09-10T18:57:27Z,122553263569744,2267
2026-09-10T18:57:27Z,122572082932179,15857
2026-09-10T18:57:27Z,122606989565107,4682
2026-09-10T18:57:27Z,122700472919801,1397
2026-09-10T18:57:27Z,122720857080780,1074
2026-09-10T18:57:27Z,122902171482835,567
2026-09-10T18:57:27Z,122951224417794,2778
2026-09-10T18:57:27Z,123258797415953,1012
2026-09-10T18:57:27Z,123468479998097,773
2026-09-10T18:57:27Z,123557829667240,706
2026-09-10T18:57:27Z,123577181610172,757
2026-09-10T18:57:27Z,123581964009368,681
2026-09-10T18:57:27Z,123618551531903,522
2026-09-10T18:57:27Z,123698673940079,4737
2026-09-10T18:57:27Z,123724279728430,8428
2026-09-10T18:57:27Z,123785180486774,575
2026-09-10T18:57:27Z,123847390309161,13437
2026-09-10T18:57:27Z,123921593837160,4432
2026-09-10T18:57:27Z,124027312895188,2074
2026-09-10T18:57:27Z,124157596473184,598
2026-09-10T18:57:27Z,124293095895786,8614
2026-09-10T18:57:27Z,124311897657957,728
2026-09-10T18:57:27Z,124338404742585,3939
2026-09-10T18:57:27Z,124374448373637,626
2026-09-10T18:57:27Z,124389216346675,4360
2026-09-10T18:57:27Z,124396690804338,842
2026-09-10T18:57:27Z,124473577469410,858
2026-09-10T18:57:27Z,124675142564227,1549
2026-09-10T18:57:27Z,124729731716967,1698
2026-09-10T18:57:27Z,124740268654741,1510
2026-09-10T18:57:27Z,124757309017950,556
2026-09-10T18:57:27Z,124761153798409,8304
2026-09-10T18:57:27Z,124842176624983,593
2026-09-10T18:57:27Z,124853293317687,1113
2026-09-10T18:57:27Z,124943244212764,722
2026-09-10T18:57:27Z,125039473548047,10361
2026-09-10T18:57:27Z,125299131646017,762
2026-09-10T18:57:27Z,125306084071551,4941
2026-09-10T18:57:27Z,125488740127641,2352
2026-09-10T18:57:27Z,125496078313264,3978
2026-09-10T18:57:27Z,125810438250765,1226
2026-09-10T18:57:27Z,125823964467491,585
2026-09-10T18:57:27Z,125927821145949,3701
2026-09-10T18:57:27Z,126016859830524,6058
2026-09-10T18:57:27Z,126171938168748,715
2026-09-10T18:57:27Z,126330684723008,618
2026-09-10T18:57:27Z,126639935515772,580
2026-09-10T18:57:27Z,126815230666914,3250
2026-09-10T18:57:27Z,126857641130765,1268
2026-09-10T18:57:27Z,126870639873289,36261
2026-09-10T18:57:27Z,126884695634066,19115
2026-09-10T18:57:27Z,126922689754590,1007
2026-09-10T18:57:27Z,126987974021910,35196
2026-09-10T18:57:27Z,127078880769763,1798
2026-09-10T18:57:27Z,127089247654125,3097
2026-09-10T18:57:27Z,127099886596040,977
2026-09-10T18:57:27Z,127103413498148,2539
2026-09-10T18:57:27Z,127152805777886,1258
2026-09-10T18:57:27Z,127177791789316,717
2026-09-10T18:57:27Z,127332613700317,1287
2026-09-10T18:57:27Z,127377897541228,1292
2026-09-10T18:57:27Z,127380660530951,4323
2026-09-10T18:57:27Z,127403135954624,4514
2026-09-10T18:57:27Z,127415661078736,695
2026-09-10T18:57:27Z,127475054933484,1851
2026-09-10T18:57:27Z,127634932179327,3437
2026-09-10T18:57:27Z,127737908858963,1163
2026-09-10T18:57:27Z,127742093697776,1577
2026-09-10T18:57:27Z,127775478639865,3250
2026-09-10T18:57:27Z,127994242634536,41969
2026-09-10T18:57:27Z,127995006069066,570
2026-09-10T18:57:27Z,128039018996175,2505
2026-09-10T18:57:27Z,128119795963270,5501
2026-09-10T18:57:27Z,128263975853774,4255
2026-09-10T18:57:27Z,128329680321338,3216
2026-09-10T18:57:27Z,128448883585036,5596
2026-09-10T18:57:27Z,128451689942376,6061
2026-09-10T18:57:27Z,128662368175518,1650
2026-09-10T18:57:27Z,128682909569625,530
2026-09-10T18:57:27Z,128718867767713,965
2026-09-10T18:57:27Z,128736949265057,15548
2026-09-10T18:57:27Z,128784467030899,12051
2026-09-10T18:57:27Z,128931272139211,1810
2026-09-10T18:57:27Z,129003441529549,1228
2026-09-10T18:57:27Z,129096378231329,6559
2026-09-10T18:57:27Z,129163919591388,741
2026-09-10T18:57:27Z,129253568870286,4808
2026-09-10T18:57:27Z,129279692364812,3451
2026-09-10T18:57:27Z,129305872972839,1576
2026-09-10T18:57:27Z,129692563688057,886
2026-09-10T18:57:27Z,129768092435314,5581
2026-09-10T18:57:27Z,129784419746425,1457
2026-09-10T18:57:27Z,129827112113663,3209
2026-09-10T18:57:27Z,129827535941999,1298
2026-09-10T18:57:27Z,129839966867899,835
2026-09-10T18:57:27Z,129866685202296,543
2026-09-10T18:57:27Z,129907317028750,1947
2026-09-10T18:57:27Z,129932912185311,2143
2026-09-10T18:57:27Z,129938700249638,792
2026-09-10T18:57:27Z,129972079094718,3658
2026-09-10T18:57:27Z,130222697019939,1621
2026-09-10T18:57:27Z,130253630950453,779
2026-09-10T18:57:27Z,130404059693601,5327
2026-09-10T18:57:27Z,130496219537579,669
2026-09-10T18:57:27Z,130522875331172,514
2026-09-10T18:57:27Z,130565641176498,1287
2026-09-10T18:57:27Z,130641102725850,6612
2026-09-10T18:57:27Z,130700367963690,637
2026-09-10T18:57:27Z,130739873848552,4531
2026-09-10T18:57:27Z,130782443587508,1310
2026-09-10T18:57:27Z,130880054413998,517
2026-09-10T18:57:27Z,130929507719087,775
2026-09-10T18:57:27Z,130960021905304,520
2026-09-10T18:57:27Z,130960835358983,2814
2026-09-10T18:57:27Z,131068932321596,1360
2026-09-10T18:57:27Z,131103239963274,945
2026-09-10T18:57:27Z,131117978948830,2498
2026-09-10T18:57:27Z,131234167969699,673
2026-09-10T18:57:27Z,131346454575416,10028
2026-09-10T18:57:27Z,131367064230486,910
2026-09-10T18:57:27Z,131378148336503,2302
2026-09-10T18:57:27Z,131479356121251,7716
2026-09-10T18:57:27Z,131572543049913,1458
2026-09-10T18:57:27Z,131623223084840,3536
2026-09-10T18:57:27Z,131667667758514,832
2026-09-10T18:57:27Z,131776241538171,710
2026-09-10T18:57:27Z,131906518201863,1251
2026-09-10T18:57:27Z,131910189515331,1922
2026-09-10T18:57:27Z,132016691802922,729
2026-09-10T18:57:27Z,132046904416072,1147
2026-09-10T18:57:27Z,132173349090360,5822
2026-09-10T18:57:27Z,132239307080610,737
2026-09-10T18:57:27Z,132287558697665,976
2026-09-10T18:57:27Z,132352755769957,6102
2026-09-10T18:57:27Z,132448451193552,505
2026-09-10T18:57:27Z,132499927511859,1341
2026-09-10T18:57:27Z,132586479415502,2291
2026-09-10T18:57:27Z,132640332499066,549
2026-09-10T18:57:27Z,132678066262863,677
2026-09-10T18:57:27Z,132768098780837,2420
2026-09-10T18:57:27Z,133007106457547,1046
2026-09-10T18:57:27Z,133188236593503,4069
2026-09-10T18:57:27Z,133203197541113,3417
2026-09-10T18:57:27Z,133294838637122,16587
2026-09-10T18:57:27Z,133341016381877,2574
2026-09-10T18:57:27Z,133379826754141,649
2026-09-10T18:57:27Z,133585162751824,5375
2026-09-10T18:57:27Z,133609054222738,811
2026-09-10T18:57:27Z,133687999931943,1126
2026-09-10T18:57:27Z,133719960214587,1272
2026-09-10T18:57:27Z,133872233697203,691
2026-09-10T18:57:27Z,133943904733338,3568
2026-09-10T18:57:27Z,133968315607063,962
2026-09-10T18:57:27Z,134162299584012,4205
2026-09-10T18:57:27Z,134208374070897,7864
2026-09-10T18:57:27Z,134361906638337,2983
2026-09-10T18:57:27Z,134363641369914,2018
2026-09-10T18:57:27Z,134381727982611,4974
2026-09-10T18:57:27Z,134424372433341,1471
2026-09-10T18:57:27Z,134619004688066,1990
2026-09-10T18:57:27Z,134707983960541,1950
2026-09-10T18:57:27Z,134719268825886,6554
2026-09-10T18:57:27Z,134750290201751,827
2026-09-10T18:57:27Z,134750648450964,766
2026-09-10T18:57:27Z,134807373415131,1889
2026-09-10T18:57:27Z,135000370479961,739
2026-09-10T18:57:27Z,135038773889079,604
2026-09-10T18:57:27Z,135155039067698,5809
2026-09-10T18:57:27Z,135193469413243,5991
2026-09-10T18:57:27Z,135392317269737,504
2026-09-10T18:57:27Z,135678396831347,572
2026-09-10T18:57:27Z,135717153770519,4061
2026-09-10T18:57:27Z,135729108619936,591
2026-09-10T18:57:27Z,135757618941587,1251
2026-09-10T18:57:27Z,135791512163616,513
2026-09-10T18:57:27Z,135856908115931,46040
2026-09-10T18:57:27Z,136020512003847,23086
2026-09-10T18:57:27Z,136107936984073,1481
2026-09-10T18:57:27Z,136162036182779,1499
2026-09-10T18:57:27Z,136372246050123,2399
2026-09-10T18:57:27Z,136404558442020,1546
2026-09-10T18:57:27Z,136431686349723,541
2026-09-10T18:57:27Z,136533956395153,2768
2026-09-10T18:57:27Z,136764190843219,1517
2026-09-10T18:57:27Z,136801880565837,2499
2026-09-10T18:57:27Z,136822524519115,805
2026-09-10T18:57:27Z,136919941417380,575
2026-09-10T18:57:27Z,136990058242546,1184
2026-09-10T18:57:27Z,137069154816703,660
2026-09-10T18:57:27Z,137228775845999,12691
2026-09-10T18:57:27Z,137233438285284,6686
2026-09-10T18:57:27Z,137287903930382,850
2026-09-10T18:57:27Z,137370015275609,1311
2026-09-10T18:57:27Z,137373587493425,656
2026-09-10T18:57:27Z,137533474840546,655
2026-09-10T18:57:27Z,137541498231955,1861
2026-09-10T18:57:27Z,137826330724902,4574
2026-09-10T18:57:27Z,137925884276740,6039
2026-09-10T18:57:27Z,138064211947107,515
2026-09-10T18:57:27Z,138182400257397,817
2026-09-10T18:57:27Z,138205182571367,3307
2026-09-10T18:57:27Z,138225905240404,540
2026-09-10T18:57:27Z,138363592957250,6655
2026-09-10T18:57:27Z,138381251771774,1597
2026-09-10T18:57:27Z,138432670504218,2604
2026-09-10T18:57:27Z,138486812747835,2355
2026-09-10T18:57:27Z,138837502355157,1256
2026-09-10T18:57:27Z,139063887391814,1900
2026-09-10T18:57:27Z,139360679647453,1453
2026-09-10T18:57:27Z,139488437793833,1211
2026-09-10T18:57:27Z,139489585993138,579
2026-09-10T18:57:27Z,139506321380888,2909
2026-09-10T18:57:27Z,139546619723000,2243
2026-09-10T18:57:27Z,139566161526375,533
2026-09-10T18:57:27Z,139589080661680,606
2026-09-10T18:57:27Z,139598620873181,717
2026-09-10T18:57:27Z,139617346573330,963
2026-09-10T18:57:27Z,139766023909499,1197
2026-09-10T18:57:27Z,139874182509202,683
2026-09-10T18:57:27Z,139988436996662,845
2026-09-10T18:57:27Z,139995416758538,1242
2026-09-10T18:57:27Z,140033502516293,619
2026-09-10T18:57:27Z,140063367098641,704
2026-09-10T18:57:27Z,140302982046391,1678
2026-09-10T18:57:27Z,140317247681516,1022
2026-09-10T18:57:27Z,140374914197602,2792
2026-09-10T18:57:27Z,140409475718339,1174
2026-09-10T18:57:27Z,140417239274110,2175
2026-09-10T18:57:27Z,140424985545402,1661
2026-09-10T18:57:27Z,140462309938712,1462
2026-09-10T18:57:27Z,140477643689375,728
2026-09-10T18:57:27Z,140481779622210,1508
2026-09-10T19:01:37Z,189707,7927
2026-09-10T19:01:37Z,192800,4972
2026-09-10T19:01:37Z,13822889,1730
2026-09-10T19:01:37Z,20321167,4590
2026-09-10T19:01:37Z,21532277,3467
2026-09-10T19:01:37Z,31490825,1102
2026-09-10T19:01:37Z,69184822,5454
2026-09-10T19:01:37Z,71315343,1266
2026-09-10T19:01:37Z,121748721,575
2026-09-10T19:01:37Z,137877687,580
2026-09-10T19:01:37Z,142823291,276920
2026-09-10T19:01:37Z,155382109,1096
2026-09-10T19:01:37Z,155615604,6944
2026-09-10T19:01:37Z,163501479,861
2026-09-10T19:01:37Z,166731267,1388
2026-09-10T19:01:37Z,166986752,3683
2026-09-10T19:01:37Z,174238106,548
2026-09-10T19:01:37Z,183364845,1229
2026-09-10T19:01:37Z,185655149,14224
2026-09-10T19:01:37Z,205224386,2460
2026-09-10T19:01:37Z,221718525,652
2026-09-10T19:01:37Z,263761432,1573
2026-09-10T19:01:37Z,277751860,2259
2026-09-10T19:01:37Z,286090429,3043
2026-09-10T19:01:37Z,292439477,2323
2026-09-10T19:01:37Z,292628125,654
2026-09-10T19:01:37Z,301549746,1318
2026-09-10T19:01:37Z,328028363,641
2026-09-10T19:01:37Z,335760407,634
2026-09-10T19:01:37Z,373513488,643
2026-09-10T19:01:37Z,443406476,768
2026-09-10T19:01:37Z,537413528,13931
2026-09-10T19:01:37Z,574407221,703
2026-09-10T19:01:37Z,606849621,7499
2026-09-10T19:01:37Z,654732683,3017
2026-09-10T19:01:37Z,662417684,596
2026-09-10T19:01:37Z,696347899,880
2026-09-10T19:01:37Z,735030788,6096
2026-09-10T19:01:37Z,815405518,2520
2026-09-10T19:01:37Z,863266079,990
2026-09-10T19:01:37Z,891539556,811
2026-09-10T19:01:37Z,891852901,5552
2026-09-10T19:01:37Z,893973440,29594
2026-09-10T19:01:37Z,914010731,560
2026-09-10T19:01:37Z,920587237,133071
2026-09-10T19:01:37Z,1128650291,1683
2026-09-10T19:01:37Z,1185902301,592
2026-09-10T19:01:37Z,1324061305,684
2026-09-10T19:01:37Z,1343871267,1240
2026-09-10T19:01:37Z,1365404657,3705
2026-09-10T19:01:37Z,1458767429,5056
2026-09-10T19:01:37Z,1537690962,20441
2026-09-10T19:01:37Z,1554960397,2164
2026-09-10T19:01:37Z,1588965415,2158
2026-09-10T19:01:37Z,1730877806,18491
2026-09-10T19:01:37Z,1962086868,48025
2026-09-10T19:01:37Z,2057751924,506
2026-09-10T19:01:37Z,2166944189,1156
2026-09-10T19:01:37Z,2210085102,562
2026-09-10T19:01:37Z,2317712696,1107
2026-09-10T19:01:37Z,2338325648,1662
2026-09-10T19:01:37Z,2376885433,691
2026-09-10T19:01:37Z,2418863943,3170
2026-09-10T19:01:37Z,2474168535,801
2026-09-10T19:01:37Z,2512643572,2765
2026-09-10T19:01:37Z,2534724415,5907
2026-09-10T19:01:37Z,2537430692,817
2026-09-10T19:01:37Z,2551991523,3782
2026-09-10T19:01:37Z,2569453732,1396
2026-09-10T19:01:37Z,2650582631,684
2026-09-10T19:01:37Z,2693023319,2693
2026-09-10T19:01:37Z,2727067538,1263
2026-09-10T19:01:37Z,2753915549,314731
2026-09-10T19:01:37Z,2768379856,5898
2026-09-10T19:01:37Z,2772610559,2527
2026-09-10T19:01:37Z,2778230703,508
2026-09-10T19:01:37Z,2788229376,2058
2026-09-10T19:01:37Z,2809202155,2829
2026-09-10T19:01:37Z,2830250344,705
2026-09-10T19:01:37Z,2913303231,1095
2026-09-10T19:01:37Z,2916899287,4643
2026-09-10T19:01:37Z,2968914904,1447
2026-09-10T19:01:37Z,3016661674,808
2026-09-10T19:01:37Z,3025990139,720
2026-09-10T19:01:37Z,3214114884,711
2026-09-10T19:01:37Z,3226555017,862
2026-09-10T19:01:37Z,3242417672,2159
2026-09-10T19:01:37Z,3260590327,10672
2026-09-10T19:01:37Z,3261957210,940
2026-09-10T19:01:37Z,3272915504,504
2026-09-10T19:01:37Z,3339374541,874
2026-09-10T19:01:37Z,3351674303,29322
2026-09-10T19:01:37Z,3398014311,1781
2026-09-10T19:01:37Z,3457390032,1266
2026-09-10T19:01:37Z,3475397644,7833
2026-09-10T19:01:37Z,3623096087,8384
2026-09-10T19:01:37Z,3631820248,1889
2026-09-10T19:01:37Z,3663340706,5942
2026-09-10T19:01:37Z,3678761576,4291
2026-09-10T19:01:37Z,3823781113,1844
2026-09-10T19:01:37Z,3837864717,873
2026-09-10T19:01:37Z,3851622790,2076
2026-09-10T19:01:37Z,3891618314,2152
2026-09-10T19:01:37Z,3956818381,637
2026-09-10T19:01:37Z,4104106043,1079
2026-09-10T19:01:37Z,4110892437,599
2026-09-10T19:01:37Z,4111023553,4012
2026-09-10T19:01:37Z,4282985734,1787
2026-09-10T19:01:37Z,4299508195,3144
2026-09-10T19:01:37Z,4448566543,1429
2026-09-10T19:01:37Z,4480809144,1912
2026-09-10T19:01:37Z,4520749081,4785
2026-09-10T19:01:37Z,4522347649,923
2026-09-10T19:01:37Z,4566572536,1393
2026-09-10T19:01:37Z,4580204640,3661
2026-09-10T19:01:37Z,4588604953,1703
2026-09-10T19:01:37Z,4616652839,4768
2026-09-10T19:01:37Z,4623386862,5225
2026-09-10T19:01:37Z,4637668954,3655
2026-09-10T19:01:37Z,4639625707,8667
2026-09-10T19:01:37Z,4640354700,750
2026-09-10T19:01:37Z,4646477729,1143
2026-09-10T19:01:37Z,4796443083,899
2026-09-10T19:01:37Z,4830581890,1016
2026-09-10T19:01:37Z,4832438542,1654
2026-09-10T19:01:37Z,4850533156,1203
2026-09-10T19:01:37Z,4850588087,3147
2026-09-10T19:01:37Z,4855457388,808
2026-09-10T19:01:37Z,4872321990,637
2026-09-10T19:01:37Z,4889315193,2955
2026-09-10T19:01:37Z,4924922222,384196
2026-09-10T19:01:37Z,4954096313,1276
2026-09-10T19:01:37Z,4954512662,1013
2026-09-10T19:01:37Z,4954752502,690
2026-09-10T19:01:37Z,4972091010,555
2026-09-10T19:01:37Z,4972273297,1873
2026-09-10T19:01:37Z,4991214437,652
2026-09-10T19:01:37Z,4992570197,850
2026-09-10T19:01:37Z,4996049426,5733
2026-09-10T19:01:37Z,5041144419,2471
2026-09-10T19:01:37Z,5044920251,503
2026-09-10T19:01:37Z,5062619730,639
2026-09-10T19:01:37Z,5104202731,649
2026-09-10T19:01:37Z,5118969548,3143
2026-09-10T19:01:37Z,5130598377,951
2026-09-10T19:01:37Z,5140123832,688
2026-09-10T19:01:37Z,5152425034,1658
2026-09-10T19:01:37Z,5154858502,797
2026-09-10T19:01:37Z,5171093784,1976
2026-09-10T19:01:37Z,5171347293,1889
2026-09-10T19:01:37Z,5233782396,25262
2026-09-10T19:01:37Z,5244411056,2206
2026-09-10T19:01:37Z,5286116071,898
2026-09-10T19:01:37Z,5289509545,11867
2026-09-10T19:01:37Z,5342047554,751
2026-09-10T19:01:37Z,5343994291,685
2026-09-10T19:01:37Z,5391778736,573
2026-09-10T19:01:37Z,5407396567,652
2026-09-10T19:01:37Z,5496455308,3046
2026-09-10T19:01:37Z,5571328985,2156
2026-09-10T19:01:37Z,5593925613,2348
2026-09-10T19:01:37Z,5670218884,2112
2026-09-10T19:01:37Z,5671985295,2603
2026-09-10T19:01:37Z,5683833663,1991
2026-09-10T19:01:37Z,5702593762,1849
2026-09-10T19:01:37Z,5708035517,1107
2026-09-10T19:01:37Z,5712833750,2842
2026-09-10T19:01:37Z,5777099015,1878
2026-09-10T19:01:37Z,5829141886,2916
2026-09-10T19:01:37Z,5846386835,707
2026-09-10T19:01:37Z,5856880701,1698
2026-09-10T19:01:37Z,5865858426,2145
2026-09-10T19:01:37Z,5901440255,1994
2026-09-10T19:01:37Z,5926001758,1442
2026-09-10T19:01:37Z,5956785391,555
2026-09-10T19:01:37Z,5976159288,991
2026-09-10T19:01:37Z,5984006660,1395
2026-09-10T19:01:37Z,5985232436,2682
2026-09-10T19:01:37Z,6000468131,740
2026-09-10T19:01:37Z,6011940308,619
2026-09-10T19:01:37Z,6020247720,2148
2026-09-10T19:01:37Z,6066404016,507
2026-09-10T19:01:37Z,6104994594,1660
2026-09-10T19:01:37Z,6128441278,712
2026-09-10T19:01:37Z,6132958612,1026
2026-09-10T19:01:37Z,6137321701,1108
2026-09-10T19:01:37Z,6153766069,1876
2026-09-10T19:01:37Z,6161235818,1682
2026-09-10T19:01:37Z,6205205961,6628
2026-09-10T19:01:37Z,6243699076,2557
2026-09-10T19:01:37Z,6263431107,2135
2026-09-10T19:01:37Z,6270290407,1627
2026-09-10T19:01:37Z,6284583030,744
2026-09-10T19:01:37Z,6299805723,1373
2026-09-10T19:01:37Z,6305582775,721
2026-09-10T19:01:37Z,6349094071,1289
2026-09-10T19:01:37Z,6358567974,8086
2026-09-10T19:01:37Z,6366329104,2786
2026-09-10T19:01:37Z,6377740507,2243
2026-09-10T19:01:37Z,6382584061,2202
2026-09-10T19:01:37Z,6403373529,8033
2026-09-10T19:01:37Z,6442957604,631
2026-09-10T19:01:37Z,6445435958,874
2026-09-10T19:01:37Z,6447798030,2068
2026-09-10T19:01:37Z,6507422231,4845
2026-09-10T19:01:37Z,6516141723,51400
2026-09-10T19:01:37Z,6520999642,1519
2026-09-10T19:01:37Z,6608498361,956
2026-09-10T19:01:37Z,6610021055,611
2026-09-10T19:01:37Z,6686932749,815
2026-09-10T19:01:37Z,6698800091,3307
2026-09-10T19:01:37Z,6700307184,535
2026-09-10T19:01:37Z,6717367660,1006
2026-09-10T19:01:37Z,6727915552,646
2026-09-10T19:01:37Z,6735572261,507
2026-09-10T19:01:37Z,6737970321,2758
2026-09-10T19:01:37Z,6766156863,986
2026-09-10T19:01:37Z,6804602922,2599
2026-09-10T19:01:37Z,6816975827,3161
2026-09-10T19:01:37Z,6872265039,17810
2026-09-10T19:01:37Z,6875747014,3204
2026-09-10T19:01:37Z,6884319169,2583
2026-09-10T19:01:37Z,6888253864,556
2026-09-10T19:01:37Z,6911148748,1420
2026-09-10T19:01:37Z,6915976310,1971
2026-09-10T19:01:37Z,6918802270,1680
2026-09-10T19:01:37Z,6924758805,1416
2026-09-10T19:01:37Z,6934310111,1601
2026-09-10T19:01:37Z,6939111033,1673
2026-09-10T19:01:37Z,6961824067,31921
2026-09-10T19:01:37Z,6989310863,4470
2026-09-10T19:01:37Z,7041939546,59882
2026-09-10T19:01:37Z,7071444234,828
2026-09-10T19:01:37Z,7074772062,1939
2026-09-10T19:01:37Z,7117492592,3071
2026-09-10T19:01:37Z,7138009149,1027
2026-09-10T19:01:37Z,7171174521,6648
2026-09-10T19:01:37Z,7180042682,2906
2026-09-10T19:01:37Z,7239319209,502
2026-09-10T19:01:37Z,7241858214,2760
2026-09-10T19:01:37Z,7243409883,4363
2026-09-10T19:01:37Z,7305309231,10320
2026-09-10T19:01:37Z,7336302630,2104
2026-09-10T19:01:37Z,7367863399,1061
2026-09-10T19:01:37Z,7491927311,690
2026-09-10T19:01:37Z,7506230120,508
2026-09-10T19:01:37Z,7554888362,20143
2026-09-10T19:01:37Z,7577961216,3227
2026-09-10T19:01:37Z,7605357829,2403
2026-09-10T19:01:37Z,7606564092,613
2026-09-10T19:01:37Z,7670825572,2761
2026-09-10T19:01:37Z,7711635737,15724
2026-09-10T19:01:37Z,7772810845,1620
2026-09-10T19:01:37Z,7784286514,607
2026-09-10T19:01:37Z,7871169780,2681
2026-09-10T19:01:37Z,7896264844,1472
2026-09-10T19:01:37Z,7971857341,6835
2026-09-10T19:01:37Z,7991339063,6493
2026-09-10T19:01:37Z,8003084678,1667
2026-09-10T19:01:37Z,8034026074,1915
2026-09-10T19:01:37Z,8075399143,2370
2026-09-10T19:01:37Z,8087448382,658
2026-09-10T19:01:37Z,8096601114,1310
2026-09-10T19:01:37Z,8109476632,754
2026-09-10T19:01:37Z,8122612051,539
2026-09-10T19:01:37Z,8200787440,597
2026-09-10T19:01:37Z,8204899140,1635
2026-09-10T19:01:37Z,8246874626,1978
2026-09-10T19:01:37Z,8260276694,1862
2026-09-10T19:01:37Z,8265622251,995
2026-09-10T19:01:37Z,8286149869,641
2026-09-10T19:01:37Z,8317834514,3181
2026-09-10T19:01:37Z,8328351891,1901
2026-09-10T19:01:37Z,8356562067,667
2026-09-10T19:01:37Z,8369888266,3112
2026-09-10T19:01:37Z,8388259310,1075
2026-09-10T19:01:37Z,8416249767,1045
2026-09-10T19:01:37Z,8481844229,32907
2026-09-10T19:01:37Z,8534845015,901
2026-09-10T19:01:37Z,8540168650,885
2026-09-10T19:01:37Z,8542259458,1198
2026-09-10T19:01:37Z,8554378337,655
2026-09-10T19:01:37Z,8562822414,1279
2026-09-10T19:01:37Z,8571687919,770
2026-09-10T19:01:37Z,8617370639,1755
2026-09-10T19:01:37Z,8657766101,855
2026-09-10T19:01:37Z,8665470667,663
2026-09-10T19:01:37Z,8668536168,723
2026-09-10T19:01:37Z,8704997000,5225
2026-09-10T19:01:37Z,8712817601,13185
2026-09-10T19:01:37Z,8737602449,3194
2026-09-10T19:01:37Z,8737899170,68809
2026-09-10T19:01:37Z,8831256282,529
2026-09-10T19:01:37Z,8838701772,1159
2026-09-10T19:01:37Z,8840562096,587
2026-09-10T19:01:37Z,8867129986,799
2026-09-10T19:01:37Z,8884433153,3083
2026-09-10T19:01:37Z,8908228901,1324
2026-09-10T19:01:37Z,9049840490,2583
2026-09-10T19:01:37Z,9058310544,980
2026-09-10T19:01:37Z,9096881148,3895
2026-09-10T19:01:37Z,9099326192,1391
2026-09-10T19:01:37Z,9120716669,914
2026-09-10T19:01:37Z,9192423027,3480
2026-09-10T19:01:37Z,9224601490,2440
2026-09-10T19:01:37Z,9272528920,868
2026-09-10T19:01:37Z,9273658706,1193
2026-09-10T19:01:37Z,9281034297,589
2026-09-10T19:01:37Z,9346039031,730
2026-09-10T19:01:37Z,9372570969,787
2026-09-10T19:01:37Z,9391468976,130531
2026-09-10T19:01:37Z,9404223526,2179
2026-09-10T19:01:37Z,9414511685,2433
2026-09-10T19:01:37Z,9503261072,792
2026-09-10T19:01:37Z,9534337535,724
2026-09-10T19:01:37Z,9558986910,904
2026-09-10T19:01:37Z,9731376817,1462
2026-09-10T19:01:37Z,9772878203,585
2026-09-10T19:01:37Z,9788848685,1295
2026-09-10T19:01:37Z,9791603388,2648
2026-09-10T19:01:37Z,9872472334,28155
2026-09-10T19:01:37Z,9879422661,571
2026-09-10T19:01:37Z,9922455303,1324
2026-09-10T19:01:37Z,10082031223,1022
2026-09-10T19:01:37Z,10110568567,779
2026-09-10T19:01:37Z,10118504428,594
2026-09-10T19:01:37Z,10165583746,5321
2026-09-10T19:01:37Z,10179538382,1206
2026-09-10T19:01:37Z,10224049386,1869
2026-09-10T19:01:37Z,10228136016,731
2026-09-10T19:01:37Z,10253248401,3520
2026-09-10T19:01:37Z,10260193230,1413
2026-09-10T19:01:37Z,10272636261,1377
2026-09-10T19:01:37Z,10277607801,835
2026-09-10T19:01:37Z,10351562025,530
2026-09-10T19:01:37Z,10449761463,42939
2026-09-10T19:01:37Z,10450270085,1050
2026-09-10T19:01:37Z,10518166490,540
2026-09-10T19:01:37Z,10554647907,538
2026-09-10T19:01:37Z,10561456271,858
2026-09-10T19:01:37Z,10576142169,974
2026-09-10T19:01:37Z,10595058975,1633
2026-09-10T19:01:37Z,10660791703,1038
2026-09-10T19:01:37Z,10679239752,1471
2026-09-10T19:01:37Z,10696301650,846
2026-09-10T19:01:37Z,10704789056,845
2026-09-10T19:01:37Z,10726371567,1259
2026-09-10T19:01:37Z,10745043766,1145
2026-09-10T19:01:37Z,10760024537,505
2026-09-10T19:01:37Z,10834586502,2367
2026-09-10T19:01:37Z,10853515606,741
2026-09-10T19:01:37Z,10912405603,567
2026-09-10T19:01:37Z,10941514720,1931
2026-09-10T19:01:37Z,10959918411,1303
2026-09-10T19:01:37Z,11021288030,724
2026-09-10T19:01:37Z,11137575513,621
2026-09-10T19:01:37Z,11158043705,3915
2026-09-10T19:01:37Z,11232592166,940
2026-09-10T19:01:37Z,11273483795,1625
2026-09-10T19:01:37Z,11276071411,1850
2026-09-10T19:01:37Z,11364087119,1482
2026-09-10T19:01:37Z,11379739543,22159
2026-09-10T19:01:37Z,11392373641,2283
2026-09-10T19:01:37Z,11451679682,590
2026-09-10T19:01:37Z,11474405411,1354
2026-09-10T19:01:37Z,11541986592,531
2026-09-10T19:01:37Z,11653088948,862
2026-09-10T19:01:37Z,11684369582,1239
2026-09-10T19:01:37Z,11694307960,655
2026-09-10T19:01:37Z,11727501024,2169
2026-09-10T19:01:37Z,11729688377,893
2026-09-10T19:01:37Z,11765402359,3999
2026-09-10T19:01:37Z,11782774748,2712
2026-09-10T19:01:37Z,11815767793,2410
2026-09-10T19:01:37Z,11832484500,586
2026-09-10T19:01:37Z,11848247239,1229
2026-09-10T19:01:37Z,11862502039,2221
2026-09-10T19:01:37Z,11928087342,1527
2026-09-10T19:01:37Z,12018893069,582
2026-09-10T19:01:37Z,12076775711,791
2026-09-10T19:01:37Z,12077443856,532
2026-09-10T19:01:37Z,12090482034,1075
2026-09-10T19:01:37Z,12144402492,638
2026-09-10T19:01:37Z,12177325772,13384
2026-09-10T19:01:37Z,12262046571,1744
2026-09-10T19:01:37Z,12334109280,4583
2026-09-10T19:01:37Z,12338455185,2378
2026-09-10T19:01:37Z,12355337193,11093
2026-09-10T19:01:37Z,12397515839,2300
2026-09-10T19:01:37Z,12398038681,694
2026-09-10T19:01:37Z,12407250267,1833
2026-09-10T19:01:37Z,12411473842,1232
2026-09-10T19:01:37Z,12495498157,1165
2026-09-10T19:01:37Z,12550651382,939
2026-09-10T19:01:37Z,12593620250,3859
2026-09-10T19:01:37Z,12625784503,562
2026-09-10T19:01:37Z,12640491155,958
2026-09-10T19:01:37Z,12699642568,8528
2026-09-10T19:01:37Z,12716055617,2367
2026-09-10T19:01:37Z,12828227139,1884
2026-09-10T19:01:37Z,12847474373,950
2026-09-10T19:01:37Z,12912701243,883
2026-09-10T19:01:37Z,12912731475,3227
2026-09-10T19:01:37Z,12931609417,3387
2026-09-10T19:01:37Z,12981936705,663
2026-09-10T19:01:37Z,12985361032,7361
2026-09-10T19:01:37Z,12997619803,700
2026-09-10T19:01:37Z,13042495892,1119
2026-09-10T19:01:37Z,13076380114,6668
2026-09-10T19:01:37Z,13110267312,562
2026-09-10T19:01:37Z,13118814103,1457
2026-09-10T19:01:37Z,13127800756,1854
2026-09-10T19:01:37Z,13159565330,1631
2026-09-10T19:01:37Z,13166293021,2311
2026-09-10T19:01:37Z,13184713709,2458
2026-09-10T19:01:37Z,13189735542,908
2026-09-10T19:01:37Z,13358463560,541
2026-09-10T19:01:37Z,13379208636,12158
2026-09-10T19:01:37Z,13404995530,522
2026-09-10T19:01:37Z,13416197699,2210
2026-09-10T19:01:37Z,13429790955,1683
2026-09-10T19:01:37Z,13438553315,770
2026-09-10T19:01:37Z,13473615074,2485
2026-09-10T19:01:37Z,13482468151,4791
2026-09-10T19:01:37Z,13587601484,1660
2026-09-10T19:01:37Z,13600218266,8216
2026-09-10T19:01:37Z,13621938427,6514
2026-09-10T19:01:37Z,13664698400,3221
2026-09-10T19:01:37Z,13687899540,8306
2026-09-10T19:01:37Z,13718567207,1303
2026-09-10T19:01:37Z,13772394625,18713
2026-09-10T19:01:37Z,13775256536,3058
2026-09-10T19:01:37Z,13794093709,796
2026-09-10T19:01:37Z,13796645198,1594
2026-09-10T19:01:37Z,13822562292,3088
2026-09-10T19:01:37Z,13827198708,564
2026-09-10T19:01:37Z,13864661000,1655
2026-09-10T19:01:37Z,13955927965,2382
2026-09-10T19:01:37Z,13967668166,27739
2026-09-10T19:01:37Z,13999660589,3807
2026-09-10T19:01:37Z,14004668761,733
2026-09-10T19:01:37Z,14026026722,619
2026-09-10T19:01:37Z,14038329225,1047
2026-09-10T19:01:37Z,14044547200,1947
2026-09-10T19:01:37Z,14161770735,773
2026-09-10T19:01:37Z,14184086618,1275
2026-09-10T19:01:37Z,14212732626,1861
2026-09-10T19:01:37Z,14236925335,4375
2026-09-10T19:01:37Z,14237585680,883
2026-09-10T19:01:37Z,14238596528,4026
2026-09-10T19:01:37Z,14259168147,2227
2026-09-10T19:01:37Z,14259358984,598
2026-09-10T19:01:37Z,14279693118,1860
2026-09-10T19:01:37Z,14298053780,529
2026-09-10T19:01:37Z,14301835518,3985
2026-09-10T19:01:37Z,14313259147,1411
2026-09-10T19:01:37Z,14315258385,28182
2026-09-10T19:01:37Z,14337656835,668
2026-09-10T19:01:37Z,14350413280,1017
2026-09-10T19:01:37Z,14422394494,7244
2026-09-10T19:01:37Z,14437001043,1734
2026-09-10T19:01:37Z,14438406081,10096
2026-09-10T19:01:37Z,14451515684,1397
2026-09-10T19:01:37Z,14458936637,1463
2026-09-10T19:01:37Z,14475396559,913
2026-09-10T19:01:37Z,14475792710,707
2026-09-10T19:01:37Z,14518422161,720
2026-09-10T19:01:37Z,14564651437,2819
2026-09-10T19:01:37Z,14567590300,2354
2026-09-10T19:01:37Z,14569384529,514
2026-09-10T19:01:37Z,14581889272,649
2026-09-10T19:01:37Z,14608970270,8634
2026-09-10T19:01:37Z,14721282186,601
2026-09-10T19:01:37Z,14772802900,2110
2026-09-10T19:01:37Z,14776071100,850
2026-09-10T19:01:37Z,14787369036,1181
2026-09-10T19:01:37Z,14823220100,899
2026-09-10T19:01:37Z,14833592591,1291
2026-09-10T19:01:37Z,14835828495,1887
2026-09-10T19:01:37Z,14842128242,750
2026-09-10T19:01:37Z,14852797539,500
2026-09-10T19:01:37Z,14959543012,558
2026-09-10T19:01:37Z,15002061926,7299
2026-09-10T19:01:37Z,15027718878,1026
2026-09-10T19:01:37Z,15077422637,746
2026-09-10T19:01:37Z,15092647980,586
2026-09-10T19:01:37Z,15101393044,69910
2026-09-10T19:01:37Z,15111895255,1307
2026-09-10T19:01:37Z,15135285305,980
2026-09-10T19:01:37Z,15198166649,1549
2026-09-10T19:01:37Z,15235397483,517
2026-09-10T19:01:37Z,15240723287,2984
2026-09-10T19:01:37Z,15269951959,3416
2026-09-10T19:01:37Z,15270182488,1294
2026-09-10T19:01:37Z,15282120493,511
2026-09-10T19:01:37Z,15288629078,1827
2026-09-10T19:01:37Z,15318113891,6291
2026-09-10T19:01:37Z,15352028692,704
2026-09-10T19:01:37Z,15446342241,513
2026-09-10T19:01:37Z,15507022415,1934
2026-09-10T19:01:37Z,15509312676,744
2026-09-10T19:01:37Z,15532962292,44348
2026-09-10T19:01:37Z,15546218972,1144
2026-09-10T19:01:37Z,15550215902,3410
2026-09-10T19:01:37Z,15560168390,1435
2026-09-10T19:01:37Z,15598056478,2048
2026-09-10T19:01:37Z,15654981113,1043
2026-09-10T19:01:37Z,15694891095,1645
2026-09-10T19:01:37Z,15696848933,2695
2026-09-10T19:01:37Z,15768329004,9389
2026-09-10T19:01:37Z,15781012611,568
2026-09-10T19:01:37Z,15784744207,2204
2026-09-10T19:01:37Z,15859503151,500
2026-09-10T19:01:37Z,15864327873,626
2026-09-10T19:01:37Z,15930174396,3876
2026-09-10T19:01:37Z,16039690331,1628
2026-09-10T19:01:37Z,16057679366,836
2026-09-10T19:01:37Z,16115051360,1077
2026-09-10T19:01:37Z,16116270224,21598
2026-09-10T19:01:37Z,16141640360,2576
2026-09-10T19:01:37Z,16141898262,1541
2026-09-10T19:01:37Z,16146832113,20395
2026-09-10T19:01:37Z,16154918775,2768
2026-09-10T19:01:37Z,16159871483,530
2026-09-10T19:01:37Z,16272604134,2229
2026-09-10T19:01:37Z,16288616721,1152
2026-09-10T19:01:37Z,16290530659,611
2026-09-10T19:01:37Z,16304978305,695
2026-09-10T19:01:37Z,16331682055,618
2026-09-10T19:01:37Z,16381982348,678
2026-09-10T19:01:37Z,16389395869,11331
2026-09-10T19:01:37Z,16446142514,1212
2026-09-10T19:01:37Z,16447934574,6516
2026-09-10T19:01:37Z,16454399300,787
2026-09-10T19:01:37Z,16480898254,2243
2026-09-10T19:01:37Z,16483433878,685
2026-09-10T19:01:37Z,16501421966,677
2026-09-10T19:01:37Z,16518256559,1099
2026-09-10T19:01:37Z,16625391970,7723
2026-09-10T19:01:37Z,16653555262,1414
2026-09-10T19:01:37Z,16732694052,72464
2026-09-10T19:01:37Z,16740784399,508
2026-09-10T19:01:37Z,16867505761,1548
2026-09-10T19:01:37Z,16901389020,2352
2026-09-10T19:01:37Z,16907212609,1465
2026-09-10T19:01:37Z,16910059756,3980
2026-09-10T19:01:37Z,16962279458,2499
2026-09-10T19:01:37Z,16991287194,2811
2026-09-10T19:01:37Z,16993432698,997
2026-09-10T19:01:37Z,17012548142,739
2026-09-10T19:01:37Z,17045823120,1771
2026-09-10T19:01:37Z,17070462969,725
2026-09-10T19:01:37Z,17121846721,1015
2026-09-10T19:01:37Z,17188326828,1089
2026-09-10T19:01:37Z,17192092512,3217
2026-09-10T19:01:37Z,17255098561,1363
2026-09-10T19:01:37Z,17277889388,557
2026-09-10T19:01:37Z,17371491481,1761
2026-09-10T19:01:37Z,17450551531,1193
2026-09-10T19:01:37Z,17457986005,1215
2026-09-10T19:01:37Z,17516596118,19213
2026-09-10T19:01:37Z,17556820024,3001
2026-09-10T19:01:37Z,17559596992,530
2026-09-10T19:01:37Z,17571821642,1547
2026-09-10T19:01:37Z,17577256698,5000
2026-09-10T19:01:37Z,17581668152,2028
2026-09-10T19:01:37Z,17600423422,888
2026-09-10T19:01:37Z,17625359962,140962
2026-09-10T19:01:37Z,17662297954,862
2026-09-10T19:01:37Z,17664585395,1111
2026-09-10T19:01:37Z,17698425045,1121
2026-09-10T19:01:37Z,17720162456,2350
2026-09-10T19:01:37Z,17729873503,586
2026-09-10T19:01:37Z,17759606919,697
2026-09-10T19:01:37Z,17798223108,500
2026-09-10T19:01:37Z,17844293708,1310
2026-09-10T19:01:37Z,17861623204,687
2026-09-10T19:01:37Z,17882166032,2282
2026-09-10T19:01:37Z,18102078939,1839
2026-09-10T19:01:37Z,18138682962,1056
2026-09-10T19:01:37Z,18152595062,907
2026-09-10T19:01:37Z,18153851914,610
2026-09-10T19:01:37Z,18156286285,963
2026-09-10T19:01:37Z,18172550962,646
2026-09-10T19:01:37Z,18180736634,1895
2026-09-10T19:01:37Z,18183902003,1243
2026-09-10T19:01:37Z,18192562963,1392
2026-09-10T19:01:37Z,18199615050,5145
2026-09-10T19:01:37Z,18214855317,3495
2026-09-10T19:01:37Z,18218605381,666
2026-09-10T19:01:37Z,18259975825,2178
2026-09-10T19:01:37Z,18260439047,1217
2026-09-10T19:01:37Z,18334179599,1270
2026-09-10T19:01:37Z,18335956021,11866
2026-09-10T19:01:37Z,18341181766,561
2026-09-10T19:01:37Z,18376355901,1248
2026-09-10T19:01:37Z,18403789061,643
2026-09-10T19:01:37Z,18408132742,546
2026-09-10T19:01:37Z,18519254033,2136
2026-09-10T19:01:37Z,18537079992,1487
2026-09-10T19:01:37Z,18545825758,518
2026-09-10T19:01:37Z,18645473062,1051
2026-09-10T19:01:37Z,18649596490,1436
2026-09-10T19:01:37Z,18666738837,4811
2026-09-10T19:01:37Z,18668065416,13661
2026-09-10T19:01:37Z,18680867089,2231
2026-09-10T19:01:37Z,18687417158,49367
2026-09-10T19:01:37Z,18688598012,788
2026-09-10T19:01:37Z,18700851435,3743
2026-09-10T19:01:37Z,18753889337,5003
2026-09-10T19:01:37Z,18799085098,2948
2026-09-10T19:01:37Z,18803315158,4058
2026-09-10T19:01:37Z,18816315817,1548
2026-09-10T19:01:37Z,18864551515,812
2026-09-10T19:01:37Z,18934709778,1414
2026-09-10T19:01:37Z,18948446518,3225
2026-09-10T19:01:37Z,18959440414,1265
2026-09-10T19:01:37Z,18960834681,583
2026-09-10T19:01:37Z,18984776765,680
2026-09-10T19:01:37Z,70390793715007,1076
2026-09-10T19:01:37Z,70400654680508,2858
2026-09-10T19:01:37Z,70411440483149,19352
2026-09-10T19:01:37Z,70435795041539,5694
2026-09-10T19:01:37Z,70476134485723,704
2026-09-10T19:01:37Z,70564797343878,707
2026-09-10T19:01:37Z,70587876731444,1890
2026-09-10T19:01:37Z,70640255604878,12397
2026-09-10T19:01:37Z,70805830291547,1127
2026-09-10T19:01:37Z,70904050766278,574
2026-09-10T19:01:37Z,70906625936847,5618
2026-09-10T19:01:37Z,70911358699250,1615
2026-09-10T19:01:37Z,70970763145070,887
2026-09-10T19:01:37Z,70990751935174,1584
2026-09-10T19:01:37Z,70994695337243,908
2026-09-10T19:01:37Z,70998903613713,611
2026-09-10T19:01:37Z,71099982892966,958
2026-09-10T19:01:37Z,71132543521245,7354
2026-09-10T19:01:37Z,71143154217953,974
2026-09-10T19:01:37Z,71174733280934,1068
2026-09-10T19:01:37Z,71394819414417,2028
2026-09-10T19:01:37Z,71457452830106,1052
2026-09-10T19:01:37Z,71480482338212,960
2026-09-10T19:01:37Z,71543463524754,721
2026-09-10T19:01:37Z,71599043035739,2846
2026-09-10T19:01:37Z,71600459831333,2376
2026-09-10T19:01:37Z,71633357192188,2097
2026-09-10T19:01:37Z,71647256260480,2064
2026-09-10T19:01:37Z,71704434889758,8781
2026-09-10T19:01:37Z,71706515477118,1174
2026-09-10T19:01:37Z,71774876641249,1732
2026-09-10T19:01:37Z,71849204829689,917
2026-09-10T19:01:37Z,71852303862507,1712
2026-09-10T19:01:37Z,71895508397153,2383
2026-09-10T19:01:37Z,72019577565540,1114
2026-09-10T19:01:37Z,72167803024670,978
2026-09-10T19:01:37Z,72216345408467,4515
2026-09-10T19:01:37Z,72317248326994,1993
2026-09-10T19:01:37Z,72387437800091,4678
2026-09-10T19:01:37Z,72450672234943,1766
2026-09-10T19:01:37Z,72525366293660,510
2026-09-10T19:01:37Z,72604809857139,531
2026-09-10T19:01:37Z,72659788689464,609
2026-09-10T19:01:37Z,72712036210947,1773
2026-09-10T19:01:37Z,72763503064951,2408
2026-09-10T19:01:37Z,72845937010155,1071
2026-09-10T19:01:37Z,72920620366355,4326
2026-09-10T19:01:37Z,73097591386069,944
2026-09-10T19:01:37Z,73101851322368,1339
2026-09-10T19:01:37Z,73189007576537,2599
2026-09-10T19:01:37Z,73413968610508,1578
2026-09-10T19:01:37Z,73526576502092,661
2026-09-10T19:01:37Z,73578698401320,2403
2026-09-10T19:01:37Z,73613510857111,2818
2026-09-10T19:01:37Z,73621314943835,6998
2026-09-10T19:01:37Z,73768006371986,3857
2026-09-10T19:01:37Z,73814003954154,652
2026-09-10T19:01:37Z,73871058651498,1312
2026-09-10T19:01:37Z,73897506680154,6670
2026-09-10T19:01:37Z,73904017172892,3061
2026-09-10T19:01:37Z,73908022013371,1773
2026-09-10T19:01:37Z,73954336239895,1217
2026-09-10T19:01:37Z,73956553001240,28423
2026-09-10T19:01:37Z,74102906764176,17501
2026-09-10T19:01:37Z,74188431054457,12067
2026-09-10T19:01:37Z,74193805629461,2690
2026-09-10T19:01:37Z,74218191398494,667
2026-09-10T19:01:37Z,74256669508761,2739
2026-09-10T19:01:37Z,74260430392611,5306
2026-09-10T19:01:37Z,74341114342499,9377
2026-09-10T19:01:37Z,74395953411817,9824
2026-09-10T19:01:37Z,74511210941284,1622
2026-09-10T19:01:37Z,74542317333958,1184
2026-09-10T19:01:37Z,74716719697996,3780
2026-09-10T19:01:37Z,74729868188364,5995
2026-09-10T19:01:37Z,74889851913797,3961
2026-09-10T19:01:37Z,74994442538508,845
2026-09-10T19:01:37Z,75178747054941,1883
2026-09-10T19:01:37Z,75317862071711,4503
2026-09-10T19:01:37Z,75366259315586,550
2026-09-10T19:01:37Z,75387700043737,12957
2026-09-10T19:01:37Z,75467339082089,600
2026-09-10T19:01:37Z,75541741887441,1351
2026-09-10T19:01:37Z,75547400568620,6271
2026-09-10T19:01:37Z,75561686090072,644
2026-09-10T19:01:37Z,75568173037446,2964
2026-09-10T19:01:37Z,75626443136851,743
2026-09-10T19:01:37Z,75646865566926,846
2026-09-10T19:01:37Z,75663528075786,2641
2026-09-10T19:01:37Z,75753413268977,833
2026-09-10T19:01:37Z,75839707976715,893
2026-09-10T19:01:37Z,76137189788863,2051
2026-09-10T19:01:37Z,76153324611685,5533
2026-09-10T19:01:37Z,76193707924033,588
2026-09-10T19:01:37Z,76285745979410,3898
2026-09-10T19:01:37Z,76427445314955,512
2026-09-10T19:01:37Z,76427490154192,1959
2026-09-10T19:01:37Z,76503495566299,7890
2026-09-10T19:01:37Z,76526090659517,1688
2026-09-10T19:01:37Z,76558904092080,1583
2026-09-10T19:01:37Z,76603753346534,661
2026-09-10T19:01:37Z,76737571462455,2356
2026-09-10T19:01:37Z,76812848652979,1042
2026-09-10T19:01:37Z,76838459031868,11585
2026-09-10T19:01:37Z,76842920359834,562
2026-09-10T19:01:37Z,76911729991355,3656
2026-09-10T19:01:37Z,77108422251420,57428
2026-09-10T19:01:37Z,77187847593796,510
2026-09-10T19:01:37Z,77649408247578,29817
2026-09-10T19:01:37Z,77747658251236,1616
2026-09-10T19:01:37Z,77843161404023,8317
2026-09-10T19:01:37Z,78028206594931,753
2026-09-10T19:01:37Z,78131609782350,1039
2026-09-10T19:01:37Z,78177131121429,3088
2026-09-10T19:01:37Z,78471443847948,1020
2026-09-10T19:01:37Z,78496323189083,1527
2026-09-10T19:01:37Z,78515283254292,80709
2026-09-10T19:01:37Z,78699621133325,1011
2026-09-10T19:01:37Z,78724109436030,915
2026-09-10T19:01:37Z,78724900430513,1360
2026-09-10T19:01:37Z,78839079957645,1774
2026-09-10T19:01:37Z,79267089300389,4271
2026-09-10T19:01:37Z,79268393072444,11617
2026-09-10T19:01:37Z,79315121100812,1592
2026-09-10T19:01:37Z,79454007962937,1115
2026-09-10T19:01:37Z,79480724066456,12899
2026-09-10T19:01:37Z,79546208627805,142333
2026-09-10T19:01:37Z,79790479326946,805
2026-09-10T19:01:37Z,79797693256658,511
2026-09-10T19:01:37Z,79860632214114,525
2026-09-10T19:01:37Z,79886695267825,997
2026-09-10T19:01:37Z,79948106719663,637
2026-09-10T19:01:37Z,79966250354565,7531
2026-09-10T19:01:37Z,80000420704526,3003
2026-09-10T19:01:37Z,80031826041492,1371
2026-09-10T19:01:37Z,80111254680893,636
2026-09-10T19:01:37Z,80200604311136,2325
2026-09-10T19:01:37Z,80234914611737,1068
2026-09-10T19:01:37Z,80279663815725,1179
2026-09-10T19:01:37Z,80342862330041,639
2026-09-10T19:01:37Z,80607040330429,1315
2026-09-10T19:01:37Z,80610578881227,763
2026-09-10T19:01:37Z,80734098185936,2497
2026-09-10T19:01:37Z,80861715191104,986
2026-09-10T19:01:37Z,80898524797320,1557
2026-09-10T19:01:37Z,81040587037979,1594
2026-09-10T19:01:37Z,81223687051453,2746
2026-09-10T19:01:37Z,81239378558719,1093
2026-09-10T19:01:37Z,81549698024226,598
2026-09-10T19:01:37Z,81703830622949,2061
2026-09-10T19:01:37Z,82013336390273,875
2026-09-10T19:01:37Z,82075856475941,759
2026-09-10T19:01:37Z,82084053899394,684
2026-09-10T19:01:37Z,82329146189989,1245
2026-09-10T19:01:37Z,82453659777192,914
2026-09-10T19:01:37Z,82457571485380,7338
2026-09-10T19:01:37Z,82461912126439,516
2026-09-10T19:01:37Z,82524183928567,524
2026-09-10T19:01:37Z,82539019711975,1679
2026-09-10T19:01:37Z,82554996468034,1062
2026-09-10T19:01:37Z,82570142697239,1790
2026-09-10T19:01:37Z,82682887450460,512
2026-09-10T19:01:37Z,82712304391069,4647
2026-09-10T19:01:37Z,82745432464897,1054
2026-09-10T19:01:37Z,82797688803922,3253
2026-09-10T19:01:37Z,82866880824588,815
2026-09-10T19:01:37Z,82898983236792,532
2026-09-10T19:01:37Z,82904798643396,810
2026-09-10T19:01:37Z,82983707799188,3176
2026-09-10T19:01:37Z,83038462357724,9806
2026-09-10T19:01:37Z,83211034158887,546
2026-09-10T19:01:37Z,83238501165241,651
2026-09-10T19:01:37Z,83264774625004,3058
2026-09-10T19:01:37Z,83312952548612,580
2026-09-10T19:01:37Z,83325975879599,3121
2026-09-10T19:01:37Z,83388257263676,3976
2026-09-10T19:01:37Z,83569851223739,2489
2026-09-10T19:01:37Z,83622406313819,1703
2026-09-10T19:01:37Z,83948716312312,1060
2026-09-10T19:01:37Z,84156601481934,1987
2026-09-10T19:01:37Z,84256892855657,1113
2026-09-10T19:01:37Z,84332574190497,2741
2026-09-10T19:01:37Z,84449017742177,4826
2026-09-10T19:01:37Z,84515722934860,36551
2026-09-10T19:01:37Z,84525826229916,3831
2026-09-10T19:01:37Z,84526099099491,1299
2026-09-10T19:01:37Z,84556640895285,12702
2026-09-10T19:01:37Z,84568117169118,1343
2026-09-10T19:01:37Z,84692574040798,781
2026-09-10T19:01:37Z,84956402848349,1061
2026-09-10T19:01:37Z,85011874799856,1793
2026-09-10T19:01:37Z,85048226835181,1571
2026-09-10T19:01:37Z,85056532479796,1456
2026-09-10T19:01:37Z,85245205758607,1885
2026-09-10T19:01:37Z,85387381843881,1280
2026-09-10T19:01:37Z,85896571713843,2362
2026-09-10T19:01:37Z,85967844112283,15297
2026-09-10T19:01:37Z,86017989016432,989
2026-09-10T19:01:37Z,86022723355936,875
2026-09-10T19:01:37Z,86089763581353,741
2026-09-10T19:01:37Z,86164638330564,681
2026-09-10T19:01:37Z,86178279217218,1144
2026-09-10T19:01:37Z,86247128610772,7379
2026-09-10T19:01:37Z,86259628805375,4217
2026-09-10T19:01:37Z,86368783421928,3506
2026-09-10T19:01:37Z,86374876468143,2161
2026-09-10T19:01:37Z,86378115369061,501
2026-09-10T19:01:37Z,86479448397834,7114
2026-09-10T19:01:37Z,86524001536792,1291
2026-09-10T19:01:37Z,86707571837034,1021
2026-09-10T19:01:37Z,86754403332185,978
2026-09-10T19:01:37Z,86757987326668,664
2026-09-10T19:01:37Z,86943068337855,6085
2026-09-10T19:01:37Z,87018676608089,1132
2026-09-10T19:01:37Z,87046419551816,3461
2026-09-10T19:01:37Z,87214116277191,1071
2026-09-10T19:01:37Z,87311102000285,1357
2026-09-10T19:01:37Z,87468080405188,3425
2026-09-10T19:01:37Z,87555052900625,671
2026-09-10T19:01:37Z,88033955914813,1909
2026-09-10T19:01:37Z,88207898227053,759
2026-09-10T19:01:37Z,88323040672117,1989
2026-09-10T19:01:37Z,88412811497379,1520
2026-09-10T19:01:37Z,88480125732253,699
2026-09-10T19:01:37Z,88728793053496,754
2026-09-10T19:01:37Z,88887739603194,1551
2026-09-10T19:01:37Z,88932739628526,766
2026-09-10T19:01:37Z,88933961678687,1332
2026-09-10T19:01:37Z,89035794510548,2616
2026-09-10T19:01:37Z,89100823864844,1888
2026-09-10T19:01:37Z,89180039807836,732
2026-09-10T19:01:37Z,89469502395769,14264
2026-09-10T19:01:37Z,89490838554710,5380
2026-09-10T19:01:37Z,89561601601392,829
2026-09-10T19:01:37Z,89704645856683,2426
2026-09-10T19:01:37Z,89788834648171,831
2026-09-10T19:01:37Z,90038414385014,1194
2026-09-10T19:01:37Z,90053646552411,533
2026-09-10T19:01:37Z,90086669327265,12209
2026-09-10T19:01:37Z,90148635862803,8887
2026-09-10T19:01:37Z,90184287580174,3487
2026-09-10T19:01:37Z,90462358603255,644
2026-09-10T19:01:37Z,90568084448279,19937
2026-09-10T19:01:37Z,90704250333473,2097
2026-09-10T19:01:37Z,90740816183375,6657
2026-09-10T19:01:37Z,90784570995507,2646
2026-09-10T19:01:37Z,90803345996188,831
2026-09-10T19:01:37Z,90906407195271,2983
2026-09-10T19:01:37Z,91203203156283,1792
2026-09-10T19:01:37Z,91296119701853,598
2026-09-10T19:01:37Z,91440994157417,743
2026-09-10T19:01:37Z,91514145260129,512
2026-09-10T19:01:37Z,91695551099066,1415
2026-09-10T19:01:37Z,91704854174760,3390
2026-09-10T19:01:37Z,91746497060666,4054
2026-09-10T19:01:37Z,91931360732020,736
2026-09-10T19:01:37Z,92122513197996,5153
2026-09-10T19:01:37Z,92171645661524,1483
2026-09-10T19:01:37Z,92415748858497,1062
2026-09-10T19:01:37Z,92416421522960,621
2026-09-10T19:01:37Z,92422478989816,881
2026-09-10T19:01:37Z,92432535588391,819
2026-09-10T19:01:37Z,92637789841354,61301
2026-09-10T19:01:37Z,92700582787930,1285
2026-09-10T19:01:37Z,92937726498067,662
2026-09-10T19:01:37Z,92942575852492,921
2026-09-10T19:01:37Z,93028168925975,3836
2026-09-10T19:01:37Z,93091759101123,5958
2026-09-10T19:01:37Z,93233198656969,594
2026-09-10T19:01:37Z,93265851514769,1204
2026-09-10T19:01:37Z,93563420945975,704
2026-09-10T19:01:37Z,93787311916283,876
2026-09-10T19:01:37Z,93829858358973,2250
2026-09-10T19:01:37Z,93978595733734,37283
2026-09-10T19:01:37Z,94217045453265,8581
2026-09-10T19:01:37Z,94495283121683,2221
2026-09-10T19:01:37Z,94503612388426,629
2026-09-10T19:01:37Z,94539932414164,1330
2026-09-10T19:01:37Z,94590879393563,862
2026-09-10T19:01:37Z,94640181989498,12283
2026-09-10T19:01:37Z,94647229517154,10246
2026-09-10T19:01:37Z,94702395375549,631
2026-09-10T19:01:37Z,94717504417144,756
2026-09-10T19:01:37Z,94845773826960,600
2026-09-10T19:01:37Z,94860588848140,1667
2026-09-10T19:01:37Z,94987506187454,1371
2026-09-10T19:01:37Z,95082159892680,155644
2026-09-10T19:01:37Z,95094140550911,729
2026-09-10T19:01:37Z,95094324354820,2268
2026-09-10T19:01:37Z,95223801959482,785
2026-09-10T19:01:37Z,95319535505764,1120
2026-09-10T19:01:37Z,95417153338993,5404
2026-09-10T19:01:37Z,95721658376580,2943
2026-09-10T19:01:37Z,95929919723230,534
2026-09-10T19:01:37Z,96071743839078,545
2026-09-10T19:01:37Z,96153864779911,1254
2026-09-10T19:01:37Z,96168869671905,5215
2026-09-10T19:01:37Z,96280251181127,1920
2026-09-10T19:01:37Z,96401370703274,842
2026-09-10T19:01:37Z,96425088123775,1872
2026-09-10T19:01:37Z,96447215899741,4798
2026-09-10T19:01:37Z,96462622512177,1227
2026-09-10T19:01:37Z,96469185605358,504
2026-09-10T19:01:37Z,96510596525082,5782
2026-09-10T19:01:37Z,96645548064314,12138
2026-09-10T19:01:37Z,96775630583143,1799
2026-09-10T19:01:37Z,96796259580891,2996
2026-09-10T19:01:37Z,97038396539280,631
2026-09-10T19:01:37Z,97042065873644,1394
2026-09-10T19:01:37Z,97090732168175,3340
2026-09-10T19:01:37Z,97387256206808,672
2026-09-10T19:01:37Z,97438379434717,1055
2026-09-10T19:01:37Z,97463774278378,922
2026-09-10T19:01:37Z,97598239454123,8286
2026-09-10T19:01:37Z,97607545197126,1910
2026-09-10T19:01:37Z,97630670804505,776
2026-09-10T19:01:37Z,97824450589417,17369
2026-09-10T19:01:37Z,97837301536811,568
2026-09-10T19:01:37Z,98067481349941,841
2026-09-10T19:01:37Z,98138235237704,934
2026-09-10T19:01:37Z,98303142742576,1064
2026-09-10T19:01:37Z,98393605725180,5252
2026-09-10T19:01:37Z,98502499119821,3650
2026-09-10T19:01:37Z,98626216952426,752
2026-09-10T19:01:37Z,98629859043211,1869
2026-09-10T19:01:37Z,98664161516921,3852
2026-09-10T19:01:37Z,98679602313466,1945
2026-09-10T19:01:37Z,98695134949589,666
2026-09-10T19:01:37Z,98800969324557,20622
2026-09-10T19:01:37Z,98894876188248,8779
2026-09-10T19:01:37Z,98916904742148,2305
2026-09-10T19:01:37Z,98936097545088,3168
2026-09-10T19:01:37Z,98951612738714,699
2026-09-10T19:01:37Z,99065555424640,616
2026-09-10T19:01:37Z,99108783264633,5605
2026-09-10T19:01:37Z,99122501338948,1670
2026-09-10T19:01:37Z,99255447043899,1274
2026-09-10T19:01:37Z,99269206016797,1333
2026-09-10T19:01:37Z,99342262733194,1032
2026-09-10T19:01:37Z,99449877692519,1888
2026-09-10T19:01:37Z,99521272836282,2352
2026-09-10T19:01:37Z,99567941238278,15905
2026-09-10T19:01:37Z,99702578544768,1370
2026-09-10T19:01:37Z,99703116573266,1214
2026-09-10T19:01:37Z,99715891575923,2083
2026-09-10T19:01:37Z,99758842280353,1727
2026-09-10T19:01:37Z,99817148924004,1554
2026-09-10T19:01:37Z,100034344773758,909
2026-09-10T19:01:37Z,100039707794702,819
2026-09-10T19:01:37Z,100178831086674,2286
2026-09-10T19:01:37Z,100221279566736,989
2026-09-10T19:01:37Z,100293509865504,5522
2026-09-10T19:01:37Z,100400297022629,638
2026-09-10T19:01:37Z,100429474155186,6194
2026-09-10T19:01:37Z,100453351939863,748
2026-09-10T19:01:37Z,100722736774753,636
2026-09-10T19:01:37Z,100744519298647,1051
2026-09-10T19:01:37Z,100831517378953,711
2026-09-10T19:01:37Z,100860415498291,1009
2026-09-10T19:01:37Z,100911362514791,2178
2026-09-10T19:01:37Z,101009821472804,4190
2026-09-10T19:01:37Z,101272402522756,1403
2026-09-10T19:01:37Z,101365980107547,529
2026-09-10T19:01:37Z,101396571928321,1516
2026-09-10T19:01:37Z,101432174163538,558
2026-09-10T19:01:37Z,101480963912212,6951
2026-09-10T19:01:37Z,101533162298733,697
2026-09-10T19:01:37Z,101610294550592,2213
2026-09-10T19:01:37Z,101685456774656,1139
2026-09-10T19:01:37Z,101733180974837,1192
2026-09-10T19:01:37Z,101906032112547,5807
2026-09-10T19:01:37Z,101914772188620,3642
2026-09-10T19:01:37Z,101949297449238,1090
2026-09-10T19:01:37Z,102054284786904,2250
2026-09-10T19:01:37Z,102072869879193,17885
2026-09-10T19:01:37Z,102457672839885,1780
2026-09-10T19:01:37Z,102489700929678,5654
2026-09-10T19:01:37Z,102553576537621,1693
2026-09-10T19:01:37Z,102574559184919,509
2026-09-10T19:01:37Z,102612844247090,588
2026-09-10T19:01:37Z,102837194624695,3273
2026-09-10T19:01:37Z,102871156420149,3098
2026-09-10T19:01:37Z,102917792916356,1168
2026-09-10T19:01:37Z,103037106396302,16708
2026-09-10T19:01:37Z,103050497819513,1766
2026-09-10T19:01:37Z,103185879508967,852
2026-09-10T19:01:37Z,103285721487694,3112
2026-09-10T19:01:37Z,103311003648859,994
2026-09-10T19:01:37Z,103410145208388,502
2026-09-10T19:01:37Z,103556382323599,950
2026-09-10T19:01:37Z,103589142326933,2416
2026-09-10T19:01:37Z,103593441753340,1198
2026-09-10T19:01:37Z,103731330407395,688
2026-09-10T19:01:37Z,103740390007820,899
2026-09-10T19:01:37Z,103754275310547,1596
2026-09-10T19:01:37Z,103802803330866,1292
2026-09-10T19:01:37Z,103854444055060,617
2026-09-10T19:01:37Z,103883942725157,6220
2026-09-10T19:01:37Z,104339804279870,823
2026-09-10T19:01:37Z,104485012391716,1201
2026-09-10T19:01:37Z,104524602549480,557
2026-09-10T19:01:37Z,104589921852670,1148
2026-09-10T19:01:37Z,104693964860826,3180
2026-09-10T19:01:37Z,104715542330896,21089
2026-09-10T19:01:37Z,104716788636258,771
2026-09-10T19:01:37Z,104761395312874,4345
2026-09-10T19:01:37Z,104808235862933,14612
2026-09-10T19:01:37Z,104809044319701,6988
2026-09-10T19:01:37Z,104812936457083,652
2026-09-10T19:01:37Z,104841616983113,2654
2026-09-10T19:01:37Z,104890260413773,1345
2026-09-10T19:01:37Z,104973076655377,3758
2026-09-10T19:01:37Z,105265986112006,612
2026-09-10T19:01:37Z,105350566569864,505
2026-09-10T19:01:37Z,105373497661352,1351
2026-09-10T19:01:37Z,105452889569708,3294
2026-09-10T19:01:37Z,105555311806207,2477
2026-09-10T19:01:37Z,105633123928294,1643
2026-09-10T19:01:37Z,105724836892064,3884
2026-09-10T19:01:37Z,105742951729183,1049
2026-09-10T19:01:37Z,105767799784652,859
2026-09-10T19:01:37Z,105954652742326,1200
2026-09-10T19:01:37Z,106078822951099,847
2026-09-10T19:01:37Z,106131416903029,948
2026-09-10T19:01:37Z,106187832607756,1100
2026-09-10T19:01:37Z,106484206883664,9425
2026-09-10T19:01:37Z,106487781999308,1311
2026-09-10T19:01:37Z,106605940421527,793
2026-09-10T19:01:37Z,106683702021527,3419
2026-09-10T19:01:37Z,106802314735486,2036
2026-09-10T19:01:37Z,106832050389015,742
2026-09-10T19:01:37Z,106838580527183,5353
2026-09-10T19:01:37Z,106920577206536,1534
2026-09-10T19:01:37Z,107095834793267,862
2026-09-10T19:01:37Z,107377364123237,1691
2026-09-10T19:01:37Z,107430889830807,5049
2026-09-10T19:01:37Z,107467295209358,10424
2026-09-10T19:01:37Z,107645101488133,662
2026-09-10T19:01:37Z,107646426076756,570
2026-09-10T19:01:37Z,107653945083776,8974
2026-09-10T19:01:37Z,107717448640907,643
2026-09-10T19:01:37Z,107727386530697,557
2026-09-10T19:01:37Z,107750563478039,938
2026-09-10T19:01:37Z,107778070777162,1291543
2026-09-10T19:01:37Z,107792622719098,1384
2026-09-10T19:01:37Z,107828406309109,1122
2026-09-10T19:01:37Z,107833198839573,1987
2026-09-10T19:01:37Z,107894105055312,6214
2026-09-10T19:01:37Z,108227239615000,1365
2026-09-10T19:01:37Z,108307565942574,4491
2026-09-10T19:01:37Z,108410750455933,717
2026-09-10T19:01:37Z,108439047160668,1150
2026-09-10T19:01:37Z,108533757090220,3968
2026-09-10T19:01:37Z,108567435288296,13454
2026-09-10T19:01:37Z,108645230905176,2921
2026-09-10T19:01:37Z,108730407897379,2101
2026-09-10T19:01:37Z,108750539382245,524
2026-09-10T19:01:37Z,108767400143329,897
2026-09-10T19:01:37Z,108843562394237,1005
2026-09-10T19:01:37Z,109069998531261,509
2026-09-10T19:01:37Z,109129552698918,944
2026-09-10T19:01:37Z,109167932163747,1207
2026-09-10T19:01:37Z,109170650911069,1775
2026-09-10T19:01:37Z,109258067111533,2774
2026-09-10T19:01:37Z,109397169461300,4135
2026-09-10T19:01:37Z,109509029034984,4095
2026-09-10T19:01:37Z,109509628648368,544
2026-09-10T19:01:37Z,109629391874197,638
2026-09-10T19:01:37Z,109686116036889,843
2026-09-10T19:01:37Z,109694820409483,2721
2026-09-10T19:01:37Z,109715918987082,937
2026-09-10T19:01:37Z,109881277752094,2256
2026-09-10T19:01:37Z,109983668079237,91942
2026-09-10T19:01:37Z,110175021189594,6293
2026-09-10T19:01:37Z,110283655701247,1030
2026-09-10T19:01:37Z,110334393584385,681
2026-09-10T19:01:37Z,110373292461174,668
2026-09-10T19:01:37Z,110470672231288,1036
2026-09-10T19:01:37Z,110570058234582,1235
2026-09-10T19:01:37Z,110584310129887,547
2026-09-10T19:01:37Z,110627433764494,2344
2026-09-10T19:01:37Z,110668201954727,2624
2026-09-10T19:01:37Z,110677803091411,698
2026-09-10T19:01:37Z,110793563946846,991
2026-09-10T19:01:37Z,110806816173057,1784
2026-09-10T19:01:37Z,110808833601416,712
2026-09-10T19:01:37Z,110829983956014,6022
2026-09-10T19:01:37Z,111063058742520,6549
2026-09-10T19:01:37Z,111262527555232,3490
2026-09-10T19:01:37Z,111363135577981,1503
2026-09-10T19:01:37Z,111403197324514,1594
2026-09-10T19:01:37Z,111421220771064,627
2026-09-10T19:01:37Z,111442376436641,1386
2026-09-10T19:01:37Z,111779414681728,786
2026-09-10T19:01:37Z,111835260646713,2629
2026-09-10T19:01:37Z,111862336710239,659
2026-09-10T19:01:37Z,111894976456494,3039
2026-09-10T19:01:37Z,111989938562194,1687
2026-09-10T19:01:37Z,112171352246014,3060
2026-09-10T19:01:37Z,112226578490421,1485
2026-09-10T19:01:37Z,112233638491976,2568
2026-09-10T19:01:37Z,112413741511713,2023
2026-09-10T19:01:37Z,112490729816320,618
2026-09-10T19:01:37Z,112531085636442,1965
2026-09-10T19:01:37Z,112619156837009,2387
2026-09-10T19:01:37Z,112626674737178,3364
2026-09-10T19:01:37Z,112641748896693,2993
2026-09-10T19:01:37Z,112731528776884,10030
2026-09-10T19:01:37Z,112757576021097,531
2026-09-10T19:01:37Z,112781315318195,9763
2026-09-10T19:01:37Z,112796336189704,1845
2026-09-10T19:01:37Z,112816993332059,820
2026-09-10T19:01:37Z,112838150455902,3559
2026-09-10T19:01:37Z,112851296174239,516
2026-09-10T19:01:37Z,112857282410969,1382
2026-09-10T19:01:37Z,112966546347918,3389
2026-09-10T19:01:37Z,113099333239841,4914
2026-09-10T19:01:37Z,113232329524315,3813
2026-09-10T19:01:37Z,113290951185459,24267
2026-09-10T19:01:37Z,113323927469374,3235
2026-09-10T19:01:37Z,113385048266134,938
2026-09-10T19:01:37Z,113385977463481,1943
2026-09-10T19:01:37Z,113392430358155,1214
2026-09-10T19:01:37Z,113457460682474,1900
2026-09-10T19:01:37Z,113481077323469,13731
2026-09-10T19:01:37Z,113506071094099,7044
2026-09-10T19:01:37Z,113581963143008,1060
2026-09-10T19:01:37Z,113604074601559,613
2026-09-10T19:01:37Z,113745337705295,2850
2026-09-10T19:01:37Z,113987393426315,3981
2026-09-10T19:01:37Z,114122724051462,2314
2026-09-10T19:01:37Z,114204398207377,4192
2026-09-10T19:01:37Z,114234929420007,11799
2026-09-10T19:01:37Z,114357963370524,1309
2026-09-10T19:01:37Z,114381378262504,2299
2026-09-10T19:01:37Z,114501358617756,2514
2026-09-10T19:01:37Z,114537828794341,545
2026-09-10T19:01:37Z,114640202062357,699
2026-09-10T19:01:37Z,114697347887839,36000
2026-09-10T19:01:37Z,114786176505608,530
2026-09-10T19:01:37Z,114861592677288,3170
2026-09-10T19:01:37Z,115035699922620,2550
2026-09-10T19:01:37Z,115092911061119,1579
2026-09-10T19:01:37Z,115286378269814,635
2026-09-10T19:01:37Z,115618367729321,1271
2026-09-10T19:01:37Z,115620466946909,842
2026-09-10T19:01:37Z,115681808123944,4599
2026-09-10T19:01:37Z,116058355775210,1345
2026-09-10T19:01:37Z,116070952245255,5950
2026-09-10T19:01:37Z,116113866980358,992
2026-09-10T19:01:37Z,116223724643557,522
2026-09-10T19:01:37Z,116495829188952,11003
2026-09-10T19:01:37Z,116497287371701,10924
2026-09-10T19:01:37Z,116501341774429,1138
2026-09-10T19:01:37Z,117180001724009,650
2026-09-10T19:01:37Z,117533937949084,6517
2026-09-10T19:01:37Z,117539213094671,1771
2026-09-10T19:01:37Z,117713779364528,8054
2026-09-10T19:01:37Z,117752943664280,1885
2026-09-10T19:01:37Z,117868278782684,3025
2026-09-10T19:01:37Z,118055952211055,1128
2026-09-10T19:01:37Z,118198615964701,512
2026-09-10T19:01:37Z,118367369949006,3966
2026-09-10T19:01:37Z,118418618261207,19088
2026-09-10T19:01:37Z,118447215156914,1485
2026-09-10T19:01:37Z,118576822282213,2991
2026-09-10T19:01:37Z,118608618152057,1641
2026-09-10T19:01:37Z,118637423917462,889
2026-09-10T19:01:37Z,118806061296143,1047
2026-09-10T19:01:37Z,118889111240517,1440
2026-09-10T19:01:37Z,118891884735667,597
2026-09-10T19:01:37Z,118952094447715,622
2026-09-10T19:01:37Z,118973301158777,3598
2026-09-10T19:01:37Z,119004860768199,4034
2026-09-10T19:01:37Z,119031147890918,1398
2026-09-10T19:01:37Z,119048529960596,10034
2026-09-10T19:01:37Z,119068914321553,5354
2026-09-10T19:01:37Z,119168493101362,5964
2026-09-10T19:01:37Z,119209026892378,577
2026-09-10T19:01:37Z,119271610514030,1233
2026-09-10T19:01:37Z,119355263204054,2414
2026-09-10T19:01:37Z,119427438574114,1791
2026-09-10T19:01:37Z,119455737640001,1866
2026-09-10T19:01:37Z,119473104067789,980
2026-09-10T19:01:37Z,119579217517090,2638
2026-09-10T19:01:37Z,119609933650338,706
2026-09-10T19:01:37Z,119741101026672,578
2026-09-10T19:01:37Z,119789365111500,3816
2026-09-10T19:01:37Z,119822977170203,2611
2026-09-10T19:01:37Z,119987266683883,650
2026-09-10T19:01:37Z,120014184236770,640
2026-09-10T19:01:37Z,120135584963579,2940
2026-09-10T19:01:37Z,120140631282295,749
2026-09-10T19:01:37Z,120154566897536,665
2026-09-10T19:01:37Z,120189115846709,2029
2026-09-10T19:01:37Z,120217704230083,953
2026-09-10T19:01:37Z,120299070926116,1229
2026-09-10T19:01:37Z,120398694613042,573
2026-09-10T19:01:37Z,120450743769548,649
2026-09-10T19:01:37Z,120546894379169,1087
2026-09-10T19:01:37Z,120700541929930,16746
2026-09-10T19:01:37Z,120704669141193,2145
2026-09-10T19:01:37Z,120766736586332,699
2026-09-10T19:01:37Z,120790217521707,748
2026-09-10T19:01:37Z,120841752776030,1996
2026-09-10T19:01:37Z,120851538706364,12423
2026-09-10T19:01:37Z,120922552721050,554
2026-09-10T19:01:37Z,120944686522212,552
2026-09-10T19:01:37Z,121268060261990,2818
2026-09-10T19:01:37Z,121461214257813,1480
2026-09-10T19:01:37Z,121766265831153,559
2026-09-10T19:01:37Z,121781732399469,2736
2026-09-10T19:01:37Z,121864768012064,98164
2026-09-10T19:01:37Z,121903154323395,566
2026-09-10T19:01:37Z,122093998639862,1636
2026-09-10T19:01:37Z,122245938604556,23113
2026-09-10T19:01:37Z,122283068696619,513
2026-09-10T19:01:37Z,122433454504469,707
2026-09-10T19:01:37Z,122446657157717,8400
2026-09-10T19:01:37Z,122454884469606,945
2026-09-10T19:01:37Z,122485613019196,11892
2026-09-10T19:01:37Z,122507029092776,13222
2026-09-10T19:01:37Z,122553263569744,2261
2026-09-10T19:01:37Z,122572082932179,15953
2026-09-10T19:01:37Z,122606989565107,4572
2026-09-10T19:01:37Z,122700472919801,1322
2026-09-10T19:01:37Z,122720857080780,1093
2026-09-10T19:01:37Z,122902171482835,575
2026-09-10T19:01:37Z,122951224417794,2708
2026-09-10T19:01:37Z,123258797415953,986
2026-09-10T19:01:37Z,123468479998097,783
2026-09-10T19:01:37Z,123557829667240,659
2026-09-10T19:01:37Z,123577181610172,752
2026-09-10T19:01:37Z,123581964009368,694
2026-09-10T19:01:37Z,123618551531903,560
2026-09-10T19:01:37Z,123698673940079,4624
2026-09-10T19:01:37Z,123724279728430,8538
2026-09-10T19:01:37Z,123785180486774,565
2026-09-10T19:01:37Z,123822115505881,505
2026-09-10T19:01:37Z,123847390309161,13228
2026-09-10T19:01:37Z,123921593837160,4391
2026-09-10T19:01:37Z,124027312895188,2020
2026-09-10T19:01:37Z,124157596473184,560
2026-09-10T19:01:37Z,124293095895786,8446
2026-09-10T19:01:37Z,124311897657957,623
2026-09-10T19:01:37Z,124338404742585,3760
2026-09-10T19:01:37Z,124374448373637,660
2026-09-10T19:01:37Z,124389216346675,4460
2026-09-10T19:01:37Z,124396690804338,818
2026-09-10T19:01:37Z,124473577469410,859
2026-09-10T19:01:37Z,124675142564227,1440
2026-09-10T19:01:37Z,124729731716967,1757
2026-09-10T19:01:37Z,124740268654741,1481
2026-09-10T19:01:37Z,124757309017950,550
2026-09-10T19:01:37Z,124761153798409,8156
2026-09-10T19:01:37Z,124842176624983,550
2026-09-10T19:01:37Z,124853293317687,1189
2026-09-10T19:01:37Z,124943244212764,682
2026-09-10T19:01:37Z,125039473548047,10232
2026-09-10T19:01:37Z,125299131646017,777
2026-09-10T19:01:37Z,125306084071551,4979
2026-09-10T19:01:37Z,125488740127641,2378
2026-09-10T19:01:37Z,125496078313264,3896
2026-09-10T19:01:37Z,125810438250765,1197
2026-09-10T19:01:37Z,125823964467491,585
2026-09-10T19:01:37Z,125927821145949,3778
2026-09-10T19:01:37Z,126016859830524,5936
2026-09-10T19:01:37Z,126171938168748,718
2026-09-10T19:01:37Z,126330684723008,600
2026-09-10T19:01:37Z,126639935515772,584
2026-09-10T19:01:37Z,126815230666914,3204
2026-09-10T19:01:37Z,126857641130765,1251
2026-09-10T19:01:37Z,126870639873289,36578
2026-09-10T19:01:37Z,126884695634066,19109
2026-09-10T19:01:37Z,126922689754590,1010
2026-09-10T19:01:37Z,126987974021910,35539
2026-09-10T19:01:37Z,127078880769763,1830
2026-09-10T19:01:37Z,127089247654125,3043
2026-09-10T19:01:37Z,127099886596040,929
2026-09-10T19:01:37Z,127103413498148,2507
2026-09-10T19:01:37Z,127152805777886,1284
2026-09-10T19:01:37Z,127177791789316,702
2026-09-10T19:01:37Z,127332613700317,1289
2026-09-10T19:01:37Z,127377897541228,1306
2026-09-10T19:01:37Z,127380660530951,4270
2026-09-10T19:01:37Z,127403135954624,4597
2026-09-10T19:01:37Z,127415661078736,695
2026-09-10T19:01:37Z,127475054933484,1833
2026-09-10T19:01:37Z,127634932179327,3396
2026-09-10T19:01:37Z,127737908858963,1111
2026-09-10T19:01:37Z,127742093697776,1630
2026-09-10T19:01:37Z,127775478639865,3304
2026-09-10T19:01:37Z,127994242634536,41969
2026-09-10T19:01:37Z,127995006069066,510
2026-09-10T19:01:37Z,128039018996175,2580
2026-09-10T19:01:37Z,128119795963270,5512
2026-09-10T19:01:37Z,128263975853774,4296
2026-09-10T19:01:37Z,128329680321338,3227
2026-09-10T19:01:37Z,128448883585036,5533
2026-09-10T19:01:37Z,128451689942376,6101
2026-09-10T19:01:37Z,128662368175518,1600
2026-09-10T19:01:37Z,128718867767713,949
2026-09-10T19:01:37Z,128736949265057,15460
2026-09-10T19:01:37Z,128784467030899,11970
2026-09-10T19:01:37Z,128931272139211,1755
2026-09-10T19:01:37Z,129003441529549,1282
2026-09-10T19:01:37Z,129096378231329,6492
2026-09-10T19:01:37Z,129163919591388,725
2026-09-10T19:01:37Z,129253568870286,4703
2026-09-10T19:01:37Z,129279692364812,3411
2026-09-10T19:01:37Z,129305872972839,1570
2026-09-10T19:01:37Z,129692563688057,900
2026-09-10T19:01:37Z,129768092435314,5388
2026-09-10T19:01:37Z,129784419746425,1468
2026-09-10T19:01:37Z,129827112113663,3205
2026-09-10T19:01:37Z,129827535941999,1260
2026-09-10T19:01:37Z,129839966867899,911
2026-09-10T19:01:37Z,129866685202296,536
2026-09-10T19:01:37Z,129907317028750,1881
2026-09-10T19:01:37Z,129932912185311,2129
2026-09-10T19:01:37Z,129938700249638,774
2026-09-10T19:01:37Z,129972079094718,3619
2026-09-10T19:01:37Z,130222697019939,1595
2026-09-10T19:01:37Z,130253630950453,790
2026-09-10T19:01:37Z,130404059693601,4990
2026-09-10T19:01:37Z,130496219537579,687
2026-09-10T19:01:37Z,130522875331172,527
2026-09-10T19:01:37Z,130565641176498,1270
2026-09-10T19:01:37Z,130641102725850,6811
2026-09-10T19:01:37Z,130700367963690,686
2026-09-10T19:01:37Z,130739873848552,4580
2026-09-10T19:01:37Z,130782443587508,1348
2026-09-10T19:01:37Z,130880054413998,508
2026-09-10T19:01:37Z,130929507719087,747
2026-09-10T19:01:37Z,130960021905304,518
2026-09-10T19:01:37Z,130960835358983,2788
2026-09-10T19:01:37Z,131068932321596,1387
2026-09-10T19:01:37Z,131103239963274,995
2026-09-10T19:01:37Z,131117978948830,2523
2026-09-10T19:01:37Z,131234167969699,604
2026-09-10T19:01:37Z,131346454575416,10057
2026-09-10T19:01:37Z,131367064230486,922
2026-09-10T19:01:37Z,131378148336503,2170
2026-09-10T19:01:37Z,131479356121251,7791
2026-09-10T19:01:37Z,131572543049913,1494
2026-09-10T19:01:37Z,131623223084840,3769
2026-09-10T19:01:37Z,131667667758514,805
2026-09-10T19:01:37Z,131776241538171,691
2026-09-10T19:01:37Z,131906518201863,1224
2026-09-10T19:01:37Z,131910189515331,1924
2026-09-10T19:01:37Z,132016691802922,770
2026-09-10T19:01:37Z,132046904416072,1052
2026-09-10T19:01:37Z,132173349090360,5833
2026-09-10T19:01:37Z,132239307080610,719
2026-09-10T19:01:37Z,132287558697665,984
2026-09-10T19:01:37Z,132352755769957,5984
2026-09-10T19:01:37Z,132448451193552,521
2026-09-10T19:01:37Z,132499927511859,1380
2026-09-10T19:01:37Z,132586479415502,2223
2026-09-10T19:01:37Z,132640332499066,547
2026-09-10T19:01:37Z,132678066262863,699
2026-09-10T19:01:37Z,132768098780837,2456
2026-09-10T19:01:37Z,133007106457547,1085
2026-09-10T19:01:37Z,133188236593503,4006
2026-09-10T19:01:37Z,133203197541113,3263
2026-09-10T19:01:37Z,133294838637122,16596
2026-09-10T19:01:37Z,133341016381877,2591
2026-09-10T19:01:37Z,133379826754141,603
2026-09-10T19:01:37Z,133585162751824,5521
2026-09-10T19:01:37Z,133609054222738,815
2026-09-10T19:01:37Z,133687999931943,1112
2026-09-10T19:01:37Z,133719960214587,1235
2026-09-10T19:01:37Z,133872233697203,704
2026-09-10T19:01:37Z,133943904733338,3433
2026-09-10T19:01:37Z,133968315607063,1028
2026-09-10T19:01:37Z,134162299584012,4158
2026-09-10T19:01:37Z,134208374070897,8141
2026-09-10T19:01:37Z,134361906638337,2948
2026-09-10T19:01:37Z,134363641369914,2004
2026-09-10T19:01:37Z,134381727982611,4925
2026-09-10T19:01:37Z,134424372433341,1287
2026-09-10T19:01:37Z,134619004688066,1957
2026-09-10T19:01:37Z,134707983960541,1932
2026-09-10T19:01:37Z,134719268825886,6572
2026-09-10T19:01:37Z,134750290201751,821
2026-09-10T19:01:37Z,134750648450964,774
2026-09-10T19:01:37Z,134807373415131,1914
2026-09-10T19:01:37Z,135000370479961,758
2026-09-10T19:01:37Z,135038773889079,605
2026-09-10T19:01:37Z,135155039067698,5700
2026-09-10T19:01:37Z,135193469413243,5887
2026-09-10T19:01:37Z,135678396831347,574
2026-09-10T19:01:37Z,135717153770519,4035
2026-09-10T19:01:37Z,135729108619936,584
2026-09-10T19:01:37Z,135757618941587,1165
2026-09-10T19:01:37Z,135856908115931,47873
2026-09-10T19:01:37Z,136020512003847,22766
2026-09-10T19:01:37Z,136107936984073,1491
2026-09-10T19:01:37Z,136162036182779,1564
2026-09-10T19:01:37Z,136372246050123,2280
2026-09-10T19:01:37Z,136404558442020,1546
2026-09-10T19:01:37Z,136431686349723,526
2026-09-10T19:01:37Z,136533956395153,2702
2026-09-10T19:01:37Z,136764190843219,1506
2026-09-10T19:01:37Z,136801880565837,2369
2026-09-10T19:01:37Z,136822524519115,797
2026-09-10T19:01:37Z,136919941417380,564
2026-09-10T19:01:37Z,136990058242546,1201
2026-09-10T19:01:37Z,137069154816703,617
2026-09-10T19:01:37Z,137228775845999,12966
2026-09-10T19:01:37Z,137233438285284,6765
2026-09-10T19:01:37Z,137287903930382,841
2026-09-10T19:01:37Z,137370015275609,1361
2026-09-10T19:01:37Z,137373587493425,679
2026-09-10T19:01:37Z,137533474840546,650
2026-09-10T19:01:37Z,137541498231955,1938
2026-09-10T19:01:37Z,137826330724902,4671
2026-09-10T19:01:37Z,137925884276740,5725
2026-09-10T19:01:37Z,138064211947107,513
2026-09-10T19:01:37Z,138182400257397,817
2026-09-10T19:01:37Z,138205182571367,3204
2026-09-10T19:01:37Z,138225905240404,522
2026-09-10T19:01:37Z,138363592957250,6734
2026-09-10T19:01:37Z,138381251771774,1554
2026-09-10T19:01:37Z,138432670504218,2490
2026-09-10T19:01:37Z,138486812747835,2381
2026-09-10T19:01:37Z,138837502355157,1215
2026-09-10T19:01:37Z,139063887391814,1862
2026-09-10T19:01:37Z,139360679647453,1449
2026-09-10T19:01:37Z,139488437793833,1200
2026-09-10T19:01:37Z,139489585993138,529
2026-09-10T19:01:37Z,139506321380888,2828
2026-09-10T19:01:37Z,139546619723000,2157
2026-09-10T19:01:37Z,139566161526375,558
2026-09-10T19:01:37Z,139589080661680,553
2026-09-10T19:01:37Z,139598620873181,748
2026-09-10T19:01:37Z,139617346573330,898
2026-09-10T19:01:37Z,139766023909499,1167
2026-09-10T19:01:37Z,139874182509202,657
2026-09-10T19:01:37Z,139988436996662,840
2026-09-10T19:01:37Z,139995416758538,1237
2026-09-10T19:01:37Z,140033502516293,619
2026-09-10T19:01:37Z,140063367098641,692
2026-09-10T19:01:37Z,140302982046391,1681
2026-09-10T19:01:37Z,140317247681516,1040
2026-09-10T19:01:37Z,140374914197602,2864
2026-09-10T19:01:37Z,140409475718339,1160
2026-09-10T19:01:37Z,140417239274110,2177
2026-09-10T19:01:37Z,140424985545402,1649
2026-09-10T19:01:37Z,140462309938712,1457
2026-09-10T19:01:37Z,140477643689375,726
2026-09-10T19:01:37Z,140481779622210,1511
2026-09-10T21:33:22Z,189707,8598
2026-09-10T21:33:22Z,192800,4442
2026-09-10T21:33:22Z,13822889,1309
2026-09-10T21:33:22Z,20321167,3201
2026-09-10T21:33:22Z,21532277,2672
2026-09-10T21:33:22Z,31490825,985
2026-09-10T21:33:22Z,69184822,4732
2026-09-10T21:33:22Z,71315343,1380
2026-09-10T21:33:22Z,121748721,575
2026-09-10T21:33:22Z,137877687,508
2026-09-10T21:33:22Z,142823291,233871
2026-09-10T21:33:22Z,155382109,1183
2026-09-10T21:33:22Z,155615604,7371
2026-09-10T21:33:22Z,163501479,625
2026-09-10T21:33:22Z,166731267,1293
2026-09-10T21:33:22Z,166986752,3445
2026-09-10T21:33:22Z,174238106,538
2026-09-10T21:33:22Z,183364845,1135
2026-09-10T21:33:22Z,185655149,14917
2026-09-10T21:33:22Z,205224386,1730
2026-09-10T21:33:22Z,221718525,678
2026-09-10T21:33:22Z,263761432,1290
2026-09-10T21:33:22Z,277751860,2238
2026-09-10T21:33:22Z,286090429,2912
2026-09-10T21:33:22Z,292439477,2197
2026-09-10T21:33:22Z,292628125,973
2026-09-10T21:33:22Z,301549746,861
2026-09-10T21:33:22Z,328028363,742
2026-09-10T21:33:22Z,335760407,767
2026-09-10T21:33:22Z,373513488,854
2026-09-10T21:33:22Z,443406476,860
2026-09-10T21:33:22Z,537413528,10743
2026-09-10T21:33:22Z,574407221,598
2026-09-10T21:33:22Z,606849621,6533
2026-09-10T21:33:22Z,654732683,2312
2026-09-10T21:33:22Z,662417684,512
2026-09-10T21:33:22Z,735030788,6341
2026-09-10T21:33:22Z,815405518,2509
2026-09-10T21:33:22Z,863266079,948
2026-09-10T21:33:22Z,891539556,664
2026-09-10T21:33:22Z,891852901,6043
2026-09-10T21:33:22Z,893973440,35368
2026-09-10T21:33:22Z,920587237,129843
2026-09-10T21:33:22Z,1128650291,1162
2026-09-10T21:33:22Z,1185902301,582
2026-09-10T21:33:22Z,1324061305,784
2026-09-10T21:33:22Z,1343871267,1572
2026-09-10T21:33:22Z,1365404657,3665
2026-09-10T21:33:22Z,1458767429,5667
2026-09-10T21:33:22Z,1537690962,19643
2026-09-10T21:33:22Z,1554960397,1954
2026-09-10T21:33:22Z,1588965415,1565
2026-09-10T21:33:22Z,1730877806,19072
2026-09-10T21:33:22Z,1962086868,20007
2026-09-10T21:33:22Z,2166944189,834
2026-09-10T21:33:22Z,2317712696,934
2026-09-10T21:33:22Z,2338325648,6139
2026-09-10T21:33:22Z,2376885433,666
2026-09-10T21:33:22Z,2418863943,4789
2026-09-10T21:33:22Z,2474168535,858
2026-09-10T21:33:22Z,2512643572,2717
2026-09-10T21:33:22Z,2534724415,6046
2026-09-10T21:33:22Z,2537430692,704
2026-09-10T21:33:22Z,2551991523,3225
2026-09-10T21:33:22Z,2569453732,1371
2026-09-10T21:33:22Z,2693023319,2109
2026-09-10T21:33:22Z,2727067538,1270
2026-09-10T21:33:22Z,2753915549,280208
2026-09-10T21:33:22Z,2768379856,4925
2026-09-10T21:33:22Z,2772610559,1930
2026-09-10T21:33:22Z,2778230703,635
2026-09-10T21:33:22Z,2788229376,1941
2026-09-10T21:33:22Z,2809202155,1620
2026-09-10T21:33:22Z,2830250344,510
2026-09-10T21:33:22Z,2913303231,1069
2026-09-10T21:33:22Z,2916899287,3602
2026-09-10T21:33:22Z,2968914904,1289
2026-09-10T21:33:22Z,3016661674,581
2026-09-10T21:33:22Z,3025990139,705
2026-09-10T21:33:22Z,3214114884,701
2026-09-10T21:33:22Z,3226555017,761
2026-09-10T21:33:22Z,3242417672,1971
2026-09-10T21:33:22Z,3260590327,8975
2026-09-10T21:33:22Z,3261957210,866
2026-09-10T21:33:22Z,3339374541,800
2026-09-10T21:33:22Z,3351674303,28937
2026-09-10T21:33:22Z,3398014311,1377
2026-09-10T21:33:22Z,3457390032,1316
2026-09-10T21:33:22Z,3475397644,6866
2026-09-10T21:33:22Z,3623096087,8722
2026-09-10T21:33:22Z,3631820248,2558
2026-09-10T21:33:22Z,3663340706,6812
2026-09-10T21:33:22Z,3678761576,3325
2026-09-10T21:33:22Z,3823781113,1744
2026-09-10T21:33:22Z,3837864717,700
2026-09-10T21:33:22Z,3851622790,2073
2026-09-10T21:33:22Z,3891618314,1405
2026-09-10T21:33:22Z,3956818381,515
2026-09-10T21:33:22Z,4104106043,930
2026-09-10T21:33:22Z,4110892437,691
2026-09-10T21:33:22Z,4111023553,4594
2026-09-10T21:33:22Z,4282985734,1746
2026-09-10T21:33:22Z,4299508195,670
2026-09-10T21:33:22Z,4448566543,1467
2026-09-10T21:33:22Z,4480809144,1886
2026-09-10T21:33:22Z,4520749081,4428
2026-09-10T21:33:22Z,4522347649,814
2026-09-10T21:33:22Z,4566572536,1396
2026-09-10T21:33:22Z,4580204640,3259
2026-09-10T21:33:22Z,4588604953,1631
2026-09-10T21:33:22Z,4616652839,5104
2026-09-10T21:33:22Z,4623386862,5667
2026-09-10T21:33:22Z,4637668954,4827
2026-09-10T21:33:22Z,4639625707,6048
2026-09-10T21:33:22Z,4640354700,782
2026-09-10T21:33:22Z,4646477729,1070
2026-09-10T21:33:22Z,4796443083,996
2026-09-10T21:33:22Z,4830581890,1016
2026-09-10T21:33:22Z,4832438542,1469
2026-09-10T21:33:22Z,4850533156,1359
2026-09-10T21:33:22Z,4850588087,3036
2026-09-10T21:33:22Z,4855457388,855
2026-09-10T21:33:22Z,4872321990,657
2026-09-10T21:33:22Z,4889315193,2703
2026-09-10T21:33:22Z,4898233867,864
2026-09-10T21:33:22Z,4924922222,374382
2026-09-10T21:33:22Z,4954096313,1575
2026-09-10T21:33:22Z,4954512662,500
2026-09-10T21:33:22Z,4954752502,527
2026-09-10T21:33:22Z,4972273297,1950
2026-09-10T21:33:22Z,4992570197,629
2026-09-10T21:33:22Z,4996049426,5586
2026-09-10T21:33:22Z,5041144419,2002
2026-09-10T21:33:22Z,5104202731,729
2026-09-10T21:33:22Z,5118969548,2803
2026-09-10T21:33:22Z,5130598377,856
2026-09-10T21:33:22Z,5152425034,1436
2026-09-10T21:33:22Z,5154858502,658
2026-09-10T21:33:22Z,5171093784,1511
2026-09-10T21:33:22Z,5171347293,1430
2026-09-10T21:33:22Z,5233782396,24476
2026-09-10T21:33:22Z,5244411056,2474
2026-09-10T21:33:22Z,5286116071,912
2026-09-10T21:33:22Z,5289509545,12392
2026-09-10T21:33:22Z,5342047554,668
2026-09-10T21:33:22Z,5343994291,633
2026-09-10T21:33:22Z,5391778736,663
2026-09-10T21:33:22Z,5407396567,622
2026-09-10T21:33:22Z,5496455308,680
2026-09-10T21:33:22Z,5571328985,2303
2026-09-10T21:33:22Z,5593925613,2312
2026-09-10T21:33:22Z,5670218884,2349
2026-09-10T21:33:22Z,5671985295,2603
2026-09-10T21:33:22Z,5683833663,1422
2026-09-10T21:33:22Z,5702593762,1804
2026-09-10T21:33:22Z,5708035517,560
2026-09-10T21:33:22Z,5712833750,2724
2026-09-10T21:33:22Z,5777099015,1797
2026-09-10T21:33:22Z,5829141886,1524
2026-09-10T21:33:22Z,5846386835,780
2026-09-10T21:33:22Z,5856880701,1462
2026-09-10T21:33:22Z,5865858426,1712
2026-09-10T21:33:22Z,5901440255,1575
2026-09-10T21:33:22Z,5926001758,1358
2026-09-10T21:33:22Z,5956785391,504
2026-09-10T21:33:22Z,5976159288,613
2026-09-10T21:33:22Z,5984006660,1241
2026-09-10T21:33:22Z,5985232436,2796
2026-09-10T21:33:22Z,6020247720,1649
2026-09-10T21:33:22Z,6104994594,1539
2026-09-10T21:33:22Z,6128441278,684
2026-09-10T21:33:22Z,6132958612,746
2026-09-10T21:33:22Z,6137321701,901
2026-09-10T21:33:22Z,6153766069,1859
2026-09-10T21:33:22Z,6161235818,2090
2026-09-10T21:33:22Z,6205205961,6353
2026-09-10T21:33:22Z,6218169544,582
2026-09-10T21:33:22Z,6243699076,1998
2026-09-10T21:33:22Z,6263431107,2086
2026-09-10T21:33:22Z,6270290407,1685
2026-09-10T21:33:22Z,6284583030,552
2026-09-10T21:33:22Z,6299805723,1313
2026-09-10T21:33:22Z,6305582775,711
2026-09-10T21:33:22Z,6349094071,928
2026-09-10T21:33:22Z,6358567974,8086
2026-09-10T21:33:22Z,6366329104,2007
2026-09-10T21:33:22Z,6377740507,1915
2026-09-10T21:33:22Z,6382584061,2523
2026-09-10T21:33:22Z,6403373529,8162
2026-09-10T21:33:22Z,6445435958,874
2026-09-10T21:33:22Z,6447798030,2405
2026-09-10T21:33:22Z,6507422231,4269
2026-09-10T21:33:22Z,6516141723,43709
2026-09-10T21:33:22Z,6520999642,1803
2026-09-10T21:33:22Z,6608498361,740
2026-09-10T21:33:22Z,6610021055,576
2026-09-10T21:33:22Z,6686932749,893
2026-09-10T21:33:22Z,6698800091,3271
2026-09-10T21:33:22Z,6717367660,790
2026-09-10T21:33:22Z,6727915552,750
2026-09-10T21:33:22Z,6735572261,548
2026-09-10T21:33:22Z,6737970321,2289
2026-09-10T21:33:22Z,6766156863,779
2026-09-10T21:33:22Z,6804602922,2461
2026-09-10T21:33:22Z,6816975827,2720
2026-09-10T21:33:22Z,6872265039,23394
2026-09-10T21:33:22Z,6875747014,2613
2026-09-10T21:33:22Z,6884319169,2981
2026-09-10T21:33:22Z,6911148748,838
2026-09-10T21:33:22Z,6915976310,1693
2026-09-10T21:33:22Z,6918802270,1646
2026-09-10T21:33:22Z,6924758805,1355
2026-09-10T21:33:22Z,6934310111,2167
2026-09-10T21:33:22Z,6939111033,1696
2026-09-10T21:33:22Z,6961824067,21496
2026-09-10T21:33:22Z,6989310863,4628
2026-09-10T21:33:22Z,7041939546,61748
2026-09-10T21:33:22Z,7071444234,808
2026-09-10T21:33:22Z,7074772062,1739
2026-09-10T21:33:22Z,7117492592,2686
2026-09-10T21:33:22Z,7138009149,1271
2026-09-10T21:33:22Z,7171174521,13389
2026-09-10T21:33:22Z,7180042682,2479
2026-09-10T21:33:22Z,7205641391,557
2026-09-10T21:33:22Z,7241858214,2619
2026-09-10T21:33:22Z,7243409883,3760
2026-09-10T21:33:22Z,7305309231,6554
2026-09-10T21:33:22Z,7336302630,1989
2026-09-10T21:33:22Z,7367863399,1106
2026-09-10T21:33:22Z,7491927311,846
2026-09-10T21:33:22Z,7554888362,16196
2026-09-10T21:33:22Z,7577961216,2882
2026-09-10T21:33:22Z,7605357829,2145
2026-09-10T21:33:22Z,7606564092,546
2026-09-10T21:33:22Z,7670825572,2622
2026-09-10T21:33:22Z,7711635737,6445
2026-09-10T21:33:22Z,7772810845,1685
2026-09-10T21:33:22Z,7774892351,533
2026-09-10T21:33:22Z,7784286514,731
2026-09-10T21:33:22Z,7871169780,1518
2026-09-10T21:33:22Z,7896264844,1973
2026-09-10T21:33:22Z,7971857341,5633
2026-09-10T21:33:22Z,7991339063,5956
2026-09-10T21:33:22Z,8003084678,1487
2026-09-10T21:33:22Z,8034026074,1862
2026-09-10T21:33:22Z,8075399143,2309
2026-09-10T21:33:22Z,8096601114,1095
2026-09-10T21:33:22Z,8109476632,670
2026-09-10T21:33:22Z,8122612051,661
2026-09-10T21:33:22Z,8204899140,1635
2026-09-10T21:33:22Z,8246874626,2018
2026-09-10T21:33:22Z,8260276694,1858
2026-09-10T21:33:22Z,8265622251,507
2026-09-10T21:33:22Z,8317834514,3617
2026-09-10T21:33:22Z,8328351891,1622
2026-09-10T21:33:22Z,8369888266,3709
2026-09-10T21:33:22Z,8388259310,1117
2026-09-10T21:33:22Z,8412352352,514
2026-09-10T21:33:22Z,8416249767,1028
2026-09-10T21:33:22Z,8440392280,534
2026-09-10T21:33:22Z,8481844229,38077
2026-09-10T21:33:22Z,8534845015,894
2026-09-10T21:33:22Z,8540168650,801
2026-09-10T21:33:22Z,8542259458,1304
2026-09-10T21:33:22Z,8549934015,505
2026-09-10T21:33:22Z,8554378337,618
2026-09-10T21:33:22Z,8562822414,1149
2026-09-10T21:33:22Z,8571687919,1036
2026-09-10T21:33:22Z,8617370639,1756
2026-09-10T21:33:22Z,8657766101,921
2026-09-10T21:33:22Z,8665470667,654
2026-09-10T21:33:22Z,8668536168,660
2026-09-10T21:33:22Z,8704997000,4907
2026-09-10T21:33:22Z,8712817601,10623
2026-09-10T21:33:22Z,8737602449,2734
2026-09-10T21:33:22Z,8737899170,64906
2026-09-10T21:33:22Z,8831256282,603
2026-09-10T21:33:22Z,8838701772,1116
2026-09-10T21:33:22Z,8867129986,624
2026-09-10T21:33:22Z,8884433153,2948
2026-09-10T21:33:22Z,8908228901,1061
2026-09-10T21:33:22Z,9049840490,2952
2026-09-10T21:33:22Z,9058310544,758
2026-09-10T21:33:22Z,9096881148,4217
2026-09-10T21:33:22Z,9099326192,1124
2026-09-10T21:33:22Z,9120716669,865
2026-09-10T21:33:22Z,9192423027,2724
2026-09-10T21:33:22Z,9224601490,2464
2026-09-10T21:33:22Z,9273658706,1102
2026-09-10T21:33:22Z,9281034297,583
2026-09-10T21:33:22Z,9346039031,803
2026-09-10T21:33:22Z,9372570969,833
2026-09-10T21:33:22Z,9391468976,140339
2026-09-10T21:33:22Z,9404223526,2103
2026-09-10T21:33:22Z,9414511685,1588
2026-09-10T21:33:22Z,9503261072,649
2026-09-10T21:33:22Z,9534337535,946
2026-09-10T21:33:22Z,9558986910,796
2026-09-10T21:33:22Z,9731376817,1268
2026-09-10T21:33:22Z,9772878203,628
2026-09-10T21:33:22Z,9788848685,516
2026-09-10T21:33:22Z,9791603388,2147
2026-09-10T21:33:22Z,9872472334,20659
2026-09-10T21:33:22Z,9879422661,571
2026-09-10T21:33:22Z,9922455303,1451
2026-09-10T21:33:22Z,10110568567,779
2026-09-10T21:33:22Z,10165583746,5138
2026-09-10T21:33:22Z,10179538382,1881
2026-09-10T21:33:22Z,10224049386,1458
2026-09-10T21:33:22Z,10228136016,538
2026-09-10T21:33:22Z,10253248401,3446
2026-09-10T21:33:22Z,10260193230,1459
2026-09-10T21:33:22Z,10272636261,942
2026-09-10T21:33:22Z,10277607801,857
2026-09-10T21:33:22Z,10449761463,44007
2026-09-10T21:33:22Z,10450270085,1142
2026-09-10T21:33:22Z,10561456271,848
2026-09-10T21:33:22Z,10576142169,942
2026-09-10T21:33:22Z,10595058975,1517
2026-09-10T21:33:22Z,10660791703,1086
2026-09-10T21:33:22Z,10679239752,1290
2026-09-10T21:33:22Z,10696301650,721
2026-09-10T21:33:22Z,10704789056,610
2026-09-10T21:33:22Z,10726371567,1376
2026-09-10T21:33:22Z,10745043766,1246
2026-09-10T21:33:22Z,10834586502,3011
2026-09-10T21:33:22Z,10853515606,552
2026-09-10T21:33:22Z,10912405603,559
2026-09-10T21:33:22Z,10941514720,1479
2026-09-10T21:33:22Z,10959918411,1312
2026-09-10T21:33:22Z,11021288030,733
2026-09-10T21:33:22Z,11137575513,572
2026-09-10T21:33:22Z,11158043705,6494
2026-09-10T21:33:22Z,11232592166,938
2026-09-10T21:33:22Z,11273483795,1600
2026-09-10T21:33:22Z,11276071411,1719
2026-09-10T21:33:22Z,11364087119,1069
2026-09-10T21:33:22Z,11379739543,17388
2026-09-10T21:33:22Z,11392373641,2331
2026-09-10T21:33:22Z,11451679682,556
2026-09-10T21:33:22Z,11474405411,1155
2026-09-10T21:33:22Z,11653088948,895
2026-09-10T21:33:22Z,11684369582,1094
2026-09-10T21:33:22Z,11694307960,521
2026-09-10T21:33:22Z,11727501024,1996
2026-09-10T21:33:22Z,11729688377,790
2026-09-10T21:33:22Z,11765402359,6693
2026-09-10T21:33:22Z,11782774748,2204
2026-09-10T21:33:22Z,11815767793,2116
2026-09-10T21:33:22Z,11848247239,792
2026-09-10T21:33:22Z,11862502039,1987
2026-09-10T21:33:22Z,11928087342,1186
2026-09-10T21:33:22Z,12018893069,601
2026-09-10T21:33:22Z,12076775711,861
2026-09-10T21:33:22Z,12077443856,1063
2026-09-10T21:33:22Z,12090482034,912
2026-09-10T21:33:22Z,12177325772,13131
2026-09-10T21:33:22Z,12262046571,1744
2026-09-10T21:33:22Z,12334109280,4472
2026-09-10T21:33:22Z,12338455185,1865
2026-09-10T21:33:22Z,12355337193,9148
2026-09-10T21:33:22Z,12397515839,2370
2026-09-10T21:33:22Z,12398038681,763
2026-09-10T21:33:22Z,12407250267,1704
2026-09-10T21:33:22Z,12411473842,1119
2026-09-10T21:33:22Z,12495498157,1372
2026-09-10T21:33:22Z,12550651382,775
2026-09-10T21:33:22Z,12593620250,3685
2026-09-10T21:33:22Z,12625784503,512
2026-09-10T21:33:22Z,12640491155,1174
2026-09-10T21:33:22Z,12699642568,7686
2026-09-10T21:33:22Z,12716055617,977
2026-09-10T21:33:22Z,12828227139,1428
2026-09-10T21:33:22Z,12847474373,1332
2026-09-10T21:33:22Z,12912701243,939
2026-09-10T21:33:22Z,12912731475,2113
2026-09-10T21:33:22Z,12931609417,2929
2026-09-10T21:33:22Z,12981936705,695
2026-09-10T21:33:22Z,12985361032,7002
2026-09-10T21:33:22Z,12997619803,588
2026-09-10T21:33:22Z,13042495892,1360
2026-09-10T21:33:22Z,13076380114,7319
2026-09-10T21:33:22Z,13083893317,527
2026-09-10T21:33:22Z,13110267312,527
2026-09-10T21:33:22Z,13118814103,1393
2026-09-10T21:33:22Z,13127800756,1761
2026-09-10T21:33:22Z,13159565330,1667
2026-09-10T21:33:22Z,13166293021,2336
2026-09-10T21:33:22Z,13184713709,1775
2026-09-10T21:33:22Z,13189735542,826
2026-09-10T21:33:22Z,13358463560,560
2026-09-10T21:33:22Z,13367669582,508
2026-09-10T21:33:22Z,13379208636,11745
2026-09-10T21:33:22Z,13416197699,2134
2026-09-10T21:33:22Z,13429790955,2127
2026-09-10T21:33:22Z,13438553315,537
2026-09-10T21:33:22Z,13448262796,528
2026-09-10T21:33:22Z,13473615074,2550
2026-09-10T21:33:22Z,13482468151,3935
2026-09-10T21:33:22Z,13587601484,1409
2026-09-10T21:33:22Z,13600218266,13342
2026-09-10T21:33:22Z,13621938427,6112
2026-09-10T21:33:22Z,13664698400,3994
2026-09-10T21:33:22Z,13687899540,6019
2026-09-10T21:33:22Z,13718567207,1204
2026-09-10T21:33:22Z,13772394625,14756
2026-09-10T21:33:22Z,13775256536,2470
2026-09-10T21:33:22Z,13794093709,626
2026-09-10T21:33:22Z,13796645198,1739
2026-09-10T21:33:22Z,13822562292,2834
2026-09-10T21:33:22Z,13827198708,521
2026-09-10T21:33:22Z,13864661000,1607
2026-09-10T21:33:22Z,13955927965,1691
2026-09-10T21:33:22Z,13967668166,33845
2026-09-10T21:33:22Z,13999660589,3395
2026-09-10T21:33:22Z,14004668761,690
2026-09-10T21:33:22Z,14026026722,596
2026-09-10T21:33:22Z,14038329225,1030
2026-09-10T21:33:22Z,14044547200,1827
2026-09-10T21:33:22Z,14110939227,506
2026-09-10T21:33:22Z,14161770735,825
2026-09-10T21:33:22Z,14184086618,1002
2026-09-10T21:33:22Z,14212732626,1861
2026-09-10T21:33:22Z,14236925335,4223
2026-09-10T21:33:22Z,14237585680,862
2026-09-10T21:33:22Z,14238596528,3582
2026-09-10T21:33:22Z,14259168147,3340
2026-09-10T21:33:22Z,14259358984,678
2026-09-10T21:33:22Z,14279693118,1390
2026-09-10T21:33:22Z,14301835518,3403
2026-09-10T21:33:22Z,14313259147,1270
2026-09-10T21:33:22Z,14315258385,33108
2026-09-10T21:33:22Z,14337656835,679
2026-09-10T21:33:22Z,14350413280,584
2026-09-10T21:33:22Z,14422394494,4680
2026-09-10T21:33:22Z,14437001043,1751
2026-09-10T21:33:22Z,14438406081,8278
2026-09-10T21:33:22Z,14451515684,1539
2026-09-10T21:33:22Z,14458936637,1463
2026-09-10T21:33:22Z,14475396559,872
2026-09-10T21:33:22Z,14475792710,516
2026-09-10T21:33:22Z,14518422161,706
2026-09-10T21:33:22Z,14564651437,3082
2026-09-10T21:33:22Z,14567590300,2281
2026-09-10T21:33:22Z,14569384529,865
2026-09-10T21:33:22Z,14581889272,605
2026-09-10T21:33:22Z,14608970270,11888
2026-09-10T21:33:22Z,14772802900,2777
2026-09-10T21:33:22Z,14776071100,820
2026-09-10T21:33:22Z,14787369036,1203
2026-09-10T21:33:22Z,14823220100,924
2026-09-10T21:33:22Z,14833592591,1131
2026-09-10T21:33:22Z,14835828495,1790
2026-09-10T21:33:22Z,14842128242,718
2026-09-10T21:33:22Z,14959543012,523
2026-09-10T21:33:22Z,15002061926,5970
2026-09-10T21:33:22Z,15027718878,824
2026-09-10T21:33:22Z,15077422637,641
2026-09-10T21:33:22Z,15092647980,676
2026-09-10T21:33:22Z,15101393044,66076
2026-09-10T21:33:22Z,15111895255,1191
2026-09-10T21:33:22Z,15113223607,594
2026-09-10T21:33:22Z,15135285305,1169
2026-09-10T21:33:22Z,15198166649,1622
2026-09-10T21:33:22Z,15240723287,3455
2026-09-10T21:33:22Z,15269951959,3481
2026-09-10T21:33:22Z,15270182488,1067
2026-09-10T21:33:22Z,15282120493,588
2026-09-10T21:33:22Z,15288629078,1634
2026-09-10T21:33:22Z,15318113891,7101
2026-09-10T21:33:22Z,15352028692,580
2026-09-10T21:33:22Z,15507022415,2237
2026-09-10T21:33:22Z,15509312676,532
2026-09-10T21:33:22Z,15532962292,41088
2026-09-10T21:33:22Z,15546218972,1353
2026-09-10T21:33:22Z,15550215902,3133
2026-09-10T21:33:22Z,15560168390,1654
2026-09-10T21:33:22Z,15598056478,1945
2026-09-10T21:33:22Z,15654981113,958
2026-09-10T21:33:22Z,15694891095,1498
2026-09-10T21:33:22Z,15696848933,2555
2026-09-10T21:33:22Z,15768329004,8457
2026-09-10T21:33:22Z,15781012611,539
2026-09-10T21:33:22Z,15784744207,1914
2026-09-10T21:33:22Z,15859503151,508
2026-09-10T21:33:22Z,15930174396,3962
2026-09-10T21:33:22Z,16039690331,1634
2026-09-10T21:33:22Z,16057679366,784
2026-09-10T21:33:22Z,16115051360,968
2026-09-10T21:33:22Z,16116270224,24100
2026-09-10T21:33:22Z,16141640360,1845
2026-09-10T21:33:22Z,16141898262,1150
2026-09-10T21:33:22Z,16146832113,19098
2026-09-10T21:33:22Z,16154918775,2512
2026-09-10T21:33:22Z,16159871483,530
2026-09-10T21:33:22Z,16272604134,2229
2026-09-10T21:33:22Z,16288616721,930
2026-09-10T21:33:22Z,16304978305,601
2026-09-10T21:33:22Z,16331682055,714
2026-09-10T21:33:22Z,16381982348,715
2026-09-10T21:33:22Z,16389395869,9772
2026-09-10T21:33:22Z,16446142514,1269
2026-09-10T21:33:22Z,16447934574,5345
2026-09-10T21:33:22Z,16454399300,836
2026-09-10T21:33:22Z,16480898254,2316
2026-09-10T21:33:22Z,16483433878,652
2026-09-10T21:33:22Z,16501421966,545
2026-09-10T21:33:22Z,16518256559,1111
2026-09-10T21:33:22Z,16625391970,7704
2026-09-10T21:33:22Z,16653555262,1058
2026-09-10T21:33:22Z,16732694052,72331
2026-09-10T21:33:22Z,16867505761,1428
2026-09-10T21:33:22Z,16901389020,2131
2026-09-10T21:33:22Z,16907212609,1296
2026-09-10T21:33:22Z,16910059756,2978
2026-09-10T21:33:22Z,16962279458,2499
2026-09-10T21:33:22Z,16991287194,2461
2026-09-10T21:33:22Z,16993432698,774
2026-09-10T21:33:22Z,17012548142,834
2026-09-10T21:33:22Z,17045823120,2809
2026-09-10T21:33:22Z,17050349106,644
2026-09-10T21:33:22Z,17070462969,768
2026-09-10T21:33:22Z,17121846721,1047
2026-09-10T21:33:22Z,17188326828,1089
2026-09-10T21:33:22Z,17192092512,2895
2026-09-10T21:33:22Z,17255098561,946
2026-09-10T21:33:22Z,17371491481,972
2026-09-10T21:33:22Z,17450551531,1120
2026-09-10T21:33:22Z,17457986005,1286
2026-09-10T21:33:22Z,17516596118,17474
2026-09-10T21:33:22Z,17556820024,2602
2026-09-10T21:33:22Z,17559596992,592
2026-09-10T21:33:22Z,17571821642,1609
2026-09-10T21:33:22Z,17577256698,1820
2026-09-10T21:33:22Z,17581668152,1768
2026-09-10T21:33:22Z,17600423422,1139
2026-09-10T21:33:22Z,17625359962,149743
2026-09-10T21:33:22Z,17662297954,943
2026-09-10T21:33:22Z,17664585395,763
2026-09-10T21:33:22Z,17698425045,2180
2026-09-10T21:33:22Z,17720162456,2057
2026-09-10T21:33:22Z,17729873503,545
2026-09-10T21:33:22Z,17759606919,845
2026-09-10T21:33:22Z,17844293708,1119
2026-09-10T21:33:22Z,17882166032,2394
2026-09-10T21:33:22Z,18102078939,1522
2026-09-10T21:33:22Z,18138682962,884
2026-09-10T21:33:22Z,18152595062,827
2026-09-10T21:33:22Z,18153851914,582
2026-09-10T21:33:22Z,18156286285,947
2026-09-10T21:33:22Z,18172550962,582
2026-09-10T21:33:22Z,18180736634,1693
2026-09-10T21:33:22Z,18183902003,1417
2026-09-10T21:33:22Z,18192562963,1392
2026-09-10T21:33:22Z,18199615050,4624
2026-09-10T21:33:22Z,18214855317,3110
2026-09-10T21:33:22Z,18259975825,1935
2026-09-10T21:33:22Z,18260439047,1154
2026-09-10T21:33:22Z,18334179599,1006
2026-09-10T21:33:22Z,18335956021,12062
2026-09-10T21:33:22Z,18341181766,588
2026-09-10T21:33:22Z,18376355901,1248
2026-09-10T21:33:22Z,18403789061,611
2026-09-10T21:33:22Z,18408132742,541
2026-09-10T21:33:22Z,18519254033,2259
2026-09-10T21:33:22Z,18537079992,510
2026-09-10T21:33:22Z,18545825758,539
2026-09-10T21:33:22Z,18645473062,1014
2026-09-10T21:33:22Z,18649596490,794
2026-09-10T21:33:22Z,18666738837,4684
2026-09-10T21:33:22Z,18668065416,15785
2026-09-10T21:33:22Z,18680867089,1477
2026-09-10T21:33:22Z,18687417158,54886
2026-09-10T21:33:22Z,18688598012,803
2026-09-10T21:33:22Z,18700851435,2463
2026-09-10T21:33:22Z,18753889337,4343
2026-09-10T21:33:22Z,18799085098,2607
2026-09-10T21:33:22Z,18803315158,3598
2026-09-10T21:33:22Z,18816315817,1455
2026-09-10T21:33:22Z,18864551515,725
2026-09-10T21:33:22Z,18934709778,1010
2026-09-10T21:33:22Z,18948446518,3003
2026-09-10T21:33:22Z,18959440414,1084
2026-09-10T21:33:22Z,18984776765,578
2026-09-10T21:33:22Z,70390793715007,990
2026-09-10T21:33:22Z,70400654680508,2844
2026-09-10T21:33:22Z,70411440483149,17006
2026-09-10T21:33:22Z,70435795041539,5245
2026-09-10T21:33:22Z,70476134485723,596
2026-09-10T21:33:22Z,70587876731444,1866
2026-09-10T21:33:22Z,70640255604878,10678
2026-09-10T21:33:22Z,70805830291547,1182
2026-09-10T21:33:22Z,70906625936847,4657
2026-09-10T21:33:22Z,70911358699250,1859
2026-09-10T21:33:22Z,70970763145070,844
2026-09-10T21:33:22Z,70990751935174,1469
2026-09-10T21:33:22Z,70994695337243,945
2026-09-10T21:33:22Z,70998903613713,611
2026-09-10T21:33:22Z,71099982892966,763
2026-09-10T21:33:22Z,71132543521245,7070
2026-09-10T21:33:22Z,71143154217953,655
2026-09-10T21:33:22Z,71174733280934,1308
2026-09-10T21:33:22Z,71394819414417,1769
2026-09-10T21:33:22Z,71457452830106,1092
2026-09-10T21:33:22Z,71480482338212,781
2026-09-10T21:33:22Z,71543463524754,538
2026-09-10T21:33:22Z,71599043035739,3303
2026-09-10T21:33:22Z,71600459831333,2942
2026-09-10T21:33:22Z,71633357192188,2429
2026-09-10T21:33:22Z,71647048889071,562
2026-09-10T21:33:22Z,71647256260480,2532
2026-09-10T21:33:22Z,71704434889758,2968
2026-09-10T21:33:22Z,71706515477118,885
2026-09-10T21:33:22Z,71774876641249,1451
2026-09-10T21:33:22Z,71849204829689,1214
2026-09-10T21:33:22Z,71852303862507,1552
2026-09-10T21:33:22Z,71895508397153,2808
2026-09-10T21:33:22Z,72019577565540,1373
2026-09-10T21:33:22Z,72167803024670,969
2026-09-10T21:33:22Z,72216345408467,3590
2026-09-10T21:33:22Z,72317248326994,1430
2026-09-10T21:33:22Z,72387437800091,5692
2026-09-10T21:33:22Z,72450672234943,1922
2026-09-10T21:33:22Z,72525366293660,525
2026-09-10T21:33:22Z,72604809857139,539
2026-09-10T21:33:22Z,72659788689464,553
2026-09-10T21:33:22Z,72712036210947,1377
2026-09-10T21:33:22Z,72763503064951,1941
2026-09-10T21:33:22Z,72845937010155,913
2026-09-10T21:33:22Z,72920620366355,5274
2026-09-10T21:33:22Z,73097591386069,828
2026-09-10T21:33:22Z,73101851322368,1364
2026-09-10T21:33:22Z,73189007576537,2303
2026-09-10T21:33:22Z,73526576502092,710
2026-09-10T21:33:22Z,73578698401320,1847
2026-09-10T21:33:22Z,73613510857111,2095
2026-09-10T21:33:22Z,73621314943835,6521
2026-09-10T21:33:22Z,73768006371986,2735
2026-09-10T21:33:22Z,73871058651498,1123
2026-09-10T21:33:22Z,73897506680154,6329
2026-09-10T21:33:22Z,73904017172892,2668
2026-09-10T21:33:22Z,73908022013371,1983
2026-09-10T21:33:22Z,73954336239895,1165
2026-09-10T21:33:22Z,73956553001240,29519
2026-09-10T21:33:22Z,74102906764176,13107
2026-09-10T21:33:22Z,74188431054457,13255
2026-09-10T21:33:22Z,74193805629461,1722
2026-09-10T21:33:22Z,74256669508761,2413
2026-09-10T21:33:22Z,74260430392611,5265
2026-09-10T21:33:22Z,74341114342499,8068
2026-09-10T21:33:22Z,74395953411817,12662
2026-09-10T21:33:22Z,74511210941284,1445
2026-09-10T21:33:22Z,74542317333958,1286
2026-09-10T21:33:22Z,74716719697996,3993
2026-09-10T21:33:22Z,74729868188364,5486
2026-09-10T21:33:22Z,74889851913797,3460
2026-09-10T21:33:22Z,74994442538508,700
2026-09-10T21:33:22Z,74996816424339,548
2026-09-10T21:33:22Z,75178747054941,910
2026-09-10T21:33:22Z,75317862071711,3798
2026-09-10T21:33:22Z,75366259315586,565
2026-09-10T21:33:22Z,75387700043737,15383
2026-09-10T21:33:22Z,75467339082089,655
2026-09-10T21:33:22Z,75541741887441,1259
2026-09-10T21:33:22Z,75547400568620,4320
2026-09-10T21:33:22Z,75568173037446,2576
2026-09-10T21:33:22Z,75626443136851,587
2026-09-10T21:33:22Z,75646865566926,819
2026-09-10T21:33:22Z,75663528075786,2358
2026-09-10T21:33:22Z,75753413268977,888
2026-09-10T21:33:22Z,75839707976715,997
2026-09-10T21:33:22Z,76137189788863,1656
2026-09-10T21:33:22Z,76153324611685,5566
2026-09-10T21:33:22Z,76285745979410,3719
2026-09-10T21:33:22Z,76427445314955,785
2026-09-10T21:33:22Z,76427490154192,1607
2026-09-10T21:33:22Z,76503495566299,6562
2026-09-10T21:33:22Z,76526090659517,1464
2026-09-10T21:33:22Z,76558904092080,1435
2026-09-10T21:33:22Z,76737571462455,1757
2026-09-10T21:33:22Z,76812848652979,1032
2026-09-10T21:33:22Z,76838459031868,10328
2026-09-10T21:33:22Z,76842920359834,513
2026-09-10T21:33:22Z,76911729991355,3446
2026-09-10T21:33:22Z,77108422251420,45397
2026-09-10T21:33:22Z,77187847593796,585
2026-09-10T21:33:22Z,77649408247578,27744
2026-09-10T21:33:22Z,77747658251236,1514
2026-09-10T21:33:22Z,77843161404023,7607
2026-09-10T21:33:22Z,78028206594931,1017
2026-09-10T21:33:22Z,78131609782350,1049
2026-09-10T21:33:22Z,78177131121429,2574
2026-09-10T21:33:22Z,78471443847948,999
2026-09-10T21:33:22Z,78496323189083,829
2026-09-10T21:33:22Z,78515283254292,78075
2026-09-10T21:33:22Z,78699621133325,848
2026-09-10T21:33:22Z,78724109436030,596
2026-09-10T21:33:22Z,78724900430513,1213
2026-09-10T21:33:22Z,78839079957645,1465
2026-09-10T21:33:22Z,79267089300389,3676
2026-09-10T21:33:22Z,79268393072444,9448
2026-09-10T21:33:22Z,79315121100812,1471
2026-09-10T21:33:22Z,79454007962937,1057
2026-09-10T21:33:22Z,79480724066456,13343
2026-09-10T21:33:22Z,79546208627805,118300
2026-09-10T21:33:22Z,79790479326946,618
2026-09-10T21:33:22Z,79860632214114,563
2026-09-10T21:33:22Z,79886695267825,995
2026-09-10T21:33:22Z,79948106719663,501
2026-09-10T21:33:22Z,79966250354565,7735
2026-09-10T21:33:22Z,80000420704526,2919
2026-09-10T21:33:22Z,80031826041492,1195
2026-09-10T21:33:22Z,80111254680893,698
2026-09-10T21:33:22Z,80200604311136,1637
2026-09-10T21:33:22Z,80234914611737,785
2026-09-10T21:33:22Z,80279663815725,1049
2026-09-10T21:33:22Z,80342862330041,639
2026-09-10T21:33:22Z,80607040330429,1281
2026-09-10T21:33:22Z,80610578881227,648
2026-09-10T21:33:22Z,80734098185936,2399
2026-09-10T21:33:22Z,80861715191104,802
2026-09-10T21:33:22Z,80898524797320,1488
2026-09-10T21:33:22Z,81040587037979,1668
2026-09-10T21:33:22Z,81223687051453,2066
2026-09-10T21:33:22Z,81239378558719,1069
2026-09-10T21:33:22Z,81703830622949,1610
2026-09-10T21:33:22Z,82013336390273,765
2026-09-10T21:33:22Z,82075856475941,1125
2026-09-10T21:33:22Z,82084053899394,590
2026-09-10T21:33:22Z,82329146189989,1356
2026-09-10T21:33:22Z,82453659777192,644
2026-09-10T21:33:22Z,82457571485380,6573
2026-09-10T21:33:22Z,82539019711975,1671
2026-09-10T21:33:22Z,82554996468034,917
2026-09-10T21:33:22Z,82570142697239,1738
2026-09-10T21:33:22Z,82682887450460,518
2026-09-10T21:33:22Z,82712304391069,4447
2026-09-10T21:33:22Z,82745432464897,702
2026-09-10T21:33:22Z,82797688803922,3727
2026-09-10T21:33:22Z,82866880824588,2423
2026-09-10T21:33:22Z,82898983236792,540
2026-09-10T21:33:22Z,82904798643396,685
2026-09-10T21:33:22Z,82983707799188,3336
2026-09-10T21:33:22Z,83038462357724,7264
2026-09-10T21:33:22Z,83264774625004,2774
2026-09-10T21:33:22Z,83325975879599,1632
2026-09-10T21:33:22Z,83388257263676,3445
2026-09-10T21:33:22Z,83569851223739,2305
2026-09-10T21:33:22Z,83622406313819,1358
2026-09-10T21:33:22Z,83948716312312,1268
2026-09-10T21:33:22Z,84156601481934,1784
2026-09-10T21:33:22Z,84256892855657,1224
2026-09-10T21:33:22Z,84332574190497,1853
2026-09-10T21:33:22Z,84449017742177,4287
2026-09-10T21:33:22Z,84515722934860,34510
2026-09-10T21:33:22Z,84525826229916,2763
2026-09-10T21:33:22Z,84526099099491,912
2026-09-10T21:33:22Z,84556640895285,10574
2026-09-10T21:33:22Z,84568117169118,1400
2026-09-10T21:33:22Z,84692574040798,846
2026-09-10T21:33:22Z,84956402848349,973
2026-09-10T21:33:22Z,85011874799856,1299
2026-09-10T21:33:22Z,85048226835181,1549
2026-09-10T21:33:22Z,85056532479796,1339
2026-09-10T21:33:22Z,85245205758607,1703
2026-09-10T21:33:22Z,85387381843881,1196
2026-09-10T21:33:22Z,85896571713843,2353
2026-09-10T21:33:22Z,85967844112283,12298
2026-09-10T21:33:22Z,86017989016432,842
2026-09-10T21:33:22Z,86022723355936,988
2026-09-10T21:33:22Z,86089763581353,712
2026-09-10T21:33:22Z,86164638330564,675
2026-09-10T21:33:22Z,86178279217218,674
2026-09-10T21:33:22Z,86247128610772,6444
2026-09-10T21:33:22Z,86259628805375,2921
2026-09-10T21:33:22Z,86368783421928,3026
2026-09-10T21:33:22Z,86374876468143,2489
2026-09-10T21:33:22Z,86479448397834,6536
2026-09-10T21:33:22Z,86524001536792,1421
2026-09-10T21:33:22Z,86635275427451,520
2026-09-10T21:33:22Z,86707571837034,706
2026-09-10T21:33:22Z,86754403332185,1254
2026-09-10T21:33:22Z,86757987326668,618
2026-09-10T21:33:22Z,86943068337855,5416
2026-09-10T21:33:22Z,87018676608089,953
2026-09-10T21:33:22Z,87046419551816,3187
2026-09-10T21:33:22Z,87214116277191,1057
2026-09-10T21:33:22Z,87311102000285,1103
2026-09-10T21:33:22Z,87468080405188,3494
2026-09-10T21:33:22Z,87555052900625,971
2026-09-10T21:33:22Z,88033955914813,1575
2026-09-10T21:33:22Z,88207898227053,667
2026-09-10T21:33:22Z,88323040672117,2469
2026-09-10T21:33:22Z,88412811497379,1462
2026-09-10T21:33:22Z,88480125732253,607
2026-09-10T21:33:22Z,88728793053496,660
2026-09-10T21:33:22Z,88887739603194,1269
2026-09-10T21:33:22Z,88932739628526,917
2026-09-10T21:33:22Z,88933961678687,1067
2026-09-10T21:33:22Z,89035794510548,2559
2026-09-10T21:33:22Z,89100823864844,1727
2026-09-10T21:33:22Z,89180039807836,732
2026-09-10T21:33:22Z,89469502395769,12387
2026-09-10T21:33:22Z,89490838554710,3358
2026-09-10T21:33:22Z,89561601601392,727
2026-09-10T21:33:22Z,89704645856683,1951
2026-09-10T21:33:22Z,89788834648171,1062
2026-09-10T21:33:22Z,90038414385014,1064
2026-09-10T21:33:22Z,90086669327265,9327
2026-09-10T21:33:22Z,90148635862803,7832
2026-09-10T21:33:22Z,90184287580174,2381
2026-09-10T21:33:22Z,90462358603255,612
2026-09-10T21:33:22Z,90568084448279,16304
2026-09-10T21:33:22Z,90704250333473,1492
2026-09-10T21:33:22Z,90740816183375,4634
2026-09-10T21:33:22Z,90784570995507,2006
2026-09-10T21:33:22Z,90803345996188,689
2026-09-10T21:33:22Z,90906407195271,2240
2026-09-10T21:33:22Z,90913221847091,1839
2026-09-10T21:33:22Z,91203203156283,1721
2026-09-10T21:33:22Z,91296119701853,557
2026-09-10T21:33:22Z,91440994157417,711
2026-09-10T21:33:22Z,91514145260129,669
2026-09-10T21:33:22Z,91695551099066,1162
2026-09-10T21:33:22Z,91704854174760,3143
2026-09-10T21:33:22Z,91746497060666,3922
2026-09-10T21:33:22Z,91931360732020,618
2026-09-10T21:33:22Z,92044060392057,583
2026-09-10T21:33:22Z,92122513197996,4173
2026-09-10T21:33:22Z,92141204718989,552
2026-09-10T21:33:22Z,92171645661524,1428
2026-09-10T21:33:22Z,92415748858497,1043
2026-09-10T21:33:22Z,92416421522960,593
2026-09-10T21:33:22Z,92422478989816,744
2026-09-10T21:33:22Z,92432535588391,671
2026-09-10T21:33:22Z,92637789841354,50987
2026-09-10T21:33:22Z,92700582787930,967
2026-09-10T21:33:22Z,92942575852492,920
2026-09-10T21:33:22Z,93010292807756,588
2026-09-10T21:33:22Z,93028168925975,2912
2026-09-10T21:33:22Z,93091759101123,4489
2026-09-10T21:33:22Z,93233198656969,594
2026-09-10T21:33:22Z,93265851514769,856
2026-09-10T21:33:22Z,93563420945975,608
2026-09-10T21:33:22Z,93787311916283,763
2026-09-10T21:33:22Z,93829858358973,1702
2026-09-10T21:33:22Z,93978595733734,24132
2026-09-10T21:33:22Z,94217045453265,7690
2026-09-10T21:33:22Z,94495283121683,2212
2026-09-10T21:33:22Z,94503612388426,646
2026-09-10T21:33:22Z,94539932414164,1336
2026-09-10T21:33:22Z,94590879393563,976
2026-09-10T21:33:22Z,94640181989498,10628
2026-09-10T21:33:22Z,94647229517154,11999
2026-09-10T21:33:22Z,94717504417144,729
2026-09-10T21:33:22Z,94845773826960,583
2026-09-10T21:33:22Z,94860588848140,1644
2026-09-10T21:33:22Z,94987506187454,1134
2026-09-10T21:33:22Z,95082159892680,117194
2026-09-10T21:33:22Z,95094140550911,842
2026-09-10T21:33:22Z,95094324354820,1556
2026-09-10T21:33:22Z,95223801959482,717
2026-09-10T21:33:22Z,95319535505764,911
2026-09-10T21:33:22Z,95417153338993,5008
2026-09-10T21:33:22Z,95721658376580,1534
2026-09-10T21:33:22Z,95929919723230,534
2026-09-10T21:33:22Z,96153864779911,1218
2026-09-10T21:33:22Z,96168869671905,3857
2026-09-10T21:33:22Z,96280251181127,1758
2026-09-10T21:33:22Z,96401370703274,708
2026-09-10T21:33:22Z,96425088123775,1614
2026-09-10T21:33:22Z,96447215899741,4256
2026-09-10T21:33:22Z,96462622512177,980
2026-09-10T21:33:22Z,96510596525082,4976
2026-09-10T21:33:22Z,96574878340154,517
2026-09-10T21:33:22Z,96645548064314,16588
2026-09-10T21:33:22Z,96775630583143,1881
2026-09-10T21:33:22Z,96796259580891,2330
2026-09-10T21:33:22Z,97042065873644,1341
2026-09-10T21:33:22Z,97090732168175,3544
2026-09-10T21:33:22Z,97387256206808,649
2026-09-10T21:33:22Z,97438379434717,1247
2026-09-10T21:33:22Z,97463774278378,875
2026-09-10T21:33:22Z,97598239454123,7509
2026-09-10T21:33:22Z,97607545197126,1822
2026-09-10T21:33:22Z,97630670804505,694
2026-09-10T21:33:22Z,97824450589417,14884
2026-09-10T21:33:22Z,97837301536811,503
2026-09-10T21:33:22Z,98067481349941,787
2026-09-10T21:33:22Z,98138235237704,920
2026-09-10T21:33:22Z,98303142742576,976
2026-09-10T21:33:22Z,98393605725180,4045
2026-09-10T21:33:22Z,98502499119821,2972
2026-09-10T21:33:22Z,98626216952426,709
2026-09-10T21:33:22Z,98629859043211,1679
2026-09-10T21:33:22Z,98664161516921,3709
2026-09-10T21:33:22Z,98679602313466,1768
2026-09-10T21:33:22Z,98695134949589,604
2026-09-10T21:33:22Z,98800969324557,18637
2026-09-10T21:33:22Z,98894876188248,8250
2026-09-10T21:33:22Z,98916904742148,1906
2026-09-10T21:33:22Z,98936097545088,3509
2026-09-10T21:33:22Z,98951612738714,698
2026-09-10T21:33:22Z,99065555424640,614
2026-09-10T21:33:22Z,99108783264633,4622
2026-09-10T21:33:22Z,99122501338948,1654
2026-09-10T21:33:22Z,99255447043899,932
2026-09-10T21:33:22Z,99269206016797,1346
2026-09-10T21:33:22Z,99342262733194,764
2026-09-10T21:33:22Z,99449877692519,2214
2026-09-10T21:33:22Z,99521272836282,2252
2026-09-10T21:33:22Z,99567941238278,14762
2026-09-10T21:33:22Z,99702578544768,1087
2026-09-10T21:33:22Z,99703116573266,880
2026-09-10T21:33:22Z,99715891575923,1290
2026-09-10T21:33:22Z,99758842280353,1474
2026-09-10T21:33:22Z,99817148924004,1696
2026-09-10T21:33:22Z,100034344773758,853
2026-09-10T21:33:22Z,100039707794702,1173
2026-09-10T21:33:22Z,100178831086674,2196
2026-09-10T21:33:22Z,100221279566736,796
2026-09-10T21:33:22Z,100293509865504,5800
2026-09-10T21:33:22Z,100400297022629,577
2026-09-10T21:33:22Z,100429474155186,5856
2026-09-10T21:33:22Z,100453351939863,1493
2026-09-10T21:33:22Z,100722736774753,620
2026-09-10T21:33:22Z,100744519298647,1007
2026-09-10T21:33:22Z,100831517378953,610
2026-09-10T21:33:22Z,100860415498291,678
2026-09-10T21:33:22Z,100911362514791,2115
2026-09-10T21:33:22Z,101009821472804,4317
2026-09-10T21:33:22Z,101272402522756,972
2026-09-10T21:33:22Z,101396571928321,1644
2026-09-10T21:33:22Z,101432174163538,1082
2026-09-10T21:33:22Z,101480963912212,5964
2026-09-10T21:33:22Z,101533162298733,642
2026-09-10T21:33:22Z,101610294550592,2084
2026-09-10T21:33:22Z,101685456774656,1151
2026-09-10T21:33:22Z,101733180974837,1144
2026-09-10T21:33:22Z,101906032112547,4727
2026-09-10T21:33:22Z,101914772188620,4056
2026-09-10T21:33:22Z,101949297449238,887
2026-09-10T21:33:22Z,102054284786904,1984
2026-09-10T21:33:22Z,102071609564196,889
2026-09-10T21:33:22Z,102072869879193,17280
2026-09-10T21:33:22Z,102457672839885,1562
2026-09-10T21:33:22Z,102489700929678,6272
2026-09-10T21:33:22Z,102553576537621,1430
2026-09-10T21:33:22Z,102574559184919,509
2026-09-10T21:33:22Z,102612844247090,553
2026-09-10T21:33:22Z,102837194624695,2602
2026-09-10T21:33:22Z,102871156420149,1566
2026-09-10T21:33:22Z,102917792916356,1200
2026-09-10T21:33:22Z,103037106396302,14065
2026-09-10T21:33:22Z,103050497819513,1422
2026-09-10T21:33:22Z,103185879508967,546
2026-09-10T21:33:22Z,103285721487694,2582
2026-09-10T21:33:22Z,103311003648859,757
2026-09-10T21:33:22Z,103556382323599,872
2026-09-10T21:33:22Z,103589142326933,1264
2026-09-10T21:33:22Z,103593441753340,949
2026-09-10T21:33:22Z,103731330407395,539
2026-09-10T21:33:22Z,103740390007820,1162
2026-09-10T21:33:22Z,103754275310547,1530
2026-09-10T21:33:22Z,103802803330866,1291
2026-09-10T21:33:22Z,103854444055060,544
2026-09-10T21:33:22Z,103883942725157,5091
2026-09-10T21:33:22Z,104339804279870,790
2026-09-10T21:33:22Z,104485012391716,1274
2026-09-10T21:33:22Z,104589921852670,1683
2026-09-10T21:33:22Z,104693964860826,3061
2026-09-10T21:33:22Z,104715542330896,20484
2026-09-10T21:33:22Z,104716788636258,791
2026-09-10T21:33:22Z,104761395312874,4031
2026-09-10T21:33:22Z,104808235862933,10495
2026-09-10T21:33:22Z,104809044319701,6522
2026-09-10T21:33:22Z,104812936457083,565
2026-09-10T21:33:22Z,104841616983113,2201
2026-09-10T21:33:22Z,104890260413773,1273
2026-09-10T21:33:22Z,104973076655377,3612
2026-09-10T21:33:22Z,105265986112006,612
2026-09-10T21:33:22Z,105373497661352,1023
2026-09-10T21:33:22Z,105452889569708,3622
2026-09-10T21:33:22Z,105555311806207,2236
2026-09-10T21:33:22Z,105633123928294,1511
2026-09-10T21:33:22Z,105724836892064,3524
2026-09-10T21:33:22Z,105742951729183,749
2026-09-10T21:33:22Z,105767799784652,781
2026-09-10T21:33:22Z,105954652742326,1149
2026-09-10T21:33:22Z,106078822951099,852
2026-09-10T21:33:22Z,106131416903029,772
2026-09-10T21:33:22Z,106187832607756,973
2026-09-10T21:33:22Z,106484206883664,8440
2026-09-10T21:33:22Z,106487781999308,1112
2026-09-10T21:33:22Z,106683702021527,2984
2026-09-10T21:33:22Z,106802314735486,2141
2026-09-10T21:33:22Z,106832050389015,651
2026-09-10T21:33:22Z,106838580527183,4748
2026-09-10T21:33:22Z,106920577206536,1702
2026-09-10T21:33:22Z,107095834793267,758
2026-09-10T21:33:22Z,107377364123237,1431
2026-09-10T21:33:22Z,107430889830807,4670
2026-09-10T21:33:22Z,107467295209358,5761
2026-09-10T21:33:22Z,107645101488133,576
2026-09-10T21:33:22Z,107646426076756,676
2026-09-10T21:33:22Z,107653945083776,8120
2026-09-10T21:33:22Z,107717448640907,672
2026-09-10T21:33:22Z,107750563478039,993
2026-09-10T21:33:22Z,107778070777162,1098849
2026-09-10T21:33:22Z,107792622719098,1503
2026-09-10T21:33:22Z,107828406309109,1132
2026-09-10T21:33:22Z,107833198839573,1806
2026-09-10T21:33:22Z,107894105055312,5291
2026-09-10T21:33:22Z,108227239615000,751
2026-09-10T21:33:22Z,108307565942574,3932
2026-09-10T21:33:22Z,108410750455933,682
2026-09-10T21:33:22Z,108439047160668,1004
2026-09-10T21:33:22Z,108533757090220,3659
2026-09-10T21:33:22Z,108567435288296,11787
2026-09-10T21:33:22Z,108645230905176,2287
2026-09-10T21:33:22Z,108730407897379,3014
2026-09-10T21:33:22Z,108767400143329,653
2026-09-10T21:33:22Z,108843562394237,961
2026-09-10T21:33:22Z,109069998531261,595
2026-09-10T21:33:22Z,109129552698918,915
2026-09-10T21:33:22Z,109170650911069,1106
2026-09-10T21:33:22Z,109258067111533,3137
2026-09-10T21:33:22Z,109397169461300,4172
2026-09-10T21:33:22Z,109509029034984,2947
2026-09-10T21:33:22Z,109629391874197,758
2026-09-10T21:33:22Z,109686116036889,932
2026-09-10T21:33:22Z,109694820409483,2453
2026-09-10T21:33:22Z,109715918987082,860
2026-09-10T21:33:22Z,109881277752094,2221
2026-09-10T21:33:22Z,109983668079237,83226
2026-09-10T21:33:22Z,110175021189594,5664
2026-09-10T21:33:22Z,110283655701247,999
2026-09-10T21:33:22Z,110334393584385,512
2026-09-10T21:33:22Z,110470672231288,848
2026-09-10T21:33:22Z,110570058234582,1042
2026-09-10T21:33:22Z,110584310129887,550
2026-09-10T21:33:22Z,110627433764494,1915
2026-09-10T21:33:22Z,110668201954727,2371
2026-09-10T21:33:22Z,110677803091411,643
2026-09-10T21:33:22Z,110793563946846,739
2026-09-10T21:33:22Z,110806816173057,1681
2026-09-10T21:33:22Z,110808833601416,506
2026-09-10T21:33:22Z,110829983956014,5941
2026-09-10T21:33:22Z,111063058742520,4820
2026-09-10T21:33:22Z,111262527555232,4090
2026-09-10T21:33:22Z,111363135577981,1207
2026-09-10T21:33:22Z,111403197324514,1390
2026-09-10T21:33:22Z,111442376436641,1390
2026-09-10T21:33:22Z,111471464387284,547
2026-09-10T21:33:22Z,111779414681728,801
2026-09-10T21:33:22Z,111835260646713,2490
2026-09-10T21:33:22Z,111862336710239,562
2026-09-10T21:33:22Z,111894976456494,2204
2026-09-10T21:33:22Z,111989938562194,1644
2026-09-10T21:33:22Z,112114621008524,752
2026-09-10T21:33:22Z,112171352246014,1509
2026-09-10T21:33:22Z,112226578490421,1524
2026-09-10T21:33:22Z,112233638491976,2437
2026-09-10T21:33:22Z,112413741511713,1655
2026-09-10T21:33:22Z,112531085636442,1965
2026-09-10T21:33:22Z,112619156837009,2289
2026-09-10T21:33:22Z,112626674737178,2944
2026-09-10T21:33:22Z,112641748896693,2432
2026-09-10T21:33:22Z,112731528776884,6582
2026-09-10T21:33:22Z,112781315318195,7890
2026-09-10T21:33:22Z,112796336189704,1796
2026-09-10T21:33:22Z,112816993332059,806
2026-09-10T21:33:22Z,112838150455902,3523
2026-09-10T21:33:22Z,112851296174239,521
2026-09-10T21:33:22Z,112857282410969,1475
2026-09-10T21:33:22Z,112966546347918,2623
2026-09-10T21:33:22Z,113099333239841,4621
2026-09-10T21:33:22Z,113232329524315,3957
2026-09-10T21:33:22Z,113290951185459,21481
2026-09-10T21:33:22Z,113323927469374,2867
2026-09-10T21:33:22Z,113385048266134,927
2026-09-10T21:33:22Z,113385977463481,2631
2026-09-10T21:33:22Z,113392430358155,1159
2026-09-10T21:33:22Z,113457460682474,1745
2026-09-10T21:33:22Z,113481077323469,19710
2026-09-10T21:33:22Z,113506071094099,8326
2026-09-10T21:33:22Z,113581963143008,1086
2026-09-10T21:33:22Z,113604074601559,535
2026-09-10T21:33:22Z,113745337705295,2302
2026-09-10T21:33:22Z,113987393426315,3140
2026-09-10T21:33:22Z,114122724051462,2593
2026-09-10T21:33:22Z,114204398207377,4005
2026-09-10T21:33:22Z,114234929420007,4839
2026-09-10T21:33:22Z,114283239905753,557
2026-09-10T21:33:22Z,114357963370524,1213
2026-09-10T21:33:22Z,114381378262504,2745
2026-09-10T21:33:22Z,114501358617756,2173
2026-09-10T21:33:22Z,114537828794341,527
2026-09-10T21:33:22Z,114640202062357,575
2026-09-10T21:33:22Z,114697347887839,35400
2026-09-10T21:33:22Z,114786176505608,533
2026-09-10T21:33:22Z,114861592677288,2871
2026-09-10T21:33:22Z,115035699922620,2001
2026-09-10T21:33:22Z,115092911061119,1978
2026-09-10T21:33:22Z,115286378269814,527
2026-09-10T21:33:22Z,115618367729321,1627
2026-09-10T21:33:22Z,115620466946909,711
2026-09-10T21:33:22Z,115681808123944,4140
2026-09-10T21:33:22Z,116058355775210,1132
2026-09-10T21:33:22Z,116070952245255,6463
2026-09-10T21:33:22Z,116113866980358,751
2026-09-10T21:33:22Z,116495829188952,12487
2026-09-10T21:33:22Z,116497287371701,4852
2026-09-10T21:33:22Z,116501341774429,1071
2026-09-10T21:33:22Z,117180001724009,537
2026-09-10T21:33:22Z,117533937949084,5494
2026-09-10T21:33:22Z,117539213094671,1661
2026-09-10T21:33:22Z,117713779364528,8469
2026-09-10T21:33:22Z,117752943664280,1771
2026-09-10T21:33:22Z,117868278782684,2777
2026-09-10T21:33:22Z,118055952211055,888
2026-09-10T21:33:22Z,118198615964701,532
2026-09-10T21:33:22Z,118367369949006,2919
2026-09-10T21:33:22Z,118418618261207,21361
2026-09-10T21:33:22Z,118447215156914,1253
2026-09-10T21:33:22Z,118576822282213,2603
2026-09-10T21:33:22Z,118608618152057,1527
2026-09-10T21:33:22Z,118637423917462,676
2026-09-10T21:33:22Z,118806061296143,978
2026-09-10T21:33:22Z,118889111240517,1286
2026-09-10T21:33:22Z,118952094447715,608
2026-09-10T21:33:22Z,118973301158777,3534
2026-09-10T21:33:22Z,119004860768199,3708
2026-09-10T21:33:22Z,119031147890918,1385
2026-09-10T21:33:22Z,119048529960596,8217
2026-09-10T21:33:22Z,119068914321553,5706
2026-09-10T21:33:22Z,119168493101362,6392
2026-09-10T21:33:22Z,119271610514030,1183
2026-09-10T21:33:22Z,119355263204054,2302
2026-09-10T21:33:22Z,119427438574114,1377
2026-09-10T21:33:22Z,119455737640001,1566
2026-09-10T21:33:22Z,119473104067789,827
2026-09-10T21:33:22Z,119579217517090,2527
2026-09-10T21:33:22Z,119609933650338,643
2026-09-10T21:33:22Z,119741101026672,575
2026-09-10T21:33:22Z,119789365111500,3937
2026-09-10T21:33:22Z,119822977170203,2150
2026-09-10T21:33:22Z,119987266683883,556
2026-09-10T21:33:22Z,120014184236770,658
2026-09-10T21:33:22Z,120135584963579,2434
2026-09-10T21:33:22Z,120140631282295,749
2026-09-10T21:33:22Z,120154566897536,772
2026-09-10T21:33:22Z,120189115846709,1632
2026-09-10T21:33:22Z,120217704230083,968
2026-09-10T21:33:22Z,120299070926116,1140
2026-09-10T21:33:22Z,120398694613042,628
2026-09-10T21:33:22Z,120450743769548,582
2026-09-10T21:33:22Z,120546894379169,882
2026-09-10T21:33:22Z,120700541929930,12603
2026-09-10T21:33:22Z,120704669141193,1668
2026-09-10T21:33:22Z,120766736586332,616
2026-09-10T21:33:22Z,120790217521707,812
2026-09-10T21:33:22Z,120841752776030,1921
2026-09-10T21:33:22Z,120851538706364,10998
2026-09-10T21:33:22Z,120944686522212,747
2026-09-10T21:33:22Z,121268060261990,2731
2026-09-10T21:33:22Z,121461214257813,1206
2026-09-10T21:33:22Z,121781732399469,2992
2026-09-10T21:33:22Z,121864768012064,92503
2026-09-10T21:33:22Z,121903154323395,821
2026-09-10T21:33:22Z,122093998639862,1058
2026-09-10T21:33:22Z,122245938604556,22021
2026-09-10T21:33:22Z,122433454504469,557
2026-09-10T21:33:22Z,122446657157717,6135
2026-09-10T21:33:22Z,122454884469606,691
2026-09-10T21:33:22Z,122485613019196,12404
2026-09-10T21:33:22Z,122507029092776,9852
2026-09-10T21:33:22Z,122553263569744,2220
2026-09-10T21:33:22Z,122572082932179,13062
2026-09-10T21:33:22Z,122606989565107,3049
2026-09-10T21:33:22Z,122720857080780,1269
2026-09-10T21:33:22Z,122951224417794,2560
2026-09-10T21:33:22Z,123258797415953,813
2026-09-10T21:33:22Z,123468479998097,713
2026-09-10T21:33:22Z,123577181610172,789
2026-09-10T21:33:22Z,123581964009368,769
2026-09-10T21:33:22Z,123698673940079,3795
2026-09-10T21:33:22Z,123724279728430,9031
2026-09-10T21:33:22Z,123847390309161,9837
2026-09-10T21:33:22Z,123921593837160,3311
2026-09-10T21:33:22Z,124027312895188,1298
2026-09-10T21:33:22Z,124293095895786,8152
2026-09-10T21:33:22Z,124338404742585,3194
2026-09-10T21:33:22Z,124374448373637,617
2026-09-10T21:33:22Z,124389216346675,2573
2026-09-10T21:33:22Z,124396690804338,732
2026-09-10T21:33:22Z,124473577469410,687
2026-09-10T21:33:22Z,124675142564227,1436
2026-09-10T21:33:22Z,124729731716967,2232
2026-09-10T21:33:22Z,124740268654741,1166
2026-09-10T21:33:22Z,124757309017950,562
2026-09-10T21:33:22Z,124761153798409,7534
2026-09-10T21:33:22Z,124853293317687,703
2026-09-10T21:33:22Z,124943244212764,626
2026-09-10T21:33:22Z,125039473548047,8576
2026-09-10T21:33:22Z,125299131646017,892
2026-09-10T21:33:22Z,125306084071551,4688
2026-09-10T21:33:22Z,125488740127641,2362
2026-09-10T21:33:22Z,125496078313264,3377
2026-09-10T21:33:22Z,125790795579287,671
2026-09-10T21:33:22Z,125810438250765,1024
2026-09-10T21:33:22Z,125823964467491,585
2026-09-10T21:33:22Z,125927821145949,3176
2026-09-10T21:33:22Z,126016859830524,5490
2026-09-10T21:33:22Z,126171938168748,761
2026-09-10T21:33:22Z,126330684723008,508
2026-09-10T21:33:22Z,126639935515772,695
2026-09-10T21:33:22Z,126815230666914,3447
2026-09-10T21:33:22Z,126857641130765,1077
2026-09-10T21:33:22Z,126870639873289,24548
2026-09-10T21:33:22Z,126884695634066,16883
2026-09-10T21:33:22Z,126922689754590,871
2026-09-10T21:33:22Z,126987974021910,34137
2026-09-10T21:33:22Z,127078880769763,2178
2026-09-10T21:33:22Z,127089247654125,2295
2026-09-10T21:33:22Z,127099886596040,1101
2026-09-10T21:33:22Z,127103413498148,2176
2026-09-10T21:33:22Z,127152805777886,1144
2026-09-10T21:33:22Z,127177791789316,603
2026-09-10T21:33:22Z,127332613700317,1437
2026-09-10T21:33:22Z,127377897541228,1238
2026-09-10T21:33:22Z,127380660530951,4846
2026-09-10T21:33:22Z,127403135954624,5708
2026-09-10T21:33:22Z,127415661078736,605
2026-09-10T21:33:22Z,127475054933484,1305
2026-09-10T21:33:22Z,127634932179327,2558
2026-09-10T21:33:22Z,127737908858963,1449
2026-09-10T21:33:22Z,127742093697776,1660
2026-09-10T21:33:22Z,127775478639865,3368
2026-09-10T21:33:22Z,127994242634536,41969
2026-09-10T21:33:22Z,128039018996175,2466
2026-09-10T21:33:22Z,128119795963270,6326
2026-09-10T21:33:22Z,128263975853774,4647
2026-09-10T21:33:22Z,128329680321338,2420
2026-09-10T21:33:22Z,128448883585036,4060
2026-09-10T21:33:22Z,128451689942376,5899
2026-09-10T21:33:22Z,128662368175518,1605
2026-09-10T21:33:22Z,128718867767713,824
2026-09-10T21:33:22Z,128736949265057,13502
2026-09-10T21:33:22Z,128784467030899,8926
2026-09-10T21:33:22Z,128931272139211,1455
2026-09-10T21:33:22Z,129003441529549,1229
2026-09-10T21:33:22Z,129096378231329,5371
2026-09-10T21:33:22Z,129163919591388,772
2026-09-10T21:33:22Z,129253568870286,3083
2026-09-10T21:33:22Z,129279692364812,4473
2026-09-10T21:33:22Z,129305872972839,1669
2026-09-10T21:33:22Z,129692563688057,899
2026-09-10T21:33:22Z,129768092435314,4022
2026-09-10T21:33:22Z,129784419746425,1278
2026-09-10T21:33:22Z,129827112113663,2942
2026-09-10T21:33:22Z,129827535941999,1189
2026-09-10T21:33:22Z,129839966867899,819
2026-09-10T21:33:22Z,129907317028750,1726
2026-09-10T21:33:22Z,129932912185311,2212
2026-09-10T21:33:22Z,129938700249638,829
2026-09-10T21:33:22Z,129972079094718,3549
2026-09-10T21:33:22Z,130222697019939,1433
2026-09-10T21:33:22Z,130253630950453,784
2026-09-10T21:33:22Z,130404059693601,3911
2026-09-10T21:33:22Z,130496219537579,605
2026-09-10T21:33:22Z,130522875331172,646
2026-09-10T21:33:22Z,130565641176498,561
2026-09-10T21:33:22Z,130641102725850,6177
2026-09-10T21:33:22Z,130700367963690,1311
2026-09-10T21:33:22Z,130739873848552,4488
2026-09-10T21:33:22Z,130880054413998,589
2026-09-10T21:33:22Z,130929507719087,1099
2026-09-10T21:33:22Z,130960021905304,653
2026-09-10T21:33:22Z,130960835358983,2669
2026-09-10T21:33:22Z,131068932321596,1209
2026-09-10T21:33:22Z,131103239963274,1166
2026-09-10T21:33:22Z,131117978948830,3503
2026-09-10T21:33:22Z,131234167969699,708
2026-09-10T21:33:22Z,131346454575416,9131
2026-09-10T21:33:22Z,131367064230486,826
2026-09-10T21:33:22Z,131378148336503,1341
2026-09-10T21:33:22Z,131479356121251,7481
2026-09-10T21:33:22Z,131572543049913,1390
2026-09-10T21:33:22Z,131623223084840,3179
2026-09-10T21:33:22Z,131906518201863,1042
2026-09-10T21:33:22Z,131910189515331,1483
2026-09-10T21:33:22Z,132016691802922,947
2026-09-10T21:33:22Z,132046904416072,877
2026-09-10T21:33:22Z,132173349090360,5695
2026-09-10T21:33:22Z,132239307080610,547
2026-09-10T21:33:22Z,132287558697665,1026
2026-09-10T21:33:22Z,132352755769957,5798
2026-09-10T21:33:22Z,132499927511859,1265
2026-09-10T21:33:22Z,132586479415502,2139
2026-09-10T21:33:22Z,132640332499066,531
2026-09-10T21:33:22Z,132678066262863,598
2026-09-10T21:33:22Z,132768098780837,2284
2026-09-10T21:33:22Z,133007106457547,823
2026-09-10T21:33:22Z,133188236593503,3523
2026-09-10T21:33:22Z,133203197541113,3059
2026-09-10T21:33:22Z,133253166104607,524
2026-09-10T21:33:22Z,133294838637122,12526
2026-09-10T21:33:22Z,133341016381877,2519
2026-09-10T21:33:22Z,133379826754141,574
2026-09-10T21:33:22Z,133585162751824,6961
2026-09-10T21:33:22Z,133719960214587,1045
2026-09-10T21:33:22Z,133872233697203,553
2026-09-10T21:33:22Z,133943904733338,1586
2026-09-10T21:33:22Z,133968315607063,2034
2026-09-10T21:33:22Z,134162299584012,3540
2026-09-10T21:33:22Z,134208374070897,8873
2026-09-10T21:33:22Z,134361906638337,2840
2026-09-10T21:33:22Z,134363641369914,1965
2026-09-10T21:33:22Z,134381727982611,4686
2026-09-10T21:33:22Z,134424372433341,1403
2026-09-10T21:33:22Z,134558434771720,721
2026-09-10T21:33:22Z,134619004688066,1865
2026-09-10T21:33:22Z,134707983960541,1965
2026-09-10T21:33:22Z,134719268825886,5670
2026-09-10T21:33:22Z,134750290201751,730
2026-09-10T21:33:22Z,134750648450964,657
2026-09-10T21:33:22Z,134807373415131,1649
2026-09-10T21:33:22Z,135000370479961,788
2026-09-10T21:33:22Z,135038773889079,544
2026-09-10T21:33:22Z,135155039067698,3159
2026-09-10T21:33:22Z,135193469413243,5623
2026-09-10T21:33:22Z,135678396831347,633
2026-09-10T21:33:22Z,135717153770519,3802
2026-09-10T21:33:22Z,135729108619936,593
2026-09-10T21:33:22Z,135757618941587,750
2026-09-10T21:33:22Z,135856908115931,72037
2026-09-10T21:33:22Z,136020512003847,15783
2026-09-10T21:33:22Z,136107936984073,1236
2026-09-10T21:33:22Z,136162036182779,1321
2026-09-10T21:33:22Z,136372246050123,798
2026-09-10T21:33:22Z,136404558442020,1320
2026-09-10T21:33:22Z,136431686349723,545
2026-09-10T21:33:22Z,136533956395153,2026
2026-09-10T21:33:22Z,136764190843219,1188
2026-09-10T21:33:22Z,136801880565837,1677
2026-09-10T21:33:22Z,136822524519115,772
2026-09-10T21:33:22Z,136990058242546,959
2026-09-10T21:33:22Z,137069154816703,574
2026-09-10T21:33:22Z,137228775845999,10949
2026-09-10T21:33:22Z,137233438285284,5717
2026-09-10T21:33:22Z,137287903930382,750
2026-09-10T21:33:22Z,137370015275609,1185
2026-09-10T21:33:22Z,137533474840546,602
2026-09-10T21:33:22Z,137541498231955,2081
2026-09-10T21:33:22Z,137826330724902,3916
2026-09-10T21:33:22Z,137925884276740,4779
2026-09-10T21:33:22Z,138057930391823,507
2026-09-10T21:33:22Z,138182400257397,817
2026-09-10T21:33:22Z,138205182571367,2827
2026-09-10T21:33:22Z,138225905240404,620
2026-09-10T21:33:22Z,138363592957250,5412
2026-09-10T21:33:22Z,138381251771774,1248
2026-09-10T21:33:22Z,138432670504218,2118
2026-09-10T21:33:22Z,138486812747835,2392
2026-09-10T21:33:22Z,138837502355157,1233
2026-09-10T21:33:22Z,139063887391814,1769
2026-09-10T21:33:22Z,139360679647453,1508
2026-09-10T21:33:22Z,139488437793833,1227
2026-09-10T21:33:22Z,139489585993138,516
2026-09-10T21:33:22Z,139506321380888,2143
2026-09-10T21:33:22Z,139546619723000,1533
2026-09-10T21:33:22Z,139589080661680,700
2026-09-10T21:33:22Z,139598620873181,685
2026-09-10T21:33:22Z,139617346573330,679
2026-09-10T21:33:22Z,139766023909499,1226
2026-09-10T21:33:22Z,139874182509202,662
2026-09-10T21:33:22Z,139988436996662,952
2026-09-10T21:33:22Z,139995416758538,1476
2026-09-10T21:33:22Z,140033502516293,578
2026-09-10T21:33:22Z,140063367098641,880
2026-09-10T21:33:22Z,140302982046391,1691
2026-09-10T21:33:22Z,140317247681516,940
2026-09-10T21:33:22Z,140374914197602,2587
2026-09-10T21:33:22Z,140409475718339,1172
2026-09-10T21:33:22Z,140417239274110,1683
2026-09-10T21:33:22Z,140424985545402,1293
2026-09-10T21:33:22Z,140462309938712,1065
2026-09-10T21:33:22Z,140477643689375,575
2026-09-10T21:33:22Z,140481779622210,1375
2026-09-10T23:21:35Z,189707,9560
2026-09-10T23:21:35Z,192800,4603
2026-09-10T23:21:35Z,11970456,508
2026-09-10T23:21:35Z,13822889,1251
2026-09-10T23:21:35Z,20321167,3187
2026-09-10T23:21:35Z,21532277,2723
2026-09-10T23:21:35Z,31490825,933
2026-09-10T23:21:35Z,69184822,4650
2026-09-10T23:21:35Z,71315343,1379
2026-09-10T23:21:35Z,121748721,575
2026-09-10T23:21:35Z,137877687,530
2026-09-10T23:21:35Z,142823291,237810
2026-09-10T23:21:35Z,155382109,1162
2026-09-10T23:21:35Z,155615604,8089
2026-09-10T23:21:35Z,163501479,503
2026-09-10T23:21:35Z,166731267,1301
2026-09-10T23:21:35Z,166986752,4035
2026-09-10T23:21:35Z,174238106,658
2026-09-10T23:21:35Z,183364845,1111
2026-09-10T23:21:35Z,185655149,15328
2026-09-10T23:21:35Z,205224386,1894
2026-09-10T23:21:35Z,221718525,786
2026-09-10T23:21:35Z,263761432,1206
2026-09-10T23:21:35Z,277751860,2155
2026-09-10T23:21:35Z,286090429,3085
2026-09-10T23:21:35Z,292439477,2075
2026-09-10T23:21:35Z,292628125,1210
2026-09-10T23:21:35Z,301549746,679
2026-09-10T23:21:35Z,328028363,808
2026-09-10T23:21:35Z,334730614,550
2026-09-10T23:21:35Z,335760407,782
2026-09-10T23:21:35Z,373513488,967
2026-09-10T23:21:35Z,443406476,903
2026-09-10T23:21:35Z,537413528,11471
2026-09-10T23:21:35Z,574407221,644
2026-09-10T23:21:35Z,606849621,6556
2026-09-10T23:21:35Z,654732683,2354
2026-09-10T23:21:35Z,735030788,6239
2026-09-10T23:21:35Z,738339342,514
2026-09-10T23:21:35Z,815405518,2644
2026-09-10T23:21:35Z,863266079,1040
2026-09-10T23:21:35Z,891539556,682
2026-09-10T23:21:35Z,891852901,6100
2026-09-10T23:21:35Z,893973440,42461
2026-09-10T23:21:35Z,920587237,121235
2026-09-10T23:21:35Z,1128650291,1047
2026-09-10T23:21:35Z,1185902301,560
2026-09-10T23:21:35Z,1324061305,768
2026-09-10T23:21:35Z,1343871267,1618
2026-09-10T23:21:35Z,1365404657,3997
2026-09-10T23:21:35Z,1458767429,6069
2026-09-10T23:21:35Z,1523801080,611
2026-09-10T23:21:35Z,1537690962,18863
2026-09-10T23:21:35Z,1554960397,1986
2026-09-10T23:21:35Z,1588965415,1425
2026-09-10T23:21:35Z,1730877806,19055
2026-09-10T23:21:35Z,1962086868,12780
2026-09-10T23:21:35Z,2166944189,986
2026-09-10T23:21:35Z,2317712696,959
2026-09-10T23:21:35Z,2338325648,7008
2026-09-10T23:21:35Z,2376885433,681
2026-09-10T23:21:35Z,2418863943,5083
2026-09-10T23:21:35Z,2474168535,932
2026-09-10T23:21:35Z,2512643572,2596
2026-09-10T23:21:35Z,2534724415,6182
2026-09-10T23:21:35Z,2537430692,825
2026-09-10T23:21:35Z,2551991523,3149
2026-09-10T23:21:35Z,2569453732,1326
2026-09-10T23:21:35Z,2693023319,1975
2026-09-10T23:21:35Z,2727067538,1296
2026-09-10T23:21:35Z,2753915549,342765
2026-09-10T23:21:35Z,2768379856,5696
2026-09-10T23:21:35Z,2772610559,1893
2026-09-10T23:21:35Z,2778230703,785
2026-09-10T23:21:35Z,2788229376,1947
2026-09-10T23:21:35Z,2809202155,1260
2026-09-10T23:21:35Z,2913303231,1299
2026-09-10T23:21:35Z,2916899287,3602
2026-09-10T23:21:35Z,2968914904,1406
2026-09-10T23:21:35Z,3016661674,603
2026-09-10T23:21:35Z,3025990139,687
2026-09-10T23:21:35Z,3117860193,527
2026-09-10T23:21:35Z,3214114884,715
2026-09-10T23:21:35Z,3226555017,729
2026-09-10T23:21:35Z,3242417672,2143
2026-09-10T23:21:35Z,3255508650,510
2026-09-10T23:21:35Z,3260590327,8576
2026-09-10T23:21:35Z,3261957210,852
2026-09-10T23:21:35Z,3339374541,666
2026-09-10T23:21:35Z,3351674303,29779
2026-09-10T23:21:35Z,3398014311,1150
2026-09-10T23:21:35Z,3457390032,1301
2026-09-10T23:21:35Z,3475397644,6657
2026-09-10T23:21:35Z,3618661625,522
2026-09-10T23:21:35Z,3623096087,10403
2026-09-10T23:21:35Z,3631820248,2946
2026-09-10T23:21:35Z,3663340706,7637
2026-09-10T23:21:35Z,3678761576,3257
2026-09-10T23:21:35Z,3823781113,1867
2026-09-10T23:21:35Z,3837864717,747
2026-09-10T23:21:35Z,3851622790,2369
2026-09-10T23:21:35Z,3891618314,1315
2026-09-10T23:21:35Z,3956818381,590
2026-09-10T23:21:35Z,4104106043,1297
2026-09-10T23:21:35Z,4110892437,789
2026-09-10T23:21:35Z,4111023553,4497
2026-09-10T23:21:35Z,4195834406,517
2026-09-10T23:21:35Z,4282985734,1718
2026-09-10T23:21:35Z,4448566543,1630
2026-09-10T23:21:35Z,4480809144,1754
2026-09-10T23:21:35Z,4520749081,5163
2026-09-10T23:21:35Z,4522347649,888
2026-09-10T23:21:35Z,4566572536,1575
2026-09-10T23:21:35Z,4580204640,3477
2026-09-10T23:21:35Z,4588604953,1651
2026-09-10T23:21:35Z,4616652839,5362
2026-09-10T23:21:35Z,4623386862,6242
2026-09-10T23:21:35Z,4637668954,4778
2026-09-10T23:21:35Z,4639625707,5769
2026-09-10T23:21:35Z,4640354700,761
2026-09-10T23:21:35Z,4646477729,1113
2026-09-10T23:21:35Z,4796443083,1250
2026-09-10T23:21:35Z,4830581890,1016
2026-09-10T23:21:35Z,4832438542,1418
2026-09-10T23:21:35Z,4850533156,1474
2026-09-10T23:21:35Z,4850588087,3363
2026-09-10T23:21:35Z,4855457388,933
2026-09-10T23:21:35Z,4872321990,649
2026-09-10T23:21:35Z,4889315193,2714
2026-09-10T23:21:35Z,4898233867,810
2026-09-10T23:21:35Z,4924922222,389942
2026-09-10T23:21:35Z,4954096313,2150
2026-09-10T23:21:35Z,4967465336,567
2026-09-10T23:21:35Z,4972091010,593
2026-09-10T23:21:35Z,4972273297,2249
2026-09-10T23:21:35Z,4991214437,526
2026-09-10T23:21:35Z,4992570197,623
2026-09-10T23:21:35Z,4996049426,5839
2026-09-10T23:21:35Z,5041144419,1916
2026-09-10T23:21:35Z,5104202731,768
2026-09-10T23:21:35Z,5118969548,3016
2026-09-10T23:21:35Z,5130598377,858
2026-09-10T23:21:35Z,5152425034,1747
2026-09-10T23:21:35Z,5154858502,758
2026-09-10T23:21:35Z,5171093784,1487
2026-09-10T23:21:35Z,5171347293,1492
2026-09-10T23:21:35Z,5233782396,25891
2026-09-10T23:21:35Z,5244411056,2333
2026-09-10T23:21:35Z,5286116071,868
2026-09-10T23:21:35Z,5289509545,13807
2026-09-10T23:21:35Z,5342047554,580
2026-09-10T23:21:35Z,5343994291,706
2026-09-10T23:21:35Z,5391778736,675
2026-09-10T23:21:35Z,5407396567,683
2026-09-10T23:21:35Z,5571328985,2257
2026-09-10T23:21:35Z,5593925613,2613
2026-09-10T23:21:35Z,5670218884,2836
2026-09-10T23:21:35Z,5671985295,2603
2026-09-10T23:21:35Z,5683833663,1037
2026-09-10T23:21:35Z,5702593762,1960
2026-09-10T23:21:35Z,5708035517,619
2026-09-10T23:21:35Z,5712833750,2703
2026-09-10T23:21:35Z,5720801512,554
2026-09-10T23:21:35Z,5777099015,1810
2026-09-10T23:21:35Z,5829141886,985
2026-09-10T23:21:35Z,5846386835,840
2026-09-10T23:21:35Z,5856880701,1389
2026-09-10T23:21:35Z,5865858426,1568
2026-09-10T23:21:35Z,5901440255,1437
2026-09-10T23:21:35Z,5926001758,1593
2026-09-10T23:21:35Z,5956785391,533
2026-09-10T23:21:35Z,5984006660,1470
2026-09-10T23:21:35Z,5985232436,3273
2026-09-10T23:21:35Z,6020247720,1571
2026-09-10T23:21:35Z,6066404016,529
2026-09-10T23:21:35Z,6104994594,1732
2026-09-10T23:21:35Z,6128441278,749
2026-09-10T23:21:35Z,6132958612,682
2026-09-10T23:21:35Z,6137321701,777
2026-09-10T23:21:35Z,6153766069,1911
2026-09-10T23:21:35Z,6161235818,2249
2026-09-10T23:21:35Z,6205205961,7563
2026-09-10T23:21:35Z,6218169544,622
2026-09-10T23:21:35Z,6222531507,530
2026-09-10T23:21:35Z,6243699076,1842
2026-09-10T23:21:35Z,6250795236,545
2026-09-10T23:21:35Z,6263431107,2443
2026-09-10T23:21:35Z,6270290407,1606
2026-09-10T23:21:35Z,6284583030,571
2026-09-10T23:21:35Z,6299805723,1392
2026-09-10T23:21:35Z,6305582775,758
2026-09-10T23:21:35Z,6349094071,764
2026-09-10T23:21:35Z,6358567974,8086
2026-09-10T23:21:35Z,6366329104,2490
2026-09-10T23:21:35Z,6377740507,2096
2026-09-10T23:21:35Z,6382584061,2778
2026-09-10T23:21:35Z,6403373529,8734
2026-09-10T23:21:35Z,6445435958,874
2026-09-10T23:21:35Z,6447798030,2685
2026-09-10T23:21:35Z,6507422231,4676
2026-09-10T23:21:35Z,6516141723,43623
2026-09-10T23:21:35Z,6520999642,2008
2026-09-10T23:21:35Z,6608498361,755
2026-09-10T23:21:35Z,6610021055,659
2026-09-10T23:21:35Z,6686932749,995
2026-09-10T23:21:35Z,6698800091,2917
2026-09-10T23:21:35Z,6717367660,760
2026-09-10T23:21:35Z,6727915552,844
2026-09-10T23:21:35Z,6735572261,607
2026-09-10T23:21:35Z,6737970321,2597
2026-09-10T23:21:35Z,6766156863,619
2026-09-10T23:21:35Z,6804602922,2650
2026-09-10T23:21:35Z,6816975827,2878
2026-09-10T23:21:35Z,6847090259,526
2026-09-10T23:21:35Z,6872265039,27674
2026-09-10T23:21:35Z,6875747014,2397
2026-09-10T23:21:35Z,6884319169,3279
2026-09-10T23:21:35Z,6888253864,556
2026-09-10T23:21:35Z,6911148748,1129
2026-09-10T23:21:35Z,6915976310,1499
2026-09-10T23:21:35Z,6918802270,1762
2026-09-10T23:21:35Z,6924758805,1367
2026-09-10T23:21:35Z,6934310111,2524
2026-09-10T23:21:35Z,6939111033,1657
2026-09-10T23:21:35Z,6961824067,22592
2026-09-10T23:21:35Z,6989310863,4726
2026-09-10T23:21:35Z,7041939546,66151
2026-09-10T23:21:35Z,7071444234,944
2026-09-10T23:21:35Z,7074772062,1696
2026-09-10T23:21:35Z,7117492592,2920
2026-09-10T23:21:35Z,7138009149,1401
2026-09-10T23:21:35Z,7171174521,14129
2026-09-10T23:21:35Z,7180042682,2261
2026-09-10T23:21:35Z,7205641391,589
2026-09-10T23:21:35Z,7241858214,2802
2026-09-10T23:21:35Z,7243409883,4025
2026-09-10T23:21:35Z,7253149844,601
2026-09-10T23:21:35Z,7275702385,502
2026-09-10T23:21:35Z,7305309231,5549
2026-09-10T23:21:35Z,7336302630,2232
2026-09-10T23:21:35Z,7367863399,1344
2026-09-10T23:21:35Z,7491927311,951
2026-09-10T23:21:35Z,7506230120,534
2026-09-10T23:21:35Z,7554888362,17295
2026-09-10T23:21:35Z,7577961216,3108
2026-09-10T23:21:35Z,7605357829,2567
2026-09-10T23:21:35Z,7606564092,588
2026-09-10T23:21:35Z,7670825572,2964
2026-09-10T23:21:35Z,7711635737,3477
2026-09-10T23:21:35Z,7772810845,1920
2026-09-10T23:21:35Z,7774892351,558
2026-09-10T23:21:35Z,7784286514,824
2026-09-10T23:21:35Z,7871169780,1098
2026-09-10T23:21:35Z,7896264844,2030
2026-09-10T23:21:35Z,7971857341,5664
2026-09-10T23:21:35Z,7991339063,6213
2026-09-10T23:21:35Z,8003084678,1325
2026-09-10T23:21:35Z,8034026074,1971
2026-09-10T23:21:35Z,8075399143,2261
2026-09-10T23:21:35Z,8096601114,1020
2026-09-10T23:21:35Z,8109476632,728
2026-09-10T23:21:35Z,8122612051,784
2026-09-10T23:21:35Z,8204899140,1635
2026-09-10T23:21:35Z,8246874626,2056
2026-09-10T23:21:35Z,8260276694,1924
2026-09-10T23:21:35Z,8317834514,4457
2026-09-10T23:21:35Z,8328351891,1604
2026-09-10T23:21:35Z,8369888266,3861
2026-09-10T23:21:35Z,8388259310,1242
2026-09-10T23:21:35Z,8412352352,612
2026-09-10T23:21:35Z,8416249767,1123
2026-09-10T23:21:35Z,8440392280,586
2026-09-10T23:21:35Z,8481844229,40580
2026-09-10T23:21:35Z,8534845015,889
2026-09-10T23:21:35Z,8540168650,776
2026-09-10T23:21:35Z,8542259458,1346
2026-09-10T23:21:35Z,8554378337,590
2026-09-10T23:21:35Z,8562822414,1128
2026-09-10T23:21:35Z,8571687919,1068
2026-09-10T23:21:35Z,8617370639,1894
2026-09-10T23:21:35Z,8657766101,862
2026-09-10T23:21:35Z,8665470667,598
2026-09-10T23:21:35Z,8668536168,770
2026-09-10T23:21:35Z,8704997000,4988
2026-09-10T23:21:35Z,8712817601,10863
2026-09-10T23:21:35Z,8737602449,2742
2026-09-10T23:21:35Z,8737899170,60644
2026-09-10T23:21:35Z,8831256282,701
2026-09-10T23:21:35Z,8838701772,1132
2026-09-10T23:21:35Z,8867129986,610
2026-09-10T23:21:35Z,8884433153,2939
2026-09-10T23:21:35Z,8908228901,879
2026-09-10T23:21:35Z,9049840490,3083
2026-09-10T23:21:35Z,9058310544,880
2026-09-10T23:21:35Z,9096881148,4281
2026-09-10T23:21:35Z,9099326192,1135
2026-09-10T23:21:35Z,9120716669,1007
2026-09-10T23:21:35Z,9192423027,2442
2026-09-10T23:21:35Z,9224601490,2398
2026-09-10T23:21:35Z,9273658706,1232
2026-09-10T23:21:35Z,9281034297,626
2026-09-10T23:21:35Z,9346039031,836
2026-09-10T23:21:35Z,9372570969,843
2026-09-10T23:21:35Z,9391468976,158248
2026-09-10T23:21:35Z,9404223526,2059
2026-09-10T23:21:35Z,9414511685,1650
2026-09-10T23:21:35Z,9503261072,591
2026-09-10T23:21:35Z,9534337535,982
2026-09-10T23:21:35Z,9558986910,812
2026-09-10T23:21:35Z,9731376817,1417
2026-09-10T23:21:35Z,9772878203,654
2026-09-10T23:21:35Z,9791603388,2060
2026-09-10T23:21:35Z,9872472334,21580
2026-09-10T23:21:35Z,9879422661,571
2026-09-10T23:21:35Z,9922455303,1529
2026-09-10T23:21:35Z,10110568567,779
2026-09-10T23:21:35Z,10165583746,5809
2026-09-10T23:21:35Z,10179538382,2065
2026-09-10T23:21:35Z,10204250851,562
2026-09-10T23:21:35Z,10224049386,1442
2026-09-10T23:21:35Z,10253248401,3827
2026-09-10T23:21:35Z,10260193230,1854
2026-09-10T23:21:35Z,10272636261,879
2026-09-10T23:21:35Z,10277607801,826
2026-09-10T23:21:35Z,10449761463,47850
2026-09-10T23:21:35Z,10450270085,1136
2026-09-10T23:21:35Z,10561456271,851
2026-09-10T23:21:35Z,10576142169,1070
2026-09-10T23:21:35Z,10595058975,1517
2026-09-10T23:21:35Z,10660791703,1196
2026-09-10T23:21:35Z,10679239752,1450
2026-09-10T23:21:35Z,10696301650,866
2026-09-10T23:21:35Z,10704789056,671
2026-09-10T23:21:35Z,10726371567,1318
2026-09-10T23:21:35Z,10745043766,1329
2026-09-10T23:21:35Z,10834586502,3450
2026-09-10T23:21:35Z,10846691679,533
2026-09-10T23:21:35Z,10912405603,565
2026-09-10T23:21:35Z,10941514720,1459
2026-09-10T23:21:35Z,10959918411,1402
2026-09-10T23:21:35Z,11021288030,845
2026-09-10T23:21:35Z,11137575513,762
2026-09-10T23:21:35Z,11158043705,7925
2026-09-10T23:21:35Z,11232592166,1006
2026-09-10T23:21:35Z,11273483795,1726
2026-09-10T23:21:35Z,11276071411,1643
2026-09-10T23:21:35Z,11364087119,1053
2026-09-10T23:21:35Z,11379739543,14902
2026-09-10T23:21:35Z,11392373641,2537
2026-09-10T23:21:35Z,11451679682,653
2026-09-10T23:21:35Z,11474405411,946
2026-09-10T23:21:35Z,11653088948,1018
2026-09-10T23:21:35Z,11684369582,1179
2026-09-10T23:21:35Z,11694307960,615
2026-09-10T23:21:35Z,11727501024,2106
2026-09-10T23:21:35Z,11729688377,833
2026-09-10T23:21:35Z,11765402359,7150
2026-09-10T23:21:35Z,11782774748,2388
2026-09-10T23:21:35Z,11815767793,2333
2026-09-10T23:21:35Z,11848247239,871
2026-09-10T23:21:35Z,11862502039,1892
2026-09-10T23:21:35Z,11928087342,1106
2026-09-10T23:21:35Z,12018893069,643
2026-09-10T23:21:35Z,12076775711,933
2026-09-10T23:21:35Z,12077443856,1415
2026-09-10T23:21:35Z,12090482034,872
2026-09-10T23:21:35Z,12177325772,14490
2026-09-10T23:21:35Z,12262046571,1744
2026-09-10T23:21:35Z,12334109280,5209
2026-09-10T23:21:35Z,12338455185,1668
2026-09-10T23:21:35Z,12355337193,8921
2026-09-10T23:21:35Z,12397515839,3346
2026-09-10T23:21:35Z,12398038681,819
2026-09-10T23:21:35Z,12407250267,1787
2026-09-10T23:21:35Z,12411473842,1116
2026-09-10T23:21:35Z,12495498157,1299
2026-09-10T23:21:35Z,12550651382,817
2026-09-10T23:21:35Z,12591551497,506
2026-09-10T23:21:35Z,12593620250,3691
2026-09-10T23:21:35Z,12640491155,1336
2026-09-10T23:21:35Z,12699642568,6708
2026-09-10T23:21:35Z,12716055617,604
2026-09-10T23:21:35Z,12828227139,1558
2026-09-10T23:21:35Z,12847474373,1461
2026-09-10T23:21:35Z,12912701243,954
2026-09-10T23:21:35Z,12912731475,1816
2026-09-10T23:21:35Z,12931609417,3029
2026-09-10T23:21:35Z,12981936705,928
2026-09-10T23:21:35Z,12985361032,7496
2026-09-10T23:21:35Z,12997619803,746
2026-09-10T23:21:35Z,13042495892,1556
2026-09-10T23:21:35Z,13076380114,7962
2026-09-10T23:21:35Z,13083893317,527
2026-09-10T23:21:35Z,13110267312,628
2026-09-10T23:21:35Z,13118814103,1397
2026-09-10T23:21:35Z,13127800756,1770
2026-09-10T23:21:35Z,13159565330,1847
2026-09-10T23:21:35Z,13166293021,2365
2026-09-10T23:21:35Z,13184713709,1744
2026-09-10T23:21:35Z,13189735542,1013
2026-09-10T23:21:35Z,13358463560,548
2026-09-10T23:21:35Z,13379208636,11911
2026-09-10T23:21:35Z,13416197699,2403
2026-09-10T23:21:35Z,13429790955,1903
2026-09-10T23:21:35Z,13438553315,541
2026-09-10T23:21:35Z,13448262796,527
2026-09-10T23:21:35Z,13473615074,2422
2026-09-10T23:21:35Z,13482468151,4347
2026-09-10T23:21:35Z,13587601484,1314
2026-09-10T23:21:35Z,13600218266,16065
2026-09-10T23:21:35Z,13621938427,6899
2026-09-10T23:21:35Z,13664698400,5652
2026-09-10T23:21:35Z,13687899540,5596
2026-09-10T23:21:35Z,13718567207,1516
2026-09-10T23:21:35Z,13772394625,13824
2026-09-10T23:21:35Z,13775256536,2598
2026-09-10T23:21:35Z,13794093709,554
2026-09-10T23:21:35Z,13796645198,1627
2026-09-10T23:21:35Z,13822562292,2861
2026-09-10T23:21:35Z,13827198708,528
2026-09-10T23:21:35Z,13864661000,1830
2026-09-10T23:21:35Z,13955927965,2017
2026-09-10T23:21:35Z,13967668166,35845
2026-09-10T23:21:35Z,13999660589,3644
2026-09-10T23:21:35Z,14004668761,585
2026-09-10T23:21:35Z,14026026722,538
2026-09-10T23:21:35Z,14038329225,1016
2026-09-10T23:21:35Z,14044547200,2336
2026-09-10T23:21:35Z,14110939227,572
2026-09-10T23:21:35Z,14161770735,897
2026-09-10T23:21:35Z,14184086618,1026
2026-09-10T23:21:35Z,14212732626,1861
2026-09-10T23:21:35Z,14236925335,3837
2026-09-10T23:21:35Z,14237585680,857
2026-09-10T23:21:35Z,14238596528,3449
2026-09-10T23:21:35Z,14259168147,3971
2026-09-10T23:21:35Z,14259358984,972
2026-09-10T23:21:35Z,14279693118,1475
2026-09-10T23:21:35Z,14298053780,548
2026-09-10T23:21:35Z,14301835518,3275
2026-09-10T23:21:35Z,14313259147,1352
2026-09-10T23:21:35Z,14315258385,38485
2026-09-10T23:21:35Z,14327288853,521
2026-09-10T23:21:35Z,14337656835,631
2026-09-10T23:21:35Z,14422394494,4067
2026-09-10T23:21:35Z,14437001043,1807
2026-09-10T23:21:35Z,14438406081,7940
2026-09-10T23:21:35Z,14451515684,1933
2026-09-10T23:21:35Z,14458936637,1463
2026-09-10T23:21:35Z,14475396559,916
2026-09-10T23:21:35Z,14475792710,599
2026-09-10T23:21:35Z,14518422161,727
2026-09-10T23:21:35Z,14564651437,2810
2026-09-10T23:21:35Z,14567590300,2469
2026-09-10T23:21:35Z,14569384529,931
2026-09-10T23:21:35Z,14581889272,561
2026-09-10T23:21:35Z,14608970270,14298
2026-09-10T23:21:35Z,14772802900,3124
2026-09-10T23:21:35Z,14776071100,735
2026-09-10T23:21:35Z,14787369036,1248
2026-09-10T23:21:35Z,14823220100,854
2026-09-10T23:21:35Z,14833592591,1262
2026-09-10T23:21:35Z,14835828495,1894
2026-09-10T23:21:35Z,14842128242,861
2026-09-10T23:21:35Z,14852797539,603
2026-09-10T23:21:35Z,14959543012,527
2026-09-10T23:21:35Z,15002061926,6363
2026-09-10T23:21:35Z,15027718878,881
2026-09-10T23:21:35Z,15077422637,601
2026-09-10T23:21:35Z,15092647980,785
2026-09-10T23:21:35Z,15101393044,66877
2026-09-10T23:21:35Z,15111895255,1166
2026-09-10T23:21:35Z,15113223607,797
2026-09-10T23:21:35Z,15135285305,1365
2026-09-10T23:21:35Z,15198166649,1807
2026-09-10T23:21:35Z,15213956324,528
2026-09-10T23:21:35Z,15240723287,4072
2026-09-10T23:21:35Z,15269951959,4026
2026-09-10T23:21:35Z,15270182488,1102
2026-09-10T23:21:35Z,15282120493,615
2026-09-10T23:21:35Z,15288629078,1522
2026-09-10T23:21:35Z,15318113891,9624
2026-09-10T23:21:35Z,15352028692,551
2026-09-10T23:21:35Z,15507022415,2360
2026-09-10T23:21:35Z,15509312676,557
2026-09-10T23:21:35Z,15532962292,39334
2026-09-10T23:21:35Z,15546218972,1331
2026-09-10T23:21:35Z,15550215902,3511
2026-09-10T23:21:35Z,15560168390,1896
2026-09-10T23:21:35Z,15598056478,2053
2026-09-10T23:21:35Z,15654981113,795
2026-09-10T23:21:35Z,15694891095,1477
2026-09-10T23:21:35Z,15696848933,2406
2026-09-10T23:21:35Z,15768329004,9018
2026-09-10T23:21:35Z,15781012611,626
2026-09-10T23:21:35Z,15784744207,1890
2026-09-10T23:21:35Z,15864327873,561
2026-09-10T23:21:35Z,15930174396,4554
2026-09-10T23:21:35Z,16039690331,1844
2026-09-10T23:21:35Z,16057679366,1054
2026-09-10T23:21:35Z,16115051360,1038
2026-09-10T23:21:35Z,16116270224,28422
2026-09-10T23:21:35Z,16141640360,1185
2026-09-10T23:21:35Z,16141898262,1231
2026-09-10T23:21:35Z,16146832113,18336
2026-09-10T23:21:35Z,16154918775,2405
2026-09-10T23:21:35Z,16159871483,530
2026-09-10T23:21:35Z,16272604134,2229
2026-09-10T23:21:35Z,16288616721,793
2026-09-10T23:21:35Z,16304978305,613
2026-09-10T23:21:35Z,16331682055,687
2026-09-10T23:21:35Z,16381982348,671
2026-09-10T23:21:35Z,16389395869,9402
2026-09-10T23:21:35Z,16446142514,1338
2026-09-10T23:21:35Z,16447934574,4808
2026-09-10T23:21:35Z,16454399300,783
2026-09-10T23:21:35Z,16480898254,2576
2026-09-10T23:21:35Z,16483433878,813
2026-09-10T23:21:35Z,16501421966,577
2026-09-10T23:21:35Z,16518256559,1298
2026-09-10T23:21:35Z,16625391970,7468
2026-09-10T23:21:35Z,16653555262,947
2026-09-10T23:21:35Z,16732694052,75995
2026-09-10T23:21:35Z,16867505761,2181
2026-09-10T23:21:35Z,16901389020,2195
2026-09-10T23:21:35Z,16907212609,1234
2026-09-10T23:21:35Z,16910059756,2888
2026-09-10T23:21:35Z,16962279458,2635
2026-09-10T23:21:35Z,16991287194,2758
2026-09-10T23:21:35Z,16993432698,643
2026-09-10T23:21:35Z,17012548142,1015
2026-09-10T23:21:35Z,17045823120,2927
2026-09-10T23:21:35Z,17050349106,668
2026-09-10T23:21:35Z,17070462969,907
2026-09-10T23:21:35Z,17121846721,1173
2026-09-10T23:21:35Z,17188326828,1089
2026-09-10T23:21:35Z,17192092512,2721
2026-09-10T23:21:35Z,17255098561,902
2026-09-10T23:21:35Z,17371491481,621
2026-09-10T23:21:35Z,17450551531,1434
2026-09-10T23:21:35Z,17457039279,525
2026-09-10T23:21:35Z,17457986005,1698
2026-09-10T23:21:35Z,17516596118,18262
2026-09-10T23:21:35Z,17556820024,2682
2026-09-10T23:21:35Z,17559596992,605
2026-09-10T23:21:35Z,17571821642,2448
2026-09-10T23:21:35Z,17577256698,780
2026-09-10T23:21:35Z,17581668152,1887
2026-09-10T23:21:35Z,17600423422,1330
2026-09-10T23:21:35Z,17625359962,164924
2026-09-10T23:21:35Z,17662297954,987
2026-09-10T23:21:35Z,17664585395,844
2026-09-10T23:21:35Z,17698425045,2261
2026-09-10T23:21:35Z,17720162456,1995
2026-09-10T23:21:35Z,17729873503,584
2026-09-10T23:21:35Z,17759606919,1053
2026-09-10T23:21:35Z,17844293708,1095
2026-09-10T23:21:35Z,17882166032,2691
2026-09-10T23:21:35Z,18102078939,1800
2026-09-10T23:21:35Z,18138682962,1072
2026-09-10T23:21:35Z,18152595062,734
2026-09-10T23:21:35Z,18153851914,639
2026-09-10T23:21:35Z,18156286285,1233
2026-09-10T23:21:35Z,18172550962,648
2026-09-10T23:21:35Z,18180736634,1993
2026-09-10T23:21:35Z,18183902003,1552
2026-09-10T23:21:35Z,18192562963,1392
2026-09-10T23:21:35Z,18199615050,4739
2026-09-10T23:21:35Z,18214855317,2862
2026-09-10T23:21:35Z,18218605381,2964
2026-09-10T23:21:35Z,18259975825,2090
2026-09-10T23:21:35Z,18260439047,1245
2026-09-10T23:21:35Z,18334179599,949
2026-09-10T23:21:35Z,18335956021,12176
2026-09-10T23:21:35Z,18341181766,906
2026-09-10T23:21:35Z,18376355901,1248
2026-09-10T23:21:35Z,18403789061,754
2026-09-10T23:21:35Z,18519254033,2357
2026-09-10T23:21:35Z,18545825758,611
2026-09-10T23:21:35Z,18645473062,1008
2026-09-10T23:21:35Z,18649596490,662
2026-09-10T23:21:35Z,18666738837,4579
2026-09-10T23:21:35Z,18668065416,17708
2026-09-10T23:21:35Z,18680867089,1306
2026-09-10T23:21:35Z,18687417158,64081
2026-09-10T23:21:35Z,18688598012,1062
2026-09-10T23:21:35Z,18700851435,2331
2026-09-10T23:21:35Z,18753889337,4662
2026-09-10T23:21:35Z,18799085098,3185
2026-09-10T23:21:35Z,18803315158,3983
2026-09-10T23:21:35Z,18816315817,1590
2026-09-10T23:21:35Z,18864551515,785
2026-09-10T23:21:35Z,18934709778,884
2026-09-10T23:21:35Z,18948446518,2760
2026-09-10T23:21:35Z,18959440414,1158
2026-09-10T23:21:35Z,18960834681,555
2026-09-10T23:21:35Z,18984776765,758
2026-09-10T23:21:35Z,70390793715007,1271
2026-09-10T23:21:35Z,70400654680508,2748
2026-09-10T23:21:35Z,70411440483149,17134
2026-09-10T23:21:35Z,70435795041539,5070
2026-09-10T23:21:35Z,70476134485723,528
2026-09-10T23:21:35Z,70587876731444,1984
2026-09-10T23:21:35Z,70640255604878,12798
2026-09-10T23:21:35Z,70805830291547,1310
2026-09-10T23:21:35Z,70904050766278,605
2026-09-10T23:21:35Z,70906625936847,5045
2026-09-10T23:21:35Z,70911358699250,2350
2026-09-10T23:21:35Z,70970763145070,948
2026-09-10T23:21:35Z,70990751935174,1749
2026-09-10T23:21:35Z,70994695337243,1097
2026-09-10T23:21:35Z,70998903613713,611
2026-09-10T23:21:35Z,71099982892966,787
2026-09-10T23:21:35Z,71132543521245,6757
2026-09-10T23:21:35Z,71143154217953,623
2026-09-10T23:21:35Z,71174733280934,1539
2026-09-10T23:21:35Z,71229216166991,555
2026-09-10T23:21:35Z,71394819414417,1469
2026-09-10T23:21:35Z,71457452830106,1460
2026-09-10T23:21:35Z,71480482338212,698
2026-09-10T23:21:35Z,71543463524754,594
2026-09-10T23:21:35Z,71599043035739,3668
2026-09-10T23:21:35Z,71600459831333,3097
2026-09-10T23:21:35Z,71633357192188,2727
2026-09-10T23:21:35Z,71647048889071,681
2026-09-10T23:21:35Z,71647256260480,3052
2026-09-10T23:21:35Z,71704434889758,1664
2026-09-10T23:21:35Z,71706515477118,947
2026-09-10T23:21:35Z,71774876641249,1331
2026-09-10T23:21:35Z,71849204829689,1317
2026-09-10T23:21:35Z,71852303862507,1439
2026-09-10T23:21:35Z,71890222711680,555
2026-09-10T23:21:35Z,71895508397153,3412
2026-09-10T23:21:35Z,72019577565540,1538
2026-09-10T23:21:35Z,72167803024670,1093
2026-09-10T23:21:35Z,72216345408467,4242
2026-09-10T23:21:35Z,72317248326994,1381
2026-09-10T23:21:35Z,72387437800091,6874
2026-09-10T23:21:35Z,72399795227216,556
2026-09-10T23:21:35Z,72450672234943,2819
2026-09-10T23:21:35Z,72604809857139,529
2026-09-10T23:21:35Z,72659788689464,678
2026-09-10T23:21:35Z,72712036210947,1149
2026-09-10T23:21:35Z,72763503064951,2059
2026-09-10T23:21:35Z,72845937010155,1325
2026-09-10T23:21:35Z,72920620366355,6334
2026-09-10T23:21:35Z,73097591386069,942
2026-09-10T23:21:35Z,73101851322368,1521
2026-09-10T23:21:35Z,73189007576537,2452
2026-09-10T23:21:35Z,73526576502092,864
2026-09-10T23:21:35Z,73578698401320,1487
2026-09-10T23:21:35Z,73613510857111,1935
2026-09-10T23:21:35Z,73621314943835,7874
2026-09-10T23:21:35Z,73684979946677,603
2026-09-10T23:21:35Z,73768006371986,2524
2026-09-10T23:21:35Z,73871058651498,1013
2026-09-10T23:21:35Z,73897506680154,6002
2026-09-10T23:21:35Z,73904017172892,2428
2026-09-10T23:21:35Z,73908022013371,2398
2026-09-10T23:21:35Z,73954336239895,1029
2026-09-10T23:21:35Z,73956553001240,34089
2026-09-10T23:21:35Z,74102906764176,12618
2026-09-10T23:21:35Z,74188431054457,15039
2026-09-10T23:21:35Z,74193805629461,1425
2026-09-10T23:21:35Z,74256669508761,2311
2026-09-10T23:21:35Z,74260430392611,5216
2026-09-10T23:21:35Z,74341114342499,8375
2026-09-10T23:21:35Z,74395953411817,13218
2026-09-10T23:21:35Z,74511210941284,1746
2026-09-10T23:21:35Z,74542317333958,1627
2026-09-10T23:21:35Z,74716719697996,3899
2026-09-10T23:21:35Z,74729868188364,5232
2026-09-10T23:21:35Z,74889851913797,3558
2026-09-10T23:21:35Z,74994442538508,730
2026-09-10T23:21:35Z,74996816424339,577
2026-09-10T23:21:35Z,75178747054941,733
2026-09-10T23:21:35Z,75317862071711,3555
2026-09-10T23:21:35Z,75366259315586,579
2026-09-10T23:21:35Z,75387700043737,17669
2026-09-10T23:21:35Z,75467339082089,722
2026-09-10T23:21:35Z,75541741887441,1119
2026-09-10T23:21:35Z,75547400568620,4092
2026-09-10T23:21:35Z,75568173037446,3245
2026-09-10T23:21:35Z,75626443136851,602
2026-09-10T23:21:35Z,75646865566926,866
2026-09-10T23:21:35Z,75663528075786,2156
2026-09-10T23:21:35Z,75753413268977,1043
2026-09-10T23:21:35Z,75839707976715,1737
2026-09-10T23:21:35Z,75888315541325,500
2026-09-10T23:21:35Z,76137189788863,1676
2026-09-10T23:21:35Z,76153324611685,5819
2026-09-10T23:21:35Z,76285745979410,3607
2026-09-10T23:21:35Z,76377501906469,4668
2026-09-10T23:21:35Z,76427445314955,875
2026-09-10T23:21:35Z,76427490154192,1293
2026-09-10T23:21:35Z,76503495566299,9138
2026-09-10T23:21:35Z,76526090659517,1774
2026-09-10T23:21:35Z,76558904092080,1468
2026-09-10T23:21:35Z,76649853848102,693
2026-09-10T23:21:35Z,76737571462455,1298
2026-09-10T23:21:35Z,76812848652979,1530
2026-09-10T23:21:35Z,76838459031868,10587
2026-09-10T23:21:35Z,76842920359834,516
2026-09-10T23:21:35Z,76911729991355,3247
2026-09-10T23:21:35Z,77108422251420,47467
2026-09-10T23:21:35Z,77187847593796,692
2026-09-10T23:21:35Z,77301670644441,508
2026-09-10T23:21:35Z,77649408247578,26145
2026-09-10T23:21:35Z,77747658251236,1655
2026-09-10T23:21:35Z,77843161404023,7233
2026-09-10T23:21:35Z,78028206594931,1228
2026-09-10T23:21:35Z,78131609782350,1085
2026-09-10T23:21:35Z,78177131121429,2459
2026-09-10T23:21:35Z,78471443847948,1096
2026-09-10T23:21:35Z,78496323189083,851
2026-09-10T23:21:35Z,78515283254292,85116
2026-09-10T23:21:35Z,78699621133325,659
2026-09-10T23:21:35Z,78724109436030,708
2026-09-10T23:21:35Z,78724900430513,1331
2026-09-10T23:21:35Z,78839079957645,1500
2026-09-10T23:21:35Z,79267089300389,3427
2026-09-10T23:21:35Z,79268393072444,8303
2026-09-10T23:21:35Z,79315121100812,1646
2026-09-10T23:21:35Z,79454007962937,1329
2026-09-10T23:21:35Z,79480724066456,13542
2026-09-10T23:21:35Z,79546208627805,116777
2026-09-10T23:21:35Z,79790479326946,613
2026-09-10T23:21:35Z,79797693256658,552
2026-09-10T23:21:35Z,79860632214114,542
2026-09-10T23:21:35Z,79886695267825,1169
2026-09-10T23:21:35Z,79966250354565,7850
2026-09-10T23:21:35Z,80000420704526,2599
2026-09-10T23:21:35Z,80031826041492,1281
2026-09-10T23:21:35Z,80111254680893,728
2026-09-10T23:21:35Z,80167904212435,873
2026-09-10T23:21:35Z,80200604311136,1572
2026-09-10T23:21:35Z,80234914611737,909
2026-09-10T23:21:35Z,80279663815725,1111
2026-09-10T23:21:35Z,80342862330041,639
2026-09-10T23:21:35Z,80607040330429,1358
2026-09-10T23:21:35Z,80610578881227,749
2026-09-10T23:21:35Z,80734098185936,2580
2026-09-10T23:21:35Z,80861715191104,854
2026-09-10T23:21:35Z,80898524797320,1588
2026-09-10T23:21:35Z,81040587037979,2294
2026-09-10T23:21:35Z,81223687051453,1826
2026-09-10T23:21:35Z,81239378558719,1288
2026-09-10T23:21:35Z,81703830622949,1415
2026-09-10T23:21:35Z,82013336390273,727
2026-09-10T23:21:35Z,82075856475941,1446
2026-09-10T23:21:35Z,82084053899394,715
2026-09-10T23:21:35Z,82329146189989,1672
2026-09-10T23:21:35Z,82453659777192,627
2026-09-10T23:21:35Z,82457571485380,6650
2026-09-10T23:21:35Z,82539019711975,2055
2026-09-10T23:21:35Z,82554996468034,1034
2026-09-10T23:21:35Z,82570142697239,1903
2026-09-10T23:21:35Z,82682887450460,635
2026-09-10T23:21:35Z,82712304391069,4292
2026-09-10T23:21:35Z,82745432464897,600
2026-09-10T23:21:35Z,82797688803922,4278
2026-09-10T23:21:35Z,82866880824588,3081
2026-09-10T23:21:35Z,82898983236792,695
2026-09-10T23:21:35Z,82904798643396,825
2026-09-10T23:21:35Z,82983707799188,3682
2026-09-10T23:21:35Z,83038462357724,7352
2026-09-10T23:21:35Z,83211034158887,534
2026-09-10T23:21:35Z,83238501165241,555
2026-09-10T23:21:35Z,83264774625004,2580
2026-09-10T23:21:35Z,83325975879599,1623
2026-09-10T23:21:35Z,83388257263676,3345
2026-09-10T23:21:35Z,83569851223739,2156
2026-09-10T23:21:35Z,83622406313819,1487
2026-09-10T23:21:35Z,83948716312312,1541
2026-09-10T23:21:35Z,84156601481934,1535
2026-09-10T23:21:35Z,84256892855657,1207
2026-09-10T23:21:35Z,84332574190497,1909
2026-09-10T23:21:35Z,84449017742177,4648
2026-09-10T23:21:35Z,84515722934860,34031
2026-09-10T23:21:35Z,84525826229916,2671
2026-09-10T23:21:35Z,84526099099491,865
2026-09-10T23:21:35Z,84556640895285,11121
2026-09-10T23:21:35Z,84568117169118,1483
2026-09-10T23:21:35Z,84692574040798,898
2026-09-10T23:21:35Z,84717457860674,508
2026-09-10T23:21:35Z,84956402848349,815
2026-09-10T23:21:35Z,85011874799856,1543
2026-09-10T23:21:35Z,85048226835181,1402
2026-09-10T23:21:35Z,85056532479796,1483
2026-09-10T23:21:35Z,85070202669030,806
2026-09-10T23:21:35Z,85245205758607,1986
2026-09-10T23:21:35Z,85387381843881,1530
2026-09-10T23:21:35Z,85896571713843,2308
2026-09-10T23:21:35Z,85967844112283,13295
2026-09-10T23:21:35Z,86017989016432,948
2026-09-10T23:21:35Z,86022723355936,1165
2026-09-10T23:21:35Z,86089763581353,877
2026-09-10T23:21:35Z,86164638330564,746
2026-09-10T23:21:35Z,86178279217218,646
2026-09-10T23:21:35Z,86247128610772,6766
2026-09-10T23:21:35Z,86259628805375,3702
2026-09-10T23:21:35Z,86368783421928,3002
2026-09-10T23:21:35Z,86374876468143,3205
2026-09-10T23:21:35Z,86479448397834,6968
2026-09-10T23:21:35Z,86524001536792,1501
2026-09-10T23:21:35Z,86635275427451,645
2026-09-10T23:21:35Z,86754403332185,1333
2026-09-10T23:21:35Z,86757987326668,611
2026-09-10T23:21:35Z,86943068337855,6445
2026-09-10T23:21:35Z,87018676608089,816
2026-09-10T23:21:35Z,87046419551816,3794
2026-09-10T23:21:35Z,87214116277191,1186
2026-09-10T23:21:35Z,87311102000285,1195
2026-09-10T23:21:35Z,87468080405188,3344
2026-09-10T23:21:35Z,87555052900625,674
2026-09-10T23:21:35Z,88033955914813,1669
2026-09-10T23:21:35Z,88207898227053,714
2026-09-10T23:21:35Z,88323040672117,2722
2026-09-10T23:21:35Z,88412811497379,1735
2026-09-10T23:21:35Z,88480125732253,607
2026-09-10T23:21:35Z,88728793053496,726
2026-09-10T23:21:35Z,88773823105878,4060
2026-09-10T23:21:35Z,88887739603194,1243
2026-09-10T23:21:35Z,88932739628526,818
2026-09-10T23:21:35Z,88933961678687,1026
2026-09-10T23:21:35Z,88951201927122,668
2026-09-10T23:21:35Z,89035794510548,2811
2026-09-10T23:21:35Z,89054386877361,541
2026-09-10T23:21:35Z,89100823864844,1547
2026-09-10T23:21:35Z,89180039807836,732
2026-09-10T23:21:35Z,89469502395769,18856
2026-09-10T23:21:35Z,89490838554710,2729
2026-09-10T23:21:35Z,89561601601392,607
2026-09-10T23:21:35Z,89704645856683,2061
2026-09-10T23:21:35Z,89788834648171,1185
2026-09-10T23:21:35Z,89851325271396,545
2026-09-10T23:21:35Z,90038414385014,1254
2026-09-10T23:21:35Z,90053646552411,534
2026-09-10T23:21:35Z,90086669327265,8990
2026-09-10T23:21:35Z,90148635862803,7940
2026-09-10T23:21:35Z,90184287580174,2514
2026-09-10T23:21:35Z,90452499792903,542
2026-09-10T23:21:35Z,90462358603255,608
2026-09-10T23:21:35Z,90568084448279,17845
2026-09-10T23:21:35Z,90704250333473,1448
2026-09-10T23:21:35Z,90740816183375,4999
2026-09-10T23:21:35Z,90784570995507,2020
2026-09-10T23:21:35Z,90803345996188,627
2026-09-10T23:21:35Z,90906407195271,2832
2026-09-10T23:21:35Z,90913221847091,1992
2026-09-10T23:21:35Z,91203203156283,1521
2026-09-10T23:21:35Z,91296119701853,632
2026-09-10T23:21:35Z,91440994157417,750
2026-09-10T23:21:35Z,91514145260129,777
2026-09-10T23:21:35Z,91695551099066,1429
2026-09-10T23:21:35Z,91704854174760,3593
2026-09-10T23:21:35Z,91746497060666,4169
2026-09-10T23:21:35Z,91931360732020,772
2026-09-10T23:21:35Z,92044060392057,639
2026-09-10T23:21:35Z,92122513197996,4665
2026-09-10T23:21:35Z,92141204718989,749
2026-09-10T23:21:35Z,92171645661524,1844
2026-09-10T23:21:35Z,92415748858497,1246
2026-09-10T23:21:35Z,92416421522960,562
2026-09-10T23:21:35Z,92422478989816,827
2026-09-10T23:21:35Z,92432535588391,562
2026-09-10T23:21:35Z,92637789841354,52152
2026-09-10T23:21:35Z,92700582787930,823
2026-09-10T23:21:35Z,92942575852492,1014
2026-09-10T23:21:35Z,93010292807756,654
2026-09-10T23:21:35Z,93028168925975,2864
2026-09-10T23:21:35Z,93074271797128,600
2026-09-10T23:21:35Z,93091759101123,4759
2026-09-10T23:21:35Z,93233198656969,660
2026-09-10T23:21:35Z,93265851514769,1271
2026-09-10T23:21:35Z,93563420945975,639
2026-09-10T23:21:35Z,93787311916283,699
2026-09-10T23:21:35Z,93829858358973,1541
2026-09-10T23:21:35Z,93978595733734,24669
2026-09-10T23:21:35Z,94217045453265,8268
2026-09-10T23:21:35Z,94495283121683,2416
2026-09-10T23:21:35Z,94503612388426,655
2026-09-10T23:21:35Z,94539932414164,1318
2026-09-10T23:21:35Z,94590879393563,1104
2026-09-10T23:21:35Z,94640181989498,11765
2026-09-10T23:21:35Z,94647229517154,13392
2026-09-10T23:21:35Z,94702395375549,550
2026-09-10T23:21:35Z,94717504417144,719
2026-09-10T23:21:35Z,94845773826960,677
2026-09-10T23:21:35Z,94860588848140,1583
2026-09-10T23:21:35Z,94987506187454,1139
2026-09-10T23:21:35Z,95082159892680,103235
2026-09-10T23:21:35Z,95094140550911,936
2026-09-10T23:21:35Z,95094324354820,1740
2026-09-10T23:21:35Z,95099570361956,1339
2026-09-10T23:21:35Z,95223801959482,768
2026-09-10T23:21:35Z,95319535505764,1038
2026-09-10T23:21:35Z,95417153338993,5877
2026-09-10T23:21:35Z,95721658376580,1139
2026-09-10T23:21:35Z,95929919723230,534
2026-09-10T23:21:35Z,96153864779911,1157
2026-09-10T23:21:35Z,96168869671905,4055
2026-09-10T23:21:35Z,96280251181127,2189
2026-09-10T23:21:35Z,96401370703274,792
2026-09-10T23:21:35Z,96425088123775,1371
2026-09-10T23:21:35Z,96447215899741,4707
2026-09-10T23:21:35Z,96462622512177,1132
2026-09-10T23:21:35Z,96510596525082,5261
2026-09-10T23:21:35Z,96574878340154,643
2026-09-10T23:21:35Z,96645548064314,18667
2026-09-10T23:21:35Z,96775630583143,2047
2026-09-10T23:21:35Z,96796259580891,1603
2026-09-10T23:21:35Z,97042065873644,1284
2026-09-10T23:21:35Z,97090732168175,4292
2026-09-10T23:21:35Z,97253290114878,526
2026-09-10T23:21:35Z,97387256206808,621
2026-09-10T23:21:35Z,97438379434717,1327
2026-09-10T23:21:35Z,97463774278378,835
2026-09-10T23:21:35Z,97598239454123,6437
2026-09-10T23:21:35Z,97607545197126,1779
2026-09-10T23:21:35Z,97630670804505,743
2026-09-10T23:21:35Z,97824450589417,14024
2026-09-10T23:21:35Z,98067481349941,760
2026-09-10T23:21:35Z,98138235237704,1204
2026-09-10T23:21:35Z,98303142742576,988
2026-09-10T23:21:35Z,98393605725180,3724
2026-09-10T23:21:35Z,98502499119821,3600
2026-09-10T23:21:35Z,98626216952426,706
2026-09-10T23:21:35Z,98629859043211,1635
2026-09-10T23:21:35Z,98664161516921,3721
2026-09-10T23:21:35Z,98679602313466,1792
2026-09-10T23:21:35Z,98695134949589,508
2026-09-10T23:21:35Z,98800969324557,17613
2026-09-10T23:21:35Z,98894876188248,9847
2026-09-10T23:21:35Z,98916904742148,1826
2026-09-10T23:21:35Z,98936097545088,3796
2026-09-10T23:21:35Z,98951612738714,598
2026-09-10T23:21:35Z,99065555424640,641
2026-09-10T23:21:35Z,99108783264633,4367
2026-09-10T23:21:35Z,99122501338948,2115
2026-09-10T23:21:35Z,99255447043899,1024
2026-09-10T23:21:35Z,99269206016797,1561
2026-09-10T23:21:35Z,99342262733194,743
2026-09-10T23:21:35Z,99449877692519,2524
2026-09-10T23:21:35Z,99487541293863,5385
2026-09-10T23:21:35Z,99521272836282,2360
2026-09-10T23:21:35Z,99567941238278,14809
2026-09-10T23:21:35Z,99702578544768,1080
2026-09-10T23:21:35Z,99703116573266,975
2026-09-10T23:21:35Z,99715891575923,1106
2026-09-10T23:21:35Z,99758842280353,1651
2026-09-10T23:21:35Z,99817148924004,1878
2026-09-10T23:21:35Z,100034344773758,970
2026-09-10T23:21:35Z,100039707794702,1305
2026-09-10T23:21:35Z,100178831086674,2416
2026-09-10T23:21:35Z,100221279566736,791
2026-09-10T23:21:35Z,100293509865504,6170
2026-09-10T23:21:35Z,100400297022629,701
2026-09-10T23:21:35Z,100429474155186,5899
2026-09-10T23:21:35Z,100453351939863,1983
2026-09-10T23:21:35Z,100722736774753,836
2026-09-10T23:21:35Z,100744519298647,1028
2026-09-10T23:21:35Z,100860415498291,616
2026-09-10T23:21:35Z,100911362514791,2309
2026-09-10T23:21:35Z,101009821472804,4257
2026-09-10T23:21:35Z,101272402522756,1011
2026-09-10T23:21:35Z,101396571928321,1975
2026-09-10T23:21:35Z,101432174163538,1208
2026-09-10T23:21:35Z,101480963912212,6063
2026-09-10T23:21:35Z,101533162298733,864
2026-09-10T23:21:35Z,101610294550592,1870
2026-09-10T23:21:35Z,101685456774656,1693
2026-09-10T23:21:35Z,101733180974837,1115
2026-09-10T23:21:35Z,101770480176177,8115
2026-09-10T23:21:35Z,101906032112547,4864
2026-09-10T23:21:35Z,101914772188620,4548
2026-09-10T23:21:35Z,101949297449238,759
2026-09-10T23:21:35Z,102054284786904,2028
2026-09-10T23:21:35Z,102071609564196,1075
2026-09-10T23:21:35Z,102072869879193,16893
2026-09-10T23:21:35Z,102457672839885,1687
2026-09-10T23:21:35Z,102489700929678,6507
2026-09-10T23:21:35Z,102553576537621,1410
2026-09-10T23:21:35Z,102612844247090,697
2026-09-10T23:21:35Z,102837194624695,2932
2026-09-10T23:21:35Z,102871156420149,1301
2026-09-10T23:21:35Z,102917792916356,1352
2026-09-10T23:21:35Z,103037106396302,14183
2026-09-10T23:21:35Z,103050497819513,1565
2026-09-10T23:21:35Z,103185879508967,549
2026-09-10T23:21:35Z,103285721487694,2935
2026-09-10T23:21:35Z,103311003648859,616
2026-09-10T23:21:35Z,103556382323599,1297
2026-09-10T23:21:35Z,103589142326933,1163
2026-09-10T23:21:35Z,103593441753340,1087
2026-09-10T23:21:35Z,103731330407395,542
2026-09-10T23:21:35Z,103740390007820,1236
2026-09-10T23:21:35Z,103754275310547,1685
2026-09-10T23:21:35Z,103802803330866,1278
2026-09-10T23:21:35Z,103854444055060,622
2026-09-10T23:21:35Z,103883942725157,5382
2026-09-10T23:21:35Z,104339804279870,1186
2026-09-10T23:21:35Z,104485012391716,1701
2026-09-10T23:21:35Z,104589921852670,1596
2026-09-10T23:21:35Z,104693964860826,2984
2026-09-10T23:21:35Z,104715542330896,19360
2026-09-10T23:21:35Z,104716788636258,1126
2026-09-10T23:21:35Z,104761395312874,4053
2026-09-10T23:21:35Z,104808235862933,8281
2026-09-10T23:21:35Z,104809044319701,6563
2026-09-10T23:21:35Z,104812936457083,588
2026-09-10T23:21:35Z,104841616983113,2144
2026-09-10T23:21:35Z,104890260413773,1408
2026-09-10T23:21:35Z,104973076655377,3685
2026-09-10T23:21:35Z,105265986112006,612
2026-09-10T23:21:35Z,105350566569864,509
2026-09-10T23:21:35Z,105373497661352,962
2026-09-10T23:21:35Z,105452889569708,4099
2026-09-10T23:21:35Z,105555311806207,2188
2026-09-10T23:21:35Z,105633123928294,1678
2026-09-10T23:21:35Z,105724836892064,3470
2026-09-10T23:21:35Z,105742951729183,931
2026-09-10T23:21:35Z,105767799784652,717
2026-09-10T23:21:35Z,105954652742326,1072
2026-09-10T23:21:35Z,106078822951099,971
2026-09-10T23:21:35Z,106131416903029,887
2026-09-10T23:21:35Z,106187832607756,1342
2026-09-10T23:21:35Z,106383201135975,6732
2026-09-10T23:21:35Z,106484206883664,8048
2026-09-10T23:21:35Z,106487781999308,1091
2026-09-10T23:21:35Z,106683702021527,3541
2026-09-10T23:21:35Z,106802314735486,2506
2026-09-10T23:21:35Z,106832050389015,691
2026-09-10T23:21:35Z,106838580527183,4972
2026-09-10T23:21:35Z,106920577206536,1910
2026-09-10T23:21:35Z,107095834793267,652
2026-09-10T23:21:35Z,107377364123237,1591
2026-09-10T23:21:35Z,107430889830807,4276
2026-09-10T23:21:35Z,107467295209358,5228
2026-09-10T23:21:35Z,107645101488133,740
2026-09-10T23:21:35Z,107653945083776,8183
2026-09-10T23:21:35Z,107717448640907,708
2026-09-10T23:21:35Z,107727386530697,603
2026-09-10T23:21:35Z,107734853434823,522
2026-09-10T23:21:35Z,107750563478039,1276
2026-09-10T23:21:35Z,107778070777162,1329279
2026-09-10T23:21:35Z,107792622719098,1584
2026-09-10T23:21:35Z,107828406309109,1028
2026-09-10T23:21:35Z,107833198839573,1877
2026-09-10T23:21:35Z,107894105055312,6474
2026-09-10T23:21:35Z,108227239615000,772
2026-09-10T23:21:35Z,108307565942574,3472
2026-09-10T23:21:35Z,108410750455933,642
2026-09-10T23:21:35Z,108439047160668,1042
2026-09-10T23:21:35Z,108533757090220,3731
2026-09-10T23:21:35Z,108567435288296,13310
2026-09-10T23:21:35Z,108645230905176,2221
2026-09-10T23:21:35Z,108730407897379,3789
2026-09-10T23:21:35Z,108767400143329,711
2026-09-10T23:21:35Z,108843562394237,1156
2026-09-10T23:21:35Z,109069998531261,833
2026-09-10T23:21:35Z,109129552698918,1051
2026-09-10T23:21:35Z,109170650911069,832
2026-09-10T23:21:35Z,109258067111533,3722
2026-09-10T23:21:35Z,109397169461300,4359
2026-09-10T23:21:35Z,109509029034984,3201
2026-09-10T23:21:35Z,109629391874197,891
2026-09-10T23:21:35Z,109686116036889,984
2026-09-10T23:21:35Z,109694820409483,2882
2026-09-10T23:21:35Z,109715918987082,841
2026-09-10T23:21:35Z,109800545950624,565
2026-09-10T23:21:35Z,109881277752094,1937
2026-09-10T23:21:35Z,109983668079237,78017
2026-09-10T23:21:35Z,110175021189594,5988
2026-09-10T23:21:35Z,110283655701247,776
2026-09-10T23:21:35Z,110334393584385,504
2026-09-10T23:21:35Z,110470672231288,750
2026-09-10T23:21:35Z,110570058234582,927
2026-09-10T23:21:35Z,110584310129887,679
2026-09-10T23:21:35Z,110627433764494,1978
2026-09-10T23:21:35Z,110668201954727,2347
2026-09-10T23:21:35Z,110677803091411,635
2026-09-10T23:21:35Z,110793563946846,906
2026-09-10T23:21:35Z,110806816173057,1631
2026-09-10T23:21:35Z,110808833601416,669
2026-09-10T23:21:35Z,110829983956014,5798
2026-09-10T23:21:35Z,110954432401277,2063
2026-09-10T23:21:35Z,111063058742520,4105
2026-09-10T23:21:35Z,111262527555232,4768
2026-09-10T23:21:35Z,111363135577981,1097
2026-09-10T23:21:35Z,111403197324514,1799
2026-09-10T23:21:35Z,111442376436641,1601
2026-09-10T23:21:35Z,111471464387284,531
2026-09-10T23:21:35Z,111779414681728,767
2026-09-10T23:21:35Z,111835260646713,2544
2026-09-10T23:21:35Z,111894976456494,2206
2026-09-10T23:21:35Z,111989938562194,1829
2026-09-10T23:21:35Z,112114621008524,874
2026-09-10T23:21:35Z,112171352246014,1446
2026-09-10T23:21:35Z,112226578490421,1679
2026-09-10T23:21:35Z,112233638491976,2608
2026-09-10T23:21:35Z,112413741511713,1740
2026-09-10T23:21:35Z,112531085636442,1965
2026-09-10T23:21:35Z,112619156837009,2416
2026-09-10T23:21:35Z,112626674737178,2253
2026-09-10T23:21:35Z,112641748896693,2040
2026-09-10T23:21:35Z,112731528776884,5969
2026-09-10T23:21:35Z,112778631702542,5974
2026-09-10T23:21:35Z,112781315318195,7143
2026-09-10T23:21:35Z,112796336189704,1930
2026-09-10T23:21:35Z,112816993332059,853
2026-09-10T23:21:35Z,112838150455902,3908
2026-09-10T23:21:35Z,112851296174239,571
2026-09-10T23:21:35Z,112857282410969,1735
2026-09-10T23:21:35Z,112966546347918,2776
2026-09-10T23:21:35Z,113099333239841,4434
2026-09-10T23:21:35Z,113232329524315,3982
2026-09-10T23:21:35Z,113290951185459,21496
2026-09-10T23:21:35Z,113323927469374,3302
2026-09-10T23:21:35Z,113385048266134,1095
2026-09-10T23:21:35Z,113385977463481,3034
2026-09-10T23:21:35Z,113392430358155,1280
2026-09-10T23:21:35Z,113457460682474,2098
2026-09-10T23:21:35Z,113481077323469,23468
2026-09-10T23:21:35Z,113506071094099,9667
2026-09-10T23:21:35Z,113581963143008,1127
2026-09-10T23:21:35Z,113604074601559,609
2026-09-10T23:21:35Z,113745337705295,2063
2026-09-10T23:21:35Z,113987393426315,3008
2026-09-10T23:21:35Z,114122724051462,3039
2026-09-10T23:21:35Z,114204398207377,4456
2026-09-10T23:21:35Z,114234929420007,3847
2026-09-10T23:21:35Z,114283239905753,633
2026-09-10T23:21:35Z,114357963370524,1461
2026-09-10T23:21:35Z,114381378262504,3500
2026-09-10T23:21:35Z,114501358617756,2580
2026-09-10T23:21:35Z,114537828794341,611
2026-09-10T23:21:35Z,114549747848211,589
2026-09-10T23:21:35Z,114640202062357,599
2026-09-10T23:21:35Z,114697347887839,35003
2026-09-10T23:21:35Z,114786176505608,522
2026-09-10T23:21:35Z,114861592677288,3426
2026-09-10T23:21:35Z,115035699922620,2043
2026-09-10T23:21:35Z,115052402364088,501
2026-09-10T23:21:35Z,115092911061119,1836
2026-09-10T23:21:35Z,115224559183176,569
2026-09-10T23:21:35Z,115286378269814,507
2026-09-10T23:21:35Z,115618367729321,1871
2026-09-10T23:21:35Z,115620466946909,764
2026-09-10T23:21:35Z,115681808123944,5171
2026-09-10T23:21:35Z,116058355775210,1161
2026-09-10T23:21:35Z,116070952245255,6826
2026-09-10T23:21:35Z,116113866980358,554
2026-09-10T23:21:35Z,116495829188952,13249
2026-09-10T23:21:35Z,116497287371701,10528
2026-09-10T23:21:35Z,116501341774429,1193
2026-09-10T23:21:35Z,117381420723145,538
2026-09-10T23:21:35Z,117533937949084,5439
2026-09-10T23:21:35Z,117539213094671,1622
2026-09-10T23:21:35Z,117713779364528,8514
2026-09-10T23:21:35Z,117752943664280,1756
2026-09-10T23:21:35Z,117868278782684,2451
2026-09-10T23:21:35Z,118055952211055,745
2026-09-10T23:21:35Z,118198615964701,668
2026-09-10T23:21:35Z,118367369949006,3204
2026-09-10T23:21:35Z,118418618261207,24254
2026-09-10T23:21:35Z,118447215156914,1535
2026-09-10T23:21:35Z,118546475246005,551
2026-09-10T23:21:35Z,118576822282213,2705
2026-09-10T23:21:35Z,118608618152057,1755
2026-09-10T23:21:35Z,118806061296143,1050
2026-09-10T23:21:35Z,118889111240517,1393
2026-09-10T23:21:35Z,118891884735667,512
2026-09-10T23:21:35Z,118952094447715,591
2026-09-10T23:21:35Z,118973301158777,3870
2026-09-10T23:21:35Z,119004860768199,4025
2026-09-10T23:21:35Z,119031147890918,1437
2026-09-10T23:21:35Z,119048529960596,7149
2026-09-10T23:21:35Z,119068914321553,5646
2026-09-10T23:21:35Z,119168493101362,9109
2026-09-10T23:21:35Z,119209026892378,607
2026-09-10T23:21:35Z,119271610514030,1462
2026-09-10T23:21:35Z,119355263204054,2367
2026-09-10T23:21:35Z,119427438574114,1358
2026-09-10T23:21:35Z,119455737640001,1767
2026-09-10T23:21:35Z,119473104067789,955
2026-09-10T23:21:35Z,119579217517090,2621
2026-09-10T23:21:35Z,119609933650338,705
2026-09-10T23:21:35Z,119741101026672,555
2026-09-10T23:21:35Z,119789365111500,4328
2026-09-10T23:21:35Z,119822977170203,2957
2026-09-10T23:21:35Z,119910584000876,1864
2026-09-10T23:21:35Z,119987266683883,552
2026-09-10T23:21:35Z,120014184236770,617
2026-09-10T23:21:35Z,120135584963579,2716
2026-09-10T23:21:35Z,120140631282295,749
2026-09-10T23:21:35Z,120154566897536,665
2026-09-10T23:21:35Z,120189115846709,1624
2026-09-10T23:21:35Z,120217704230083,1466
2026-09-10T23:21:35Z,120299070926116,1293
2026-09-10T23:21:35Z,120398694613042,825
2026-09-10T23:21:35Z,120450743769548,540
2026-09-10T23:21:35Z,120546894379169,995
2026-09-10T23:21:35Z,120550559221143,526
2026-09-10T23:21:35Z,120700541929930,12365
2026-09-10T23:21:35Z,120704669141193,1721
2026-09-10T23:21:35Z,120766736586332,582
2026-09-10T23:21:35Z,120790217521707,1363
2026-09-10T23:21:35Z,120841752776030,1792
2026-09-10T23:21:35Z,120851538706364,11383
2026-09-10T23:21:35Z,120944686522212,779
2026-09-10T23:21:35Z,121268060261990,2987
2026-09-10T23:21:35Z,121461214257813,1294
2026-09-10T23:21:35Z,121781732399469,3301
2026-09-10T23:21:35Z,121864768012064,90086
2026-09-10T23:21:35Z,121903154323395,1033
2026-09-10T23:21:35Z,122093998639862,988
2026-09-10T23:21:35Z,122216176958450,5323
2026-09-10T23:21:35Z,122245938604556,22472
2026-09-10T23:21:35Z,122283068696619,579
2026-09-10T23:21:35Z,122433454504469,636
2026-09-10T23:21:35Z,122446657157717,5999
2026-09-10T23:21:35Z,122454884469606,698
2026-09-10T23:21:35Z,122485613019196,12429
2026-09-10T23:21:35Z,122507029092776,7839
2026-09-10T23:21:35Z,122553263569744,2170
2026-09-10T23:21:35Z,122572082932179,12318
2026-09-10T23:21:35Z,122606989565107,2897
2026-09-10T23:21:35Z,122720857080780,1257
2026-09-10T23:21:35Z,122951224417794,2535
2026-09-10T23:21:35Z,123258797415953,689
2026-09-10T23:21:35Z,123468479998097,787
2026-09-10T23:21:35Z,123577181610172,912
2026-09-10T23:21:35Z,123581964009368,810
2026-09-10T23:21:35Z,123662243100680,514
2026-09-10T23:21:35Z,123698673940079,5543
2026-09-10T23:21:35Z,123724279728430,10061
2026-09-10T23:21:35Z,123847390309161,8661
2026-09-10T23:21:35Z,123921593837160,3608
2026-09-10T23:21:35Z,124027312895188,1344
2026-09-10T23:21:35Z,124157596473184,547
2026-09-10T23:21:35Z,124293095895786,8862
2026-09-10T23:21:35Z,124338404742585,3345
2026-09-10T23:21:35Z,124374448373637,506
2026-09-10T23:21:35Z,124389216346675,1906
2026-09-10T23:21:35Z,124396690804338,886
2026-09-10T23:21:35Z,124473577469410,721
2026-09-10T23:21:35Z,124675142564227,2582
2026-09-10T23:21:35Z,124729731716967,3032
2026-09-10T23:21:35Z,124740268654741,1170
2026-09-10T23:21:35Z,124757309017950,526
2026-09-10T23:21:35Z,124761153798409,8789
2026-09-10T23:21:35Z,124842176624983,541
2026-09-10T23:21:35Z,124848984306038,559
2026-09-10T23:21:35Z,124853293317687,552
2026-09-10T23:21:35Z,124943244212764,581
2026-09-10T23:21:35Z,125039473548047,8589
2026-09-10T23:21:35Z,125088003721533,519
2026-09-10T23:21:35Z,125299131646017,948
2026-09-10T23:21:35Z,125306084071551,4735
2026-09-10T23:21:35Z,125410772032969,1202
2026-09-10T23:21:35Z,125488740127641,2853
2026-09-10T23:21:35Z,125496078313264,3046
2026-09-10T23:21:35Z,125503525638054,3620
2026-09-10T23:21:35Z,125790795579287,653
2026-09-10T23:21:35Z,125810438250765,1067
2026-09-10T23:21:35Z,125823964467491,585
2026-09-10T23:21:35Z,125927821145949,3979
2026-09-10T23:21:35Z,126016859830524,6838
2026-09-10T23:21:35Z,126171938168748,859
2026-09-10T23:21:35Z,126330684723008,507
2026-09-10T23:21:35Z,126639935515772,672
2026-09-10T23:21:35Z,126815230666914,3998
2026-09-10T23:21:35Z,126857641130765,1214
2026-09-10T23:21:35Z,126870639873289,32085
2026-09-10T23:21:35Z,126884695634066,18744
2026-09-10T23:21:35Z,126922689754590,1022
2026-09-10T23:21:35Z,126987974021910,35960
2026-09-10T23:21:35Z,127078880769763,2620
2026-09-10T23:21:35Z,127089247654125,2374
2026-09-10T23:21:35Z,127099886596040,1502
2026-09-10T23:21:35Z,127103413498148,2175
2026-09-10T23:21:35Z,127152805777886,1102
2026-09-10T23:21:35Z,127332613700317,1620
2026-09-10T23:21:35Z,127377897541228,1599
2026-09-10T23:21:35Z,127380660530951,4839
2026-09-10T23:21:35Z,127403135954624,6890
2026-09-10T23:21:35Z,127415661078736,753
2026-09-10T23:21:35Z,127475054933484,1052
2026-09-10T23:21:35Z,127606305348556,1554
2026-09-10T23:21:35Z,127608230264974,2764
2026-09-10T23:21:35Z,127634932179327,2174
2026-09-10T23:21:35Z,127737908858963,2079
2026-09-10T23:21:35Z,127742093697776,1956
2026-09-10T23:21:35Z,127775478639865,3234
2026-09-10T23:21:35Z,127994242634536,41969
2026-09-10T23:21:35Z,128039018996175,2378
2026-09-10T23:21:35Z,128119795963270,6853
2026-09-10T23:21:35Z,128263975853774,5381
2026-09-10T23:21:35Z,128329680321338,2052
2026-09-10T23:21:35Z,128448883585036,4088
2026-09-10T23:21:35Z,128451689942376,5803
2026-09-10T23:21:35Z,128637868413472,538
2026-09-10T23:21:35Z,128662368175518,1627
2026-09-10T23:21:35Z,128718867767713,1054
2026-09-10T23:21:35Z,128736949265057,13313
2026-09-10T23:21:35Z,128784467030899,9772
2026-09-10T23:21:35Z,128793328541327,555
2026-09-10T23:21:35Z,128931272139211,1253
2026-09-10T23:21:35Z,129003441529549,1338
2026-09-10T23:21:35Z,129096378231329,5465
2026-09-10T23:21:35Z,129163919591388,794
2026-09-10T23:21:35Z,129253568870286,3519
2026-09-10T23:21:35Z,129279692364812,4416
2026-09-10T23:21:35Z,129305872972839,1906
2026-09-10T23:21:35Z,129692563688057,925
2026-09-10T23:21:35Z,129768092435314,3810
2026-09-10T23:21:35Z,129784419746425,1353
2026-09-10T23:21:35Z,129827112113663,3017
2026-09-10T23:21:35Z,129827535941999,1234
2026-09-10T23:21:35Z,129839966867899,914
2026-09-10T23:21:35Z,129907317028750,1964
2026-09-10T23:21:35Z,129932912185311,1977
2026-09-10T23:21:35Z,129938700249638,927
2026-09-10T23:21:35Z,129972079094718,3814
2026-09-10T23:21:35Z,130222697019939,1608
2026-09-10T23:21:35Z,130253630950453,787
2026-09-10T23:21:35Z,130404059693601,4314
2026-09-10T23:21:35Z,130496219537579,769
2026-09-10T23:21:35Z,130522875331172,731
2026-09-10T23:21:35Z,130565641176498,811
2026-09-10T23:21:35Z,130641102725850,5120
2026-09-10T23:21:35Z,130700367963690,1569
2026-09-10T23:21:35Z,130739873848552,4944
2026-09-10T23:21:35Z,130880054413998,947
2026-09-10T23:21:35Z,130929507719087,1044
2026-09-10T23:21:35Z,130960021905304,679
2026-09-10T23:21:35Z,130960835358983,2737
2026-09-10T23:21:35Z,131068932321596,1376
2026-09-10T23:21:35Z,131103239963274,1219
2026-09-10T23:21:35Z,131117978948830,3757
2026-09-10T23:21:35Z,131234167969699,686
2026-09-10T23:21:35Z,131320856116838,557
2026-09-10T23:21:35Z,131346454575416,8460
2026-09-10T23:21:35Z,131367064230486,784
2026-09-10T23:21:35Z,131378148336503,5301
2026-09-10T23:21:35Z,131479356121251,8082
2026-09-10T23:21:35Z,131572543049913,1444
2026-09-10T23:21:35Z,131623223084840,2788
2026-09-10T23:21:35Z,131667667758514,829
2026-09-10T23:21:35Z,131856811555630,1256
2026-09-10T23:21:35Z,131906518201863,890
2026-09-10T23:21:35Z,131910189515331,1454
2026-09-10T23:21:35Z,132016691802922,943
2026-09-10T23:21:35Z,132046904416072,897
2026-09-10T23:21:35Z,132173349090360,7449
2026-09-10T23:21:35Z,132239307080610,506
2026-09-10T23:21:35Z,132287558697665,1196
2026-09-10T23:21:35Z,132352755769957,6424
2026-09-10T23:21:35Z,132448451193552,524
2026-09-10T23:21:35Z,132499927511859,1472
2026-09-10T23:21:35Z,132586479415502,2354
2026-09-10T23:21:35Z,132640332499066,547
2026-09-10T23:21:35Z,132678066262863,711
2026-09-10T23:21:35Z,132768098780837,2516
2026-09-10T23:21:35Z,133007106457547,841
2026-09-10T23:21:35Z,133188236593503,3600
2026-09-10T23:21:35Z,133203197541113,2964
2026-09-10T23:21:35Z,133253166104607,544
2026-09-10T23:21:35Z,133294838637122,11651
2026-09-10T23:21:35Z,133341016381877,2430
2026-09-10T23:21:35Z,133379826754141,699
2026-09-10T23:21:35Z,133579701570149,537
2026-09-10T23:21:35Z,133585162751824,5970
2026-09-10T23:21:35Z,133609054222738,588
2026-09-10T23:21:35Z,133719960214587,1197
2026-09-10T23:21:35Z,133872233697203,576
2026-09-10T23:21:35Z,133943904733338,1138
2026-09-10T23:21:35Z,133968315607063,2290
2026-09-10T23:21:35Z,134162299584012,3266
2026-09-10T23:21:35Z,134208374070897,9919
2026-09-10T23:21:35Z,134361906638337,2927
2026-09-10T23:21:35Z,134363641369914,2707
2026-09-10T23:21:35Z,134381727982611,4755
2026-09-10T23:21:35Z,134424372433341,1521
2026-09-10T23:21:35Z,134558434771720,784
2026-09-10T23:21:35Z,134619004688066,2076
2026-09-10T23:21:35Z,134707983960541,2230
2026-09-10T23:21:35Z,134719268825886,5430
2026-09-10T23:21:35Z,134750290201751,666
2026-09-10T23:21:35Z,134750648450964,635
2026-09-10T23:21:35Z,134807373415131,1655
2026-09-10T23:21:35Z,135000370479961,1042
2026-09-10T23:21:35Z,135038773889079,573
2026-09-10T23:21:35Z,135155039067698,2914
2026-09-10T23:21:35Z,135193469413243,5810
2026-09-10T23:21:35Z,135392317269737,685
2026-09-10T23:21:35Z,135678396831347,835
2026-09-10T23:21:35Z,135717153770519,4005
2026-09-10T23:21:35Z,135729108619936,544
2026-09-10T23:21:35Z,135757618941587,846
2026-09-10T23:21:35Z,135791512163616,535
2026-09-10T23:21:35Z,135849823614481,509
2026-09-10T23:21:35Z,135856908115931,80037
2026-09-10T23:21:35Z,136020512003847,13317
2026-09-10T23:21:35Z,136107936984073,1136
2026-09-10T23:21:35Z,136162036182779,913
2026-09-10T23:21:35Z,136372246050123,571
2026-09-10T23:21:35Z,136404558442020,1730
2026-09-10T23:21:35Z,136431686349723,514
2026-09-10T23:21:35Z,136533956395153,1957
2026-09-10T23:21:35Z,136764190843219,1502
2026-09-10T23:21:35Z,136801880565837,2000
2026-09-10T23:21:35Z,136822524519115,874
2026-09-10T23:21:35Z,136919941417380,504
2026-09-10T23:21:35Z,136990058242546,962
2026-09-10T23:21:35Z,137069154816703,611
2026-09-10T23:21:35Z,137228775845999,9660
2026-09-10T23:21:35Z,137233438285284,4996
2026-09-10T23:21:35Z,137287903930382,1055
2026-09-10T23:21:35Z,137370015275609,1152
2026-09-10T23:21:35Z,137533474840546,733
2026-09-10T23:21:35Z,137541498231955,2193
2026-09-10T23:21:35Z,137826330724902,3453
2026-09-10T23:21:35Z,137849500783095,660
2026-09-10T23:21:35Z,137925884276740,4846
2026-09-10T23:21:35Z,138057930391823,585
2026-09-10T23:21:35Z,138182400257397,817
2026-09-10T23:21:35Z,138205182571367,3932
2026-09-10T23:21:35Z,138225905240404,686
2026-09-10T23:21:35Z,138363592957250,5800
2026-09-10T23:21:35Z,138381251771774,1359
2026-09-10T23:21:35Z,138432670504218,2491
2026-09-10T23:21:35Z,138486812747835,1993
2026-09-10T23:21:35Z,138837502355157,1395
2026-09-10T23:21:35Z,139063887391814,1568
2026-09-10T23:21:35Z,139360679647453,1691
2026-09-10T23:21:35Z,139488437793833,1190
2026-09-10T23:21:35Z,139489585993138,564
2026-09-10T23:21:35Z,139506321380888,2399
2026-09-10T23:21:35Z,139546619723000,1421
2026-09-10T23:21:35Z,139598620873181,754
2026-09-10T23:21:35Z,139617346573330,703
2026-09-10T23:21:35Z,139766023909499,1313
2026-09-10T23:21:35Z,139874182509202,553
2026-09-10T23:21:35Z,139988436996662,1352
2026-09-10T23:21:35Z,139995416758538,1710
2026-09-10T23:21:35Z,140033502516293,658
2026-09-10T23:21:35Z,140063367098641,894
2026-09-10T23:21:35Z,140302982046391,1607
2026-09-10T23:21:35Z,140317247681516,950
2026-09-10T23:21:35Z,140374914197602,2744
2026-09-10T23:21:35Z,140409475718339,1176
2026-09-10T23:21:35Z,140417239274110,1634
2026-09-10T23:21:35Z,140424985545402,1207
2026-09-10T23:21:35Z,140462309938712,1267
2026-09-10T23:21:35Z,140477643689375,631
2026-09-10T23:21:35Z,140481779622210,1941
2026-09-11T01:22:17Z,189707,11407
2026-09-11T01:22:17Z,192800,4632
2026-09-11T01:22:17Z,13822889,1273
2026-09-11T01:22:17Z,20321167,2991
2026-09-11T01:22:17Z,21532277,2719
2026-09-11T01:22:17Z,31490825,1002
2026-09-11T01:22:17Z,69184822,4493
2026-09-11T01:22:17Z,71315343,1424
2026-09-11T01:22:17Z,121748721,575
2026-09-11T01:22:17Z,137877687,552
2026-09-11T01:22:17Z,142823291,241075
2026-09-11T01:22:17Z,155382109,1203
2026-09-11T01:22:17Z,155615604,9575
2026-09-11T01:22:17Z,166731267,1087
2026-09-11T01:22:17Z,166986752,3948
2026-09-11T01:22:17Z,174238106,698
2026-09-11T01:22:17Z,183364845,1045
2026-09-11T01:22:17Z,185655149,15070
2026-09-11T01:22:17Z,205224386,1707
2026-09-11T01:22:17Z,221718525,723
2026-09-11T01:22:17Z,263761432,1403
2026-09-11T01:22:17Z,277751860,2342
2026-09-11T01:22:17Z,286090429,3786
2026-09-11T01:22:17Z,292439477,2258
2026-09-11T01:22:17Z,292628125,1424
2026-09-11T01:22:17Z,301549746,623
2026-09-11T01:22:17Z,328028363,924
2026-09-11T01:22:17Z,334730614,718
2026-09-11T01:22:17Z,335760407,762
2026-09-11T01:22:17Z,373513488,1004
2026-09-11T01:22:17Z,443406476,884
2026-09-11T01:22:17Z,537413528,11565
2026-09-11T01:22:17Z,574407221,574
2026-09-11T01:22:17Z,606849621,7148
2026-09-11T01:22:17Z,654732683,2351
2026-09-11T01:22:17Z,735030788,6257
2026-09-11T01:22:17Z,738339342,560
2026-09-11T01:22:17Z,815405518,2995
2026-09-11T01:22:17Z,863266079,1229
2026-09-11T01:22:17Z,891539556,692
2026-09-11T01:22:17Z,891852901,6185
2026-09-11T01:22:17Z,893973440,38145
2026-09-11T01:22:17Z,914010731,518
2026-09-11T01:22:17Z,920587237,113845
2026-09-11T01:22:17Z,1128650291,1093
2026-09-11T01:22:17Z,1324061305,909
2026-09-11T01:22:17Z,1343871267,1509
2026-09-11T01:22:17Z,1365404657,3692
2026-09-11T01:22:17Z,1458767429,6611
2026-09-11T01:22:17Z,1537690962,18738
2026-09-11T01:22:17Z,1554960397,1985
2026-09-11T01:22:17Z,1588965415,1307
2026-09-11T01:22:17Z,1730877806,20141
2026-09-11T01:22:17Z,1962086868,12634
2026-09-11T01:22:17Z,2057751924,615
2026-09-11T01:22:17Z,2166944189,1089
2026-09-11T01:22:17Z,2210085102,534
2026-09-11T01:22:17Z,2317712696,974
2026-09-11T01:22:17Z,2338325648,9338
2026-09-11T01:22:17Z,2376885433,737
2026-09-11T01:22:17Z,2418863943,5533
2026-09-11T01:22:17Z,2474168535,838
2026-09-11T01:22:17Z,2512643572,2681
2026-09-11T01:22:17Z,2534724415,6083
2026-09-11T01:22:17Z,2537430692,848
2026-09-11T01:22:17Z,2551991523,3267
2026-09-11T01:22:17Z,2569453732,1123
2026-09-11T01:22:17Z,2693023319,2098
2026-09-11T01:22:17Z,2727067538,1230
2026-09-11T01:22:17Z,2753915549,336315
2026-09-11T01:22:17Z,2768379856,6396
2026-09-11T01:22:17Z,2772610559,1685
2026-09-11T01:22:17Z,2778230703,936
2026-09-11T01:22:17Z,2788229376,2168
2026-09-11T01:22:17Z,2809202155,1177
2026-09-11T01:22:17Z,2913303231,1281
2026-09-11T01:22:17Z,2916899287,3660
2026-09-11T01:22:17Z,2968914904,1260
2026-09-11T01:22:17Z,2971329387,529
2026-09-11T01:22:17Z,3016661674,807
2026-09-11T01:22:17Z,3025990139,643
2026-09-11T01:22:17Z,3117860193,605
2026-09-11T01:22:17Z,3214114884,758
2026-09-11T01:22:17Z,3226555017,754
2026-09-11T01:22:17Z,3242417672,2171
2026-09-11T01:22:17Z,3255508650,603
2026-09-11T01:22:17Z,3260590327,8718
2026-09-11T01:22:17Z,3261957210,832
2026-09-11T01:22:17Z,3339374541,780
2026-09-11T01:22:17Z,3351674303,31759
2026-09-11T01:22:17Z,3398014311,1120
2026-09-11T01:22:17Z,3457390032,1104
2026-09-11T01:22:17Z,3475397644,7525
2026-09-11T01:22:17Z,3623096087,8747
2026-09-11T01:22:17Z,3631820248,2969
2026-09-11T01:22:17Z,3663340706,6939
2026-09-11T01:22:17Z,3678761576,3788
2026-09-11T01:22:17Z,3823781113,1723
2026-09-11T01:22:17Z,3837864717,606
2026-09-11T01:22:17Z,3851622790,2416
2026-09-11T01:22:17Z,3891618314,1658
2026-09-11T01:22:17Z,3956818381,550
2026-09-11T01:22:17Z,4104106043,1592
2026-09-11T01:22:17Z,4110892437,688
2026-09-11T01:22:17Z,4111023553,4376
2026-09-11T01:22:17Z,4195834406,533
2026-09-11T01:22:17Z,4282985734,2003
2026-09-11T01:22:17Z,4448566543,1649
2026-09-11T01:22:17Z,4480809144,1916
2026-09-11T01:22:17Z,4520749081,5083
2026-09-11T01:22:17Z,4522347649,824
2026-09-11T01:22:17Z,4566572536,1638
2026-09-11T01:22:17Z,4580204640,4377
2026-09-11T01:22:17Z,4588604953,1801
2026-09-11T01:22:17Z,4616652839,5311
2026-09-11T01:22:17Z,4623386862,5597
2026-09-11T01:22:17Z,4637668954,4972
2026-09-11T01:22:17Z,4639625707,5295
2026-09-11T01:22:17Z,4640354700,753
2026-09-11T01:22:17Z,4646477729,1011
2026-09-11T01:22:17Z,4796443083,883
2026-09-11T01:22:17Z,4830581890,1016
2026-09-11T01:22:17Z,4832438542,1473
2026-09-11T01:22:17Z,4850533156,1623
2026-09-11T01:22:17Z,4850588087,3964
2026-09-11T01:22:17Z,4855457388,865
2026-09-11T01:22:17Z,4872321990,633
2026-09-11T01:22:17Z,4889315193,2542
2026-09-11T01:22:17Z,4898233867,679
2026-09-11T01:22:17Z,4924922222,372386
2026-09-11T01:22:17Z,4954096313,1602
2026-09-11T01:22:17Z,4967465336,506
2026-09-11T01:22:17Z,4972091010,711
2026-09-11T01:22:17Z,4972273297,2734
2026-09-11T01:22:17Z,4991214437,569
2026-09-11T01:22:17Z,4992570197,549
2026-09-11T01:22:17Z,4996049426,6108
2026-09-11T01:22:17Z,5041144419,1896
2026-09-11T01:22:17Z,5104202731,831
2026-09-11T01:22:17Z,5118969548,2677
2026-09-11T01:22:17Z,5130598377,923
2026-09-11T01:22:17Z,5152425034,2223
2026-09-11T01:22:17Z,5154858502,734
2026-09-11T01:22:17Z,5171093784,1717
2026-09-11T01:22:17Z,5171347293,1280
2026-09-11T01:22:17Z,5233782396,25149
2026-09-11T01:22:17Z,5244411056,2761
2026-09-11T01:22:17Z,5286116071,775
2026-09-11T01:22:17Z,5289509545,13343
2026-09-11T01:22:17Z,5342047554,692
2026-09-11T01:22:17Z,5343994291,673
2026-09-11T01:22:17Z,5391778736,631
2026-09-11T01:22:17Z,5571328985,2341
2026-09-11T01:22:17Z,5593925613,2518
2026-09-11T01:22:17Z,5670218884,3226
2026-09-11T01:22:17Z,5671985295,2603
2026-09-11T01:22:17Z,5683833663,790
2026-09-11T01:22:17Z,5702593762,2257
2026-09-11T01:22:17Z,5712833750,2751
2026-09-11T01:22:17Z,5777099015,1790
2026-09-11T01:22:17Z,5829141886,810
2026-09-11T01:22:17Z,5846386835,775
2026-09-11T01:22:17Z,5856880701,1202
2026-09-11T01:22:17Z,5865858426,1577
2026-09-11T01:22:17Z,5901440255,1407
2026-09-11T01:22:17Z,5926001758,1471
2026-09-11T01:22:17Z,5956785391,523
2026-09-11T01:22:17Z,5976159288,507
2026-09-11T01:22:17Z,5984006660,1126
2026-09-11T01:22:17Z,5985232436,3760
2026-09-11T01:22:17Z,6020247720,1957
2026-09-11T01:22:17Z,6066404016,525
2026-09-11T01:22:17Z,6104994594,1870
2026-09-11T01:22:17Z,6128441278,702
2026-09-11T01:22:17Z,6132958612,708
2026-09-11T01:22:17Z,6137321701,814
2026-09-11T01:22:17Z,6153766069,1929
2026-09-11T01:22:17Z,6161235818,2358
2026-09-11T01:22:17Z,6205205961,7038
2026-09-11T01:22:17Z,6218169544,738
2026-09-11T01:22:17Z,6222531507,578
2026-09-11T01:22:17Z,6243699076,2140
2026-09-11T01:22:17Z,6250795236,544
2026-09-11T01:22:17Z,6263431107,2401
2026-09-11T01:22:17Z,6270290407,1613
2026-09-11T01:22:17Z,6284583030,714
2026-09-11T01:22:17Z,6299805723,1327
2026-09-11T01:22:17Z,6305582775,780
2026-09-11T01:22:17Z,6349094071,663
2026-09-11T01:22:17Z,6358567974,8086
2026-09-11T01:22:17Z,6366329104,2823
2026-09-11T01:22:17Z,6377740507,1721
2026-09-11T01:22:17Z,6382584061,2837
2026-09-11T01:22:17Z,6403373529,8096
2026-09-11T01:22:17Z,6445435958,874
2026-09-11T01:22:17Z,6447798030,2881
2026-09-11T01:22:17Z,6507422231,4636
2026-09-11T01:22:17Z,6516141723,37708
2026-09-11T01:22:17Z,6520999642,2156
2026-09-11T01:22:17Z,6608498361,927
2026-09-11T01:22:17Z,6610021055,680
2026-09-11T01:22:17Z,6686932749,899
2026-09-11T01:22:17Z,6698800091,3003
2026-09-11T01:22:17Z,6717367660,730
2026-09-11T01:22:17Z,6727915552,737
2026-09-11T01:22:17Z,6735572261,699
2026-09-11T01:22:17Z,6737970321,2791
2026-09-11T01:22:17Z,6766156863,592
2026-09-11T01:22:17Z,6804602922,2830
2026-09-11T01:22:17Z,6816975827,3388
2026-09-11T01:22:17Z,6872265039,28489
2026-09-11T01:22:17Z,6875747014,2748
2026-09-11T01:22:17Z,6884319169,3637
2026-09-11T01:22:17Z,6888253864,577
2026-09-11T01:22:17Z,6911148748,1673
2026-09-11T01:22:17Z,6915976310,1431
2026-09-11T01:22:17Z,6918802270,1700
2026-09-11T01:22:17Z,6924758805,1319
2026-09-11T01:22:17Z,6934310111,2546
2026-09-11T01:22:17Z,6939111033,1582
2026-09-11T01:22:17Z,6961824067,24817
2026-09-11T01:22:17Z,6989310863,4136
2026-09-11T01:22:17Z,7041939546,71072
2026-09-11T01:22:17Z,7057417395,525
2026-09-11T01:22:17Z,7071444234,689
2026-09-11T01:22:17Z,7074772062,1817
2026-09-11T01:22:17Z,7117492592,2868
2026-09-11T01:22:17Z,7138009149,1688
2026-09-11T01:22:17Z,7171174521,14074
2026-09-11T01:22:17Z,7180042682,2171
2026-09-11T01:22:17Z,7205641391,668
2026-09-11T01:22:17Z,7241858214,2405
2026-09-11T01:22:17Z,7243409883,4062
2026-09-11T01:22:17Z,7253149844,595
2026-09-11T01:22:17Z,7305309231,6213
2026-09-11T01:22:17Z,7336302630,2283
2026-09-11T01:22:17Z,7367863399,997
2026-09-11T01:22:17Z,7491927311,886
2026-09-11T01:22:17Z,7554888362,19143
2026-09-11T01:22:17Z,7577961216,3185
2026-09-11T01:22:17Z,7605357829,2576
2026-09-11T01:22:17Z,7606564092,761
2026-09-11T01:22:17Z,7670825572,3225
2026-09-11T01:22:17Z,7711635737,1997
2026-09-11T01:22:17Z,7772810845,1800
2026-09-11T01:22:17Z,7774892351,532
2026-09-11T01:22:17Z,7784286514,861
2026-09-11T01:22:17Z,7871169780,1199
2026-09-11T01:22:17Z,7896264844,1779
2026-09-11T01:22:17Z,7971857341,4298
2026-09-11T01:22:17Z,7991339063,5652
2026-09-11T01:22:17Z,8003084678,1153
2026-09-11T01:22:17Z,8034026074,2762
2026-09-11T01:22:17Z,8054462345,550
2026-09-11T01:22:17Z,8075399143,2183
2026-09-11T01:22:17Z,8096601114,843
2026-09-11T01:22:17Z,8109476632,756
2026-09-11T01:22:17Z,8122612051,832
2026-09-11T01:22:17Z,8204899140,1635
2026-09-11T01:22:17Z,8246874626,2055
2026-09-11T01:22:17Z,8260276694,1877
2026-09-11T01:22:17Z,8286149869,553
2026-09-11T01:22:17Z,8317834514,4604
2026-09-11T01:22:17Z,8328351891,1581
2026-09-11T01:22:17Z,8369888266,3427
2026-09-11T01:22:17Z,8388259310,802
2026-09-11T01:22:17Z,8412352352,704
2026-09-11T01:22:17Z,8416249767,1188
2026-09-11T01:22:17Z,8440392280,536
2026-09-11T01:22:17Z,8481844229,36315
2026-09-11T01:22:17Z,8534845015,893
2026-09-11T01:22:17Z,8540168650,801
2026-09-11T01:22:17Z,8542259458,1309
2026-09-11T01:22:17Z,8554378337,582
2026-09-11T01:22:17Z,8562822414,987
2026-09-11T01:22:17Z,8571687919,1258
2026-09-11T01:22:17Z,8617370639,2227
2026-09-11T01:22:17Z,8657766101,965
2026-09-11T01:22:17Z,8665470667,598
2026-09-11T01:22:17Z,8668536168,811
2026-09-11T01:22:17Z,8704997000,4582
2026-09-11T01:22:17Z,8712817601,10789
2026-09-11T01:22:17Z,8735521924,600
2026-09-11T01:22:17Z,8737602449,3023
2026-09-11T01:22:17Z,8737899170,63570
2026-09-11T01:22:17Z,8831256282,598
2026-09-11T01:22:17Z,8838701772,1356
2026-09-11T01:22:17Z,8840562096,531
2026-09-11T01:22:17Z,8867129986,688
2026-09-11T01:22:17Z,8884433153,2976
2026-09-11T01:22:17Z,8908228901,872
2026-09-11T01:22:17Z,9049840490,2776
2026-09-11T01:22:17Z,9058310544,988
2026-09-11T01:22:17Z,9096881148,4107
2026-09-11T01:22:17Z,9099326192,922
2026-09-11T01:22:17Z,9120716669,1202
2026-09-11T01:22:17Z,9192423027,2439
2026-09-11T01:22:17Z,9224601490,2528
2026-09-11T01:22:17Z,9273658706,1243
2026-09-11T01:22:17Z,9346039031,818
2026-09-11T01:22:17Z,9372570969,716
2026-09-11T01:22:17Z,9391468976,153633
2026-09-11T01:22:17Z,9404223526,2019
2026-09-11T01:22:17Z,9414511685,1789
2026-09-11T01:22:17Z,9503261072,597
2026-09-11T01:22:17Z,9534337535,869
2026-09-11T01:22:17Z,9558986910,716
2026-09-11T01:22:17Z,9731376817,1497
2026-09-11T01:22:17Z,9772878203,692
2026-09-11T01:22:17Z,9791603388,2198
2026-09-11T01:22:17Z,9872472334,24959
2026-09-11T01:22:17Z,9879422661,571
2026-09-11T01:22:17Z,9922455303,1332
2026-09-11T01:22:17Z,10110568567,779
2026-09-11T01:22:17Z,10165583746,5884
2026-09-11T01:22:17Z,10179538382,2360
2026-09-11T01:22:17Z,10204250851,587
2026-09-11T01:22:17Z,10224049386,1297
2026-09-11T01:22:17Z,10228136016,502
2026-09-11T01:22:17Z,10253248401,4224
2026-09-11T01:22:17Z,10260193230,1789
2026-09-11T01:22:17Z,10272636261,923
2026-09-11T01:22:17Z,10277607801,795
2026-09-11T01:22:17Z,10449761463,50078
2026-09-11T01:22:17Z,10450270085,1061
2026-09-11T01:22:17Z,10561456271,764
2026-09-11T01:22:17Z,10576142169,871
2026-09-11T01:22:17Z,10595058975,1530
2026-09-11T01:22:17Z,10660791703,1370
2026-09-11T01:22:17Z,10679239752,1368
2026-09-11T01:22:17Z,10696301650,949
2026-09-11T01:22:17Z,10704789056,656
2026-09-11T01:22:17Z,10726371567,1540
2026-09-11T01:22:17Z,10745043766,1702
2026-09-11T01:22:17Z,10834586502,3288
2026-09-11T01:22:17Z,10912405603,543
2026-09-11T01:22:17Z,10941514720,2021
2026-09-11T01:22:17Z,10959918411,1288
2026-09-11T01:22:17Z,11021288030,554
2026-09-11T01:22:17Z,11137575513,846
2026-09-11T01:22:17Z,11158043705,8821
2026-09-11T01:22:17Z,11232592166,1094
2026-09-11T01:22:17Z,11273483795,1799
2026-09-11T01:22:17Z,11276071411,1511
2026-09-11T01:22:17Z,11364087119,1071
2026-09-11T01:22:17Z,11379739543,12886
2026-09-11T01:22:17Z,11392373641,2620
2026-09-11T01:22:17Z,11451679682,626
2026-09-11T01:22:17Z,11464559285,509
2026-09-11T01:22:17Z,11474405411,954
2026-09-11T01:22:17Z,11653088948,951
2026-09-11T01:22:17Z,11684369582,1141
2026-09-11T01:22:17Z,11694307960,940
2026-09-11T01:22:17Z,11727501024,2437
2026-09-11T01:22:17Z,11729688377,850
2026-09-11T01:22:17Z,11765402359,5983
2026-09-11T01:22:17Z,11782774748,2402
2026-09-11T01:22:17Z,11815767793,2565
2026-09-11T01:22:17Z,11848247239,920
2026-09-11T01:22:17Z,11862502039,1710
2026-09-11T01:22:17Z,11928087342,1223
2026-09-11T01:22:17Z,12018893069,592
2026-09-11T01:22:17Z,12076775711,927
2026-09-11T01:22:17Z,12077443856,1507
2026-09-11T01:22:17Z,12090482034,687
2026-09-11T01:22:17Z,12177325772,14577
2026-09-11T01:22:17Z,12262046571,1744
2026-09-11T01:22:17Z,12297350239,508
2026-09-11T01:22:17Z,12334109280,5786
2026-09-11T01:22:17Z,12338455185,1628
2026-09-11T01:22:17Z,12355337193,9430
2026-09-11T01:22:17Z,12397515839,3102
2026-09-11T01:22:17Z,12398038681,689
2026-09-11T01:22:17Z,12407250267,1961
2026-09-11T01:22:17Z,12411473842,1083
2026-09-11T01:22:17Z,12495498157,1307
2026-09-11T01:22:17Z,12550651382,740
2026-09-11T01:22:17Z,12591551497,557
2026-09-11T01:22:17Z,12593620250,4299
2026-09-11T01:22:17Z,12640491155,1091
2026-09-11T01:22:17Z,12673840215,625
2026-09-11T01:22:17Z,12699642568,6791
2026-09-11T01:22:17Z,12828227139,1698
2026-09-11T01:22:17Z,12847474373,1273
2026-09-11T01:22:17Z,12912701243,779
2026-09-11T01:22:17Z,12912731475,1631
2026-09-11T01:22:17Z,12931609417,3153
2026-09-11T01:22:17Z,12985361032,7317
2026-09-11T01:22:17Z,12997619803,627
2026-09-11T01:22:17Z,13042495892,1642
2026-09-11T01:22:17Z,13076380114,8445
2026-09-11T01:22:17Z,13083893317,619
2026-09-11T01:22:17Z,13110267312,576
2026-09-11T01:22:17Z,13118814103,1486
2026-09-11T01:22:17Z,13127800756,1795
2026-09-11T01:22:17Z,13159565330,2068
2026-09-11T01:22:17Z,13166293021,2212
2026-09-11T01:22:17Z,13184713709,1473
2026-09-11T01:22:17Z,13189735542,639
2026-09-11T01:22:17Z,13218487861,541
2026-09-11T01:22:17Z,13358463560,549
2026-09-11T01:22:17Z,13379208636,11974
2026-09-11T01:22:17Z,13384322856,741
2026-09-11T01:22:17Z,13416197699,2261
2026-09-11T01:22:17Z,13416514259,585
2026-09-11T01:22:17Z,13429790955,1925
2026-09-11T01:22:17Z,13438553315,593
2026-09-11T01:22:17Z,13473615074,2168
2026-09-11T01:22:17Z,13482468151,4565
2026-09-11T01:22:17Z,13587601484,1340
2026-09-11T01:22:17Z,13600218266,14968
2026-09-11T01:22:17Z,13621938427,9628
2026-09-11T01:22:17Z,13664698400,4146
2026-09-11T01:22:17Z,13687899540,6243
2026-09-11T01:22:17Z,13718567207,1463
2026-09-11T01:22:17Z,13772394625,14067
2026-09-11T01:22:17Z,13775256536,2434
2026-09-11T01:22:17Z,13794093709,582
2026-09-11T01:22:17Z,13796645198,1664
2026-09-11T01:22:17Z,13822562292,3405
2026-09-11T01:22:17Z,13864661000,1750
2026-09-11T01:22:17Z,13955927965,2141
2026-09-11T01:22:17Z,13967668166,32773
2026-09-11T01:22:17Z,13999660589,3932
2026-09-11T01:22:17Z,14004668761,622
2026-09-11T01:22:17Z,14026026722,506
2026-09-11T01:22:17Z,14038329225,1059
2026-09-11T01:22:17Z,14044547200,2572
2026-09-11T01:22:17Z,14161770735,977
2026-09-11T01:22:17Z,14184086618,951
2026-09-11T01:22:17Z,14212732626,1861
2026-09-11T01:22:17Z,14236925335,4013
2026-09-11T01:22:17Z,14237585680,886
2026-09-11T01:22:17Z,14238596528,3399
2026-09-11T01:22:17Z,14259168147,4827
2026-09-11T01:22:17Z,14259358984,710
2026-09-11T01:22:17Z,14279693118,1417
2026-09-11T01:22:17Z,14298053780,632
2026-09-11T01:22:17Z,14301835518,3443
2026-09-11T01:22:17Z,14313259147,1176
2026-09-11T01:22:17Z,14315258385,38345
2026-09-11T01:22:17Z,14337656835,582
2026-09-11T01:22:17Z,14350413280,514
2026-09-11T01:22:17Z,14422394494,3607
2026-09-11T01:22:17Z,14437001043,1697
2026-09-11T01:22:17Z,14438406081,7737
2026-09-11T01:22:17Z,14451515684,2543
2026-09-11T01:22:17Z,14458936637,1463
2026-09-11T01:22:17Z,14475396559,1100
2026-09-11T01:22:17Z,14475792710,547
2026-09-11T01:22:17Z,14518422161,777
2026-09-11T01:22:17Z,14564651437,3421
2026-09-11T01:22:17Z,14567590300,2559
2026-09-11T01:22:17Z,14569384529,692
2026-09-11T01:22:17Z,14608970270,14888
2026-09-11T01:22:17Z,14721282186,701
2026-09-11T01:22:17Z,14737542240,531
2026-09-11T01:22:17Z,14772802900,3263
2026-09-11T01:22:17Z,14776071100,799
2026-09-11T01:22:17Z,14787369036,838
2026-09-11T01:22:17Z,14823220100,848
2026-09-11T01:22:17Z,14833592591,1321
2026-09-11T01:22:17Z,14835828495,1934
2026-09-11T01:22:17Z,14842128242,701
2026-09-11T01:22:17Z,14852797539,596
2026-09-11T01:22:17Z,14959543012,571
2026-09-11T01:22:17Z,15002061926,6732
2026-09-11T01:22:17Z,15027718878,672
2026-09-11T01:22:17Z,15077422637,627
2026-09-11T01:22:17Z,15092647980,873
2026-09-11T01:22:17Z,15101393044,65434
2026-09-11T01:22:17Z,15111895255,1220
2026-09-11T01:22:17Z,15113223607,684
2026-09-11T01:22:17Z,15135285305,1349
2026-09-11T01:22:17Z,15198166649,1690
2026-09-11T01:22:17Z,15213956324,854
2026-09-11T01:22:17Z,15240723287,4068
2026-09-11T01:22:17Z,15269951959,4082
2026-09-11T01:22:17Z,15270182488,1145
2026-09-11T01:22:17Z,15282120493,564
2026-09-11T01:22:17Z,15288629078,1548
2026-09-11T01:22:17Z,15318113891,10794
2026-09-11T01:22:17Z,15507022415,2352
2026-09-11T01:22:17Z,15509312676,571
2026-09-11T01:22:17Z,15532962292,40057
2026-09-11T01:22:17Z,15546218972,1597
2026-09-11T01:22:17Z,15550215902,3810
2026-09-11T01:22:17Z,15560168390,1562
2026-09-11T01:22:17Z,15598056478,2099
2026-09-11T01:22:17Z,15654981113,820
2026-09-11T01:22:17Z,15694891095,1724
2026-09-11T01:22:17Z,15696848933,2403
2026-09-11T01:22:17Z,15768329004,9517
2026-09-11T01:22:17Z,15781012611,705
2026-09-11T01:22:17Z,15784744207,2018
2026-09-11T01:22:17Z,15864327873,561
2026-09-11T01:22:17Z,15930174396,5267
2026-09-11T01:22:17Z,16039690331,2119
2026-09-11T01:22:17Z,16057679366,672
2026-09-11T01:22:17Z,16115051360,1167
2026-09-11T01:22:17Z,16116270224,26178
2026-09-11T01:22:17Z,16141640360,685
2026-09-11T01:22:17Z,16141898262,1250
2026-09-11T01:22:17Z,16146832113,18698
2026-09-11T01:22:17Z,16154918775,2535
2026-09-11T01:22:17Z,16159871483,530
2026-09-11T01:22:17Z,16272604134,2229
2026-09-11T01:22:17Z,16288616721,818
2026-09-11T01:22:17Z,16304978305,760
2026-09-11T01:22:17Z,16331682055,887
2026-09-11T01:22:17Z,16381982348,633
2026-09-11T01:22:17Z,16389395869,9392
2026-09-11T01:22:17Z,16446142514,1657
2026-09-11T01:22:17Z,16447934574,5083
2026-09-11T01:22:17Z,16454399300,740
2026-09-11T01:22:17Z,16480898254,2504
2026-09-11T01:22:17Z,16483433878,873
2026-09-11T01:22:17Z,16501421966,594
2026-09-11T01:22:17Z,16518256559,1213
2026-09-11T01:22:17Z,16625391970,7036
2026-09-11T01:22:17Z,16653555262,738
2026-09-11T01:22:17Z,16732694052,77899
2026-09-11T01:22:17Z,16867505761,942
2026-09-11T01:22:17Z,16901389020,2499
2026-09-11T01:22:17Z,16907212609,1111
2026-09-11T01:22:17Z,16910059756,2916
2026-09-11T01:22:17Z,16962279458,2562
2026-09-11T01:22:17Z,16991287194,3004
2026-09-11T01:22:17Z,16993432698,621
2026-09-11T01:22:17Z,17012548142,793
2026-09-11T01:22:17Z,17045823120,3133
2026-09-11T01:22:17Z,17050349106,549
2026-09-11T01:22:17Z,17070462969,988
2026-09-11T01:22:17Z,17121846721,1262
2026-09-11T01:22:17Z,17188326828,1089
2026-09-11T01:22:17Z,17192092512,2819
2026-09-11T01:22:17Z,17255098561,1006
2026-09-11T01:22:17Z,17450551531,1310
2026-09-11T01:22:17Z,17457039279,691
2026-09-11T01:22:17Z,17457986005,1709
2026-09-11T01:22:17Z,17516596118,20496
2026-09-11T01:22:17Z,17556820024,2700
2026-09-11T01:22:17Z,17559596992,558
2026-09-11T01:22:17Z,17571821642,2759
2026-09-11T01:22:17Z,17577256698,1062
2026-09-11T01:22:17Z,17581668152,2094
2026-09-11T01:22:17Z,17600423422,1394
2026-09-11T01:22:17Z,17612027930,543
2026-09-11T01:22:17Z,17625359962,169298
2026-09-11T01:22:17Z,17662297954,954
2026-09-11T01:22:17Z,17664585395,1188
2026-09-11T01:22:17Z,17698425045,2954
2026-09-11T01:22:17Z,17720162456,1966
2026-09-11T01:22:17Z,17759606919,850
2026-09-11T01:22:17Z,17844293708,1011
2026-09-11T01:22:17Z,17882166032,2809
2026-09-11T01:22:17Z,18102078939,1570
2026-09-11T01:22:17Z,18138682962,700
2026-09-11T01:22:17Z,18152595062,686
2026-09-11T01:22:17Z,18153851914,693
2026-09-11T01:22:17Z,18156286285,978
2026-09-11T01:22:17Z,18172550962,601
2026-09-11T01:22:17Z,18180736634,2195
2026-09-11T01:22:17Z,18183902003,1349
2026-09-11T01:22:17Z,18192562963,1392
2026-09-11T01:22:17Z,18199615050,6061
2026-09-11T01:22:17Z,18214855317,2923
2026-09-11T01:22:17Z,18218605381,2957
2026-09-11T01:22:17Z,18259975825,2428
2026-09-11T01:22:17Z,18260439047,1444
2026-09-11T01:22:17Z,18334179599,912
2026-09-11T01:22:17Z,18335956021,11970
2026-09-11T01:22:17Z,18336470541,623
2026-09-11T01:22:17Z,18341181766,505
2026-09-11T01:22:17Z,18376355901,1248
2026-09-11T01:22:17Z,18403789061,851
2026-09-11T01:22:17Z,18519254033,2576
2026-09-11T01:22:17Z,18545825758,692
2026-09-11T01:22:17Z,18645473062,993
2026-09-11T01:22:17Z,18649596490,744
2026-09-11T01:22:17Z,18666738837,4797
2026-09-11T01:22:17Z,18668065416,17557
2026-09-11T01:22:17Z,18680867089,1306
2026-09-11T01:22:17Z,18687417158,65667
2026-09-11T01:22:17Z,18688598012,1178
2026-09-11T01:22:17Z,18700851435,2126
2026-09-11T01:22:17Z,18753889337,4112
2026-09-11T01:22:17Z,18799085098,2691
2026-09-11T01:22:17Z,18803315158,4622
2026-09-11T01:22:17Z,18816315817,1481
2026-09-11T01:22:17Z,18864551515,790
2026-09-11T01:22:17Z,18934709778,704
2026-09-11T01:22:17Z,18948446518,2863
2026-09-11T01:22:17Z,18956320538,551
2026-09-11T01:22:17Z,18959440414,1211
2026-09-11T01:22:17Z,18984776765,737
2026-09-11T01:22:17Z,70390793715007,1408
2026-09-11T01:22:17Z,70400654680508,2617
2026-09-11T01:22:17Z,70411440483149,19352
2026-09-11T01:22:17Z,70435795041539,5340
2026-09-11T01:22:17Z,70476134485723,515
2026-09-11T01:22:17Z,70587876731444,1790
2026-09-11T01:22:17Z,70640255604878,12236
2026-09-11T01:22:17Z,70805830291547,1292
2026-09-11T01:22:17Z,70904050766278,641
2026-09-11T01:22:17Z,70906625936847,4865
2026-09-11T01:22:17Z,70911358699250,1827
2026-09-11T01:22:17Z,70970763145070,1038
2026-09-11T01:22:17Z,70990751935174,1820
2026-09-11T01:22:17Z,70994695337243,1087
2026-09-11T01:22:17Z,70998903613713,611
2026-09-11T01:22:17Z,71099982892966,698
2026-09-11T01:22:17Z,71132543521245,6571
2026-09-11T01:22:17Z,71143154217953,636
2026-09-11T01:22:17Z,71174733280934,1017
2026-09-11T01:22:17Z,71229216166991,540
2026-09-11T01:22:17Z,71394819414417,1565
2026-09-11T01:22:17Z,71457452830106,1403
2026-09-11T01:22:17Z,71480482338212,547
2026-09-11T01:22:17Z,71543463524754,652
2026-09-11T01:22:17Z,71599043035739,3741
2026-09-11T01:22:17Z,71600459831333,3175
2026-09-11T01:22:17Z,71633357192188,2613
2026-09-11T01:22:17Z,71647048889071,678
2026-09-11T01:22:17Z,71647256260480,2917
2026-09-11T01:22:17Z,71704434889758,1135
2026-09-11T01:22:17Z,71706515477118,720
2026-09-11T01:22:17Z,71774876641249,1395
2026-09-11T01:22:17Z,71849204829689,1374
2026-09-11T01:22:17Z,71852303862507,1290
2026-09-11T01:22:17Z,71890222711680,528
2026-09-11T01:22:17Z,71895508397153,3416
2026-09-11T01:22:17Z,72019577565540,1355
2026-09-11T01:22:17Z,72167803024670,1306
2026-09-11T01:22:17Z,72216345408467,3905
2026-09-11T01:22:17Z,72317248326994,1573
2026-09-11T01:22:17Z,72387437800091,8046
2026-09-11T01:22:17Z,72450672234943,2363
2026-09-11T01:22:17Z,72659788689464,903
2026-09-11T01:22:17Z,72712036210947,1071
2026-09-11T01:22:17Z,72763503064951,2556
2026-09-11T01:22:17Z,72845937010155,1563
2026-09-11T01:22:17Z,72920620366355,7092
2026-09-11T01:22:17Z,73097591386069,867
2026-09-11T01:22:17Z,73101851322368,1124
2026-09-11T01:22:17Z,73189007576537,2372
2026-09-11T01:22:17Z,73526576502092,939
2026-09-11T01:22:17Z,73578698401320,1433
2026-09-11T01:22:17Z,73613510857111,2345
2026-09-11T01:22:17Z,73621314943835,9195
2026-09-11T01:22:17Z,73684979946677,554
2026-09-11T01:22:17Z,73768006371986,2320
2026-09-11T01:22:17Z,73871058651498,603
2026-09-11T01:22:17Z,73889875294947,513
2026-09-11T01:22:17Z,73897506680154,6330
2026-09-11T01:22:17Z,73904017172892,2515
2026-09-11T01:22:17Z,73908022013371,3197
2026-09-11T01:22:17Z,73954336239895,842
2026-09-11T01:22:17Z,73956553001240,37498
2026-09-11T01:22:17Z,74102906764176,13177
2026-09-11T01:22:17Z,74188431054457,16862
2026-09-11T01:22:17Z,74193805629461,1500
2026-09-11T01:22:17Z,74256669508761,2387
2026-09-11T01:22:17Z,74260430392611,5083
2026-09-11T01:22:17Z,74341114342499,8746
2026-09-11T01:22:17Z,74395953411817,11763
2026-09-11T01:22:17Z,74511210941284,1734
2026-09-11T01:22:17Z,74542317333958,1215
2026-09-11T01:22:17Z,74716719697996,4866
2026-09-11T01:22:17Z,74729868188364,5079
2026-09-11T01:22:17Z,74889851913797,3477
2026-09-11T01:22:17Z,74994442538508,508
2026-09-11T01:22:17Z,74996816424339,692
2026-09-11T01:22:17Z,75178747054941,612
2026-09-11T01:22:17Z,75317862071711,3452
2026-09-11T01:22:17Z,75366259315586,541
2026-09-11T01:22:17Z,75387700043737,19762
2026-09-11T01:22:17Z,75467339082089,708
2026-09-11T01:22:17Z,75541741887441,1204
2026-09-11T01:22:17Z,75547400568620,3581
2026-09-11T01:22:17Z,75568173037446,1838
2026-09-11T01:22:17Z,75646865566926,1003
2026-09-11T01:22:17Z,75663528075786,2009
2026-09-11T01:22:17Z,75753413268977,1033
2026-09-11T01:22:17Z,75839707976715,732
2026-09-11T01:22:17Z,76137189788863,1571
2026-09-11T01:22:17Z,76153324611685,7291
2026-09-11T01:22:17Z,76231371152392,530
2026-09-11T01:22:17Z,76285745979410,3474
2026-09-11T01:22:17Z,76377501906469,5477
2026-09-11T01:22:17Z,76427445314955,936
2026-09-11T01:22:17Z,76427490154192,1656
2026-09-11T01:22:17Z,76503495566299,10642
2026-09-11T01:22:17Z,76526090659517,1654
2026-09-11T01:22:17Z,76558904092080,1427
2026-09-11T01:22:17Z,76649853848102,653
2026-09-11T01:22:17Z,76737571462455,1167
2026-09-11T01:22:17Z,76812848652979,1918
2026-09-11T01:22:17Z,76838459031868,10311
2026-09-11T01:22:17Z,76911729991355,3121
2026-09-11T01:22:17Z,77108422251420,38885
2026-09-11T01:22:17Z,77187847593796,793
2026-09-11T01:22:17Z,77301670644441,510
2026-09-11T01:22:17Z,77649408247578,28579
2026-09-11T01:22:17Z,77747658251236,1560
2026-09-11T01:22:17Z,77843161404023,7488
2026-09-11T01:22:17Z,78028206594931,1049
2026-09-11T01:22:17Z,78131609782350,981
2026-09-11T01:22:17Z,78177131121429,2625
2026-09-11T01:22:17Z,78471443847948,1059
2026-09-11T01:22:17Z,78496323189083,706
2026-09-11T01:22:17Z,78515283254292,77174
2026-09-11T01:22:17Z,78699621133325,553
2026-09-11T01:22:17Z,78724900430513,1635
2026-09-11T01:22:17Z,78839079957645,2079
2026-09-11T01:22:17Z,79267089300389,3342
2026-09-11T01:22:17Z,79268393072444,8581
2026-09-11T01:22:17Z,79315121100812,1717
2026-09-11T01:22:17Z,79454007962937,1544
2026-09-11T01:22:17Z,79480724066456,13409
2026-09-11T01:22:17Z,79546208627805,110902
2026-09-11T01:22:17Z,79790479326946,506
2026-09-11T01:22:17Z,79797693256658,704
2026-09-11T01:22:17Z,79860632214114,506
2026-09-11T01:22:17Z,79886695267825,770
2026-09-11T01:22:17Z,79966250354565,7725
2026-09-11T01:22:17Z,80000420704526,2821
2026-09-11T01:22:17Z,80031826041492,1269
2026-09-11T01:22:17Z,80111254680893,696
2026-09-11T01:22:17Z,80167904212435,787
2026-09-11T01:22:17Z,80200604311136,1440
2026-09-11T01:22:17Z,80234914611737,789
2026-09-11T01:22:17Z,80279663815725,1099
2026-09-11T01:22:17Z,80342862330041,639
2026-09-11T01:22:17Z,80607040330429,1292
2026-09-11T01:22:17Z,80610578881227,731
2026-09-11T01:22:17Z,80734098185936,3056
2026-09-11T01:22:17Z,80861715191104,859
2026-09-11T01:22:17Z,80898524797320,1767
2026-09-11T01:22:17Z,81040587037979,2643
2026-09-11T01:22:17Z,81223687051453,1811
2026-09-11T01:22:17Z,81239378558719,749
2026-09-11T01:22:17Z,81703830622949,1561
2026-09-11T01:22:17Z,82013336390273,653
2026-09-11T01:22:17Z,82075856475941,1341
2026-09-11T01:22:17Z,82084053899394,751
2026-09-11T01:22:17Z,82329146189989,1106
2026-09-11T01:22:17Z,82453659777192,535
2026-09-11T01:22:17Z,82457571485380,7435
2026-09-11T01:22:17Z,82539019711975,2005
2026-09-11T01:22:17Z,82554996468034,987
2026-09-11T01:22:17Z,82570142697239,1781
2026-09-11T01:22:17Z,82682887450460,660
2026-09-11T01:22:17Z,82712304391069,4279
2026-09-11T01:22:17Z,82745432464897,535
2026-09-11T01:22:17Z,82797688803922,4353
2026-09-11T01:22:17Z,82866880824588,4178
2026-09-11T01:22:17Z,82898983236792,594
2026-09-11T01:22:17Z,82904798643396,994
2026-09-11T01:22:17Z,82983707799188,4192
2026-09-11T01:22:17Z,83038462357724,7947
2026-09-11T01:22:17Z,83211034158887,529
2026-09-11T01:22:17Z,83264774625004,2504
2026-09-11T01:22:17Z,83312952548612,707
2026-09-11T01:22:17Z,83325975879599,1663
2026-09-11T01:22:17Z,83388257263676,3315
2026-09-11T01:22:17Z,83569851223739,2129
2026-09-11T01:22:17Z,83622406313819,1408
2026-09-11T01:22:17Z,83948716312312,1562
2026-09-11T01:22:17Z,84156601481934,1455
2026-09-11T01:22:17Z,84256892855657,1212
2026-09-11T01:22:17Z,84332574190497,1773
2026-09-11T01:22:17Z,84449017742177,4916
2026-09-11T01:22:17Z,84515722934860,34041
2026-09-11T01:22:17Z,84525826229916,2418
2026-09-11T01:22:17Z,84526099099491,716
2026-09-11T01:22:17Z,84556640895285,13737
2026-09-11T01:22:17Z,84568117169118,1538
2026-09-11T01:22:17Z,84692574040798,917
2026-09-11T01:22:17Z,84717457860674,563
2026-09-11T01:22:17Z,84956402848349,1170
2026-09-11T01:22:17Z,85011874799856,1684
2026-09-11T01:22:17Z,85048226835181,1334
2026-09-11T01:22:17Z,85056532479796,1647
2026-09-11T01:22:17Z,85070202669030,777
2026-09-11T01:22:17Z,85245205758607,2191
2026-09-11T01:22:17Z,85387381843881,1289
2026-09-11T01:22:17Z,85896571713843,2355
2026-09-11T01:22:17Z,85967844112283,12049
2026-09-11T01:22:17Z,86017989016432,898
2026-09-11T01:22:17Z,86022723355936,1066
2026-09-11T01:22:17Z,86089763581353,622
2026-09-11T01:22:17Z,86164638330564,789
2026-09-11T01:22:17Z,86178279217218,592
2026-09-11T01:22:17Z,86247128610772,8439
2026-09-11T01:22:17Z,86259628805375,4959
2026-09-11T01:22:17Z,86368783421928,3054
2026-09-11T01:22:17Z,86374876468143,3188
2026-09-11T01:22:17Z,86479448397834,7553
2026-09-11T01:22:17Z,86524001536792,1313
2026-09-11T01:22:17Z,86635275427451,603
2026-09-11T01:22:17Z,86754403332185,1363
2026-09-11T01:22:17Z,86757987326668,662
2026-09-11T01:22:17Z,86943068337855,5371
2026-09-11T01:22:17Z,87018676608089,765
2026-09-11T01:22:17Z,87046419551816,3006
2026-09-11T01:22:17Z,87214116277191,1018
2026-09-11T01:22:17Z,87311102000285,1014
2026-09-11T01:22:17Z,87468080405188,3310
2026-09-11T01:22:17Z,87555052900625,732
2026-09-11T01:22:17Z,88033955914813,1437
2026-09-11T01:22:17Z,88207898227053,748
2026-09-11T01:22:17Z,88234622381007,598
2026-09-11T01:22:17Z,88323040672117,2614
2026-09-11T01:22:17Z,88412811497379,1489
2026-09-11T01:22:17Z,88480125732253,552
2026-09-11T01:22:17Z,88728793053496,608
2026-09-11T01:22:17Z,88773823105878,3740
2026-09-11T01:22:17Z,88887739603194,1096
2026-09-11T01:22:17Z,88932739628526,626
2026-09-11T01:22:17Z,88933961678687,1181
2026-09-11T01:22:17Z,88951201927122,787
2026-09-11T01:22:17Z,89035794510548,3371
2026-09-11T01:22:17Z,89100823864844,1639
2026-09-11T01:22:17Z,89180039807836,732
2026-09-11T01:22:17Z,89469502395769,18997
2026-09-11T01:22:17Z,89490838554710,2854
2026-09-11T01:22:17Z,89561601601392,671
2026-09-11T01:22:17Z,89704645856683,1920
2026-09-11T01:22:17Z,89788834648171,1109
2026-09-11T01:22:17Z,89851325271396,522
2026-09-11T01:22:17Z,90038414385014,727
2026-09-11T01:22:17Z,90086669327265,10662
2026-09-11T01:22:17Z,90148635862803,8613
2026-09-11T01:22:17Z,90184287580174,1870
2026-09-11T01:22:17Z,90367590248857,653
2026-09-11T01:22:17Z,90462358603255,614
2026-09-11T01:22:17Z,90568084448279,20204
2026-09-11T01:22:17Z,90704250333473,1386
2026-09-11T01:22:17Z,90740816183375,5600
2026-09-11T01:22:17Z,90784570995507,1647
2026-09-11T01:22:17Z,90803345996188,502
2026-09-11T01:22:17Z,90906407195271,3734
2026-09-11T01:22:17Z,90913221847091,2704
2026-09-11T01:22:17Z,91203203156283,1707
2026-09-11T01:22:17Z,91296119701853,624
2026-09-11T01:22:17Z,91440994157417,748
2026-09-11T01:22:17Z,91514145260129,793
2026-09-11T01:22:17Z,91695551099066,863
2026-09-11T01:22:17Z,91704854174760,4943
2026-09-11T01:22:17Z,91746497060666,4025
2026-09-11T01:22:17Z,92044060392057,520
2026-09-11T01:22:17Z,92122513197996,3721
2026-09-11T01:22:17Z,92141204718989,697
2026-09-11T01:22:17Z,92171645661524,1855
2026-09-11T01:22:17Z,92415748858497,1154
2026-09-11T01:22:17Z,92416421522960,567
2026-09-11T01:22:17Z,92422478989816,673
2026-09-11T01:22:17Z,92432535588391,581
2026-09-11T01:22:17Z,92637789841354,55046
2026-09-11T01:22:17Z,92700582787930,760
2026-09-11T01:22:17Z,92942575852492,989
2026-09-11T01:22:17Z,93010292807756,654
2026-09-11T01:22:17Z,93028168925975,3336
2026-09-11T01:22:17Z,93091759101123,4822
2026-09-11T01:22:17Z,93233198656969,798
2026-09-11T01:22:17Z,93265851514769,1370
2026-09-11T01:22:17Z,93563420945975,691
2026-09-11T01:22:17Z,93787311916283,892
2026-09-11T01:22:17Z,93829858358973,1537
2026-09-11T01:22:17Z,93978595733734,30381
2026-09-11T01:22:17Z,94217045453265,9710
2026-09-11T01:22:17Z,94495283121683,1611
2026-09-11T01:22:17Z,94503612388426,710
2026-09-11T01:22:17Z,94539932414164,1148
2026-09-11T01:22:17Z,94590879393563,1234
2026-09-11T01:22:17Z,94640181989498,14246
2026-09-11T01:22:17Z,94647229517154,13542
2026-09-11T01:22:17Z,94702395375549,712
2026-09-11T01:22:17Z,94717504417144,700
2026-09-11T01:22:17Z,94845773826960,558
2026-09-11T01:22:17Z,94860588848140,1632
2026-09-11T01:22:17Z,94987506187454,1036
2026-09-11T01:22:17Z,95082159892680,87228
2026-09-11T01:22:17Z,95094140550911,1057
2026-09-11T01:22:17Z,95094324354820,2308
2026-09-11T01:22:17Z,95223801959482,528
2026-09-11T01:22:17Z,95319535505764,1448
2026-09-11T01:22:17Z,95417153338993,5196
2026-09-11T01:22:17Z,95721658376580,1156
2026-09-11T01:22:17Z,95929919723230,534
2026-09-11T01:22:17Z,96153864779911,1032
2026-09-11T01:22:17Z,96168869671905,3556
2026-09-11T01:22:17Z,96280251181127,2342
2026-09-11T01:22:17Z,96401370703274,657
2026-09-11T01:22:17Z,96425088123775,1293
2026-09-11T01:22:17Z,96447215899741,2582
2026-09-11T01:22:17Z,96462622512177,1031
2026-09-11T01:22:17Z,96510596525082,5762
2026-09-11T01:22:17Z,96574878340154,562
2026-09-11T01:22:17Z,96645548064314,18780
2026-09-11T01:22:17Z,96775630583143,1642
2026-09-11T01:22:17Z,96796259580891,994
2026-09-11T01:22:17Z,97042065873644,1085
2026-09-11T01:22:17Z,97090732168175,4248
2026-09-11T01:22:17Z,97387256206808,597
2026-09-11T01:22:17Z,97438379434717,1661
2026-09-11T01:22:17Z,97463774278378,888
2026-09-11T01:22:17Z,97598239454123,6653
2026-09-11T01:22:17Z,97607545197126,1908
2026-09-11T01:22:17Z,97630670804505,991
2026-09-11T01:22:17Z,97824450589417,13801
2026-09-11T01:22:17Z,98067481349941,976
2026-09-11T01:22:17Z,98138235237704,915
2026-09-11T01:22:17Z,98303142742576,1010
2026-09-11T01:22:17Z,98393605725180,3543
2026-09-11T01:22:17Z,98502499119821,3594
2026-09-11T01:22:17Z,98626216952426,744
2026-09-11T01:22:17Z,98629859043211,1551
2026-09-11T01:22:17Z,98664161516921,3953
2026-09-11T01:22:17Z,98679602313466,1883
2026-09-11T01:22:17Z,98800969324557,17862
2026-09-11T01:22:17Z,98894876188248,10949
2026-09-11T01:22:17Z,98916904742148,1535
2026-09-11T01:22:17Z,98936097545088,3972
2026-09-11T01:22:17Z,98951612738714,694
2026-09-11T01:22:17Z,99065555424640,761
2026-09-11T01:22:17Z,99108783264633,4345
2026-09-11T01:22:17Z,99122501338948,1868
2026-09-11T01:22:17Z,99255447043899,894
2026-09-11T01:22:17Z,99269206016797,1591
2026-09-11T01:22:17Z,99342262733194,911
2026-09-11T01:22:17Z,99449877692519,2460
2026-09-11T01:22:17Z,99487541293863,5535
2026-09-11T01:22:17Z,99521272836282,2377
2026-09-11T01:22:17Z,99567941238278,15279
2026-09-11T01:22:17Z,99702578544768,1208
2026-09-11T01:22:17Z,99703116573266,1031
2026-09-11T01:22:17Z,99715891575923,1110
2026-09-11T01:22:17Z,99758842280353,1267
2026-09-11T01:22:17Z,99817148924004,1539
2026-09-11T01:22:17Z,100034344773758,913
2026-09-11T01:22:17Z,100039707794702,1283
2026-09-11T01:22:17Z,100178831086674,3068
2026-09-11T01:22:17Z,100221279566736,624
2026-09-11T01:22:17Z,100293509865504,5624
2026-09-11T01:22:17Z,100400297022629,688
2026-09-11T01:22:17Z,100429474155186,5946
2026-09-11T01:22:17Z,100453351939863,2133
2026-09-11T01:22:17Z,100689340481763,555
2026-09-11T01:22:17Z,100722736774753,889
2026-09-11T01:22:17Z,100744519298647,1028
2026-09-11T01:22:17Z,100831517378953,506
2026-09-11T01:22:17Z,100860415498291,519
2026-09-11T01:22:17Z,100911362514791,2275
2026-09-11T01:22:17Z,101009821472804,4473
2026-09-11T01:22:17Z,101272402522756,976
2026-09-11T01:22:17Z,101396571928321,2060
2026-09-11T01:22:17Z,101432174163538,1499
2026-09-11T01:22:17Z,101480963912212,7141
2026-09-11T01:22:17Z,101533162298733,760
2026-09-11T01:22:17Z,101610294550592,1964
2026-09-11T01:22:17Z,101685456774656,1284
2026-09-11T01:22:17Z,101733180974837,1365
2026-09-11T01:22:17Z,101754965994520,680
2026-09-11T01:22:17Z,101770480176177,9889
2026-09-11T01:22:17Z,101906032112547,5073
2026-09-11T01:22:17Z,101914772188620,4919
2026-09-11T01:22:17Z,101949297449238,740
2026-09-11T01:22:17Z,102054284786904,1920
2026-09-11T01:22:17Z,102071609564196,1235
2026-09-11T01:22:17Z,102072869879193,16361
2026-09-11T01:22:17Z,102457672839885,1892
2026-09-11T01:22:17Z,102489700929678,5747
2026-09-11T01:22:17Z,102553576537621,1648
2026-09-11T01:22:17Z,102574559184919,564
2026-09-11T01:22:17Z,102837194624695,3036
2026-09-11T01:22:17Z,102871156420149,1233
2026-09-11T01:22:17Z,102917792916356,1312
2026-09-11T01:22:17Z,103037106396302,17297
2026-09-11T01:22:17Z,103050497819513,1717
2026-09-11T01:22:17Z,103185879508967,520
2026-09-11T01:22:17Z,103285721487694,3693
2026-09-11T01:22:17Z,103311003648859,534
2026-09-11T01:22:17Z,103556382323599,1758
2026-09-11T01:22:17Z,103589142326933,1174
2026-09-11T01:22:17Z,103593441753340,658
2026-09-11T01:22:17Z,103731330407395,644
2026-09-11T01:22:17Z,103740390007820,1409
2026-09-11T01:22:17Z,103754275310547,1780
2026-09-11T01:22:17Z,103802803330866,1605
2026-09-11T01:22:17Z,103854444055060,729
2026-09-11T01:22:17Z,103883942725157,6992
2026-09-11T01:22:17Z,104339804279870,1117
2026-09-11T01:22:17Z,104485012391716,1985
2026-09-11T01:22:17Z,104589921852670,1450
2026-09-11T01:22:17Z,104693964860826,2874
2026-09-11T01:22:17Z,104715542330896,18035
2026-09-11T01:22:17Z,104716788636258,659
2026-09-11T01:22:17Z,104761395312874,3964
2026-09-11T01:22:17Z,104808235862933,5921
2026-09-11T01:22:17Z,104809044319701,6974
2026-09-11T01:22:17Z,104812936457083,556
2026-09-11T01:22:17Z,104841616983113,2210
2026-09-11T01:22:17Z,104890260413773,1442
2026-09-11T01:22:17Z,104973076655377,3942
2026-09-11T01:22:17Z,105265986112006,612
2026-09-11T01:22:17Z,105350566569864,618
2026-09-11T01:22:17Z,105373497661352,908
2026-09-11T01:22:17Z,105452889569708,4243
2026-09-11T01:22:17Z,105555311806207,2193
2026-09-11T01:22:17Z,105633123928294,2124
2026-09-11T01:22:17Z,105724836892064,3626
2026-09-11T01:22:17Z,105742951729183,710
2026-09-11T01:22:17Z,105767799784652,647
2026-09-11T01:22:17Z,105954652742326,1102
2026-09-11T01:22:17Z,106078822951099,1038
2026-09-11T01:22:17Z,106131416903029,1136
2026-09-11T01:22:17Z,106187832607756,801
2026-09-11T01:22:17Z,106383201135975,7315
2026-09-11T01:22:17Z,106484206883664,8405
2026-09-11T01:22:17Z,106487781999308,1160
2026-09-11T01:22:17Z,106683702021527,4125
2026-09-11T01:22:17Z,106802314735486,2777
2026-09-11T01:22:17Z,106838580527183,5032
2026-09-11T01:22:17Z,106920577206536,1845
2026-09-11T01:22:17Z,107095834793267,682
2026-09-11T01:22:17Z,107377364123237,1174
2026-09-11T01:22:17Z,107430889830807,4526
2026-09-11T01:22:17Z,107467295209358,5022
2026-09-11T01:22:17Z,107645101488133,656
2026-09-11T01:22:17Z,107646426076756,514
2026-09-11T01:22:17Z,107653945083776,8194
2026-09-11T01:22:17Z,107717448640907,734
2026-09-11T01:22:17Z,107727386530697,657
2026-09-11T01:22:17Z,107734853434823,524
2026-09-11T01:22:17Z,107750563478039,1006
2026-09-11T01:22:17Z,107778070777162,1348012
2026-09-11T01:22:17Z,107792622719098,1096
2026-09-11T01:22:17Z,107828406309109,1169
2026-09-11T01:22:17Z,107833198839573,2065
2026-09-11T01:22:17Z,107894105055312,5481
2026-09-11T01:22:17Z,108227239615000,560
2026-09-11T01:22:17Z,108307565942574,3503
2026-09-11T01:22:17Z,108410750455933,612
2026-09-11T01:22:17Z,108439047160668,1209
2026-09-11T01:22:17Z,108533757090220,3729
2026-09-11T01:22:17Z,108567435288296,15393
2026-09-11T01:22:17Z,108645230905176,2510
2026-09-11T01:22:17Z,108730407897379,3953
2026-09-11T01:22:17Z,108767400143329,643
2026-09-11T01:22:17Z,108843562394237,1047
2026-09-11T01:22:17Z,109129552698918,1070
2026-09-11T01:22:17Z,109170650911069,736
2026-09-11T01:22:17Z,109258067111533,3682
2026-09-11T01:22:17Z,109397169461300,4441
2026-09-11T01:22:17Z,109509029034984,3690
2026-09-11T01:22:17Z,109629391874197,1001
2026-09-11T01:22:17Z,109686116036889,1033
2026-09-11T01:22:17Z,109694820409483,2785
2026-09-11T01:22:17Z,109715918987082,825
2026-09-11T01:22:17Z,109881277752094,2128
2026-09-11T01:22:17Z,109983668079237,85767
2026-09-11T01:22:17Z,110175021189594,6856
2026-09-11T01:22:17Z,110378634670890,502
2026-09-11T01:22:17Z,110470672231288,802
2026-09-11T01:22:17Z,110570058234582,861
2026-09-11T01:22:17Z,110584310129887,672
2026-09-11T01:22:17Z,110627433764494,2037
2026-09-11T01:22:17Z,110668201954727,2348
2026-09-11T01:22:17Z,110677803091411,632
2026-09-11T01:22:17Z,110793563946846,951
2026-09-11T01:22:17Z,110806816173057,1634
2026-09-11T01:22:17Z,110808833601416,650
2026-09-11T01:22:17Z,110829983956014,5693
2026-09-11T01:22:17Z,110954432401277,2224
2026-09-11T01:22:17Z,111063058742520,3680
2026-09-11T01:22:17Z,111262527555232,4868
2026-09-11T01:22:17Z,111363135577981,1279
2026-09-11T01:22:17Z,111403197324514,826
2026-09-11T01:22:17Z,111442376436641,1795
2026-09-11T01:22:17Z,111471464387284,628
2026-09-11T01:22:17Z,111779414681728,677
2026-09-11T01:22:17Z,111835260646713,2647
2026-09-11T01:22:17Z,111894976456494,2212
2026-09-11T01:22:17Z,111989938562194,1732
2026-09-11T01:22:17Z,112114621008524,875
2026-09-11T01:22:17Z,112171352246014,2307
2026-09-11T01:22:17Z,112226578490421,1464
2026-09-11T01:22:17Z,112233638491976,2635
2026-09-11T01:22:17Z,112413741511713,1705
2026-09-11T01:22:17Z,112490729816320,509
2026-09-11T01:22:17Z,112531085636442,1965
2026-09-11T01:22:17Z,112619156837009,2430
2026-09-11T01:22:17Z,112626674737178,1402
2026-09-11T01:22:17Z,112641748896693,1826
2026-09-11T01:22:17Z,112731528776884,5973
2026-09-11T01:22:17Z,112778631702542,4365
2026-09-11T01:22:17Z,112781315318195,7416
2026-09-11T01:22:17Z,112796336189704,2117
2026-09-11T01:22:17Z,112816993332059,952
2026-09-11T01:22:17Z,112838150455902,4129
2026-09-11T01:22:17Z,112851296174239,598
2026-09-11T01:22:17Z,112857282410969,1854
2026-09-11T01:22:17Z,112966546347918,3053
2026-09-11T01:22:17Z,113099333239841,4283
2026-09-11T01:22:17Z,113232329524315,4616
2026-09-11T01:22:17Z,113290951185459,21146
2026-09-11T01:22:17Z,113323927469374,3596
2026-09-11T01:22:17Z,113385048266134,1215
2026-09-11T01:22:17Z,113385977463481,2843
2026-09-11T01:22:17Z,113392430358155,1265
2026-09-11T01:22:17Z,113457460682474,2455
2026-09-11T01:22:17Z,113481077323469,25259
2026-09-11T01:22:17Z,113506071094099,10389
2026-09-11T01:22:17Z,113581963143008,969
2026-09-11T01:22:17Z,113604074601559,664
2026-09-11T01:22:17Z,113745337705295,2369
2026-09-11T01:22:17Z,113987393426315,3153
2026-09-11T01:22:17Z,114122724051462,3920
2026-09-11T01:22:17Z,114204398207377,4862
2026-09-11T01:22:17Z,114234929420007,3749
2026-09-11T01:22:17Z,114283239905753,596
2026-09-11T01:22:17Z,114357963370524,932
2026-09-11T01:22:17Z,114381378262504,2764
2026-09-11T01:22:17Z,114501358617756,2135
2026-09-11T01:22:17Z,114537828794341,593
2026-09-11T01:22:17Z,114549747848211,622
2026-09-11T01:22:17Z,114640202062357,535
2026-09-11T01:22:17Z,114697347887839,37057
2026-09-11T01:22:17Z,114786176505608,565
2026-09-11T01:22:17Z,114861592677288,3316
2026-09-11T01:22:17Z,115035699922620,2367
2026-09-11T01:22:17Z,115092911061119,2172
2026-09-11T01:22:17Z,115286378269814,594
2026-09-11T01:22:17Z,115618367729321,1957
2026-09-11T01:22:17Z,115620466946909,805
2026-09-11T01:22:17Z,115681808123944,4905
2026-09-11T01:22:17Z,116058355775210,1060
2026-09-11T01:22:17Z,116070952245255,6386
2026-09-11T01:22:17Z,116113866980358,806
2026-09-11T01:22:17Z,116495829188952,14424
2026-09-11T01:22:17Z,116497287371701,27157
2026-09-11T01:22:17Z,116501341774429,995
2026-09-11T01:22:17Z,117381420723145,521
2026-09-11T01:22:17Z,117533937949084,6424
2026-09-11T01:22:17Z,117539213094671,1620
2026-09-11T01:22:17Z,117713779364528,9797
2026-09-11T01:22:17Z,117752943664280,1712
2026-09-11T01:22:17Z,117868278782684,2097
2026-09-11T01:22:17Z,118055952211055,623
2026-09-11T01:22:17Z,118198615964701,660
2026-09-11T01:22:17Z,118367369949006,3551
2026-09-11T01:22:17Z,118418618261207,26200
2026-09-11T01:22:17Z,118447215156914,1612
2026-09-11T01:22:17Z,118546475246005,611
2026-09-11T01:22:17Z,118576822282213,2236
2026-09-11T01:22:17Z,118608618152057,1808
2026-09-11T01:22:17Z,118806061296143,962
2026-09-11T01:22:17Z,118889111240517,1233
2026-09-11T01:22:17Z,118952094447715,639
2026-09-11T01:22:17Z,118973301158777,4285
2026-09-11T01:22:17Z,119004860768199,3553
2026-09-11T01:22:17Z,119031147890918,1333
2026-09-11T01:22:17Z,119048529960596,7147
2026-09-11T01:22:17Z,119068914321553,6404
2026-09-11T01:22:17Z,119168493101362,9754
2026-09-11T01:22:17Z,119209026892378,673
2026-09-11T01:22:17Z,119271610514030,1463
2026-09-11T01:22:17Z,119355263204054,2787
2026-09-11T01:22:17Z,119427438574114,1089
2026-09-11T01:22:17Z,119455737640001,1386
2026-09-11T01:22:17Z,119473104067789,760
2026-09-11T01:22:17Z,119579217517090,2726
2026-09-11T01:22:17Z,119609933650338,661
2026-09-11T01:22:17Z,119789365111500,4445
2026-09-11T01:22:17Z,119822977170203,3293
2026-09-11T01:22:17Z,119910584000876,1562
2026-09-11T01:22:17Z,119987266683883,577
2026-09-11T01:22:17Z,120014184236770,625
2026-09-11T01:22:17Z,120135584963579,3121
2026-09-11T01:22:17Z,120140631282295,749
2026-09-11T01:22:17Z,120154566897536,701
2026-09-11T01:22:17Z,120189115846709,1679
2026-09-11T01:22:17Z,120217704230083,1074
2026-09-11T01:22:17Z,120299070926116,1143
2026-09-11T01:22:17Z,120398694613042,1026
2026-09-11T01:22:17Z,120450743769548,690
2026-09-11T01:22:17Z,120546894379169,911
2026-09-11T01:22:17Z,120700541929930,12400
2026-09-11T01:22:17Z,120704669141193,1820
2026-09-11T01:22:17Z,120742901763323,570
2026-09-11T01:22:17Z,120766736586332,544
2026-09-11T01:22:17Z,120790217521707,885
2026-09-11T01:22:17Z,120841752776030,2714
2026-09-11T01:22:17Z,120851538706364,12033
2026-09-11T01:22:17Z,120944686522212,699
2026-09-11T01:22:17Z,121268060261990,3146
2026-09-11T01:22:17Z,121461214257813,1411
2026-09-11T01:22:17Z,121781732399469,3312
2026-09-11T01:22:17Z,121864768012064,90930
2026-09-11T01:22:17Z,121903154323395,1039
2026-09-11T01:22:17Z,122093998639862,1350
2026-09-11T01:22:17Z,122216176958450,6311
2026-09-11T01:22:17Z,122245938604556,19348
2026-09-11T01:22:17Z,122433454504469,639
2026-09-11T01:22:17Z,122446657157717,7810
2026-09-11T01:22:17Z,122454884469606,662
2026-09-11T01:22:17Z,122485613019196,10525
2026-09-11T01:22:17Z,122507029092776,5842
2026-09-11T01:22:17Z,122553263569744,2168
2026-09-11T01:22:17Z,122572082932179,13105
2026-09-11T01:22:17Z,122606989565107,2749
2026-09-11T01:22:17Z,122720857080780,1353
2026-09-11T01:22:17Z,122802147482832,578
2026-09-11T01:22:17Z,122951224417794,2377
2026-09-11T01:22:17Z,123213873176964,687
2026-09-11T01:22:17Z,123258797415953,821
2026-09-11T01:22:17Z,123468479998097,864
2026-09-11T01:22:17Z,123577181610172,638
2026-09-11T01:22:17Z,123581964009368,754
2026-09-11T01:22:17Z,123698673940079,6659
2026-09-11T01:22:17Z,123724279728430,9310
2026-09-11T01:22:17Z,123847390309161,8905
2026-09-11T01:22:17Z,123921593837160,3774
2026-09-11T01:22:17Z,124027312895188,1224
2026-09-11T01:22:17Z,124293095895786,8723
2026-09-11T01:22:17Z,124338404742585,3011
2026-09-11T01:22:17Z,124389216346675,1564
2026-09-11T01:22:17Z,124396690804338,658
2026-09-11T01:22:17Z,124473577469410,609
2026-09-11T01:22:17Z,124675142564227,2106
2026-09-11T01:22:17Z,124729731716967,2294
2026-09-11T01:22:17Z,124740268654741,957
2026-09-11T01:22:17Z,124757309017950,522
2026-09-11T01:22:17Z,124761153798409,8750
2026-09-11T01:22:17Z,124943244212764,592
2026-09-11T01:22:17Z,125039473548047,9475
2026-09-11T01:22:17Z,125299131646017,886
2026-09-11T01:22:17Z,125306084071551,4706
2026-09-11T01:22:17Z,125410772032969,920
2026-09-11T01:22:17Z,125488740127641,3172
2026-09-11T01:22:17Z,125496078313264,2970
2026-09-11T01:22:17Z,125503525638054,3931
2026-09-11T01:22:17Z,125790795579287,666
2026-09-11T01:22:17Z,125810438250765,1091
2026-09-11T01:22:17Z,125823964467491,585
2026-09-11T01:22:17Z,125927821145949,4004
2026-09-11T01:22:17Z,126016859830524,6124
2026-09-11T01:22:17Z,126171938168748,948
2026-09-11T01:22:17Z,126639935515772,816
2026-09-11T01:22:17Z,126815230666914,4027
2026-09-11T01:22:17Z,126857641130765,1081
2026-09-11T01:22:17Z,126870639873289,36888
2026-09-11T01:22:17Z,126884695634066,20704
2026-09-11T01:22:17Z,126922689754590,1164
2026-09-11T01:22:17Z,126987974021910,37663
2026-09-11T01:22:17Z,127078880769763,2487
2026-09-11T01:22:17Z,127089247654125,3051
2026-09-11T01:22:17Z,127099886596040,1778
2026-09-11T01:22:17Z,127103413498148,2278
2026-09-11T01:22:17Z,127152805777886,1198
2026-09-11T01:22:17Z,127177791789316,548
2026-09-11T01:22:17Z,127332613700317,1814
2026-09-11T01:22:17Z,127377897541228,1541
2026-09-11T01:22:17Z,127380660530951,5298
2026-09-11T01:22:17Z,127403135954624,6627
2026-09-11T01:22:17Z,127415661078736,772
2026-09-11T01:22:17Z,127475054933484,959
2026-09-11T01:22:17Z,127606305348556,857
2026-09-11T01:22:17Z,127608230264974,1837
2026-09-11T01:22:17Z,127634932179327,2057
2026-09-11T01:22:17Z,127737908858963,910
2026-09-11T01:22:17Z,127742093697776,2063
2026-09-11T01:22:17Z,127775478639865,3549
2026-09-11T01:22:17Z,127994242634536,41969
2026-09-11T01:22:17Z,128039018996175,2375
2026-09-11T01:22:17Z,128119795963270,6833
2026-09-11T01:22:17Z,128263975853774,4491
2026-09-11T01:22:17Z,128329680321338,1808
2026-09-11T01:22:17Z,128448883585036,3914
2026-09-11T01:22:17Z,128451689942376,5781
2026-09-11T01:22:17Z,128637868413472,578
2026-09-11T01:22:17Z,128662368175518,1684
2026-09-11T01:22:17Z,128718867767713,1103
2026-09-11T01:22:17Z,128736949265057,14051
2026-09-11T01:22:17Z,128784467030899,11225
2026-09-11T01:22:17Z,128793328541327,551
2026-09-11T01:22:17Z,128931272139211,1321
2026-09-11T01:22:17Z,129003441529549,777
2026-09-11T01:22:17Z,129096378231329,5209
2026-09-11T01:22:17Z,129163919591388,746
2026-09-11T01:22:17Z,129253568870286,4324
2026-09-11T01:22:17Z,129279692364812,4554
2026-09-11T01:22:17Z,129305872972839,1820
2026-09-11T01:22:17Z,129692563688057,974
2026-09-11T01:22:17Z,129768092435314,4114
2026-09-11T01:22:17Z,129784419746425,1171
2026-09-11T01:22:17Z,129827112113663,3207
2026-09-11T01:22:17Z,129827535941999,1135
2026-09-11T01:22:17Z,129839966867899,753
2026-09-11T01:22:17Z,129866685202296,537
2026-09-11T01:22:17Z,129907317028750,2302
2026-09-11T01:22:17Z,129932912185311,2072
2026-09-11T01:22:17Z,129938700249638,780
2026-09-11T01:22:17Z,129972079094718,4356
2026-09-11T01:22:17Z,130222697019939,1312
2026-09-11T01:22:17Z,130253630950453,766
2026-09-11T01:22:17Z,130404059693601,4836
2026-09-11T01:22:17Z,130496219537579,708
2026-09-11T01:22:17Z,130522875331172,731
2026-09-11T01:22:17Z,130565641176498,1014
2026-09-11T01:22:17Z,130641102725850,4845
2026-09-11T01:22:17Z,130700367963690,1787
2026-09-11T01:22:17Z,130739873848552,5332
2026-09-11T01:22:17Z,130929507719087,916
2026-09-11T01:22:17Z,130960021905304,663
2026-09-11T01:22:17Z,130960835358983,2694
2026-09-11T01:22:17Z,131068932321596,1931
2026-09-11T01:22:17Z,131103239963274,1223
2026-09-11T01:22:17Z,131117978948830,4073
2026-09-11T01:22:17Z,131234167969699,571
2026-09-11T01:22:17Z,131320856116838,533
2026-09-11T01:22:17Z,131346454575416,8987
2026-09-11T01:22:17Z,131367064230486,737
2026-09-11T01:22:17Z,131378148336503,8014
2026-09-11T01:22:17Z,131479356121251,9907
2026-09-11T01:22:17Z,131572543049913,1375
2026-09-11T01:22:17Z,131623223084840,3087
2026-09-11T01:22:17Z,131667667758514,1791
2026-09-11T01:22:17Z,131856811555630,1292
2026-09-11T01:22:17Z,131906518201863,1053
2026-09-11T01:22:17Z,131910189515331,1286
2026-09-11T01:22:17Z,132016691802922,970
2026-09-11T01:22:17Z,132046904416072,1005
2026-09-11T01:22:17Z,132173349090360,7671
2026-09-11T01:22:17Z,132287558697665,1218
2026-09-11T01:22:17Z,132352755769957,6492
2026-09-11T01:22:17Z,132448451193552,567
2026-09-11T01:22:17Z,132499927511859,1532
2026-09-11T01:22:17Z,132586479415502,2363
2026-09-11T01:22:17Z,132640332499066,507
2026-09-11T01:22:17Z,132678066262863,654
2026-09-11T01:22:17Z,132768098780837,2488
2026-09-11T01:22:17Z,133007106457547,769
2026-09-11T01:22:17Z,133188236593503,3825
2026-09-11T01:22:17Z,133203197541113,3069
2026-09-11T01:22:17Z,133294838637122,12629
2026-09-11T01:22:17Z,133341016381877,2285
2026-09-11T01:22:17Z,133585162751824,6001
2026-09-11T01:22:17Z,133609054222738,588
2026-09-11T01:22:17Z,133719960214587,804
2026-09-11T01:22:17Z,133872233697203,538
2026-09-11T01:22:17Z,133943904733338,1810
2026-09-11T01:22:17Z,133968315607063,2034
2026-09-11T01:22:17Z,134162299584012,3314
2026-09-11T01:22:17Z,134208374070897,10406
2026-09-11T01:22:17Z,134361906638337,3232
2026-09-11T01:22:17Z,134363641369914,2621
2026-09-11T01:22:17Z,134381727982611,5421
2026-09-11T01:22:17Z,134424372433341,1721
2026-09-11T01:22:17Z,134558434771720,995
2026-09-11T01:22:17Z,134619004688066,2247
2026-09-11T01:22:17Z,134707983960541,2307
2026-09-11T01:22:17Z,134719268825886,4840
2026-09-11T01:22:17Z,134750290201751,516
2026-09-11T01:22:17Z,134807373415131,1717
2026-09-11T01:22:17Z,135000370479961,558
2026-09-11T01:22:17Z,135038773889079,533
2026-09-11T01:22:17Z,135155039067698,3384
2026-09-11T01:22:17Z,135193469413243,5770
2026-09-11T01:22:17Z,135678396831347,782
2026-09-11T01:22:17Z,135717153770519,4063
2026-09-11T01:22:17Z,135729108619936,565
2026-09-11T01:22:17Z,135757618941587,900
2026-09-11T01:22:17Z,135849823614481,503
2026-09-11T01:22:17Z,135856908115931,87477
2026-09-11T01:22:17Z,136020512003847,12700
2026-09-11T01:22:17Z,136107936984073,948
2026-09-11T01:22:17Z,136162036182779,559
2026-09-11T01:22:17Z,136372246050123,532
2026-09-11T01:22:17Z,136404558442020,1227
2026-09-11T01:22:17Z,136431686349723,696
2026-09-11T01:22:17Z,136533956395153,2275
2026-09-11T01:22:17Z,136764190843219,1118
2026-09-11T01:22:17Z,136801880565837,2134
2026-09-11T01:22:17Z,136822524519115,1080
2026-09-11T01:22:17Z,136990058242546,1210
2026-09-11T01:22:17Z,137228775845999,9610
2026-09-11T01:22:17Z,137233438285284,5238
2026-09-11T01:22:17Z,137287903930382,637
2026-09-11T01:22:17Z,137370015275609,1455
2026-09-11T01:22:17Z,137541498231955,3258
2026-09-11T01:22:17Z,137826330724902,3556
2026-09-11T01:22:17Z,137849500783095,601
2026-09-11T01:22:17Z,137925884276740,6195
2026-09-11T01:22:17Z,138057930391823,578
2026-09-11T01:22:17Z,138064211947107,516
2026-09-11T01:22:17Z,138182400257397,817
2026-09-11T01:22:17Z,138205182571367,5150
2026-09-11T01:22:17Z,138225905240404,647
2026-09-11T01:22:17Z,138363592957250,4744
2026-09-11T01:22:17Z,138381251771774,896
2026-09-11T01:22:17Z,138432670504218,1834
2026-09-11T01:22:17Z,138486812747835,1795
2026-09-11T01:22:17Z,138837502355157,1408
2026-09-11T01:22:17Z,139063887391814,1584
2026-09-11T01:22:17Z,139360679647453,1526
2026-09-11T01:22:17Z,139488437793833,1214
2026-09-11T01:22:17Z,139506321380888,2830
2026-09-11T01:22:17Z,139546619723000,1440
2026-09-11T01:22:17Z,139598620873181,751
2026-09-11T01:22:17Z,139617346573330,593
2026-09-11T01:22:17Z,139766023909499,1500
2026-09-11T01:22:17Z,139874182509202,553
2026-09-11T01:22:17Z,139988436996662,1104
2026-09-11T01:22:17Z,139995416758538,2063
2026-09-11T01:22:17Z,140033502516293,689
2026-09-11T01:22:17Z,140063367098641,890
2026-09-11T01:22:17Z,140302982046391,1577
2026-09-11T01:22:17Z,140317247681516,771
2026-09-11T01:22:17Z,140374914197602,2887
2026-09-11T01:22:17Z,140409475718339,1090
2026-09-11T01:22:17Z,140417239274110,1461
2026-09-11T01:22:17Z,140424985545402,1253
2026-09-11T01:22:17Z,140462309938712,1288
2026-09-11T01:22:17Z,140477643689375,720
2026-09-11T01:22:17Z,140481779622210,1584
2026-09-11T04:31:54Z,189707,8742
2026-09-11T04:31:54Z,192800,4118
2026-09-11T04:31:54Z,13822889,1237
2026-09-11T04:31:54Z,20321167,2195
2026-09-11T04:31:54Z,21532277,2006
2026-09-11T04:31:54Z,31490825,745
2026-09-11T04:31:54Z,69184822,2682
2026-09-11T04:31:54Z,71315343,1071
2026-09-11T04:31:54Z,121748721,575
2026-09-11T04:31:54Z,142823291,148445
2026-09-11T04:31:54Z,155382109,893
2026-09-11T04:31:54Z,155615604,6800
2026-09-11T04:31:54Z,166731267,546
2026-09-11T04:31:54Z,166986752,3031
2026-09-11T04:31:54Z,183364845,718
2026-09-11T04:31:54Z,185655149,10986
2026-09-11T04:31:54Z,205224386,1387
2026-09-11T04:31:54Z,263761432,917
2026-09-11T04:31:54Z,277751860,2189
2026-09-11T04:31:54Z,286090429,3193
2026-09-11T04:31:54Z,292439477,1875
2026-09-11T04:31:54Z,292628125,1411
2026-09-11T04:31:54Z,328028363,712
2026-09-11T04:31:54Z,334730614,622
2026-09-11T04:31:54Z,373513488,525
2026-09-11T04:31:54Z,443406476,874
2026-09-11T04:31:54Z,537413528,7947
2026-09-11T04:31:54Z,606849621,5345
2026-09-11T04:31:54Z,654732683,1710
2026-09-11T04:31:54Z,735030788,4826
2026-09-11T04:31:54Z,815405518,1885
2026-09-11T04:31:54Z,863266079,1017
2026-09-11T04:31:54Z,891539556,665
2026-09-11T04:31:54Z,891852901,4249
2026-09-11T04:31:54Z,893973440,17032
2026-09-11T04:31:54Z,914010731,501
2026-09-11T04:31:54Z,920587237,94952
2026-09-11T04:31:54Z,1128650291,812
2026-09-11T04:31:54Z,1324061305,637
2026-09-11T04:31:54Z,1343871267,834
2026-09-11T04:31:54Z,1365404657,2047
2026-09-11T04:31:54Z,1458767429,5422
2026-09-11T04:31:54Z,1537690962,18569
2026-09-11T04:31:54Z,1554960397,1365
2026-09-11T04:31:54Z,1588965415,941
2026-09-11T04:31:54Z,1730877806,17633
2026-09-11T04:31:54Z,1962086868,15333
2026-09-11T04:31:54Z,2166944189,1270
2026-09-11T04:31:54Z,2210085102,566
2026-09-11T04:31:54Z,2317712696,598
2026-09-11T04:31:54Z,2338325648,4250
2026-09-11T04:31:54Z,2376885433,755
2026-09-11T04:31:54Z,2418863943,3500
2026-09-11T04:31:54Z,2474168535,501
2026-09-11T04:31:54Z,2512643572,2756
2026-09-11T04:31:54Z,2534724415,3226
2026-09-11T04:31:54Z,2551991523,1847
2026-09-11T04:31:54Z,2569453732,727
2026-09-11T04:31:54Z,2693023319,2162
2026-09-11T04:31:54Z,2727067538,1141
2026-09-11T04:31:54Z,2753915549,279350
2026-09-11T04:31:54Z,2768379856,6625
2026-09-11T04:31:54Z,2772610559,1135
2026-09-11T04:31:54Z,2778230703,909
2026-09-11T04:31:54Z,2788229376,1794
2026-09-11T04:31:54Z,2809202155,1137
2026-09-11T04:31:54Z,2913303231,848
2026-09-11T04:31:54Z,2916899287,3516
2026-09-11T04:31:54Z,2968914904,710
2026-09-11T04:31:54Z,3016661674,755
2026-09-11T04:31:54Z,3025990139,638
2026-09-11T04:31:54Z,3117860193,602
2026-09-11T04:31:54Z,3214114884,504
2026-09-11T04:31:54Z,3242417672,1722
2026-09-11T04:31:54Z,3260590327,7363
2026-09-11T04:31:54Z,3261957210,610
2026-09-11T04:31:54Z,3339374541,785
2026-09-11T04:31:54Z,3351674303,24351
2026-09-11T04:31:54Z,3398014311,844
2026-09-11T04:31:54Z,3457390032,555
2026-09-11T04:31:54Z,3475397644,7009
2026-09-11T04:31:54Z,3623096087,7888
2026-09-11T04:31:54Z,3631820248,2119
2026-09-11T04:31:54Z,3663340706,3418
2026-09-11T04:31:54Z,3678761576,2950
2026-09-11T04:31:54Z,3823781113,1853
2026-09-11T04:31:54Z,3851622790,1896
2026-09-11T04:31:54Z,3891618314,1375
2026-09-11T04:31:54Z,3956818381,535
2026-09-11T04:31:54Z,4104106043,2322
2026-09-11T04:31:54Z,4110892437,537
2026-09-11T04:31:54Z,4111023553,3139
2026-09-11T04:31:54Z,4282985734,1742
2026-09-11T04:31:54Z,4448566543,873
2026-09-11T04:31:54Z,4480809144,1404
2026-09-11T04:31:54Z,4520749081,4908
2026-09-11T04:31:54Z,4522347649,577
2026-09-11T04:31:54Z,4566572536,1360
2026-09-11T04:31:54Z,4580204640,5007
2026-09-11T04:31:54Z,4588604953,1451
2026-09-11T04:31:54Z,4616652839,3866
2026-09-11T04:31:54Z,4623386862,2958
2026-09-11T04:31:54Z,4637668954,2782
2026-09-11T04:31:54Z,4639625707,4238
2026-09-11T04:31:54Z,4640354700,521
2026-09-11T04:31:54Z,4646477729,589
2026-09-11T04:31:54Z,4796443083,665
2026-09-11T04:31:54Z,4830581890,1016
2026-09-11T04:31:54Z,4832438542,1073
2026-09-11T04:31:54Z,4850533156,1086
2026-09-11T04:31:54Z,4850588087,3252
2026-09-11T04:31:54Z,4855457388,616
2026-09-11T04:31:54Z,4872321990,545
2026-09-11T04:31:54Z,4889315193,1537
2026-09-11T04:31:54Z,4924922222,266434
2026-09-11T04:31:54Z,4954096313,1052
2026-09-11T04:31:54Z,4972091010,627
2026-09-11T04:31:54Z,4972273297,1805
2026-09-11T04:31:54Z,4996049426,5517
2026-09-11T04:31:54Z,5041144419,1298
2026-09-11T04:31:54Z,5104202731,598
2026-09-11T04:31:54Z,5118969548,1248
2026-09-11T04:31:54Z,5130598377,747
2026-09-11T04:31:54Z,5152425034,3233
2026-09-11T04:31:54Z,5154858502,506
2026-09-11T04:31:54Z,5171093784,1220
2026-09-11T04:31:54Z,5171347293,1131
2026-09-11T04:31:54Z,5233782396,21056
2026-09-11T04:31:54Z,5244411056,2442
2026-09-11T04:31:54Z,5286116071,567
2026-09-11T04:31:54Z,5289509545,8826
2026-09-11T04:31:54Z,5343994291,669
2026-09-11T04:31:54Z,5496455308,1216
2026-09-11T04:31:54Z,5571328985,1520
2026-09-11T04:31:54Z,5593925613,1829
2026-09-11T04:31:54Z,5670218884,2164
2026-09-11T04:31:54Z,5671985295,2603
2026-09-11T04:31:54Z,5683833663,612
2026-09-11T04:31:54Z,5702593762,1645
2026-09-11T04:31:54Z,5712833750,2280
2026-09-11T04:31:54Z,5777099015,1162
2026-09-11T04:31:54Z,5829141886,540
2026-09-11T04:31:54Z,5846386835,551
2026-09-11T04:31:54Z,5856880701,792
2026-09-11T04:31:54Z,5865858426,1302
2026-09-11T04:31:54Z,5901440255,1022
2026-09-11T04:31:54Z,5926001758,790
2026-09-11T04:31:54Z,5984006660,569
2026-09-11T04:31:54Z,5985232436,2851
2026-09-11T04:31:54Z,6020247720,1597
2026-09-11T04:31:54Z,6104994594,1163
2026-09-11T04:31:54Z,6137321701,739
2026-09-11T04:31:54Z,6153766069,1610
2026-09-11T04:31:54Z,6161235818,1237
2026-09-11T04:31:54Z,6205205961,6128
2026-09-11T04:31:54Z,6218169544,718
2026-09-11T04:31:54Z,6243699076,2537
2026-09-11T04:31:54Z,6250795236,531
2026-09-11T04:31:54Z,6263431107,1416
2026-09-11T04:31:54Z,6270290407,1307
2026-09-11T04:31:54Z,6284583030,866
2026-09-11T04:31:54Z,6299805723,1178
2026-09-11T04:31:54Z,6305582775,562
2026-09-11T04:31:54Z,6358567974,8086
2026-09-11T04:31:54Z,6366329104,3540
2026-09-11T04:31:54Z,6377740507,912
2026-09-11T04:31:54Z,6382584061,2495
2026-09-11T04:31:54Z,6403373529,5098
2026-09-11T04:31:54Z,6445435958,874
2026-09-11T04:31:54Z,6447798030,2150
2026-09-11T04:31:54Z,6507422231,3915
2026-09-11T04:31:54Z,6516141723,21980
2026-09-11T04:31:54Z,6520999642,1429
2026-09-11T04:31:54Z,6608498361,845
2026-09-11T04:31:54Z,6610021055,613
2026-09-11T04:31:54Z,6698800091,2356
2026-09-11T04:31:54Z,6717367660,819
2026-09-11T04:31:54Z,6735572261,512
2026-09-11T04:31:54Z,6737970321,4185
2026-09-11T04:31:54Z,6766156863,542
2026-09-11T04:31:54Z,6804602922,2864
2026-09-11T04:31:54Z,6816975827,2870
2026-09-11T04:31:54Z,6872265039,15969
2026-09-11T04:31:54Z,6875747014,2875
2026-09-11T04:31:54Z,6884319169,3383
2026-09-11T04:31:54Z,6911148748,2913
2026-09-11T04:31:54Z,6915976310,1145
2026-09-11T04:31:54Z,6918802270,1537
2026-09-11T04:31:54Z,6924758805,770
2026-09-11T04:31:54Z,6934310111,2082
2026-09-11T04:31:54Z,6939111033,1272
2026-09-11T04:31:54Z,6961824067,24645
2026-09-11T04:31:54Z,6989310863,2201
2026-09-11T04:31:54Z,7041939546,50610
2026-09-11T04:31:54Z,7074772062,1508
2026-09-11T04:31:54Z,7117492592,2431
2026-09-11T04:31:54Z,7138009149,1170
2026-09-11T04:31:54Z,7171174521,6224
2026-09-11T04:31:54Z,7180042682,1854
2026-09-11T04:31:54Z,7211666966,609
2026-09-11T04:31:54Z,7241858214,1665
2026-09-11T04:31:54Z,7243409883,3286
2026-09-11T04:31:54Z,7253149844,748
2026-09-11T04:31:54Z,7305309231,6066
2026-09-11T04:31:54Z,7336302630,1668
2026-09-11T04:31:54Z,7367863399,736
2026-09-11T04:31:54Z,7491927311,532
2026-09-11T04:31:54Z,7554888362,13293
2026-09-11T04:31:54Z,7577961216,2200
2026-09-11T04:31:54Z,7605357829,2614
2026-09-11T04:31:54Z,7606564092,605
2026-09-11T04:31:54Z,7670825572,2074
2026-09-11T04:31:54Z,7711635737,1320
2026-09-11T04:31:54Z,7772810845,1031
2026-09-11T04:31:54Z,7784286514,535
2026-09-11T04:31:54Z,7871169780,1246
2026-09-11T04:31:54Z,7896264844,854
2026-09-11T04:31:54Z,7971857341,4274
2026-09-11T04:31:54Z,7991339063,3667
2026-09-11T04:31:54Z,8003084678,877
2026-09-11T04:31:54Z,8034026074,2171
2026-09-11T04:31:54Z,8096601114,684
2026-09-11T04:31:54Z,8109476632,528
2026-09-11T04:31:54Z,8204899140,1635
2026-09-11T04:31:54Z,8246874626,1631
2026-09-11T04:31:54Z,8260276694,1221
2026-09-11T04:31:54Z,8286149869,773
2026-09-11T04:31:54Z,8317834514,3545
2026-09-11T04:31:54Z,8328351891,1150
2026-09-11T04:31:54Z,8369888266,2261
2026-09-11T04:31:54Z,8388259310,533
2026-09-11T04:31:54Z,8412352352,593
2026-09-11T04:31:54Z,8416249767,894
2026-09-11T04:31:54Z,8481844229,17169
2026-09-11T04:31:54Z,8534845015,766
2026-09-11T04:31:54Z,8540168650,810
2026-09-11T04:31:54Z,8542259458,668
2026-09-11T04:31:54Z,8554378337,600
2026-09-11T04:31:54Z,8562822414,593
2026-09-11T04:31:54Z,8571687919,1166
2026-09-11T04:31:54Z,8617370639,1274
2026-09-11T04:31:54Z,8657766101,689
2026-09-11T04:31:54Z,8704997000,3035
2026-09-11T04:31:54Z,8712817601,9172
2026-09-11T04:31:54Z,8737602449,2791
2026-09-11T04:31:54Z,8737899170,63456
2026-09-11T04:31:54Z,8838701772,1325
2026-09-11T04:31:54Z,8884433153,2927
2026-09-11T04:31:54Z,8908228901,532
2026-09-11T04:31:54Z,9049840490,1572
2026-09-11T04:31:54Z,9058310544,764
2026-09-11T04:31:54Z,9096881148,3170
2026-09-11T04:31:54Z,9099326192,803
2026-09-11T04:31:54Z,9120716669,1005
2026-09-11T04:31:54Z,9192423027,1856
2026-09-11T04:31:54Z,9224601490,2079
2026-09-11T04:31:54Z,9273658706,1499
2026-09-11T04:31:54Z,9346039031,768
2026-09-11T04:31:54Z,9391468976,88523
2026-09-11T04:31:54Z,9404223526,1821
2026-09-11T04:31:54Z,9414511685,1314
2026-09-11T04:31:54Z,9731376817,1577
2026-09-11T04:31:54Z,9791603388,1272
2026-09-11T04:31:54Z,9872472334,26383
2026-09-11T04:31:54Z,9879422661,571
2026-09-11T04:31:54Z,9922455303,608
2026-09-11T04:31:54Z,10110568567,779
2026-09-11T04:31:54Z,10165583746,4340
2026-09-11T04:31:54Z,10179538382,1530
2026-09-11T04:31:54Z,10224049386,1382
2026-09-11T04:31:54Z,10253248401,3311
2026-09-11T04:31:54Z,10260193230,1743
2026-09-11T04:31:54Z,10272636261,1199
2026-09-11T04:31:54Z,10277607801,686
2026-09-11T04:31:54Z,10449761463,38911
2026-09-11T04:31:54Z,10450270085,806
2026-09-11T04:31:54Z,10576142169,567
2026-09-11T04:31:54Z,10595058975,1315
2026-09-11T04:31:54Z,10660791703,780
2026-09-11T04:31:54Z,10679239752,1042
2026-09-11T04:31:54Z,10696301650,1531
2026-09-11T04:31:54Z,10704789056,504
2026-09-11T04:31:54Z,10726371567,780
2026-09-11T04:31:54Z,10745043766,1015
2026-09-11T04:31:54Z,10834586502,2346
2026-09-11T04:31:54Z,10846691679,573
2026-09-11T04:31:54Z,10941514720,1027
2026-09-11T04:31:54Z,10959918411,972
2026-09-11T04:31:54Z,11137575513,608
2026-09-11T04:31:54Z,11158043705,6156
2026-09-11T04:31:54Z,11232592166,589
2026-09-11T04:31:54Z,11273483795,1123
2026-09-11T04:31:54Z,11276071411,1003
2026-09-11T04:31:54Z,11364087119,1277
2026-09-11T04:31:54Z,11379739543,8453
2026-09-11T04:31:54Z,11392373641,1457
2026-09-11T04:31:54Z,11464559285,741
2026-09-11T04:31:54Z,11474405411,855
2026-09-11T04:31:54Z,11653088948,617
2026-09-11T04:31:54Z,11684369582,634
2026-09-11T04:31:54Z,11694307960,1171
2026-09-11T04:31:54Z,11727501024,1280
2026-09-11T04:31:54Z,11729688377,765
2026-09-11T04:31:54Z,11765402359,1990
2026-09-11T04:31:54Z,11782774748,1845
2026-09-11T04:31:54Z,11815767793,2128
2026-09-11T04:31:54Z,11848247239,1145
2026-09-11T04:31:54Z,11862502039,1749
2026-09-11T04:31:54Z,11928087342,903
2026-09-11T04:31:54Z,12076775711,539
2026-09-11T04:31:54Z,12077443856,582
2026-09-11T04:31:54Z,12090482034,520
2026-09-11T04:31:54Z,12177325772,7618
2026-09-11T04:31:54Z,12262046571,1744
2026-09-11T04:31:54Z,12334109280,4937
2026-09-11T04:31:54Z,12338455185,1486
2026-09-11T04:31:54Z,12355337193,6013
2026-09-11T04:31:54Z,12397515839,2110
2026-09-11T04:31:54Z,12398038681,516
2026-09-11T04:31:54Z,12407250267,1600
2026-09-11T04:31:54Z,12411473842,783
2026-09-11T04:31:54Z,12495498157,991
2026-09-11T04:31:54Z,12593620250,3979
2026-09-11T04:31:54Z,12699642568,5235
2026-09-11T04:31:54Z,12828227139,1701
2026-09-11T04:31:54Z,12847474373,735
2026-09-11T04:31:54Z,12912731475,1416
2026-09-11T04:31:54Z,12931609417,1893
2026-09-11T04:31:54Z,12985361032,6998
2026-09-11T04:31:54Z,12997619803,838
2026-09-11T04:31:54Z,13042495892,1127
2026-09-11T04:31:54Z,13076380114,5564
2026-09-11T04:31:54Z,13118814103,1348
2026-09-11T04:31:54Z,13127800756,1596
2026-09-11T04:31:54Z,13159565330,1201
2026-09-11T04:31:54Z,13166293021,1781
2026-09-11T04:31:54Z,13184713709,1337
2026-09-11T04:31:54Z,13189735542,560
2026-09-11T04:31:54Z,13313611422,536
2026-09-11T04:31:54Z,13358463560,536
2026-09-11T04:31:54Z,13379208636,10285
2026-09-11T04:31:54Z,13384322856,514
2026-09-11T04:31:54Z,13416197699,1583
2026-09-11T04:31:54Z,13429790955,1703
2026-09-11T04:31:54Z,13438553315,591
2026-09-11T04:31:54Z,13473615074,1246
2026-09-11T04:31:54Z,13482468151,3951
2026-09-11T04:31:54Z,13587601484,1406
2026-09-11T04:31:54Z,13600218266,7711
2026-09-11T04:31:54Z,13621938427,9996
2026-09-11T04:31:54Z,13664698400,1006
2026-09-11T04:31:54Z,13687899540,4939
2026-09-11T04:31:54Z,13698105873,515
2026-09-11T04:31:54Z,13718567207,1014
2026-09-11T04:31:54Z,13772394625,12028
2026-09-11T04:31:54Z,13775256536,2134
2026-09-11T04:31:54Z,13796645198,1196
2026-09-11T04:31:54Z,13822562292,3300
2026-09-11T04:31:54Z,13827198708,515
2026-09-11T04:31:54Z,13864661000,1589
2026-09-11T04:31:54Z,13955927965,1294
2026-09-11T04:31:54Z,13967668166,14786
2026-09-11T04:31:54Z,13999660589,3706
2026-09-11T04:31:54Z,14038329225,802
2026-09-11T04:31:54Z,14044547200,1951
2026-09-11T04:31:54Z,14161770735,695
2026-09-11T04:31:54Z,14184086618,595
2026-09-11T04:31:54Z,14212732626,1861
2026-09-11T04:31:54Z,14236925335,4214
2026-09-11T04:31:54Z,14237585680,1144
2026-09-11T04:31:54Z,14238596528,3066
2026-09-11T04:31:54Z,14259168147,2992
2026-09-11T04:31:54Z,14259358984,627
2026-09-11T04:31:54Z,14279693118,1297
2026-09-11T04:31:54Z,14301835518,3212
2026-09-11T04:31:54Z,14313259147,717
2026-09-11T04:31:54Z,14315258385,18007
2026-09-11T04:31:54Z,14422394494,2610
2026-09-11T04:31:54Z,14437001043,955
2026-09-11T04:31:54Z,14438406081,5715
2026-09-11T04:31:54Z,14451515684,3394
2026-09-11T04:31:54Z,14458936637,1463
2026-09-11T04:31:54Z,14475396559,774
2026-09-11T04:31:54Z,14518422161,503
2026-09-11T04:31:54Z,14564651437,2404
2026-09-11T04:31:54Z,14567590300,1341
2026-09-11T04:31:54Z,14608970270,8928
2026-09-11T04:31:54Z,14721282186,878
2026-09-11T04:31:54Z,14772802900,1601
2026-09-11T04:31:54Z,14776071100,549
2026-09-11T04:31:54Z,14787369036,631
2026-09-11T04:31:54Z,14823220100,632
2026-09-11T04:31:54Z,14833592591,1221
2026-09-11T04:31:54Z,14835828495,1468
2026-09-11T04:31:54Z,14959543012,501
2026-09-11T04:31:54Z,15002061926,5820
2026-09-11T04:31:54Z,15027718878,507
2026-09-11T04:31:54Z,15077422637,568
2026-09-11T04:31:54Z,15092647980,615
2026-09-11T04:31:54Z,15101393044,38558
2026-09-11T04:31:54Z,15111895255,1176
2026-09-11T04:31:54Z,15135285305,904
2026-09-11T04:31:54Z,15198166649,1100
2026-09-11T04:31:54Z,15240723287,3238
2026-09-11T04:31:54Z,15269951959,3464
2026-09-11T04:31:54Z,15270182488,1000
2026-09-11T04:31:54Z,15288629078,1048
2026-09-11T04:31:54Z,15318113891,12602
2026-09-11T04:31:54Z,15507022415,1394
2026-09-11T04:31:54Z,15509312676,500
2026-09-11T04:31:54Z,15532962292,41653
2026-09-11T04:31:54Z,15546218972,1786
2026-09-11T04:31:54Z,15550215902,2926
2026-09-11T04:31:54Z,15560168390,690
2026-09-11T04:31:54Z,15598056478,1235
2026-09-11T04:31:54Z,15654981113,571
2026-09-11T04:31:54Z,15694891095,1518
2026-09-11T04:31:54Z,15696848933,1987
2026-09-11T04:31:54Z,15768329004,7025
2026-09-11T04:31:54Z,15784744207,1290
2026-09-11T04:31:54Z,15930174396,3058
2026-09-11T04:31:54Z,16039690331,1133
2026-09-11T04:31:54Z,16115051360,891
2026-09-11T04:31:54Z,16116270224,17163
2026-09-11T04:31:54Z,16141898262,1029
2026-09-11T04:31:54Z,16146832113,19029
2026-09-11T04:31:54Z,16154918775,2439
2026-09-11T04:31:54Z,16159871483,530
2026-09-11T04:31:54Z,16272604134,2229
2026-09-11T04:31:54Z,16288616721,506
2026-09-11T04:31:54Z,16331682055,1119
2026-09-11T04:31:54Z,16389395869,8223
2026-09-11T04:31:54Z,16446142514,1436
2026-09-11T04:31:54Z,16447934574,2686
2026-09-11T04:31:54Z,16454399300,546
2026-09-11T04:31:54Z,16480898254,2434
2026-09-11T04:31:54Z,16483433878,656
2026-09-11T04:31:54Z,16518256559,819
2026-09-11T04:31:54Z,16625391970,5006
2026-09-11T04:31:54Z,16653555262,563
2026-09-11T04:31:54Z,16732694052,64915
2026-09-11T04:31:54Z,16867505761,637
2026-09-11T04:31:54Z,16901389020,1629
2026-09-11T04:31:54Z,16907212609,866
2026-09-11T04:31:54Z,16910059756,2881
2026-09-11T04:31:54Z,16962279458,1867
2026-09-11T04:31:54Z,16991287194,2459
2026-09-11T04:31:54Z,16993432698,549
2026-09-11T04:31:54Z,17012548142,546
2026-09-11T04:31:54Z,17045823120,3041
2026-09-11T04:31:54Z,17121846721,1418
2026-09-11T04:31:54Z,17188326828,1089
2026-09-11T04:31:54Z,17192092512,2658
2026-09-11T04:31:54Z,17255098561,1044
2026-09-11T04:31:54Z,17450551531,1019
2026-09-11T04:31:54Z,17457039279,561
2026-09-11T04:31:54Z,17457986005,1447
2026-09-11T04:31:54Z,17516596118,16293
2026-09-11T04:31:54Z,17556820024,1595
2026-09-11T04:31:54Z,17571821642,2945
2026-09-11T04:31:54Z,17577256698,1668
2026-09-11T04:31:54Z,17581668152,1938
2026-09-11T04:31:54Z,17600423422,1095
2026-09-11T04:31:54Z,17612027930,731
2026-09-11T04:31:54Z,17625359962,90510
2026-09-11T04:31:54Z,17662297954,706
2026-09-11T04:31:54Z,17664585395,1541
2026-09-11T04:31:54Z,17698425045,2002
2026-09-11T04:31:54Z,17720162456,1574
2026-09-11T04:31:54Z,17759606919,522
2026-09-11T04:31:54Z,17844293708,792
2026-09-11T04:31:54Z,17882166032,2058
2026-09-11T04:31:54Z,18102078939,1450
2026-09-11T04:31:54Z,18138682962,819
2026-09-11T04:31:54Z,18152595062,720
2026-09-11T04:31:54Z,18156286285,567
2026-09-11T04:31:54Z,18180736634,1682
2026-09-11T04:31:54Z,18183902003,763
2026-09-11T04:31:54Z,18192562963,1392
2026-09-11T04:31:54Z,18199615050,4744
2026-09-11T04:31:54Z,18214855317,1762
2026-09-11T04:31:54Z,18218605381,13177
2026-09-11T04:31:54Z,18259975825,1975
2026-09-11T04:31:54Z,18260439047,1021
2026-09-11T04:31:54Z,18334179599,758
2026-09-11T04:31:54Z,18335956021,9899
2026-09-11T04:31:54Z,18336470541,511
2026-09-11T04:31:54Z,18341181766,826
2026-09-11T04:31:54Z,18376355901,1248
2026-09-11T04:31:54Z,18519254033,1560
2026-09-11T04:31:54Z,18537079992,547
2026-09-11T04:31:54Z,18645473062,987
2026-09-11T04:31:54Z,18649596490,1004
2026-09-11T04:31:54Z,18666738837,4135
2026-09-11T04:31:54Z,18668065416,10422
2026-09-11T04:31:54Z,18680867089,1256
2026-09-11T04:31:54Z,18687417158,40937
2026-09-11T04:31:54Z,18688598012,2036
2026-09-11T04:31:54Z,18700851435,1659
2026-09-11T04:31:54Z,18753889337,2280
2026-09-11T04:31:54Z,18799085098,1533
2026-09-11T04:31:54Z,18803315158,2594
2026-09-11T04:31:54Z,18816315817,1114
2026-09-11T04:31:54Z,18864551515,724
2026-09-11T04:31:54Z,18934709778,512
2026-09-11T04:31:54Z,18948446518,1618
2026-09-11T04:31:54Z,18950675748,1142
2026-09-11T04:31:54Z,18956320538,519
2026-09-11T04:31:54Z,18959440414,1231
2026-09-11T04:31:54Z,18984776765,1107
2026-09-11T04:31:54Z,70390793715007,1315
2026-09-11T04:31:54Z,70400654680508,2570
2026-09-11T04:31:54Z,70411440483149,19873
2026-09-11T04:31:54Z,70435795041539,4414
2026-09-11T04:31:54Z,70524138309677,524
2026-09-11T04:31:54Z,70587876731444,1016
2026-09-11T04:31:54Z,70640255604878,11997
2026-09-11T04:31:54Z,70805830291547,814
2026-09-11T04:31:54Z,70904050766278,607
2026-09-11T04:31:54Z,70906625936847,5115
2026-09-11T04:31:54Z,70911358699250,685
2026-09-11T04:31:54Z,70970763145070,751
2026-09-11T04:31:54Z,70990751935174,1981
2026-09-11T04:31:54Z,70994695337243,1034
2026-09-11T04:31:54Z,70998903613713,611
2026-09-11T04:31:54Z,71099982892966,650
2026-09-11T04:31:54Z,71132543521245,6880
2026-09-11T04:31:54Z,71143154217953,591
2026-09-11T04:31:54Z,71174733280934,938
2026-09-11T04:31:54Z,71229216166991,544
2026-09-11T04:31:54Z,71394819414417,1356
2026-09-11T04:31:54Z,71457452830106,1202
2026-09-11T04:31:54Z,71599043035739,2958
2026-09-11T04:31:54Z,71600459831333,2291
2026-09-11T04:31:54Z,71633357192188,1555
2026-09-11T04:31:54Z,71647048889071,789
2026-09-11T04:31:54Z,71647256260480,1591
2026-09-11T04:31:54Z,71704434889758,942
2026-09-11T04:31:54Z,71706515477118,561
2026-09-11T04:31:54Z,71774876641249,986
2026-09-11T04:31:54Z,71849204829689,597
2026-09-11T04:31:54Z,71852303862507,1209
2026-09-11T04:31:54Z,71895508397153,2198
2026-09-11T04:31:54Z,72019577565540,720
2026-09-11T04:31:54Z,72167803024670,899
2026-09-11T04:31:54Z,72216345408467,4200
2026-09-11T04:31:54Z,72317248326994,1096
2026-09-11T04:31:54Z,72387437800091,4745
2026-09-11T04:31:54Z,72450672234943,1157
2026-09-11T04:31:54Z,72659788689464,687
2026-09-11T04:31:54Z,72712036210947,838
2026-09-11T04:31:54Z,72763503064951,2077
2026-09-11T04:31:54Z,72845937010155,2135
2026-09-11T04:31:54Z,72920620366355,4346
2026-09-11T04:31:54Z,73097591386069,845
2026-09-11T04:31:54Z,73101851322368,738
2026-09-11T04:31:54Z,73153085372622,738
2026-09-11T04:31:54Z,73189007576537,1831
2026-09-11T04:31:54Z,73526576502092,603
2026-09-11T04:31:54Z,73578698401320,1123
2026-09-11T04:31:54Z,73613510857111,1313
2026-09-11T04:31:54Z,73621314943835,5559
2026-09-11T04:31:54Z,73768006371986,2006
2026-09-11T04:31:54Z,73897506680154,5958
2026-09-11T04:31:54Z,73904017172892,1675
2026-09-11T04:31:54Z,73908022013371,1943
2026-09-11T04:31:54Z,73956553001240,24666
2026-09-11T04:31:54Z,73988917142472,515
2026-09-11T04:31:54Z,74007353203361,537
2026-09-11T04:31:54Z,74102906764176,15865
2026-09-11T04:31:54Z,74188431054457,15166
2026-09-11T04:31:54Z,74193805629461,1530
2026-09-11T04:31:54Z,74256669508761,2415
2026-09-11T04:31:54Z,74260430392611,5069
2026-09-11T04:31:54Z,74341114342499,5881
2026-09-11T04:31:54Z,74395953411817,6435
2026-09-11T04:31:54Z,74511210941284,1400
2026-09-11T04:31:54Z,74542317333958,937
2026-09-11T04:31:54Z,74716719697996,3463
2026-09-11T04:31:54Z,74729868188364,5020
2026-09-11T04:31:54Z,74889851913797,3227
2026-09-11T04:31:54Z,75317862071711,3280
2026-09-11T04:31:54Z,75366259315586,503
2026-09-11T04:31:54Z,75387700043737,16064
2026-09-11T04:31:54Z,75467339082089,564
2026-09-11T04:31:54Z,75541741887441,704
2026-09-11T04:31:54Z,75547400568620,2194
2026-09-11T04:31:54Z,75568173037446,1605
2026-09-11T04:31:54Z,75646865566926,874
2026-09-11T04:31:54Z,75663528075786,1380
2026-09-11T04:31:54Z,75753413268977,813
2026-09-11T04:31:54Z,75839707976715,572
2026-09-11T04:31:54Z,76137189788863,2058
2026-09-11T04:31:54Z,76153324611685,4539
2026-09-11T04:31:54Z,76285745979410,3490
2026-09-11T04:31:54Z,76377501906469,7536
2026-09-11T04:31:54Z,76427445314955,717
2026-09-11T04:31:54Z,76427490154192,2555
2026-09-11T04:31:54Z,76503495566299,12575
2026-09-11T04:31:54Z,76526090659517,1500
2026-09-11T04:31:54Z,76558904092080,1225
2026-09-11T04:31:54Z,76737571462455,871
2026-09-11T04:31:54Z,76812848652979,1940
2026-09-11T04:31:54Z,76838459031868,6862
2026-09-11T04:31:54Z,76911729991355,2925
2026-09-11T04:31:54Z,77108422251420,35278
2026-09-11T04:31:54Z,77187847593796,760
2026-09-11T04:31:54Z,77649408247578,27681
2026-09-11T04:31:54Z,77747658251236,1422
2026-09-11T04:31:54Z,77843161404023,7533
2026-09-11T04:31:54Z,78028206594931,632
2026-09-11T04:31:54Z,78131609782350,593
2026-09-11T04:31:54Z,78177131121429,2168
2026-09-11T04:31:54Z,78471443847948,608
2026-09-11T04:31:54Z,78496323189083,756
2026-09-11T04:31:54Z,78515283254292,57852
2026-09-11T04:31:54Z,78699621133325,510
2026-09-11T04:31:54Z,78724900430513,1745
2026-09-11T04:31:54Z,78839079957645,2061
2026-09-11T04:31:54Z,79267089300389,3252
2026-09-11T04:31:54Z,79268393072444,7489
2026-09-11T04:31:54Z,79315121100812,1853
2026-09-11T04:31:54Z,79454007962937,959
2026-09-11T04:31:54Z,79480724066456,9893
2026-09-11T04:31:54Z,79546208627805,97334
2026-09-11T04:31:54Z,79790479326946,563
2026-09-11T04:31:54Z,79966250354565,3843
2026-09-11T04:31:54Z,80000420704526,2633
2026-09-11T04:31:54Z,80031826041492,1177
2026-09-11T04:31:54Z,80200604311136,1414
2026-09-11T04:31:54Z,80234914611737,793
2026-09-11T04:31:54Z,80279663815725,921
2026-09-11T04:31:54Z,80342862330041,639
2026-09-11T04:31:54Z,80607040330429,750
2026-09-11T04:31:54Z,80610578881227,634
2026-09-11T04:31:54Z,80734098185936,2436
2026-09-11T04:31:54Z,80861715191104,880
2026-09-11T04:31:54Z,80898524797320,1477
2026-09-11T04:31:54Z,81040587037979,2412
2026-09-11T04:31:54Z,81223687051453,1592
2026-09-11T04:31:54Z,81239378558719,580
2026-09-11T04:31:54Z,81703830622949,1718
2026-09-11T04:31:54Z,82013336390273,633
2026-09-11T04:31:54Z,82075856475941,552
2026-09-11T04:31:54Z,82084053899394,659
2026-09-11T04:31:54Z,82329146189989,563
2026-09-11T04:31:54Z,82453659777192,511
2026-09-11T04:31:54Z,82457571485380,5994
2026-09-11T04:31:54Z,82539019711975,1656
2026-09-11T04:31:54Z,82554996468034,835
2026-09-11T04:31:54Z,82570142697239,1290
2026-09-11T04:31:54Z,82712304391069,3821
2026-09-11T04:31:54Z,82797688803922,3086
2026-09-11T04:31:54Z,82866880824588,2063
2026-09-11T04:31:54Z,82898983236792,583
2026-09-11T04:31:54Z,82904798643396,1110
2026-09-11T04:31:54Z,82983707799188,2615
2026-09-11T04:31:54Z,83038462357724,9200
2026-09-11T04:31:54Z,83264774625004,1896
2026-09-11T04:31:54Z,83312952548612,889
2026-09-11T04:31:54Z,83325975879599,1882
2026-09-11T04:31:54Z,83388257263676,3093
2026-09-11T04:31:54Z,83569851223739,1568
2026-09-11T04:31:54Z,83622406313819,1723
2026-09-11T04:31:54Z,83948716312312,1816
2026-09-11T04:31:54Z,84156601481934,1379
2026-09-11T04:31:54Z,84256892855657,1111
2026-09-11T04:31:54Z,84332574190497,1907
2026-09-11T04:31:54Z,84449017742177,3906
2026-09-11T04:31:54Z,84515722934860,34085
2026-09-11T04:31:54Z,84525826229916,1934
2026-09-11T04:31:54Z,84556640895285,10614
2026-09-11T04:31:54Z,84568117169118,1566
2026-09-11T04:31:54Z,84692574040798,628
2026-09-11T04:31:54Z,84956402848349,712
2026-09-11T04:31:54Z,85011874799856,1292
2026-09-11T04:31:54Z,85048226835181,1187
2026-09-11T04:31:54Z,85056532479796,1119
2026-09-11T04:31:54Z,85070202669030,1044
2026-09-11T04:31:54Z,85245205758607,1879
2026-09-11T04:31:54Z,85387381843881,1034
2026-09-11T04:31:54Z,85896571713843,2345
2026-09-11T04:31:54Z,85967844112283,12142
2026-09-11T04:31:54Z,86017989016432,787
2026-09-11T04:31:54Z,86022723355936,1031
2026-09-11T04:31:54Z,86164638330564,552
2026-09-11T04:31:54Z,86247128610772,7298
2026-09-11T04:31:54Z,86259628805375,6012
2026-09-11T04:31:54Z,86368783421928,2606
2026-09-11T04:31:54Z,86374876468143,2821
2026-09-11T04:31:54Z,86479448397834,6964
2026-09-11T04:31:54Z,86524001536792,822
2026-09-11T04:31:54Z,86635275427451,526
2026-09-11T04:31:54Z,86754403332185,793
2026-09-11T04:31:54Z,86943068337855,6145
2026-09-11T04:31:54Z,87046419551816,1836
2026-09-11T04:31:54Z,87214116277191,683
2026-09-11T04:31:54Z,87311102000285,838
2026-09-11T04:31:54Z,87468080405188,2753
2026-09-11T04:31:54Z,87555052900625,702
2026-09-11T04:31:54Z,88033955914813,696
2026-09-11T04:31:54Z,88207898227053,671
2026-09-11T04:31:54Z,88234622381007,621
2026-09-11T04:31:54Z,88323040672117,1873
2026-09-11T04:31:54Z,88412811497379,1378
2026-09-11T04:31:54Z,88728793053496,762
2026-09-11T04:31:54Z,88773823105878,3034
2026-09-11T04:31:54Z,88887739603194,1026
2026-09-11T04:31:54Z,88933961678687,1245
2026-09-11T04:31:54Z,88951201927122,880
2026-09-11T04:31:54Z,89035794510548,1779
2026-09-11T04:31:54Z,89100823864844,1623
2026-09-11T04:31:54Z,89180039807836,732
2026-09-11T04:31:54Z,89469502395769,26975
2026-09-11T04:31:54Z,89490838554710,1686
2026-09-11T04:31:54Z,89561601601392,590
2026-09-11T04:31:54Z,89704645856683,1267
2026-09-11T04:31:54Z,89788834648171,792
2026-09-11T04:31:54Z,90086669327265,11315
2026-09-11T04:31:54Z,90148635862803,9066
2026-09-11T04:31:54Z,90184287580174,1319
2026-09-11T04:31:54Z,90367590248857,832
2026-09-11T04:31:54Z,90462358603255,590
2026-09-11T04:31:54Z,90568084448279,14970
2026-09-11T04:31:54Z,90704250333473,1423
2026-09-11T04:31:54Z,90740816183375,4071
2026-09-11T04:31:54Z,90784570995507,1688
2026-09-11T04:31:54Z,90906407195271,4351
2026-09-11T04:31:54Z,90913221847091,957
2026-09-11T04:31:54Z,91203203156283,1456
2026-09-11T04:31:54Z,91296119701853,718
2026-09-11T04:31:54Z,91440994157417,724
2026-09-11T04:31:54Z,91695551099066,922
2026-09-11T04:31:54Z,91704854174760,5074
2026-09-11T04:31:54Z,91746497060666,2880
2026-09-11T04:31:54Z,92122513197996,3064
2026-09-11T04:31:54Z,92141204718989,632
2026-09-11T04:31:54Z,92171645661524,1549
2026-09-11T04:31:54Z,92415748858497,624
2026-09-11T04:31:54Z,92416421522960,552
2026-09-11T04:31:54Z,92637789841354,44330
2026-09-11T04:31:54Z,92942575852492,954
2026-09-11T04:31:54Z,93028168925975,3716
2026-09-11T04:31:54Z,93091759101123,4603
2026-09-11T04:31:54Z,93233198656969,735
2026-09-11T04:31:54Z,93265851514769,1580
2026-09-11T04:31:54Z,93563420945975,552
2026-09-11T04:31:54Z,93787311916283,935
2026-09-11T04:31:54Z,93829858358973,1581
2026-09-11T04:31:54Z,93978595733734,47546
2026-09-11T04:31:54Z,94217045453265,8491
2026-09-11T04:31:54Z,94495283121683,1329
2026-09-11T04:31:54Z,94503612388426,745
2026-09-11T04:31:54Z,94539932414164,769
2026-09-11T04:31:54Z,94590879393563,948
2026-09-11T04:31:54Z,94640181989498,15674
2026-09-11T04:31:54Z,94647229517154,7821
2026-09-11T04:31:54Z,94702395375549,845
2026-09-11T04:31:54Z,94717504417144,706
2026-09-11T04:31:54Z,94845773826960,583
2026-09-11T04:31:54Z,94860588848140,1026
2026-09-11T04:31:54Z,94987506187454,774
2026-09-11T04:31:54Z,95082159892680,63424
2026-09-11T04:31:54Z,95094140550911,1000
2026-09-11T04:31:54Z,95094324354820,1493
2026-09-11T04:31:54Z,95099570361956,505
2026-09-11T04:31:54Z,95319535505764,1771
2026-09-11T04:31:54Z,95417153338993,3698
2026-09-11T04:31:54Z,95496064393804,717
2026-09-11T04:31:54Z,95721658376580,1031
2026-09-11T04:31:54Z,95929919723230,534
2026-09-11T04:31:54Z,96153864779911,839
2026-09-11T04:31:54Z,96168869671905,3241
2026-09-11T04:31:54Z,96280251181127,2633
2026-09-11T04:31:54Z,96401370703274,773
2026-09-11T04:31:54Z,96425088123775,1197
2026-09-11T04:31:54Z,96447215899741,1834
2026-09-11T04:31:54Z,96462622512177,994
2026-09-11T04:31:54Z,96510596525082,5222
2026-09-11T04:31:54Z,96645548064314,20574
2026-09-11T04:31:54Z,96775630583143,1163
2026-09-11T04:31:54Z,96796259580891,966
2026-09-11T04:31:54Z,97042065873644,959
2026-09-11T04:31:54Z,97090732168175,3031
2026-09-11T04:31:54Z,97387256206808,587
2026-09-11T04:31:54Z,97438379434717,1662
2026-09-11T04:31:54Z,97463774278378,529
2026-09-11T04:31:54Z,97598239454123,7300
2026-09-11T04:31:54Z,97607545197126,1697
2026-09-11T04:31:54Z,97630670804505,972
2026-09-11T04:31:54Z,97777561575736,645
2026-09-11T04:31:54Z,97824450589417,12168
2026-09-11T04:31:54Z,98067481349941,611
2026-09-11T04:31:54Z,98138235237704,596
2026-09-11T04:31:54Z,98303142742576,907
2026-09-11T04:31:54Z,98393605725180,2814
2026-09-11T04:31:54Z,98502499119821,5677
2026-09-11T04:31:54Z,98552665283269,650
2026-09-11T04:31:54Z,98626216952426,569
2026-09-11T04:31:54Z,98629859043211,1281
2026-09-11T04:31:54Z,98664161516921,3859
2026-09-11T04:31:54Z,98679602313466,1652
2026-09-11T04:31:54Z,98800969324557,17345
2026-09-11T04:31:54Z,98894876188248,8610
2026-09-11T04:31:54Z,98916904742148,1199
2026-09-11T04:31:54Z,98936097545088,2916
2026-09-11T04:31:54Z,98951612738714,506
2026-09-11T04:31:54Z,99065555424640,581
2026-09-11T04:31:54Z,99108783264633,4606
2026-09-11T04:31:54Z,99122501338948,1367
2026-09-11T04:31:54Z,99255447043899,1038
2026-09-11T04:31:54Z,99269206016797,1407
2026-09-11T04:31:54Z,99342262733194,537
2026-09-11T04:31:54Z,99449877692519,1527
2026-09-11T04:31:54Z,99487541293863,3639
2026-09-11T04:31:54Z,99521272836282,2032
2026-09-11T04:31:54Z,99567941238278,12222
2026-09-11T04:31:54Z,99702578544768,1259
2026-09-11T04:31:54Z,99703116573266,886
2026-09-11T04:31:54Z,99715891575923,1447
2026-09-11T04:31:54Z,99758842280353,1050
2026-09-11T04:31:54Z,99817148924004,1065
2026-09-11T04:31:54Z,100034344773758,675
2026-09-11T04:31:54Z,100039707794702,673
2026-09-11T04:31:54Z,100178831086674,2075
2026-09-11T04:31:54Z,100221279566736,534
2026-09-11T04:31:54Z,100293509865504,3517
2026-09-11T04:31:54Z,100400297022629,762
2026-09-11T04:31:54Z,100429474155186,5730
2026-09-11T04:31:54Z,100453351939863,1547
2026-09-11T04:31:54Z,100689340481763,1458
2026-09-11T04:31:54Z,100744519298647,971
2026-09-11T04:31:54Z,100860415498291,702
2026-09-11T04:31:54Z,100911362514791,1086
2026-09-11T04:31:54Z,101009821472804,2936
2026-09-11T04:31:54Z,101272402522756,768
2026-09-11T04:31:54Z,101396571928321,2030
2026-09-11T04:31:54Z,101432174163538,732
2026-09-11T04:31:54Z,101480963912212,5254
2026-09-11T04:31:54Z,101533162298733,635
2026-09-11T04:31:54Z,101610294550592,1812
2026-09-11T04:31:54Z,101685456774656,1538
2026-09-11T04:31:54Z,101733180974837,902
2026-09-11T04:31:54Z,101754965994520,841
2026-09-11T04:31:54Z,101770480176177,10071
2026-09-11T04:31:54Z,101906032112547,5179
2026-09-11T04:31:54Z,101914772188620,3945
2026-09-11T04:31:54Z,101949297449238,691
2026-09-11T04:31:54Z,102054284786904,1405
2026-09-11T04:31:54Z,102071609564196,649
2026-09-11T04:31:54Z,102072869879193,16226
2026-09-11T04:31:54Z,102457672839885,1215
2026-09-11T04:31:54Z,102489700929678,3920
2026-09-11T04:31:54Z,102553576537621,1207
2026-09-11T04:31:54Z,102837194624695,2545
2026-09-11T04:31:54Z,102871156420149,1278
2026-09-11T04:31:54Z,102917792916356,973
2026-09-11T04:31:54Z,103037106396302,13947
2026-09-11T04:31:54Z,103050497819513,2023
2026-09-11T04:31:54Z,103285721487694,4078
2026-09-11T04:31:54Z,103556382323599,3532
2026-09-11T04:31:54Z,103589142326933,918
2026-09-11T04:31:54Z,103593441753340,569
2026-09-11T04:31:54Z,103731330407395,558
2026-09-11T04:31:54Z,103740390007820,745
2026-09-11T04:31:54Z,103754275310547,1765
2026-09-11T04:31:54Z,103802803330866,1027
2026-09-11T04:31:54Z,103854444055060,513
2026-09-11T04:31:54Z,103883942725157,7922
2026-09-11T04:31:54Z,104339804279870,1014
2026-09-11T04:31:54Z,104485012391716,1901
2026-09-11T04:31:54Z,104589921852670,1472
2026-09-11T04:31:54Z,104693964860826,2948
2026-09-11T04:31:54Z,104715542330896,16321
2026-09-11T04:31:54Z,104761395312874,3706
2026-09-11T04:31:54Z,104808235862933,4137
2026-09-11T04:31:54Z,104809044319701,5372
2026-09-11T04:31:54Z,104812936457083,508
2026-09-11T04:31:54Z,104841616983113,1906
2026-09-11T04:31:54Z,104890260413773,1064
2026-09-11T04:31:54Z,104973076655377,3093
2026-09-11T04:31:54Z,105265986112006,612
2026-09-11T04:31:54Z,105373497661352,925
2026-09-11T04:31:54Z,105452889569708,1916
2026-09-11T04:31:54Z,105555311806207,2380
2026-09-11T04:31:54Z,105633123928294,2048
2026-09-11T04:31:54Z,105724836892064,2958
2026-09-11T04:31:54Z,105742951729183,852
2026-09-11T04:31:54Z,105954652742326,1047
2026-09-11T04:31:54Z,106078822951099,765
2026-09-11T04:31:54Z,106131416903029,1233
2026-09-11T04:31:54Z,106187832607756,664
2026-09-11T04:31:54Z,106383201135975,8624
2026-09-11T04:31:54Z,106484206883664,8545
2026-09-11T04:31:54Z,106487781999308,857
2026-09-11T04:31:54Z,106490710325921,722
2026-09-11T04:31:54Z,106683702021527,2924
2026-09-11T04:31:54Z,106802314735486,2905
2026-09-11T04:31:54Z,106838580527183,3876
2026-09-11T04:31:54Z,106920577206536,1469
2026-09-11T04:31:54Z,107095834793267,627
2026-09-11T04:31:54Z,107377364123237,906
2026-09-11T04:31:54Z,107430889830807,3683
2026-09-11T04:31:54Z,107467295209358,3435
2026-09-11T04:31:54Z,107645101488133,643
2026-09-11T04:31:54Z,107646426076756,504
2026-09-11T04:31:54Z,107653945083776,8313
2026-09-11T04:31:54Z,107727386530697,681
2026-09-11T04:31:54Z,107778070777162,1447127
2026-09-11T04:31:54Z,107792622719098,623
2026-09-11T04:31:54Z,107828406309109,854
2026-09-11T04:31:54Z,107833198839573,1067
2026-09-11T04:31:54Z,107894105055312,4816
2026-09-11T04:31:54Z,108227239615000,576
2026-09-11T04:31:54Z,108307565942574,3477
2026-09-11T04:31:54Z,108410750455933,503
2026-09-11T04:31:54Z,108439047160668,1032
2026-09-11T04:31:54Z,108533757090220,3758
2026-09-11T04:31:54Z,108567435288296,13327
2026-09-11T04:31:54Z,108645230905176,3239
2026-09-11T04:31:54Z,108730407897379,2501
2026-09-11T04:31:54Z,108767400143329,688
2026-09-11T04:31:54Z,108843562394237,593
2026-09-11T04:31:54Z,109129552698918,769
2026-09-11T04:31:54Z,109167932163747,730
2026-09-11T04:31:54Z,109170650911069,500
2026-09-11T04:31:54Z,109258067111533,1996
2026-09-11T04:31:54Z,109397169461300,3476
2026-09-11T04:31:54Z,109509029034984,4458
2026-09-11T04:31:54Z,109629391874197,766
2026-09-11T04:31:54Z,109686116036889,1669
2026-09-11T04:31:54Z,109694820409483,1703
2026-09-11T04:31:54Z,109715918987082,821
2026-09-11T04:31:54Z,109881277752094,1879
2026-09-11T04:31:54Z,109983668079237,60296
2026-09-11T04:31:54Z,110175021189594,5142
2026-09-11T04:31:54Z,110280222997707,615
2026-09-11T04:31:54Z,110334393584385,519
2026-09-11T04:31:54Z,110470672231288,623
2026-09-11T04:31:54Z,110570058234582,1022
2026-09-11T04:31:54Z,110584310129887,517
2026-09-11T04:31:54Z,110627433764494,1960
2026-09-11T04:31:54Z,110668201954727,1413
2026-09-11T04:31:54Z,110793563946846,1243
2026-09-11T04:31:54Z,110806816173057,1600
2026-09-11T04:31:54Z,110829983956014,5655
2026-09-11T04:31:54Z,110954432401277,1718
2026-09-11T04:31:54Z,111063058742520,3260
2026-09-11T04:31:54Z,111262527555232,2638
2026-09-11T04:31:54Z,111363135577981,1218
2026-09-11T04:31:54Z,111403197324514,503
2026-09-11T04:31:54Z,111442376436641,1192
2026-09-11T04:31:54Z,111471464387284,608
2026-09-11T04:31:54Z,111779414681728,559
2026-09-11T04:31:54Z,111835260646713,1936
2026-09-11T04:31:54Z,111894976456494,2110
2026-09-11T04:31:54Z,111989938562194,1869
2026-09-11T04:31:54Z,112114621008524,500
2026-09-11T04:31:54Z,112171352246014,3416
2026-09-11T04:31:54Z,112226578490421,1087
2026-09-11T04:31:54Z,112233638491976,2355
2026-09-11T04:31:54Z,112413741511713,1608
2026-09-11T04:31:54Z,112490729816320,501
2026-09-11T04:31:54Z,112531085636442,1965
2026-09-11T04:31:54Z,112619156837009,2135
2026-09-11T04:31:54Z,112626674737178,1062
2026-09-11T04:31:54Z,112641748896693,1547
2026-09-11T04:31:54Z,112731528776884,4516
2026-09-11T04:31:54Z,112778631702542,3401
2026-09-11T04:31:54Z,112781315318195,7435
2026-09-11T04:31:54Z,112796336189704,1761
2026-09-11T04:31:54Z,112816993332059,627
2026-09-11T04:31:54Z,112838150455902,3168
2026-09-11T04:31:54Z,112857282410969,1217
2026-09-11T04:31:54Z,112966546347918,1532
2026-09-11T04:31:54Z,113099333239841,4143
2026-09-11T04:31:54Z,113232329524315,3766
2026-09-11T04:31:54Z,113290951185459,22819
2026-09-11T04:31:54Z,113323927469374,2489
2026-09-11T04:31:54Z,113385048266134,1236
2026-09-11T04:31:54Z,113385977463481,1566
2026-09-11T04:31:54Z,113392430358155,580
2026-09-11T04:31:54Z,113457460682474,3051
2026-09-11T04:31:54Z,113481077323469,13561
2026-09-11T04:31:54Z,113506071094099,5637
2026-09-11T04:31:54Z,113581963143008,831
2026-09-11T04:31:54Z,113604074601559,746
2026-09-11T04:31:54Z,113745337705295,1683
2026-09-11T04:31:54Z,113987393426315,3063
2026-09-11T04:31:54Z,114122724051462,2674
2026-09-11T04:31:54Z,114204398207377,4660
2026-09-11T04:31:54Z,114234929420007,3789
2026-09-11T04:31:54Z,114357963370524,815
2026-09-11T04:31:54Z,114381378262504,2695
2026-09-11T04:31:54Z,114501358617756,1973
2026-09-11T04:31:54Z,114549747848211,583
2026-09-11T04:31:54Z,114697347887839,22425
2026-09-11T04:31:54Z,114861592677288,2402
2026-09-11T04:31:54Z,115035699922620,2630
2026-09-11T04:31:54Z,115092911061119,921
2026-09-11T04:31:54Z,115286378269814,569
2026-09-11T04:31:54Z,115618367729321,1308
2026-09-11T04:31:54Z,115620466946909,714
2026-09-11T04:31:54Z,115681808123944,6429
2026-09-11T04:31:54Z,116058355775210,836
2026-09-11T04:31:54Z,116070952245255,3631
2026-09-11T04:31:54Z,116113866980358,682
2026-09-11T04:31:54Z,116495829188952,12558
2026-09-11T04:31:54Z,116497287371701,43326
2026-09-11T04:31:54Z,116501341774429,1234
2026-09-11T04:31:54Z,116605585218149,699
2026-09-11T04:31:54Z,117381420723145,504
2026-09-11T04:31:54Z,117533937949084,6847
2026-09-11T04:31:54Z,117539213094671,1356
2026-09-11T04:31:54Z,117713779364528,7071
2026-09-11T04:31:54Z,117752943664280,1670
2026-09-11T04:31:54Z,117868278782684,2095
2026-09-11T04:31:54Z,118367369949006,2931
2026-09-11T04:31:54Z,118418618261207,17924
2026-09-11T04:31:54Z,118447215156914,2157
2026-09-11T04:31:54Z,118546475246005,664
2026-09-11T04:31:54Z,118576822282213,1218
2026-09-11T04:31:54Z,118608618152057,1393
2026-09-11T04:31:54Z,118806061296143,597
2026-09-11T04:31:54Z,118889111240517,819
2026-09-11T04:31:54Z,118952094447715,521
2026-09-11T04:31:54Z,118973301158777,3672
2026-09-11T04:31:54Z,119004860768199,3036
2026-09-11T04:31:54Z,119031147890918,1392
2026-09-11T04:31:54Z,119048529960596,6258
2026-09-11T04:31:54Z,119068914321553,3688
2026-09-11T04:31:54Z,119168493101362,7537
2026-09-11T04:31:54Z,119209026892378,605
2026-09-11T04:31:54Z,119271610514030,1380
2026-09-11T04:31:54Z,119355263204054,1902
2026-09-11T04:31:54Z,119427438574114,777
2026-09-11T04:31:54Z,119455737640001,926
2026-09-11T04:31:54Z,119524908037342,648
2026-09-11T04:31:54Z,119579217517090,2039
2026-09-11T04:31:54Z,119609933650338,663
2026-09-11T04:31:54Z,119789365111500,3577
2026-09-11T04:31:54Z,119822977170203,4433
2026-09-11T04:31:54Z,119910584000876,838
2026-09-11T04:31:54Z,120014184236770,504
2026-09-11T04:31:54Z,120135584963579,3745
2026-09-11T04:31:54Z,120140631282295,749
2026-09-11T04:31:54Z,120154566897536,607
2026-09-11T04:31:54Z,120189115846709,1120
2026-09-11T04:31:54Z,120217704230083,1165
2026-09-11T04:31:54Z,120299070926116,677
2026-09-11T04:31:54Z,120398694613042,753
2026-09-11T04:31:54Z,120450743769548,535
2026-09-11T04:31:54Z,120700541929930,8154
2026-09-11T04:31:54Z,120704669141193,1861
2026-09-11T04:31:54Z,120766736586332,522
2026-09-11T04:31:54Z,120790217521707,610
2026-09-11T04:31:54Z,120841752776030,2249
2026-09-11T04:31:54Z,120851538706364,9425
2026-09-11T04:31:54Z,121268060261990,1773
2026-09-11T04:31:54Z,121439935748881,782
2026-09-11T04:31:54Z,121461214257813,1111
2026-09-11T04:31:54Z,121781732399469,2384
2026-09-11T04:31:54Z,121864768012064,94902
2026-09-11T04:31:54Z,121903154323395,712
2026-09-11T04:31:54Z,122093998639862,2257
2026-09-11T04:31:54Z,122216176958450,8622
2026-09-11T04:31:54Z,122245938604556,12260
2026-09-11T04:31:54Z,122446657157717,8008
2026-09-11T04:31:54Z,122454884469606,664
2026-09-11T04:31:54Z,122485613019196,5933
2026-09-11T04:31:54Z,122507029092776,4434
2026-09-11T04:31:54Z,122553263569744,2149
2026-09-11T04:31:54Z,122572082932179,13111
2026-09-11T04:31:54Z,122606989565107,1885
2026-09-11T04:31:54Z,122720857080780,1079
2026-09-11T04:31:54Z,122802147482832,815
2026-09-11T04:31:54Z,122902171482835,538
2026-09-11T04:31:54Z,122951224417794,2340
2026-09-11T04:31:54Z,123213873176964,717
2026-09-11T04:31:54Z,123258797415953,544
2026-09-11T04:31:54Z,123468479998097,563
2026-09-11T04:31:54Z,123557829667240,583
2026-09-11T04:31:54Z,123581964009368,724
2026-09-11T04:31:54Z,123698673940079,8032
2026-09-11T04:31:54Z,123724279728430,7372
2026-09-11T04:31:54Z,123847390309161,5974
2026-09-11T04:31:54Z,123921593837160,4203
2026-09-11T04:31:54Z,124027312895188,1030
2026-09-11T04:31:54Z,124293095895786,7784
2026-09-11T04:31:54Z,124338404742585,2251
2026-09-11T04:31:54Z,124389216346675,859
2026-09-11T04:31:54Z,124396690804338,509
2026-09-11T04:31:54Z,124473577469410,605
2026-09-11T04:31:54Z,124536519436305,584
2026-09-11T04:31:54Z,124675142564227,1744
2026-09-11T04:31:54Z,124729731716967,2147
2026-09-11T04:31:54Z,124740268654741,587
2026-09-11T04:31:54Z,124761153798409,5716
2026-09-11T04:31:54Z,124943244212764,633
2026-09-11T04:31:54Z,125039473548047,9981
2026-09-11T04:31:54Z,125306084071551,3193
2026-09-11T04:31:54Z,125410772032969,773
2026-09-11T04:31:54Z,125488740127641,3098
2026-09-11T04:31:54Z,125496078313264,2826
2026-09-11T04:31:54Z,125503525638054,3883
2026-09-11T04:31:54Z,125810438250765,1002
2026-09-11T04:31:54Z,125823964467491,585
2026-09-11T04:31:54Z,125927821145949,4271
2026-09-11T04:31:54Z,126016859830524,5488
2026-09-11T04:31:54Z,126171938168748,892
2026-09-11T04:31:54Z,126639935515772,565
2026-09-11T04:31:54Z,126815230666914,2553
2026-09-11T04:31:54Z,126857641130765,597
2026-09-11T04:31:54Z,126870639873289,54231
2026-09-11T04:31:54Z,126884695634066,21865
2026-09-11T04:31:54Z,126922689754590,879
2026-09-11T04:31:54Z,126987974021910,23886
2026-09-11T04:31:54Z,127078880769763,1615
2026-09-11T04:31:54Z,127089247654125,3192
2026-09-11T04:31:54Z,127099886596040,1806
2026-09-11T04:31:54Z,127103413498148,1791
2026-09-11T04:31:54Z,127152805777886,942
2026-09-11T04:31:54Z,127177791789316,557
2026-09-11T04:31:54Z,127332613700317,1501
2026-09-11T04:31:54Z,127377897541228,2213
2026-09-11T04:31:54Z,127380660530951,4150
2026-09-11T04:31:54Z,127403135954624,4453
2026-09-11T04:31:54Z,127415661078736,733
2026-09-11T04:31:54Z,127475054933484,981
2026-09-11T04:31:54Z,127606305348556,541
2026-09-11T04:31:54Z,127608230264974,1382
2026-09-11T04:31:54Z,127634932179327,1815
2026-09-11T04:31:54Z,127737908858963,587
2026-09-11T04:31:54Z,127742093697776,1843
2026-09-11T04:31:54Z,127775478639865,3748
2026-09-11T04:31:54Z,127994242634536,41969
2026-09-11T04:31:54Z,128039018996175,2002
2026-09-11T04:31:54Z,128119795963270,4287
2026-09-11T04:31:54Z,128263975853774,3315
2026-09-11T04:31:54Z,128329680321338,1410
2026-09-11T04:31:54Z,128448883585036,3504
2026-09-11T04:31:54Z,128451689942376,5010
2026-09-11T04:31:54Z,128662368175518,1226
2026-09-11T04:31:54Z,128718867767713,812
2026-09-11T04:31:54Z,128736949265057,12405
2026-09-11T04:31:54Z,128784467030899,11774
2026-09-11T04:31:54Z,128793328541327,597
2026-09-11T04:31:54Z,128931272139211,1046
2026-09-11T04:31:54Z,129003441529549,558
2026-09-11T04:31:54Z,129096378231329,5669
2026-09-11T04:31:54Z,129163919591388,612
2026-09-11T04:31:54Z,129253568870286,2836
2026-09-11T04:31:54Z,129279692364812,2929
2026-09-11T04:31:54Z,129305872972839,1060
2026-09-11T04:31:54Z,129692563688057,774
2026-09-11T04:31:54Z,129768092435314,4018
2026-09-11T04:31:54Z,129784419746425,1043
2026-09-11T04:31:54Z,129827112113663,3225
2026-09-11T04:31:54Z,129827535941999,852
2026-09-11T04:31:54Z,129866685202296,519
2026-09-11T04:31:54Z,129907317028750,2276
2026-09-11T04:31:54Z,129932912185311,1896
2026-09-11T04:31:54Z,129972079094718,2761
2026-09-11T04:31:54Z,130222697019939,750
2026-09-11T04:31:54Z,130253630950453,761
2026-09-11T04:31:54Z,130342654546662,649
2026-09-11T04:31:54Z,130404059693601,4076
2026-09-11T04:31:54Z,130496219537579,548
2026-09-11T04:31:54Z,130522875331172,570
2026-09-11T04:31:54Z,130565641176498,2229
2026-09-11T04:31:54Z,130641102725850,3697
2026-09-11T04:31:54Z,130700367963690,1158
2026-09-11T04:31:54Z,130739873848552,4085
2026-09-11T04:31:54Z,130929507719087,742
2026-09-11T04:31:54Z,130960835358983,2525
2026-09-11T04:31:54Z,131068932321596,2033
2026-09-11T04:31:54Z,131103239963274,749
2026-09-11T04:31:54Z,131117978948830,2336
2026-09-11T04:31:54Z,131346454575416,8378
2026-09-11T04:31:54Z,131367064230486,673
2026-09-11T04:31:54Z,131378148336503,19955
2026-09-11T04:31:54Z,131479356121251,7721
2026-09-11T04:31:54Z,131572543049913,1012
2026-09-11T04:31:54Z,131623223084840,2527
2026-09-11T04:31:54Z,131667667758514,2832
2026-09-11T04:31:54Z,131856811555630,882
2026-09-11T04:31:54Z,131906518201863,947
2026-09-11T04:31:54Z,131910189515331,1194
2026-09-11T04:31:54Z,132016691802922,631
2026-09-11T04:31:54Z,132046904416072,773
2026-09-11T04:31:54Z,132173349090360,5675
2026-09-11T04:31:54Z,132287558697665,774
2026-09-11T04:31:54Z,132352755769957,4553
2026-09-11T04:31:54Z,132499927511859,1069
2026-09-11T04:31:54Z,132586479415502,1664
2026-09-11T04:31:54Z,132678066262863,836
2026-09-11T04:31:54Z,132768098780837,1472
2026-09-11T04:31:54Z,133007106457547,714
2026-09-11T04:31:54Z,133188236593503,3809
2026-09-11T04:31:54Z,133203197541113,1928
2026-09-11T04:31:54Z,133294838637122,8883
2026-09-11T04:31:54Z,133341016381877,2311
2026-09-11T04:31:54Z,133585162751824,6296
2026-09-11T04:31:54Z,133609054222738,514
2026-09-11T04:31:54Z,133719960214587,732
2026-09-11T04:31:54Z,133943904733338,3040
2026-09-11T04:31:54Z,133968315607063,700
2026-09-11T04:31:54Z,134162299584012,3276
2026-09-11T04:31:54Z,134208374070897,7324
2026-09-11T04:31:54Z,134361906638337,2879
2026-09-11T04:31:54Z,134363641369914,3584
2026-09-11T04:31:54Z,134381727982611,5495
2026-09-11T04:31:54Z,134424372433341,880
2026-09-11T04:31:54Z,134619004688066,2014
2026-09-11T04:31:54Z,134707983960541,1454
2026-09-11T04:31:54Z,134719268825886,4465
2026-09-11T04:31:54Z,134750648450964,613
2026-09-11T04:31:54Z,134807373415131,1313
2026-09-11T04:31:54Z,135155039067698,2932
2026-09-11T04:31:54Z,135193469413243,3228
2026-09-11T04:31:54Z,135678396831347,737
2026-09-11T04:31:54Z,135717153770519,3396
2026-09-11T04:31:54Z,135729108619936,555
2026-09-11T04:31:54Z,135757618941587,813
2026-09-11T04:31:54Z,135856908115931,52795
2026-09-11T04:31:54Z,136020512003847,10520
2026-09-11T04:31:54Z,136066387156306,555
2026-09-11T04:31:54Z,136107936984073,777
2026-09-11T04:31:54Z,136372246050123,806
2026-09-11T04:31:54Z,136404558442020,1573
2026-09-11T04:31:54Z,136431686349723,637
2026-09-11T04:31:54Z,136533956395153,2227
2026-09-11T04:31:54Z,136764190843219,662
2026-09-11T04:31:54Z,136801880565837,1806
2026-09-11T04:31:54Z,136822524519115,938
2026-09-11T04:31:54Z,136919941417380,506
2026-09-11T04:31:54Z,136990058242546,895
2026-09-11T04:31:54Z,137228775845999,6996
2026-09-11T04:31:54Z,137233438285284,4818
2026-09-11T04:31:54Z,137370015275609,1359
2026-09-11T04:31:54Z,137541498231955,2129
2026-09-11T04:31:54Z,137826330724902,2867
2026-09-11T04:31:54Z,137849500783095,831
2026-09-11T04:31:54Z,137925884276740,6093
2026-09-11T04:31:54Z,138182400257397,817
2026-09-11T04:31:54Z,138205182571367,5352
2026-09-11T04:31:54Z,138363592957250,3495
2026-09-11T04:31:54Z,138381251771774,734
2026-09-11T04:31:54Z,138432670504218,1348
2026-09-11T04:31:54Z,138486812747835,1476
2026-09-11T04:31:54Z,138837502355157,760
2026-09-11T04:31:54Z,139063887391814,1209
2026-09-11T04:31:54Z,139360679647453,1319
2026-09-11T04:31:54Z,139488437793833,1090
2026-09-11T04:31:54Z,139506321380888,1895
2026-09-11T04:31:54Z,139546619723000,1395
2026-09-11T04:31:54Z,139598620873181,526
2026-09-11T04:31:54Z,139617346573330,916
2026-09-11T04:31:54Z,139766023909499,970
2026-09-11T04:31:54Z,139988436996662,520
2026-09-11T04:31:54Z,139995416758538,1487
2026-09-11T04:31:54Z,140063367098641,539
2026-09-11T04:31:54Z,140302982046391,1583
2026-09-11T04:31:54Z,140317247681516,588
2026-09-11T04:31:54Z,140374914197602,2176
2026-09-11T04:31:54Z,140409475718339,1028
2026-09-11T04:31:54Z,140417239274110,886
2026-09-11T04:31:54Z,140424985545402,944
2026-09-11T04:31:54Z,140462309938712,1376
2026-09-11T04:31:54Z,140477643689375,712
2026-09-11T04:31:54Z,140481779622210,1741
2026-09-11T04:44:31Z,189707,8323
2026-09-11T04:44:31Z,192800,4043
2026-09-11T04:44:31Z,13822889,1228
2026-09-11T04:44:31Z,20321167,2315
2026-09-11T04:44:31Z,21532277,1964
2026-09-11T04:44:31Z,31490825,750
2026-09-11T04:44:31Z,69184822,2630
2026-09-11T04:44:31Z,71315343,958
2026-09-11T04:44:31Z,121748721,575
2026-09-11T04:44:31Z,142823291,142178
2026-09-11T04:44:31Z,155382109,914
2026-09-11T04:44:31Z,155615604,6419
2026-09-11T04:44:31Z,166731267,501
2026-09-11T04:44:31Z,166986752,3059
2026-09-11T04:44:31Z,183364845,641
2026-09-11T04:44:31Z,185655149,10460
2026-09-11T04:44:31Z,205224386,1347
2026-09-11T04:44:31Z,263761432,910
2026-09-11T04:44:31Z,277751860,2087
2026-09-11T04:44:31Z,286090429,3084
2026-09-11T04:44:31Z,292439477,1764
2026-09-11T04:44:31Z,292628125,1452
2026-09-11T04:44:31Z,328028363,715
2026-09-11T04:44:31Z,334730614,572
2026-09-11T04:44:31Z,443406476,814
2026-09-11T04:44:31Z,537413528,7786
2026-09-11T04:44:31Z,606849621,5264
2026-09-11T04:44:31Z,654732683,1763
2026-09-11T04:44:31Z,735030788,4714
2026-09-11T04:44:31Z,815405518,1832
2026-09-11T04:44:31Z,863266079,976
2026-09-11T04:44:31Z,891539556,680
2026-09-11T04:44:31Z,891852901,3943
2026-09-11T04:44:31Z,893973440,15670
2026-09-11T04:44:31Z,914010731,502
2026-09-11T04:44:31Z,920587237,94361
2026-09-11T04:44:31Z,1128650291,846
2026-09-11T04:44:31Z,1324061305,584
2026-09-11T04:44:31Z,1343871267,777
2026-09-11T04:44:31Z,1365404657,2068
2026-09-11T04:44:31Z,1458767429,5080
2026-09-11T04:44:31Z,1537690962,18650
2026-09-11T04:44:31Z,1554960397,1348
2026-09-11T04:44:31Z,1588965415,911
2026-09-11T04:44:31Z,1730877806,16770
2026-09-11T04:44:31Z,1962086868,16120
2026-09-11T04:44:31Z,2166944189,1329
2026-09-11T04:44:31Z,2210085102,528
2026-09-11T04:44:31Z,2317712696,630
2026-09-11T04:44:31Z,2338325648,3788
2026-09-11T04:44:31Z,2376885433,726
2026-09-11T04:44:31Z,2418863943,3356
2026-09-11T04:44:31Z,2512643572,2778
2026-09-11T04:44:31Z,2534724415,3126
2026-09-11T04:44:31Z,2551991523,1774
2026-09-11T04:44:31Z,2569453732,686
2026-09-11T04:44:31Z,2693023319,2164
2026-09-11T04:44:31Z,2727067538,1094
2026-09-11T04:44:31Z,2753915549,227333
2026-09-11T04:44:31Z,2768379856,6705
2026-09-11T04:44:31Z,2772610559,1148
2026-09-11T04:44:31Z,2778230703,817
2026-09-11T04:44:31Z,2788229376,1667
2026-09-11T04:44:31Z,2809202155,1180
2026-09-11T04:44:31Z,2913303231,883
2026-09-11T04:44:31Z,2916899287,3365
2026-09-11T04:44:31Z,2968914904,690
2026-09-11T04:44:31Z,3016661674,721
2026-09-11T04:44:31Z,3025990139,643
2026-09-11T04:44:31Z,3117860193,556
2026-09-11T04:44:31Z,3214114884,504
2026-09-11T04:44:31Z,3242417672,1641
2026-09-11T04:44:31Z,3260590327,7263
2026-09-11T04:44:31Z,3261957210,592
2026-09-11T04:44:31Z,3339374541,741
2026-09-11T04:44:31Z,3351674303,24321
2026-09-11T04:44:31Z,3398014311,837
2026-09-11T04:44:31Z,3475397644,7028
2026-09-11T04:44:31Z,3623096087,7791
2026-09-11T04:44:31Z,3631820248,2068
2026-09-11T04:44:31Z,3663340706,3138
2026-09-11T04:44:31Z,3678761576,2729
2026-09-11T04:44:31Z,3823781113,1882
2026-09-11T04:44:31Z,3851622790,1934
2026-09-11T04:44:31Z,3891618314,1470
2026-09-11T04:44:31Z,3956818381,518
2026-09-11T04:44:31Z,4104106043,2431
2026-09-11T04:44:31Z,4110892437,543
2026-09-11T04:44:31Z,4111023553,2931
2026-09-11T04:44:31Z,4282985734,1610
2026-09-11T04:44:31Z,4448566543,874
2026-09-11T04:44:31Z,4480809144,1378
2026-09-11T04:44:31Z,4520749081,4908
2026-09-11T04:44:31Z,4522347649,586
2026-09-11T04:44:31Z,4566572536,1276
2026-09-11T04:44:31Z,4580204640,4916
2026-09-11T04:44:31Z,4588604953,1375
2026-09-11T04:44:31Z,4616652839,3667
2026-09-11T04:44:31Z,4623386862,2852
2026-09-11T04:44:31Z,4637668954,2620
2026-09-11T04:44:31Z,4639625707,4247
2026-09-11T04:44:31Z,4640354700,516
2026-09-11T04:44:31Z,4646477729,555
2026-09-11T04:44:31Z,4796443083,746
2026-09-11T04:44:31Z,4830581890,1016
2026-09-11T04:44:31Z,4832438542,1098
2026-09-11T04:44:31Z,4850533156,1051
2026-09-11T04:44:31Z,4850588087,3370
2026-09-11T04:44:31Z,4855457388,580
2026-09-11T04:44:31Z,4872321990,516
2026-09-11T04:44:31Z,4889315193,1429
2026-09-11T04:44:31Z,4924922222,263575
2026-09-11T04:44:31Z,4954096313,939
2026-09-11T04:44:31Z,4972091010,597
2026-09-11T04:44:31Z,4972273297,1757
2026-09-11T04:44:31Z,4996049426,5328
2026-09-11T04:44:31Z,5041144419,1246
2026-09-11T04:44:31Z,5104202731,609
2026-09-11T04:44:31Z,5118969548,1087
2026-09-11T04:44:31Z,5130598377,724
2026-09-11T04:44:31Z,5152425034,3424
2026-09-11T04:44:31Z,5171093784,1214
2026-09-11T04:44:31Z,5171347293,1143
2026-09-11T04:44:31Z,5233782396,20933
2026-09-11T04:44:31Z,5244411056,2140
2026-09-11T04:44:31Z,5286116071,518
2026-09-11T04:44:31Z,5289509545,8625
2026-09-11T04:44:31Z,5343994291,644
2026-09-11T04:44:31Z,5496455308,1494
2026-09-11T04:44:31Z,5571328985,1415
2026-09-11T04:44:31Z,5593925613,1797
2026-09-11T04:44:31Z,5670218884,1933
2026-09-11T04:44:31Z,5671985295,2603
2026-09-11T04:44:31Z,5683833663,654
2026-09-11T04:44:31Z,5702593762,1752
2026-09-11T04:44:31Z,5712833750,2227
2026-09-11T04:44:31Z,5777099015,1189
2026-09-11T04:44:31Z,5829141886,546
2026-09-11T04:44:31Z,5846386835,578
2026-09-11T04:44:31Z,5856880701,786
2026-09-11T04:44:31Z,5865858426,1345
2026-09-11T04:44:31Z,5901440255,993
2026-09-11T04:44:31Z,5926001758,812
2026-09-11T04:44:31Z,5984006660,516
2026-09-11T04:44:31Z,5985232436,2706
2026-09-11T04:44:31Z,6020247720,1545
2026-09-11T04:44:31Z,6104994594,1138
2026-09-11T04:44:31Z,6137321701,648
2026-09-11T04:44:31Z,6153766069,1584
2026-09-11T04:44:31Z,6161235818,1214
2026-09-11T04:44:31Z,6205205961,6188
2026-09-11T04:44:31Z,6218169544,731
2026-09-11T04:44:31Z,6243699076,2446
2026-09-11T04:44:31Z,6250795236,510
2026-09-11T04:44:31Z,6263431107,1449
2026-09-11T04:44:31Z,6270290407,1309
2026-09-11T04:44:31Z,6284583030,898
2026-09-11T04:44:31Z,6299805723,1170
2026-09-11T04:44:31Z,6305582775,537
2026-09-11T04:44:31Z,6358567974,8086
2026-09-11T04:44:31Z,6366329104,3740
2026-09-11T04:44:31Z,6377740507,960
2026-09-11T04:44:31Z,6382584061,2715
2026-09-11T04:44:31Z,6403373529,5008
2026-09-11T04:44:31Z,6445435958,874
2026-09-11T04:44:31Z,6447798030,2034
2026-09-11T04:44:31Z,6507422231,3914
2026-09-11T04:44:31Z,6516141723,21148
2026-09-11T04:44:31Z,6520999642,1362
2026-09-11T04:44:31Z,6608498361,784
2026-09-11T04:44:31Z,6610021055,580
2026-09-11T04:44:31Z,6698800091,2332
2026-09-11T04:44:31Z,6717367660,913
2026-09-11T04:44:31Z,6737970321,4605
2026-09-11T04:44:31Z,6766156863,553
2026-09-11T04:44:31Z,6804602922,2870
2026-09-11T04:44:31Z,6816975827,2880
2026-09-11T04:44:31Z,6872265039,15164
2026-09-11T04:44:31Z,6875747014,2706
2026-09-11T04:44:31Z,6884319169,3139
2026-09-11T04:44:31Z,6911148748,3078
2026-09-11T04:44:31Z,6915976310,1165
2026-09-11T04:44:31Z,6918802270,1551
2026-09-11T04:44:31Z,6924758805,748
2026-09-11T04:44:31Z,6934310111,2068
2026-09-11T04:44:31Z,6939111033,1336
2026-09-11T04:44:31Z,6961824067,25581
2026-09-11T04:44:31Z,6989310863,2022
2026-09-11T04:44:31Z,7041939546,49078
2026-09-11T04:44:31Z,7074772062,1401
2026-09-11T04:44:31Z,7117492592,2458
2026-09-11T04:44:31Z,7138009149,1087
2026-09-11T04:44:31Z,7171174521,5668
2026-09-11T04:44:31Z,7180042682,1894
2026-09-11T04:44:31Z,7211666966,590
2026-09-11T04:44:31Z,7241858214,1666
2026-09-11T04:44:31Z,7243409883,3380
2026-09-11T04:44:31Z,7253149844,730
2026-09-11T04:44:31Z,7275702385,504
2026-09-11T04:44:31Z,7305309231,6333
2026-09-11T04:44:31Z,7336302630,1587
2026-09-11T04:44:31Z,7367863399,770
2026-09-11T04:44:31Z,7491927311,583
2026-09-11T04:44:31Z,7554888362,13514
2026-09-11T04:44:31Z,7577961216,2168
2026-09-11T04:44:31Z,7605357829,2650
2026-09-11T04:44:31Z,7645738534,555
2026-09-11T04:44:31Z,7670825572,1973
2026-09-11T04:44:31Z,7711635737,1590
2026-09-11T04:44:31Z,7772810845,1059
2026-09-11T04:44:31Z,7784286514,520
2026-09-11T04:44:31Z,7871169780,1257
2026-09-11T04:44:31Z,7896264844,834
2026-09-11T04:44:31Z,7971857341,4435
2026-09-11T04:44:31Z,7991339063,3679
2026-09-11T04:44:31Z,8003084678,822
2026-09-11T04:44:31Z,8034026074,2216
2026-09-11T04:44:31Z,8096601114,687
2026-09-11T04:44:31Z,8109476632,562
2026-09-11T04:44:31Z,8204899140,1635
2026-09-11T04:44:31Z,8246874626,1595
2026-09-11T04:44:31Z,8260276694,1166
2026-09-11T04:44:31Z,8286149869,832
2026-09-11T04:44:31Z,8317834514,3543
2026-09-11T04:44:31Z,8328351891,1138
2026-09-11T04:44:31Z,8369888266,2177
2026-09-11T04:44:31Z,8388259310,645
2026-09-11T04:44:31Z,8412352352,597
2026-09-11T04:44:31Z,8416249767,905
2026-09-11T04:44:31Z,8481844229,15781
2026-09-11T04:44:31Z,8534845015,762
2026-09-11T04:44:31Z,8540168650,769
2026-09-11T04:44:31Z,8542259458,697
2026-09-11T04:44:31Z,8554378337,597
2026-09-11T04:44:31Z,8562822414,549
2026-09-11T04:44:31Z,8571687919,1095
2026-09-11T04:44:31Z,8617370639,1195
2026-09-11T04:44:31Z,8657766101,638
2026-09-11T04:44:31Z,8704997000,2950
2026-09-11T04:44:31Z,8712817601,9202
2026-09-11T04:44:31Z,8737602449,2867
2026-09-11T04:44:31Z,8737899170,63632
2026-09-11T04:44:31Z,8838701772,1351
2026-09-11T04:44:31Z,8884433153,2942
2026-09-11T04:44:31Z,9049840490,1505
2026-09-11T04:44:31Z,9058310544,769
2026-09-11T04:44:31Z,9096881148,3097
2026-09-11T04:44:31Z,9099326192,841
2026-09-11T04:44:31Z,9120716669,1021
2026-09-11T04:44:31Z,9192423027,1843
2026-09-11T04:44:31Z,9224601490,2147
2026-09-11T04:44:31Z,9273658706,1641
2026-09-11T04:44:31Z,9346039031,810
2026-09-11T04:44:31Z,9391468976,85063
2026-09-11T04:44:31Z,9404223526,1857
2026-09-11T04:44:31Z,9414511685,1323
2026-09-11T04:44:31Z,9731376817,1568
2026-09-11T04:44:31Z,9791603388,1265
2026-09-11T04:44:31Z,9872472334,27357
2026-09-11T04:44:31Z,9879422661,571
2026-09-11T04:44:31Z,9922455303,604
2026-09-11T04:44:31Z,10110568567,779
2026-09-11T04:44:31Z,10165583746,4219
2026-09-11T04:44:31Z,10179538382,1472
2026-09-11T04:44:31Z,10224049386,1395
2026-09-11T04:44:31Z,10253248401,3253
2026-09-11T04:44:31Z,10260193230,1864
2026-09-11T04:44:31Z,10272636261,1266
2026-09-11T04:44:31Z,10277607801,616
2026-09-11T04:44:31Z,10449761463,38600
2026-09-11T04:44:31Z,10450270085,768
2026-09-11T04:44:31Z,10554647907,508
2026-09-11T04:44:31Z,10576142169,554
2026-09-11T04:44:31Z,10595058975,1272
2026-09-11T04:44:31Z,10660791703,751
2026-09-11T04:44:31Z,10679239752,1078
2026-09-11T04:44:31Z,10696301650,1654
2026-09-11T04:44:31Z,10704789056,550
2026-09-11T04:44:31Z,10726371567,700
2026-09-11T04:44:31Z,10745043766,980
2026-09-11T04:44:31Z,10834586502,2401
2026-09-11T04:44:31Z,10846691679,566
2026-09-11T04:44:31Z,10941514720,999
2026-09-11T04:44:31Z,10959918411,920
2026-09-11T04:44:31Z,11137575513,578
2026-09-11T04:44:31Z,11158043705,5990
2026-09-11T04:44:31Z,11232592166,509
2026-09-11T04:44:31Z,11273483795,1130
2026-09-11T04:44:31Z,11276071411,984
2026-09-11T04:44:31Z,11364087119,1321
2026-09-11T04:44:31Z,11379739543,8431
2026-09-11T04:44:31Z,11392373641,1334
2026-09-11T04:44:31Z,11464559285,783
2026-09-11T04:44:31Z,11474405411,859
2026-09-11T04:44:31Z,11653088948,587
2026-09-11T04:44:31Z,11684369582,590
2026-09-11T04:44:31Z,11694307960,1195
2026-09-11T04:44:31Z,11727501024,1266
2026-09-11T04:44:31Z,11729688377,770
2026-09-11T04:44:31Z,11765402359,1919
2026-09-11T04:44:31Z,11782774748,1972
2026-09-11T04:44:31Z,11815767793,2022
2026-09-11T04:44:31Z,11848247239,1185
2026-09-11T04:44:31Z,11862502039,1906
2026-09-11T04:44:31Z,11928087342,851
2026-09-11T04:44:31Z,12077443856,593
2026-09-11T04:44:31Z,12090482034,588
2026-09-11T04:44:31Z,12177325772,7291
2026-09-11T04:44:31Z,12262046571,1744
2026-09-11T04:44:31Z,12334109280,5041
2026-09-11T04:44:31Z,12338455185,1567
2026-09-11T04:44:31Z,12355337193,5962
2026-09-11T04:44:31Z,12397515839,2079
2026-09-11T04:44:31Z,12407250267,1593
2026-09-11T04:44:31Z,12411473842,808
2026-09-11T04:44:31Z,12495498157,928
2026-09-11T04:44:31Z,12593620250,3894
2026-09-11T04:44:31Z,12699642568,5065
2026-09-11T04:44:31Z,12828227139,1899
2026-09-11T04:44:31Z,12847474373,726
2026-09-11T04:44:31Z,12912731475,1436
2026-09-11T04:44:31Z,12931609417,1835
2026-09-11T04:44:31Z,12933818947,518
2026-09-11T04:44:31Z,12985361032,7637
2026-09-11T04:44:31Z,12997619803,839
2026-09-11T04:44:31Z,13042495892,1028
2026-09-11T04:44:31Z,13076380114,5514
2026-09-11T04:44:31Z,13118814103,1450
2026-09-11T04:44:31Z,13127800756,1640
2026-09-11T04:44:31Z,13159565330,1106
2026-09-11T04:44:31Z,13166293021,1786
2026-09-11T04:44:31Z,13184713709,1255
2026-09-11T04:44:31Z,13189735542,577
2026-09-11T04:44:31Z,13313611422,602
2026-09-11T04:44:31Z,13358463560,539
2026-09-11T04:44:31Z,13379208636,10201
2026-09-11T04:44:31Z,13384322856,537
2026-09-11T04:44:31Z,13416197699,1488
2026-09-11T04:44:31Z,13429790955,1777
2026-09-11T04:44:31Z,13438553315,578
2026-09-11T04:44:31Z,13473615074,1269
2026-09-11T04:44:31Z,13482468151,4062
2026-09-11T04:44:31Z,13587601484,1413
2026-09-11T04:44:31Z,13600218266,7499
2026-09-11T04:44:31Z,13621938427,9612
2026-09-11T04:44:31Z,13664698400,874
2026-09-11T04:44:31Z,13687899540,4719
2026-09-11T04:44:31Z,13698105873,568
2026-09-11T04:44:31Z,13718567207,975
2026-09-11T04:44:31Z,13772394625,11793
2026-09-11T04:44:31Z,13775256536,2238
2026-09-11T04:44:31Z,13796645198,1188
2026-09-11T04:44:31Z,13822562292,3364
2026-09-11T04:44:31Z,13827198708,551
2026-09-11T04:44:31Z,13864661000,1534
2026-09-11T04:44:31Z,13955927965,1259
2026-09-11T04:44:31Z,13967668166,13995
2026-09-11T04:44:31Z,13999660589,3756
2026-09-11T04:44:31Z,14038329225,788
2026-09-11T04:44:31Z,14044547200,1917
2026-09-11T04:44:31Z,14161770735,655
2026-09-11T04:44:31Z,14184086618,598
2026-09-11T04:44:31Z,14212732626,1861
2026-09-11T04:44:31Z,14236925335,4059
2026-09-11T04:44:31Z,14237585680,1136
2026-09-11T04:44:31Z,14238596528,3140
2026-09-11T04:44:31Z,14259168147,2940
2026-09-11T04:44:31Z,14259358984,581
2026-09-11T04:44:31Z,14279693118,1375
2026-09-11T04:44:31Z,14301835518,3089
2026-09-11T04:44:31Z,14313259147,598
2026-09-11T04:44:31Z,14315258385,16362
2026-09-11T04:44:31Z,14350413280,519
2026-09-11T04:44:31Z,14422394494,2624
2026-09-11T04:44:31Z,14437001043,865
2026-09-11T04:44:31Z,14438406081,5665
2026-09-11T04:44:31Z,14451515684,3681
2026-09-11T04:44:31Z,14458936637,1463
2026-09-11T04:44:31Z,14475396559,821
2026-09-11T04:44:31Z,14518422161,512
2026-09-11T04:44:31Z,14564651437,2424
2026-09-11T04:44:31Z,14567590300,1190
2026-09-11T04:44:31Z,14608970270,8034
2026-09-11T04:44:31Z,14721282186,924
2026-09-11T04:44:31Z,14772802900,1537
2026-09-11T04:44:31Z,14787369036,593
2026-09-11T04:44:31Z,14823220100,595
2026-09-11T04:44:31Z,14833592591,1232
2026-09-11T04:44:31Z,14835828495,1499
2026-09-11T04:44:31Z,15002061926,5921
2026-09-11T04:44:31Z,15027718878,510
2026-09-11T04:44:31Z,15077422637,542
2026-09-11T04:44:31Z,15092647980,585
2026-09-11T04:44:31Z,15101393044,37195
2026-09-11T04:44:31Z,15111895255,1209
2026-09-11T04:44:31Z,15135285305,893
2026-09-11T04:44:31Z,15198166649,1089
2026-09-11T04:44:31Z,15240723287,3192
2026-09-11T04:44:31Z,15269951959,3594
2026-09-11T04:44:31Z,15270182488,1070
2026-09-11T04:44:31Z,15288629078,1038
2026-09-11T04:44:31Z,15318113891,12767
2026-09-11T04:44:31Z,15507022415,1288
2026-09-11T04:44:31Z,15532962292,42176
2026-09-11T04:44:31Z,15546218972,1822
2026-09-11T04:44:31Z,15550215902,2786
2026-09-11T04:44:31Z,15560168390,629
2026-09-11T04:44:31Z,15598056478,1302
2026-09-11T04:44:31Z,15654981113,531
2026-09-11T04:44:31Z,15694891095,1456
2026-09-11T04:44:31Z,15696848933,1987
2026-09-11T04:44:31Z,15768329004,6908
2026-09-11T04:44:31Z,15784744207,1227
2026-09-11T04:44:31Z,15930174396,2960
2026-09-11T04:44:31Z,16039690331,1098
2026-09-11T04:44:31Z,16115051360,914
2026-09-11T04:44:31Z,16116270224,16995
2026-09-11T04:44:31Z,16141640360,525
2026-09-11T04:44:31Z,16141898262,990
2026-09-11T04:44:31Z,16146832113,19021
2026-09-11T04:44:31Z,16154918775,2254
2026-09-11T04:44:31Z,16159871483,530
2026-09-11T04:44:31Z,16272604134,2229
2026-09-11T04:44:31Z,16331682055,1154
2026-09-11T04:44:31Z,16389395869,8309
2026-09-11T04:44:31Z,16446142514,1476
2026-09-11T04:44:31Z,16447934574,2335
2026-09-11T04:44:31Z,16454399300,509
2026-09-11T04:44:31Z,16480898254,2335
2026-09-11T04:44:31Z,16483433878,646
2026-09-11T04:44:31Z,16518256559,800
2026-09-11T04:44:31Z,16625391970,5082
2026-09-11T04:44:31Z,16653555262,566
2026-09-11T04:44:31Z,16732694052,64007
2026-09-11T04:44:31Z,16867505761,564
2026-09-11T04:44:31Z,16901389020,1700
2026-09-11T04:44:31Z,16907212609,910
2026-09-11T04:44:31Z,16910059756,2880
2026-09-11T04:44:31Z,16962279458,1902
2026-09-11T04:44:31Z,16991287194,2297
2026-09-11T04:44:31Z,16993432698,540
2026-09-11T04:44:31Z,17045823120,2685
2026-09-11T04:44:31Z,17121846721,1423
2026-09-11T04:44:31Z,17188326828,1089
2026-09-11T04:44:31Z,17192092512,2856
2026-09-11T04:44:31Z,17255098561,1084
2026-09-11T04:44:31Z,17450551531,1060
2026-09-11T04:44:31Z,17457039279,563
2026-09-11T04:44:31Z,17457986005,1473
2026-09-11T04:44:31Z,17516596118,16263
2026-09-11T04:44:31Z,17556820024,1605
2026-09-11T04:44:31Z,17571821642,2905
2026-09-11T04:44:31Z,17577256698,1638
2026-09-11T04:44:31Z,17581668152,1987
2026-09-11T04:44:31Z,17600423422,1049
2026-09-11T04:44:31Z,17612027930,707
2026-09-11T04:44:31Z,17625359962,91346
2026-09-11T04:44:31Z,17662297954,732
2026-09-11T04:44:31Z,17664585395,1622
2026-09-11T04:44:31Z,17698425045,1924
2026-09-11T04:44:31Z,17720162456,1580
2026-09-11T04:44:31Z,17759606919,506
2026-09-11T04:44:31Z,17844293708,847
2026-09-11T04:44:31Z,17882166032,1965
2026-09-11T04:44:31Z,18102078939,1461
2026-09-11T04:44:31Z,18138682962,846
2026-09-11T04:44:31Z,18152595062,621
2026-09-11T04:44:31Z,18156286285,555
2026-09-11T04:44:31Z,18180736634,1652
2026-09-11T04:44:31Z,18183902003,721
2026-09-11T04:44:31Z,18192562963,1392
2026-09-11T04:44:31Z,18199615050,4703
2026-09-11T04:44:31Z,18214855317,1763
2026-09-11T04:44:31Z,18218605381,11962
2026-09-11T04:44:31Z,18259975825,1914
2026-09-11T04:44:31Z,18260439047,991
2026-09-11T04:44:31Z,18334179599,802
2026-09-11T04:44:31Z,18335956021,9494
2026-09-11T04:44:31Z,18341181766,898
2026-09-11T04:44:31Z,18376355901,1248
2026-09-11T04:44:31Z,18519254033,1553
2026-09-11T04:44:31Z,18537079992,617
2026-09-11T04:44:31Z,18645473062,974
2026-09-11T04:44:31Z,18649596490,1077
2026-09-11T04:44:31Z,18666738837,3865
2026-09-11T04:44:31Z,18668065416,10186
2026-09-11T04:44:31Z,18680867089,1308
2026-09-11T04:44:31Z,18687417158,40137
2026-09-11T04:44:31Z,18688598012,2254
2026-09-11T04:44:31Z,18700851435,1775
2026-09-11T04:44:31Z,18753889337,2230
2026-09-11T04:44:31Z,18799085098,1590
2026-09-11T04:44:31Z,18803315158,2589
2026-09-11T04:44:31Z,18816315817,1089
2026-09-11T04:44:31Z,18864551515,706
2026-09-11T04:44:31Z,18948446518,1631
2026-09-11T04:44:31Z,18950675748,1448
2026-09-11T04:44:31Z,18956320538,501
2026-09-11T04:44:31Z,18959440414,1289
2026-09-11T04:44:31Z,18984776765,1232
2026-09-11T04:44:31Z,70390793715007,1344
2026-09-11T04:44:31Z,70400654680508,2567
2026-09-11T04:44:31Z,70411440483149,20482
2026-09-11T04:44:31Z,70435795041539,4241
2026-09-11T04:44:31Z,70524138309677,574
2026-09-11T04:44:31Z,70587876731444,967
2026-09-11T04:44:31Z,70640255604878,12288
2026-09-11T04:44:31Z,70805830291547,742
2026-09-11T04:44:31Z,70904050766278,635
2026-09-11T04:44:31Z,70906625936847,5182
2026-09-11T04:44:31Z,70911358699250,602
2026-09-11T04:44:31Z,70970763145070,703
2026-09-11T04:44:31Z,70990751935174,1879
2026-09-11T04:44:31Z,70994695337243,1064
2026-09-11T04:44:31Z,70998903613713,611
2026-09-11T04:44:31Z,71099982892966,623
2026-09-11T04:44:31Z,71132543521245,6905
2026-09-11T04:44:31Z,71143154217953,629
2026-09-11T04:44:31Z,71174733280934,926
2026-09-11T04:44:31Z,71229216166991,582
2026-09-11T04:44:31Z,71394819414417,1379
2026-09-11T04:44:31Z,71457452830106,1228
2026-09-11T04:44:31Z,71599043035739,3055
2026-09-11T04:44:31Z,71600459831333,2200
2026-09-11T04:44:31Z,71633357192188,1388
2026-09-11T04:44:31Z,71647048889071,849
2026-09-11T04:44:31Z,71647256260480,1486
2026-09-11T04:44:31Z,71704434889758,1235
2026-09-11T04:44:31Z,71706515477118,612
2026-09-11T04:44:31Z,71774876641249,953
2026-09-11T04:44:31Z,71849204829689,567
2026-09-11T04:44:31Z,71852303862507,1150
2026-09-11T04:44:31Z,71895508397153,2066
2026-09-11T04:44:31Z,72019577565540,644
2026-09-11T04:44:31Z,72167803024670,839
2026-09-11T04:44:31Z,72216345408467,4577
2026-09-11T04:44:31Z,72317248326994,1084
2026-09-11T04:44:31Z,72387437800091,4670
2026-09-11T04:44:31Z,72450672234943,1120
2026-09-11T04:44:31Z,72659788689464,717
2026-09-11T04:44:31Z,72712036210947,751
2026-09-11T04:44:31Z,72763503064951,2024
2026-09-11T04:44:31Z,72845937010155,2232
2026-09-11T04:44:31Z,72920620366355,4226
2026-09-11T04:44:31Z,73097591386069,871
2026-09-11T04:44:31Z,73101851322368,715
2026-09-11T04:44:31Z,73153085372622,816
2026-09-11T04:44:31Z,73189007576537,1750
2026-09-11T04:44:31Z,73526576502092,559
2026-09-11T04:44:31Z,73578698401320,1157
2026-09-11T04:44:31Z,73613510857111,1418
2026-09-11T04:44:31Z,73621314943835,5436
2026-09-11T04:44:31Z,73768006371986,1962
2026-09-11T04:44:31Z,73814003954154,509
2026-09-11T04:44:31Z,73897506680154,5953
2026-09-11T04:44:31Z,73904017172892,1490
2026-09-11T04:44:31Z,73908022013371,1778
2026-09-11T04:44:31Z,73956553001240,24127
2026-09-11T04:44:31Z,73988917142472,625
2026-09-11T04:44:31Z,74007353203361,560
2026-09-11T04:44:31Z,74102906764176,16035
2026-09-11T04:44:31Z,74188431054457,15477
2026-09-11T04:44:31Z,74193805629461,1583
2026-09-11T04:44:31Z,74256669508761,2493
2026-09-11T04:44:31Z,74260430392611,5079
2026-09-11T04:44:31Z,74341114342499,5876
2026-09-11T04:44:31Z,74395953411817,6232
2026-09-11T04:44:31Z,74511210941284,1469
2026-09-11T04:44:31Z,74542317333958,841
2026-09-11T04:44:31Z,74716719697996,3375
2026-09-11T04:44:31Z,74729868188364,5002
2026-09-11T04:44:31Z,74889851913797,3298
2026-09-11T04:44:31Z,75317862071711,3267
2026-09-11T04:44:31Z,75366259315586,532
2026-09-11T04:44:31Z,75387700043737,15810
2026-09-11T04:44:31Z,75467339082089,575
2026-09-11T04:44:31Z,75541741887441,701
2026-09-11T04:44:31Z,75547400568620,2104
2026-09-11T04:44:31Z,75568173037446,1563
2026-09-11T04:44:31Z,75646865566926,883
2026-09-11T04:44:31Z,75663528075786,1410
2026-09-11T04:44:31Z,75753413268977,796
2026-09-11T04:44:31Z,75839707976715,566
2026-09-11T04:44:31Z,76137189788863,2206
2026-09-11T04:44:31Z,76153324611685,4446
2026-09-11T04:44:31Z,76285745979410,3482
2026-09-11T04:44:31Z,76377501906469,7787
2026-09-11T04:44:31Z,76427445314955,659
2026-09-11T04:44:31Z,76427490154192,2585
2026-09-11T04:44:31Z,76503495566299,13084
2026-09-11T04:44:31Z,76526090659517,1546
2026-09-11T04:44:31Z,76558904092080,1194
2026-09-11T04:44:31Z,76737571462455,934
2026-09-11T04:44:31Z,76812848652979,2039
2026-09-11T04:44:31Z,76838459031868,6844
2026-09-11T04:44:31Z,76911729991355,2919
2026-09-11T04:44:31Z,77108422251420,36153
2026-09-11T04:44:31Z,77187847593796,760
2026-09-11T04:44:31Z,77649408247578,27330
2026-09-11T04:44:31Z,77747658251236,1422
2026-09-11T04:44:31Z,77843161404023,7483
2026-09-11T04:44:31Z,78028206594931,580
2026-09-11T04:44:31Z,78131609782350,566
2026-09-11T04:44:31Z,78177131121429,2103
2026-09-11T04:44:31Z,78471443847948,562
2026-09-11T04:44:31Z,78496323189083,759
2026-09-11T04:44:31Z,78515283254292,58698
2026-09-11T04:44:31Z,78724900430513,1811
2026-09-11T04:44:31Z,78839079957645,2137
2026-09-11T04:44:31Z,79267089300389,3118
2026-09-11T04:44:31Z,79268393072444,7411
2026-09-11T04:44:31Z,79315121100812,1900
2026-09-11T04:44:31Z,79454007962937,937
2026-09-11T04:44:31Z,79480724066456,9893
2026-09-11T04:44:31Z,79546208627805,99324
2026-09-11T04:44:31Z,79790479326946,571
2026-09-11T04:44:31Z,79966250354565,3701
2026-09-11T04:44:31Z,80000420704526,2542
2026-09-11T04:44:31Z,80031826041492,1244
2026-09-11T04:44:31Z,80111254680893,508
2026-09-11T04:44:31Z,80200604311136,1471
2026-09-11T04:44:31Z,80234914611737,814
2026-09-11T04:44:31Z,80279663815725,883
2026-09-11T04:44:31Z,80342862330041,639
2026-09-11T04:44:31Z,80607040330429,743
2026-09-11T04:44:31Z,80610578881227,623
2026-09-11T04:44:31Z,80734098185936,2305
2026-09-11T04:44:31Z,80861715191104,934
2026-09-11T04:44:31Z,80898524797320,1439
2026-09-11T04:44:31Z,81040587037979,2492
2026-09-11T04:44:31Z,81223687051453,1597
2026-09-11T04:44:31Z,81239378558719,565
2026-09-11T04:44:31Z,81703830622949,1700
2026-09-11T04:44:31Z,82013336390273,627
2026-09-11T04:44:31Z,82075856475941,539
2026-09-11T04:44:31Z,82084053899394,702
2026-09-11T04:44:31Z,82453659777192,561
2026-09-11T04:44:31Z,82457571485380,5994
2026-09-11T04:44:31Z,82539019711975,1633
2026-09-11T04:44:31Z,82554996468034,824
2026-09-11T04:44:31Z,82570142697239,1357
2026-09-11T04:44:31Z,82712304391069,3715
2026-09-11T04:44:31Z,82745432464897,557
2026-09-11T04:44:31Z,82797688803922,2785
2026-09-11T04:44:31Z,82866880824588,1786
2026-09-11T04:44:31Z,82898983236792,512
2026-09-11T04:44:31Z,82904798643396,1134
2026-09-11T04:44:31Z,82983707799188,2547
2026-09-11T04:44:31Z,83038462357724,9625
2026-09-11T04:44:31Z,83264774625004,1908
2026-09-11T04:44:31Z,83312952548612,930
2026-09-11T04:44:31Z,83325975879599,2028
2026-09-11T04:44:31Z,83388257263676,3097
2026-09-11T04:44:31Z,83569851223739,1634
2026-09-11T04:44:31Z,83622406313819,1758
2026-09-11T04:44:31Z,83948716312312,1819
2026-09-11T04:44:31Z,84156601481934,1353
2026-09-11T04:44:31Z,84256892855657,1202
2026-09-11T04:44:31Z,84332574190497,2006
2026-09-11T04:44:31Z,84449017742177,4011
2026-09-11T04:44:31Z,84515722934860,34231
2026-09-11T04:44:31Z,84525826229916,1995
2026-09-11T04:44:31Z,84556640895285,10731
2026-09-11T04:44:31Z,84568117169118,1477
2026-09-11T04:44:31Z,84692574040798,652
2026-09-11T04:44:31Z,84956402848349,721
2026-09-11T04:44:31Z,85011874799856,1228
2026-09-11T04:44:31Z,85048226835181,1232
2026-09-11T04:44:31Z,85056532479796,1087
2026-09-11T04:44:31Z,85070202669030,1116
2026-09-11T04:44:31Z,85245205758607,1878
2026-09-11T04:44:31Z,85387381843881,1154
2026-09-11T04:44:31Z,85896571713843,2336
2026-09-11T04:44:31Z,85967844112283,12018
2026-09-11T04:44:31Z,86017989016432,815
2026-09-11T04:44:31Z,86022723355936,991
2026-09-11T04:44:31Z,86164638330564,536
2026-09-11T04:44:31Z,86247128610772,7226
2026-09-11T04:44:31Z,86259628805375,6175
2026-09-11T04:44:31Z,86368783421928,2640
2026-09-11T04:44:31Z,86374876468143,2777
2026-09-11T04:44:31Z,86479448397834,7117
2026-09-11T04:44:31Z,86524001536792,796
2026-09-11T04:44:31Z,86635275427451,523
2026-09-11T04:44:31Z,86754403332185,683
2026-09-11T04:44:31Z,86943068337855,6352
2026-09-11T04:44:31Z,87046419551816,1697
2026-09-11T04:44:31Z,87214116277191,707
2026-09-11T04:44:31Z,87311102000285,839
2026-09-11T04:44:31Z,87468080405188,2924
2026-09-11T04:44:31Z,87555052900625,699
2026-09-11T04:44:31Z,88033955914813,597
2026-09-11T04:44:31Z,88207898227053,695
2026-09-11T04:44:31Z,88234622381007,659
2026-09-11T04:44:31Z,88323040672117,1835
2026-09-11T04:44:31Z,88412811497379,1359
2026-09-11T04:44:31Z,88728793053496,810
2026-09-11T04:44:31Z,88773823105878,3053
2026-09-11T04:44:31Z,88887739603194,1034
2026-09-11T04:44:31Z,88933961678687,1208
2026-09-11T04:44:31Z,88951201927122,966
2026-09-11T04:44:31Z,89035794510548,1793
2026-09-11T04:44:31Z,89100823864844,1689
2026-09-11T04:44:31Z,89180039807836,732
2026-09-11T04:44:31Z,89469502395769,26308
2026-09-11T04:44:31Z,89490838554710,1657
2026-09-11T04:44:31Z,89561601601392,592
2026-09-11T04:44:31Z,89704645856683,1242
2026-09-11T04:44:31Z,89788834648171,717
2026-09-11T04:44:31Z,90086669327265,11512
2026-09-11T04:44:31Z,90148635862803,8714
2026-09-11T04:44:31Z,90184287580174,1322
2026-09-11T04:44:31Z,90367590248857,842
2026-09-11T04:44:31Z,90462358603255,585
2026-09-11T04:44:31Z,90568084448279,14873
2026-09-11T04:44:31Z,90704250333473,1513
2026-09-11T04:44:31Z,90740816183375,4418
2026-09-11T04:44:31Z,90784570995507,1794
2026-09-11T04:44:31Z,90906407195271,4645
2026-09-11T04:44:31Z,90913221847091,845
2026-09-11T04:44:31Z,91203203156283,1378
2026-09-11T04:44:31Z,91296119701853,709
2026-09-11T04:44:31Z,91440994157417,717
2026-09-11T04:44:31Z,91695551099066,956
2026-09-11T04:44:31Z,91704854174760,5035
2026-09-11T04:44:31Z,91746497060666,2929
2026-09-11T04:44:31Z,92122513197996,2881
2026-09-11T04:44:31Z,92141204718989,642
2026-09-11T04:44:31Z,92171645661524,1408
2026-09-11T04:44:31Z,92415748858497,608
2026-09-11T04:44:31Z,92416421522960,580
2026-09-11T04:44:31Z,92637789841354,45185
2026-09-11T04:44:31Z,92942575852492,984
2026-09-11T04:44:31Z,93028168925975,3690
2026-09-11T04:44:31Z,93091759101123,4562
2026-09-11T04:44:31Z,93233198656969,647
2026-09-11T04:44:31Z,93265851514769,1643
2026-09-11T04:44:31Z,93563420945975,571
2026-09-11T04:44:31Z,93787311916283,912
2026-09-11T04:44:31Z,93829858358973,1605
2026-09-11T04:44:31Z,93953121730240,552
2026-09-11T04:44:31Z,93978595733734,50095
2026-09-11T04:44:31Z,94217045453265,8375
2026-09-11T04:44:31Z,94495283121683,1350
2026-09-11T04:44:31Z,94503612388426,691
2026-09-11T04:44:31Z,94539932414164,701
2026-09-11T04:44:31Z,94590879393563,974
2026-09-11T04:44:31Z,94640181989498,15680
2026-09-11T04:44:31Z,94647229517154,7057
2026-09-11T04:44:31Z,94702395375549,869
2026-09-11T04:44:31Z,94717504417144,696
2026-09-11T04:44:31Z,94845773826960,593
2026-09-11T04:44:31Z,94860588848140,893
2026-09-11T04:44:31Z,94987506187454,814
2026-09-11T04:44:31Z,95082159892680,60828
2026-09-11T04:44:31Z,95094140550911,1003
2026-09-11T04:44:31Z,95094324354820,1530
2026-09-11T04:44:31Z,95099570361956,627
2026-09-11T04:44:31Z,95319535505764,1798
2026-09-11T04:44:31Z,95417153338993,3519
2026-09-11T04:44:31Z,95496064393804,796
2026-09-11T04:44:31Z,95721658376580,979
2026-09-11T04:44:31Z,95929919723230,534
2026-09-11T04:44:31Z,96153864779911,792
2026-09-11T04:44:31Z,96168869671905,3183
2026-09-11T04:44:31Z,96280251181127,2836
2026-09-11T04:44:31Z,96401370703274,812
2026-09-11T04:44:31Z,96425088123775,1153
2026-09-11T04:44:31Z,96447215899741,1812
2026-09-11T04:44:31Z,96462622512177,1019
2026-09-11T04:44:31Z,96510596525082,5005
2026-09-11T04:44:31Z,96645548064314,20452
2026-09-11T04:44:31Z,96775630583143,1190
2026-09-11T04:44:31Z,96796259580891,1051
2026-09-11T04:44:31Z,97042065873644,1009
2026-09-11T04:44:31Z,97090732168175,2873
2026-09-11T04:44:31Z,97387256206808,595
2026-09-11T04:44:31Z,97438379434717,1848
2026-09-11T04:44:31Z,97598239454123,7349
2026-09-11T04:44:31Z,97607545197126,1700
2026-09-11T04:44:31Z,97630670804505,974
2026-09-11T04:44:31Z,97777561575736,684
2026-09-11T04:44:31Z,97824450589417,11973
2026-09-11T04:44:31Z,98067481349941,630
2026-09-11T04:44:31Z,98138235237704,596
2026-09-11T04:44:31Z,98303142742576,927
2026-09-11T04:44:31Z,98393605725180,2761
2026-09-11T04:44:31Z,98502499119821,6468
2026-09-11T04:44:31Z,98552665283269,698
2026-09-11T04:44:31Z,98626216952426,525
2026-09-11T04:44:31Z,98629859043211,1219
2026-09-11T04:44:31Z,98664161516921,3916
2026-09-11T04:44:31Z,98679602313466,1751
2026-09-11T04:44:31Z,98800969324557,16745
2026-09-11T04:44:31Z,98894876188248,8535
2026-09-11T04:44:31Z,98916904742148,1257
2026-09-11T04:44:31Z,98936097545088,2926
2026-09-11T04:44:31Z,98951612738714,527
2026-09-11T04:44:31Z,99065555424640,580
2026-09-11T04:44:31Z,99108783264633,4680
2026-09-11T04:44:31Z,99122501338948,1264
2026-09-11T04:44:31Z,99255447043899,1038
2026-09-11T04:44:31Z,99269206016797,1453
2026-09-11T04:44:31Z,99342262733194,551
2026-09-11T04:44:31Z,99449877692519,1437
2026-09-11T04:44:31Z,99487541293863,3683
2026-09-11T04:44:31Z,99521272836282,2019
2026-09-11T04:44:31Z,99567941238278,12134
2026-09-11T04:44:31Z,99702578544768,1281
2026-09-11T04:44:31Z,99703116573266,873
2026-09-11T04:44:31Z,99715891575923,1563
2026-09-11T04:44:31Z,99758842280353,1083
2026-09-11T04:44:31Z,99817148924004,1083
2026-09-11T04:44:31Z,100034344773758,649
2026-09-11T04:44:31Z,100039707794702,594
2026-09-11T04:44:31Z,100178831086674,2001
2026-09-11T04:44:31Z,100221279566736,539
2026-09-11T04:44:31Z,100293509865504,3433
2026-09-11T04:44:31Z,100400297022629,760
2026-09-11T04:44:31Z,100429474155186,5755
2026-09-11T04:44:31Z,100453351939863,1535
2026-09-11T04:44:31Z,100689340481763,1597
2026-09-11T04:44:31Z,100744519298647,990
2026-09-11T04:44:31Z,100860415498291,599
2026-09-11T04:44:31Z,100911362514791,1092
2026-09-11T04:44:31Z,101009821472804,2778
2026-09-11T04:44:31Z,101272402522756,763
2026-09-11T04:44:31Z,101396571928321,1980
2026-09-11T04:44:31Z,101432174163538,713
2026-09-11T04:44:31Z,101480963912212,5151
2026-09-11T04:44:31Z,101533162298733,660
2026-09-11T04:44:31Z,101610294550592,1717
2026-09-11T04:44:31Z,101685456774656,1616
2026-09-11T04:44:31Z,101733180974837,887
2026-09-11T04:44:31Z,101754965994520,871
2026-09-11T04:44:31Z,101770480176177,11078
2026-09-11T04:44:31Z,101906032112547,5332
2026-09-11T04:44:31Z,101914772188620,3894
2026-09-11T04:44:31Z,101949297449238,699
2026-09-11T04:44:31Z,102054284786904,1363
2026-09-11T04:44:31Z,102071609564196,592
2026-09-11T04:44:31Z,102072869879193,16226
2026-09-11T04:44:31Z,102457672839885,1168
2026-09-11T04:44:31Z,102489700929678,3855
2026-09-11T04:44:31Z,102553576537621,1029
2026-09-11T04:44:31Z,102837194624695,2501
2026-09-11T04:44:31Z,102871156420149,1277
2026-09-11T04:44:31Z,102917792916356,1009
2026-09-11T04:44:31Z,103037106396302,13806
2026-09-11T04:44:31Z,103050497819513,2157
2026-09-11T04:44:31Z,103285721487694,4042
2026-09-11T04:44:31Z,103556382323599,3987
2026-09-11T04:44:31Z,103589142326933,1082
2026-09-11T04:44:31Z,103593441753340,538
2026-09-11T04:44:31Z,103740390007820,621
2026-09-11T04:44:31Z,103754275310547,1764
2026-09-11T04:44:31Z,103802803330866,956
2026-09-11T04:44:31Z,103883942725157,8368
2026-09-11T04:44:31Z,104339804279870,1044
2026-09-11T04:44:31Z,104485012391716,1875
2026-09-11T04:44:31Z,104589921852670,1448
2026-09-11T04:44:31Z,104693964860826,2960
2026-09-11T04:44:31Z,104715542330896,16083
2026-09-11T04:44:31Z,104761395312874,3726
2026-09-11T04:44:31Z,104808235862933,4224
2026-09-11T04:44:31Z,104809044319701,5486
2026-09-11T04:44:31Z,104812936457083,514
2026-09-11T04:44:31Z,104841616983113,1976
2026-09-11T04:44:31Z,104890260413773,1004
2026-09-11T04:44:31Z,104973076655377,3185
2026-09-11T04:44:31Z,105265986112006,612
2026-09-11T04:44:31Z,105373497661352,957
2026-09-11T04:44:31Z,105452889569708,1694
2026-09-11T04:44:31Z,105555311806207,2426
2026-09-11T04:44:31Z,105633123928294,1964
2026-09-11T04:44:31Z,105724836892064,2976
2026-09-11T04:44:31Z,105742951729183,866
2026-09-11T04:44:31Z,105954652742326,1052
2026-09-11T04:44:31Z,106078822951099,699
2026-09-11T04:44:31Z,106131416903029,1276
2026-09-11T04:44:31Z,106187832607756,691
2026-09-11T04:44:31Z,106383201135975,8867
2026-09-11T04:44:31Z,106484206883664,8536
2026-09-11T04:44:31Z,106487781999308,750
2026-09-11T04:44:31Z,106490710325921,715
2026-09-11T04:44:31Z,106683702021527,2844
2026-09-11T04:44:31Z,106802314735486,3027
2026-09-11T04:44:31Z,106838580527183,3953
2026-09-11T04:44:31Z,106920577206536,1390
2026-09-11T04:44:31Z,107095834793267,621
2026-09-11T04:44:31Z,107377364123237,876
2026-09-11T04:44:31Z,107430889830807,3573
2026-09-11T04:44:31Z,107467295209358,3363
2026-09-11T04:44:31Z,107645101488133,697
2026-09-11T04:44:31Z,107646426076756,507
2026-09-11T04:44:31Z,107653945083776,8253
2026-09-11T04:44:31Z,107727386530697,716
2026-09-11T04:44:31Z,107778070777162,1451763
2026-09-11T04:44:31Z,107792622719098,626
2026-09-11T04:44:31Z,107828406309109,812
2026-09-11T04:44:31Z,107833198839573,1137
2026-09-11T04:44:31Z,107894105055312,4811
2026-09-11T04:44:31Z,108227239615000,587
2026-09-11T04:44:31Z,108307565942574,3484
2026-09-11T04:44:31Z,108439047160668,1080
2026-09-11T04:44:31Z,108533757090220,3909
2026-09-11T04:44:31Z,108567435288296,13602
2026-09-11T04:44:31Z,108645230905176,3278
2026-09-11T04:44:31Z,108730407897379,2350
2026-09-11T04:44:31Z,108767400143329,715
2026-09-11T04:44:31Z,108843562394237,504
2026-09-11T04:44:31Z,109129552698918,795
2026-09-11T04:44:31Z,109167932163747,747
2026-09-11T04:44:31Z,109170650911069,569
2026-09-11T04:44:31Z,109258067111533,1738
2026-09-11T04:44:31Z,109397169461300,3273
2026-09-11T04:44:31Z,109509029034984,4752
2026-09-11T04:44:31Z,109629391874197,727
2026-09-11T04:44:31Z,109686116036889,1816
2026-09-11T04:44:31Z,109694820409483,1714
2026-09-11T04:44:31Z,109715918987082,803
2026-09-11T04:44:31Z,109881277752094,1781
2026-09-11T04:44:31Z,109983668079237,63666
2026-09-11T04:44:31Z,110175021189594,5016
2026-09-11T04:44:31Z,110280222997707,721
2026-09-11T04:44:31Z,110334393584385,558
2026-09-11T04:44:31Z,110470672231288,682
2026-09-11T04:44:31Z,110570058234582,1017
2026-09-11T04:44:31Z,110584310129887,509
2026-09-11T04:44:31Z,110627433764494,2132
2026-09-11T04:44:31Z,110668201954727,1431
2026-09-11T04:44:31Z,110793563946846,1333
2026-09-11T04:44:31Z,110806816173057,1636
2026-09-11T04:44:31Z,110829983956014,5671
2026-09-11T04:44:31Z,110954432401277,1575
2026-09-11T04:44:31Z,111063058742520,3297
2026-09-11T04:44:31Z,111262527555232,2552
2026-09-11T04:44:31Z,111363135577981,1191
2026-09-11T04:44:31Z,111421220771064,522
2026-09-11T04:44:31Z,111442376436641,1086
2026-09-11T04:44:31Z,111471464387284,674
2026-09-11T04:44:31Z,111779414681728,536
2026-09-11T04:44:31Z,111835260646713,1888
2026-09-11T04:44:31Z,111894976456494,2246
2026-09-11T04:44:31Z,111989938562194,1740
2026-09-11T04:44:31Z,112171352246014,3148
2026-09-11T04:44:31Z,112226578490421,1114
2026-09-11T04:44:31Z,112233638491976,2347
2026-09-11T04:44:31Z,112413741511713,1754
2026-09-11T04:44:31Z,112531085636442,1965
2026-09-11T04:44:31Z,112619156837009,2088
2026-09-11T04:44:31Z,112626674737178,1117
2026-09-11T04:44:31Z,112641748896693,1614
2026-09-11T04:44:31Z,112731528776884,4349
2026-09-11T04:44:31Z,112778631702542,3305
2026-09-11T04:44:31Z,112781315318195,7764
2026-09-11T04:44:31Z,112796336189704,1791
2026-09-11T04:44:31Z,112816993332059,608
2026-09-11T04:44:31Z,112838150455902,2941
2026-09-11T04:44:31Z,112857282410969,1318
2026-09-11T04:44:31Z,112966546347918,1529
2026-09-11T04:44:31Z,113099333239841,4196
2026-09-11T04:44:31Z,113232329524315,3676
2026-09-11T04:44:31Z,113290951185459,23027
2026-09-11T04:44:31Z,113323927469374,2522
2026-09-11T04:44:31Z,113385048266134,1252
2026-09-11T04:44:31Z,113385977463481,1326
2026-09-11T04:44:31Z,113392430358155,612
2026-09-11T04:44:31Z,113457460682474,3039
2026-09-11T04:44:31Z,113481077323469,12097
2026-09-11T04:44:31Z,113506071094099,5358
2026-09-11T04:44:31Z,113581963143008,861
2026-09-11T04:44:31Z,113604074601559,705
2026-09-11T04:44:31Z,113745337705295,1736
2026-09-11T04:44:31Z,113987393426315,3222
2026-09-11T04:44:31Z,114122724051462,2505
2026-09-11T04:44:31Z,114204398207377,4626
2026-09-11T04:44:31Z,114234929420007,4077
2026-09-11T04:44:31Z,114357963370524,768
2026-09-11T04:44:31Z,114381378262504,2572
2026-09-11T04:44:31Z,114501358617756,1989
2026-09-11T04:44:31Z,114549747848211,539
2026-09-11T04:44:31Z,114697347887839,21591
2026-09-11T04:44:31Z,114861592677288,2400
2026-09-11T04:44:31Z,115035699922620,2822
2026-09-11T04:44:31Z,115092911061119,704
2026-09-11T04:44:31Z,115286378269814,614
2026-09-11T04:44:31Z,115618367729321,1213
2026-09-11T04:44:31Z,115620466946909,747
2026-09-11T04:44:31Z,115681808123944,6920
2026-09-11T04:44:31Z,116058355775210,786
2026-09-11T04:44:31Z,116070952245255,3601
2026-09-11T04:44:31Z,116113866980358,648
2026-09-11T04:44:31Z,116495829188952,12491
2026-09-11T04:44:31Z,116497287371701,44957
2026-09-11T04:44:31Z,116501341774429,1273
2026-09-11T04:44:31Z,116605585218149,733
2026-09-11T04:44:31Z,117381420723145,519
2026-09-11T04:44:31Z,117533937949084,6845
2026-09-11T04:44:31Z,117539213094671,1389
2026-09-11T04:44:31Z,117713779364528,7060
2026-09-11T04:44:31Z,117752943664280,1635
2026-09-11T04:44:31Z,117868278782684,2055
2026-09-11T04:44:31Z,118367369949006,2916
2026-09-11T04:44:31Z,118418618261207,16824
2026-09-11T04:44:31Z,118447215156914,2208
2026-09-11T04:44:31Z,118546475246005,679
2026-09-11T04:44:31Z,118576822282213,1307
2026-09-11T04:44:31Z,118608618152057,1329
2026-09-11T04:44:31Z,118806061296143,678
2026-09-11T04:44:31Z,118889111240517,771
2026-09-11T04:44:31Z,118973301158777,3748
2026-09-11T04:44:31Z,119004860768199,3045
2026-09-11T04:44:31Z,119031147890918,1343
2026-09-11T04:44:31Z,119048529960596,6194
2026-09-11T04:44:31Z,119068914321553,3394
2026-09-11T04:44:31Z,119168493101362,7509
2026-09-11T04:44:31Z,119209026892378,623
2026-09-11T04:44:31Z,119271610514030,1263
2026-09-11T04:44:31Z,119355263204054,1849
2026-09-11T04:44:31Z,119427438574114,848
2026-09-11T04:44:31Z,119455737640001,859
2026-09-11T04:44:31Z,119524908037342,757
2026-09-11T04:44:31Z,119579217517090,2134
2026-09-11T04:44:31Z,119609933650338,645
2026-09-11T04:44:31Z,119789365111500,3606
2026-09-11T04:44:31Z,119822977170203,4480
2026-09-11T04:44:31Z,119910584000876,838
2026-09-11T04:44:31Z,120135584963579,3989
2026-09-11T04:44:31Z,120140631282295,749
2026-09-11T04:44:31Z,120154566897536,558
2026-09-11T04:44:31Z,120189115846709,1097
2026-09-11T04:44:31Z,120217704230083,1229
2026-09-11T04:44:31Z,120299070926116,655
2026-09-11T04:44:31Z,120398694613042,769
2026-09-11T04:44:31Z,120450743769548,584
2026-09-11T04:44:31Z,120700541929930,8142
2026-09-11T04:44:31Z,120704669141193,1978
2026-09-11T04:44:31Z,120766736586332,540
2026-09-11T04:44:31Z,120790217521707,612
2026-09-11T04:44:31Z,120841752776030,2179
2026-09-11T04:44:31Z,120851538706364,9518
2026-09-11T04:44:31Z,121268060261990,1716
2026-09-11T04:44:31Z,121439935748881,840
2026-09-11T04:44:31Z,121461214257813,1099
2026-09-11T04:44:31Z,121781732399469,2342
2026-09-11T04:44:31Z,121864768012064,96418
2026-09-11T04:44:31Z,121903154323395,648
2026-09-11T04:44:31Z,122093998639862,2326
2026-09-11T04:44:31Z,122216176958450,9133
2026-09-11T04:44:31Z,122245938604556,12046
2026-09-11T04:44:31Z,122446657157717,8176
2026-09-11T04:44:31Z,122454884469606,663
2026-09-11T04:44:31Z,122485613019196,6102
2026-09-11T04:44:31Z,122507029092776,4813
2026-09-11T04:44:31Z,122553263569744,2161
2026-09-11T04:44:31Z,122572082932179,13443
2026-09-11T04:44:31Z,122593073500987,533
2026-09-11T04:44:31Z,122606989565107,1854
2026-09-11T04:44:31Z,122720857080780,1036
2026-09-11T04:44:31Z,122802147482832,924
2026-09-11T04:44:31Z,122902171482835,539
2026-09-11T04:44:31Z,122951224417794,2388
2026-09-11T04:44:31Z,123213873176964,765
2026-09-11T04:44:31Z,123258797415953,556
2026-09-11T04:44:31Z,123468479998097,535
2026-09-11T04:44:31Z,123557829667240,618
2026-09-11T04:44:31Z,123581964009368,718
2026-09-11T04:44:31Z,123698673940079,8188
2026-09-11T04:44:31Z,123724279728430,7281
2026-09-11T04:44:31Z,123847390309161,6071
2026-09-11T04:44:31Z,123921593837160,4404
2026-09-11T04:44:31Z,124027312895188,993
2026-09-11T04:44:31Z,124293095895786,8165
2026-09-11T04:44:31Z,124338404742585,2217
2026-09-11T04:44:31Z,124389216346675,924
2026-09-11T04:44:31Z,124396690804338,513
2026-09-11T04:44:31Z,124473577469410,685
2026-09-11T04:44:31Z,124536519436305,580
2026-09-11T04:44:31Z,124675142564227,1763
2026-09-11T04:44:31Z,124729731716967,2161
2026-09-11T04:44:31Z,124740268654741,605
2026-09-11T04:44:31Z,124761153798409,5582
2026-09-11T04:44:31Z,124943244212764,621
2026-09-11T04:44:31Z,125039473548047,10135
2026-09-11T04:44:31Z,125306084071551,3091
2026-09-11T04:44:31Z,125410772032969,755
2026-09-11T04:44:31Z,125488740127641,3012
2026-09-11T04:44:31Z,125496078313264,2777
2026-09-11T04:44:31Z,125503525638054,3836
2026-09-11T04:44:31Z,125810438250765,1003
2026-09-11T04:44:31Z,125823964467491,585
2026-09-11T04:44:31Z,125927821145949,4218
2026-09-11T04:44:31Z,126016859830524,5656
2026-09-11T04:44:31Z,126171938168748,915
2026-09-11T04:44:31Z,126639935515772,530
2026-09-11T04:44:31Z,126815230666914,2489
2026-09-11T04:44:31Z,126857641130765,541
2026-09-11T04:44:31Z,126870639873289,59686
2026-09-11T04:44:31Z,126884695634066,22596
2026-09-11T04:44:31Z,126922689754590,874
2026-09-11T04:44:31Z,126987974021910,22887
2026-09-11T04:44:31Z,127078880769763,1524
2026-09-11T04:44:31Z,127089247654125,3150
2026-09-11T04:44:31Z,127099886596040,1711
2026-09-11T04:44:31Z,127103413498148,1576
2026-09-11T04:44:31Z,127152805777886,911
2026-09-11T04:44:31Z,127177791789316,575
2026-09-11T04:44:31Z,127332613700317,1451
2026-09-11T04:44:31Z,127377897541228,2341
2026-09-11T04:44:31Z,127380660530951,4319
2026-09-11T04:44:31Z,127403135954624,4334
2026-09-11T04:44:31Z,127415661078736,720
2026-09-11T04:44:31Z,127475054933484,1032
2026-09-11T04:44:31Z,127606305348556,623
2026-09-11T04:44:31Z,127608230264974,1222
2026-09-11T04:44:31Z,127634932179327,1938
2026-09-11T04:44:31Z,127737908858963,551
2026-09-11T04:44:31Z,127742093697776,1754
2026-09-11T04:44:31Z,127775478639865,3536
2026-09-11T04:44:31Z,127994242634536,41969
2026-09-11T04:44:31Z,128039018996175,1992
2026-09-11T04:44:31Z,128119795963270,4062
2026-09-11T04:44:31Z,128263975853774,3356
2026-09-11T04:44:31Z,128329680321338,1443
2026-09-11T04:44:31Z,128448883585036,3767
2026-09-11T04:44:31Z,128451689942376,5015
2026-09-11T04:44:31Z,128662368175518,1251
2026-09-11T04:44:31Z,128718867767713,787
2026-09-11T04:44:31Z,128736949265057,12102
2026-09-11T04:44:31Z,128784467030899,12063
2026-09-11T04:44:31Z,128793328541327,654
2026-09-11T04:44:31Z,128931272139211,1006
2026-09-11T04:44:31Z,129003441529549,556
2026-09-11T04:44:31Z,129096378231329,5713
2026-09-11T04:44:31Z,129163919591388,539
2026-09-11T04:44:31Z,129253568870286,2752
2026-09-11T04:44:31Z,129279692364812,2839
2026-09-11T04:44:31Z,129305872972839,1077
2026-09-11T04:44:31Z,129692563688057,738
2026-09-11T04:44:31Z,129768092435314,4149
2026-09-11T04:44:31Z,129784419746425,1049
2026-09-11T04:44:31Z,129827112113663,3154
2026-09-11T04:44:31Z,129827535941999,840
2026-09-11T04:44:31Z,129839966867899,506
2026-09-11T04:44:31Z,129866685202296,571
2026-09-11T04:44:31Z,129907317028750,2285
2026-09-11T04:44:31Z,129932912185311,1878
2026-09-11T04:44:31Z,129972079094718,2614
2026-09-11T04:44:31Z,130222697019939,684
2026-09-11T04:44:31Z,130253630950453,757
2026-09-11T04:44:31Z,130342654546662,652
2026-09-11T04:44:31Z,130404059693601,3956
2026-09-11T04:44:31Z,130496219537579,569
2026-09-11T04:44:31Z,130522875331172,547
2026-09-11T04:44:31Z,130565641176498,2322
2026-09-11T04:44:31Z,130641102725850,3463
2026-09-11T04:44:31Z,130700367963690,1086
2026-09-11T04:44:31Z,130739873848552,4045
2026-09-11T04:44:31Z,130929507719087,705
2026-09-11T04:44:31Z,130960835358983,2506
2026-09-11T04:44:31Z,131068932321596,1943
2026-09-11T04:44:31Z,131103239963274,658
2026-09-11T04:44:31Z,131117978948830,2063
2026-09-11T04:44:31Z,131346454575416,8188
2026-09-11T04:44:31Z,131367064230486,691
2026-09-11T04:44:31Z,131378148336503,20577
2026-09-11T04:44:31Z,131479356121251,7327
2026-09-11T04:44:31Z,131572543049913,906
2026-09-11T04:44:31Z,131623223084840,2603
2026-09-11T04:44:31Z,131667667758514,2913
2026-09-11T04:44:31Z,131856811555630,812
2026-09-11T04:44:31Z,131906518201863,948
2026-09-11T04:44:31Z,131910189515331,1240
2026-09-11T04:44:31Z,132016691802922,638
2026-09-11T04:44:31Z,132046904416072,796
2026-09-11T04:44:31Z,132173349090360,5913
2026-09-11T04:44:31Z,132287558697665,807
2026-09-11T04:44:31Z,132352755769957,4625
2026-09-11T04:44:31Z,132499927511859,1076
2026-09-11T04:44:31Z,132586479415502,1532
2026-09-11T04:44:31Z,132678066262863,895
2026-09-11T04:44:31Z,132768098780837,1382
2026-09-11T04:44:31Z,133007106457547,743
2026-09-11T04:44:31Z,133188236593503,4066
2026-09-11T04:44:31Z,133203197541113,2036
2026-09-11T04:44:31Z,133294838637122,8919
2026-09-11T04:44:31Z,133341016381877,2329
2026-09-11T04:44:31Z,133585162751824,6134
2026-09-11T04:44:31Z,133609054222738,514
2026-09-11T04:44:31Z,133719960214587,821
2026-09-11T04:44:31Z,133943904733338,3021
2026-09-11T04:44:31Z,133968315607063,587
2026-09-11T04:44:31Z,134162299584012,3257
2026-09-11T04:44:31Z,134208374070897,6762
2026-09-11T04:44:31Z,134361906638337,2862
2026-09-11T04:44:31Z,134363641369914,3565
2026-09-11T04:44:31Z,134381727982611,5610
2026-09-11T04:44:31Z,134424372433341,858
2026-09-11T04:44:31Z,134619004688066,1923
2026-09-11T04:44:31Z,134707983960541,1366
2026-09-11T04:44:31Z,134719268825886,4513
2026-09-11T04:44:31Z,134750648450964,643
2026-09-11T04:44:31Z,134807373415131,1344
2026-09-11T04:44:31Z,135155039067698,2975
2026-09-11T04:44:31Z,135193469413243,3298
2026-09-11T04:44:31Z,135678396831347,724
2026-09-11T04:44:31Z,135717153770519,3557
2026-09-11T04:44:31Z,135729108619936,532
2026-09-11T04:44:31Z,135757618941587,860
2026-09-11T04:44:31Z,135856908115931,46411
2026-09-11T04:44:31Z,136020512003847,11012
2026-09-11T04:44:31Z,136066387156306,611
2026-09-11T04:44:31Z,136107936984073,699
2026-09-11T04:44:31Z,136372246050123,801
2026-09-11T04:44:31Z,136404558442020,1590
2026-09-11T04:44:31Z,136431686349723,621
2026-09-11T04:44:31Z,136533956395153,2348
2026-09-11T04:44:31Z,136764190843219,627
2026-09-11T04:44:31Z,136801880565837,1988
2026-09-11T04:44:31Z,136822524519115,939
2026-09-11T04:44:31Z,136919941417380,557
2026-09-11T04:44:31Z,136990058242546,827
2026-09-11T04:44:31Z,137228775845999,6678
2026-09-11T04:44:31Z,137233438285284,4736
2026-09-11T04:44:31Z,137370015275609,1363
2026-09-11T04:44:31Z,137541498231955,2005
2026-09-11T04:44:31Z,137826330724902,2873
2026-09-11T04:44:31Z,137849500783095,905
2026-09-11T04:44:31Z,137925884276740,6346
2026-09-11T04:44:31Z,138182400257397,817
2026-09-11T04:44:31Z,138205182571367,5417
2026-09-11T04:44:31Z,138363592957250,3480
2026-09-11T04:44:31Z,138381251771774,763
2026-09-11T04:44:31Z,138432670504218,1292
2026-09-11T04:44:31Z,138486812747835,1378
2026-09-11T04:44:31Z,138837502355157,749
2026-09-11T04:44:31Z,139063887391814,1186
2026-09-11T04:44:31Z,139360679647453,1300
2026-09-11T04:44:31Z,139488437793833,1074
2026-09-11T04:44:31Z,139506321380888,1797
2026-09-11T04:44:31Z,139546619723000,1407
2026-09-11T04:44:31Z,139598620873181,505
2026-09-11T04:44:31Z,139617346573330,958
2026-09-11T04:44:31Z,139766023909499,942
2026-09-11T04:44:31Z,139988436996662,522
2026-09-11T04:44:31Z,139995416758538,1489
2026-09-11T04:44:31Z,140063367098641,504
2026-09-11T04:44:31Z,140302982046391,1500
2026-09-11T04:44:31Z,140317247681516,532
2026-09-11T04:44:31Z,140374914197602,2185
2026-09-11T04:44:31Z,140409475718339,1023
2026-09-11T04:44:31Z,140417239274110,833
2026-09-11T04:44:31Z,140424985545402,949
2026-09-11T04:44:31Z,140462309938712,1467
2026-09-11T04:44:31Z,140477643689375,628
2026-09-11T04:44:31Z,140481779622210,1748
2026-09-11T04:45:27Z,189707,8323
2026-09-11T04:45:27Z,192800,4043
2026-09-11T04:45:27Z,13822889,1228
2026-09-11T04:45:27Z,20321167,2315
2026-09-11T04:45:27Z,21532277,1964
2026-09-11T04:45:27Z,31490825,750
2026-09-11T04:45:27Z,69184822,2630
2026-09-11T04:45:27Z,71315343,958
2026-09-11T04:45:27Z,121748721,575
2026-09-11T04:45:27Z,142823291,142178
2026-09-11T04:45:27Z,155382109,914
2026-09-11T04:45:27Z,155615604,6419
2026-09-11T04:45:27Z,166731267,501
2026-09-11T04:45:27Z,166986752,3059
2026-09-11T04:45:27Z,183364845,641
2026-09-11T04:45:27Z,185655149,10460
2026-09-11T04:45:27Z,205224386,1347
2026-09-11T04:45:27Z,263761432,910
2026-09-11T04:45:27Z,277751860,2087
2026-09-11T04:45:27Z,286090429,3084
2026-09-11T04:45:27Z,292439477,1764
2026-09-11T04:45:27Z,292628125,1452
2026-09-11T04:45:27Z,328028363,715
2026-09-11T04:45:27Z,334730614,572
2026-09-11T04:45:27Z,443406476,814
2026-09-11T04:45:27Z,537413528,7786
2026-09-11T04:45:27Z,606849621,5264
2026-09-11T04:45:27Z,654732683,1763
2026-09-11T04:45:27Z,735030788,4714
2026-09-11T04:45:27Z,815405518,1832
2026-09-11T04:45:27Z,863266079,976
2026-09-11T04:45:27Z,891539556,680
2026-09-11T04:45:27Z,891852901,3943
2026-09-11T04:45:27Z,893973440,15670
2026-09-11T04:45:27Z,914010731,502
2026-09-11T04:45:27Z,920587237,94361
2026-09-11T04:45:27Z,1128650291,846
2026-09-11T04:45:27Z,1324061305,584
2026-09-11T04:45:27Z,1343871267,777
2026-09-11T04:45:27Z,1365404657,2068
2026-09-11T04:45:27Z,1458767429,5080
2026-09-11T04:45:27Z,1537690962,18650
2026-09-11T04:45:27Z,1554960397,1348
2026-09-11T04:45:27Z,1588965415,911
2026-09-11T04:45:27Z,1730877806,16770
2026-09-11T04:45:27Z,1962086868,16120
2026-09-11T04:45:27Z,2166944189,1329
2026-09-11T04:45:27Z,2210085102,528
2026-09-11T04:45:27Z,2317712696,630
2026-09-11T04:45:27Z,2338325648,3788
2026-09-11T04:45:27Z,2376885433,726
2026-09-11T04:45:27Z,2418863943,3356
2026-09-11T04:45:27Z,2512643572,2778
2026-09-11T04:45:27Z,2534724415,3126
2026-09-11T04:45:27Z,2551991523,1774
2026-09-11T04:45:27Z,2569453732,686
2026-09-11T04:45:27Z,2693023319,2164
2026-09-11T04:45:27Z,2727067538,1094
2026-09-11T04:45:27Z,2753915549,227333
2026-09-11T04:45:27Z,2768379856,6705
2026-09-11T04:45:27Z,2772610559,1148
2026-09-11T04:45:27Z,2778230703,817
2026-09-11T04:45:27Z,2788229376,1667
2026-09-11T04:45:27Z,2809202155,1180
2026-09-11T04:45:27Z,2913303231,883
2026-09-11T04:45:27Z,2916899287,3365
2026-09-11T04:45:27Z,2968914904,690
2026-09-11T04:45:27Z,3016661674,721
2026-09-11T04:45:27Z,3025990139,643
2026-09-11T04:45:27Z,3117860193,556
2026-09-11T04:45:27Z,3214114884,504
2026-09-11T04:45:27Z,3242417672,1641
2026-09-11T04:45:27Z,3260590327,7263
2026-09-11T04:45:27Z,3261957210,592
2026-09-11T04:45:27Z,3339374541,741
2026-09-11T04:45:27Z,3351674303,24321
2026-09-11T04:45:27Z,3398014311,837
2026-09-11T04:45:27Z,3475397644,7028
2026-09-11T04:45:27Z,3623096087,7791
2026-09-11T04:45:27Z,3631820248,2068
2026-09-11T04:45:27Z,3663340706,3138
2026-09-11T04:45:27Z,3678761576,2729
2026-09-11T04:45:27Z,3823781113,1882
2026-09-11T04:45:27Z,3851622790,1934
2026-09-11T04:45:27Z,3891618314,1470
2026-09-11T04:45:27Z,3956818381,518
2026-09-11T04:45:27Z,4104106043,2431
2026-09-11T04:45:27Z,4110892437,543
2026-09-11T04:45:27Z,4111023553,2931
2026-09-11T04:45:27Z,4282985734,1610
2026-09-11T04:45:27Z,4448566543,874
2026-09-11T04:45:27Z,4480809144,1378
2026-09-11T04:45:27Z,4520749081,4908
2026-09-11T04:45:27Z,4522347649,586
2026-09-11T04:45:27Z,4566572536,1276
2026-09-11T04:45:27Z,4580204640,4916
2026-09-11T04:45:27Z,4588604953,1375
2026-09-11T04:45:27Z,4616652839,3667
2026-09-11T04:45:27Z,4623386862,2852
2026-09-11T04:45:27Z,4637668954,2620
2026-09-11T04:45:27Z,4639625707,4247
2026-09-11T04:45:27Z,4640354700,516
2026-09-11T04:45:27Z,4646477729,555
2026-09-11T04:45:27Z,4796443083,746
2026-09-11T04:45:27Z,4830581890,1016
2026-09-11T04:45:27Z,4832438542,1098
2026-09-11T04:45:27Z,4850533156,1051
2026-09-11T04:45:27Z,4850588087,3370
2026-09-11T04:45:27Z,4855457388,580
2026-09-11T04:45:27Z,4872321990,516
2026-09-11T04:45:27Z,4889315193,1429
2026-09-11T04:45:27Z,4924922222,263575
2026-09-11T04:45:27Z,4954096313,939
2026-09-11T04:45:27Z,4972091010,597
2026-09-11T04:45:27Z,4972273297,1757
2026-09-11T04:45:27Z,4996049426,5328
2026-09-11T04:45:27Z,5041144419,1246
2026-09-11T04:45:27Z,5104202731,609
2026-09-11T04:45:27Z,5118969548,1087
2026-09-11T04:45:27Z,5130598377,724
2026-09-11T04:45:27Z,5152425034,3424
2026-09-11T04:45:27Z,5171093784,1214
2026-09-11T04:45:27Z,5171347293,1143
2026-09-11T04:45:27Z,5233782396,20933
2026-09-11T04:45:27Z,5244411056,2140
2026-09-11T04:45:27Z,5286116071,518
2026-09-11T04:45:27Z,5289509545,8625
2026-09-11T04:45:27Z,5343994291,644
2026-09-11T04:45:27Z,5496455308,1494
2026-09-11T04:45:27Z,5571328985,1415
2026-09-11T04:45:27Z,5593925613,1797
2026-09-11T04:45:27Z,5670218884,1933
2026-09-11T04:45:27Z,5671985295,2603
2026-09-11T04:45:27Z,5683833663,654
2026-09-11T04:45:27Z,5702593762,1752
2026-09-11T04:45:27Z,5712833750,2227
2026-09-11T04:45:27Z,5777099015,1189
2026-09-11T04:45:27Z,5829141886,546
2026-09-11T04:45:27Z,5846386835,578
2026-09-11T04:45:27Z,5856880701,786
2026-09-11T04:45:27Z,5865858426,1345
2026-09-11T04:45:27Z,5901440255,993
2026-09-11T04:45:27Z,5926001758,812
2026-09-11T04:45:27Z,5984006660,516
2026-09-11T04:45:27Z,5985232436,2706
2026-09-11T04:45:27Z,6020247720,1545
2026-09-11T04:45:27Z,6104994594,1138
2026-09-11T04:45:27Z,6137321701,648
2026-09-11T04:45:27Z,6153766069,1584
2026-09-11T04:45:27Z,6161235818,1214
2026-09-11T04:45:27Z,6205205961,6188
2026-09-11T04:45:27Z,6218169544,731
2026-09-11T04:45:27Z,6243699076,2446
2026-09-11T04:45:27Z,6250795236,510
2026-09-11T04:45:27Z,6263431107,1449
2026-09-11T04:45:27Z,6270290407,1309
2026-09-11T04:45:27Z,6284583030,898
2026-09-11T04:45:27Z,6299805723,1170
2026-09-11T04:45:27Z,6305582775,537
2026-09-11T04:45:27Z,6358567974,8086
2026-09-11T04:45:27Z,6366329104,3740
2026-09-11T04:45:27Z,6377740507,960
2026-09-11T04:45:27Z,6382584061,2715
2026-09-11T04:45:27Z,6403373529,5008
2026-09-11T04:45:27Z,6445435958,874
2026-09-11T04:45:27Z,6447798030,2034
2026-09-11T04:45:27Z,6507422231,3914
2026-09-11T04:45:27Z,6516141723,21148
2026-09-11T04:45:27Z,6520999642,1362
2026-09-11T04:45:27Z,6608498361,784
2026-09-11T04:45:27Z,6610021055,580
2026-09-11T04:45:27Z,6698800091,2332
2026-09-11T04:45:27Z,6717367660,913
2026-09-11T04:45:27Z,6737970321,4605
2026-09-11T04:45:27Z,6766156863,553
2026-09-11T04:45:27Z,6804602922,2870
2026-09-11T04:45:27Z,6816975827,2880
2026-09-11T04:45:27Z,6872265039,15164
2026-09-11T04:45:27Z,6875747014,2706
2026-09-11T04:45:27Z,6884319169,3139
2026-09-11T04:45:27Z,6911148748,3078
2026-09-11T04:45:27Z,6915976310,1165
2026-09-11T04:45:27Z,6918802270,1551
2026-09-11T04:45:27Z,6924758805,748
2026-09-11T04:45:27Z,6934310111,2068
2026-09-11T04:45:27Z,6939111033,1336
2026-09-11T04:45:27Z,6961824067,25581
2026-09-11T04:45:27Z,6989310863,2022
2026-09-11T04:45:27Z,7041939546,49078
2026-09-11T04:45:27Z,7074772062,1401
2026-09-11T04:45:27Z,7117492592,2458
2026-09-11T04:45:27Z,7138009149,1087
2026-09-11T04:45:27Z,7171174521,5668
2026-09-11T04:45:27Z,7180042682,1894
2026-09-11T04:45:27Z,7211666966,590
2026-09-11T04:45:27Z,7241858214,1666
2026-09-11T04:45:27Z,7243409883,3380
2026-09-11T04:45:27Z,7253149844,730
2026-09-11T04:45:27Z,7275702385,504
2026-09-11T04:45:27Z,7305309231,6333
2026-09-11T04:45:27Z,7336302630,1587
2026-09-11T04:45:27Z,7367863399,770
2026-09-11T04:45:27Z,7491927311,583
2026-09-11T04:45:27Z,7554888362,13514
2026-09-11T04:45:27Z,7577961216,2168
2026-09-11T04:45:27Z,7605357829,2650
2026-09-11T04:45:27Z,7645738534,555
2026-09-11T04:45:27Z,7670825572,1973
2026-09-11T04:45:27Z,7711635737,1590
2026-09-11T04:45:27Z,7772810845,1059
2026-09-11T04:45:27Z,7784286514,520
2026-09-11T04:45:27Z,7871169780,1257
2026-09-11T04:45:27Z,7896264844,834
2026-09-11T04:45:27Z,7971857341,4435
2026-09-11T04:45:27Z,7991339063,3679
2026-09-11T04:45:27Z,8003084678,822
2026-09-11T04:45:27Z,8034026074,2216
2026-09-11T04:45:27Z,8096601114,687
2026-09-11T04:45:27Z,8109476632,562
2026-09-11T04:45:27Z,8204899140,1635
2026-09-11T04:45:27Z,8246874626,1595
2026-09-11T04:45:27Z,8260276694,1166
2026-09-11T04:45:27Z,8286149869,832
2026-09-11T04:45:27Z,8317834514,3543
2026-09-11T04:45:27Z,8328351891,1138
2026-09-11T04:45:27Z,8369888266,2177
2026-09-11T04:45:27Z,8388259310,645
2026-09-11T04:45:27Z,8412352352,597
2026-09-11T04:45:27Z,8416249767,905
2026-09-11T04:45:27Z,8481844229,15781
2026-09-11T04:45:27Z,8534845015,762
2026-09-11T04:45:27Z,8540168650,769
2026-09-11T04:45:27Z,8542259458,697
2026-09-11T04:45:27Z,8554378337,597
2026-09-11T04:45:27Z,8562822414,549
2026-09-11T04:45:27Z,8571687919,1095
2026-09-11T04:45:27Z,8617370639,1195
2026-09-11T04:45:27Z,8657766101,638
2026-09-11T04:45:27Z,8704997000,2950
2026-09-11T04:45:27Z,8712817601,9202
2026-09-11T04:45:27Z,8737602449,2867
2026-09-11T04:45:27Z,8737899170,63632
2026-09-11T04:45:27Z,8838701772,1351
2026-09-11T04:45:27Z,8884433153,2942
2026-09-11T04:45:27Z,9049840490,1505
2026-09-11T04:45:27Z,9058310544,769
2026-09-11T04:45:27Z,9096881148,3097
2026-09-11T04:45:27Z,9099326192,841
2026-09-11T04:45:27Z,9120716669,1021
2026-09-11T04:45:27Z,9192423027,1843
2026-09-11T04:45:27Z,9224601490,2147
2026-09-11T04:45:27Z,9273658706,1641
2026-09-11T04:45:27Z,9346039031,810
2026-09-11T04:45:27Z,9391468976,85063
2026-09-11T04:45:27Z,9404223526,1857
2026-09-11T04:45:27Z,9414511685,1323
2026-09-11T04:45:27Z,9731376817,1568
2026-09-11T04:45:27Z,9791603388,1265
2026-09-11T04:45:27Z,9872472334,27357
2026-09-11T04:45:27Z,9879422661,571
2026-09-11T04:45:27Z,9922455303,604
2026-09-11T04:45:27Z,10110568567,779
2026-09-11T04:45:27Z,10165583746,4219
2026-09-11T04:45:27Z,10179538382,1472
2026-09-11T04:45:27Z,10224049386,1395
2026-09-11T04:45:27Z,10253248401,3253
2026-09-11T04:45:27Z,10260193230,1864
2026-09-11T04:45:27Z,10272636261,1266
2026-09-11T04:45:27Z,10277607801,616
2026-09-11T04:45:27Z,10449761463,38600
2026-09-11T04:45:27Z,10450270085,768
2026-09-11T04:45:27Z,10554647907,508
2026-09-11T04:45:27Z,10576142169,554
2026-09-11T04:45:27Z,10595058975,1272
2026-09-11T04:45:27Z,10660791703,751
2026-09-11T04:45:27Z,10679239752,1078
2026-09-11T04:45:27Z,10696301650,1654
2026-09-11T04:45:27Z,10704789056,550
2026-09-11T04:45:27Z,10726371567,700
2026-09-11T04:45:27Z,10745043766,980
2026-09-11T04:45:27Z,10834586502,2401
2026-09-11T04:45:27Z,10846691679,566
2026-09-11T04:45:27Z,10941514720,999
2026-09-11T04:45:27Z,10959918411,920
2026-09-11T04:45:27Z,11137575513,578
2026-09-11T04:45:27Z,11158043705,5990
2026-09-11T04:45:27Z,11232592166,509
2026-09-11T04:45:27Z,11273483795,1130
2026-09-11T04:45:27Z,11276071411,984
2026-09-11T04:45:27Z,11364087119,1321
2026-09-11T04:45:27Z,11379739543,8431
2026-09-11T04:45:27Z,11392373641,1334
2026-09-11T04:45:27Z,11464559285,783
2026-09-11T04:45:27Z,11474405411,859
2026-09-11T04:45:27Z,11653088948,587
2026-09-11T04:45:27Z,11684369582,590
2026-09-11T04:45:27Z,11694307960,1195
2026-09-11T04:45:27Z,11727501024,1266
2026-09-11T04:45:27Z,11729688377,770
2026-09-11T04:45:27Z,11765402359,1919
2026-09-11T04:45:27Z,11782774748,1972
2026-09-11T04:45:27Z,11815767793,2022
2026-09-11T04:45:27Z,11848247239,1185
2026-09-11T04:45:27Z,11862502039,1906
2026-09-11T04:45:27Z,11928087342,851
2026-09-11T04:45:27Z,12077443856,593
2026-09-11T04:45:27Z,12090482034,588
2026-09-11T04:45:27Z,12177325772,7291
2026-09-11T04:45:27Z,12262046571,1744
2026-09-11T04:45:27Z,12334109280,5041
2026-09-11T04:45:27Z,12338455185,1567
2026-09-11T04:45:27Z,12355337193,5962
2026-09-11T04:45:27Z,12397515839,2079
2026-09-11T04:45:27Z,12407250267,1593
2026-09-11T04:45:27Z,12411473842,808
2026-09-11T04:45:27Z,12495498157,928
2026-09-11T04:45:27Z,12593620250,3894
2026-09-11T04:45:27Z,12699642568,5065
2026-09-11T04:45:27Z,12828227139,1899
2026-09-11T04:45:27Z,12847474373,726
2026-09-11T04:45:27Z,12912731475,1436
2026-09-11T04:45:27Z,12931609417,1835
2026-09-11T04:45:27Z,12933818947,518
2026-09-11T04:45:27Z,12985361032,7637
2026-09-11T04:45:27Z,12997619803,839
2026-09-11T04:45:27Z,13042495892,1028
2026-09-11T04:45:27Z,13076380114,5514
2026-09-11T04:45:27Z,13118814103,1450
2026-09-11T04:45:27Z,13127800756,1640
2026-09-11T04:45:27Z,13159565330,1106
2026-09-11T04:45:27Z,13166293021,1786
2026-09-11T04:45:27Z,13184713709,1255
2026-09-11T04:45:27Z,13189735542,577
2026-09-11T04:45:27Z,13313611422,602
2026-09-11T04:45:27Z,13358463560,539
2026-09-11T04:45:27Z,13379208636,10201
2026-09-11T04:45:27Z,13384322856,537
2026-09-11T04:45:27Z,13416197699,1488
2026-09-11T04:45:27Z,13429790955,1777
2026-09-11T04:45:27Z,13438553315,578
2026-09-11T04:45:27Z,13473615074,1269
2026-09-11T04:45:27Z,13482468151,4062
2026-09-11T04:45:27Z,13587601484,1413
2026-09-11T04:45:27Z,13600218266,7499
2026-09-11T04:45:27Z,13621938427,9612
2026-09-11T04:45:27Z,13664698400,874
2026-09-11T04:45:27Z,13687899540,4719
2026-09-11T04:45:27Z,13698105873,568
2026-09-11T04:45:27Z,13718567207,975
2026-09-11T04:45:27Z,13772394625,11793
2026-09-11T04:45:27Z,13775256536,2238
2026-09-11T04:45:27Z,13796645198,1188
2026-09-11T04:45:27Z,13822562292,3364
2026-09-11T04:45:27Z,13827198708,551
2026-09-11T04:45:27Z,13864661000,1534
2026-09-11T04:45:27Z,13955927965,1259
2026-09-11T04:45:27Z,13967668166,13995
2026-09-11T04:45:27Z,13999660589,3756
2026-09-11T04:45:27Z,14038329225,788
2026-09-11T04:45:27Z,14044547200,1917
2026-09-11T04:45:27Z,14161770735,655
2026-09-11T04:45:27Z,14184086618,598
2026-09-11T04:45:27Z,14212732626,1861
2026-09-11T04:45:27Z,14236925335,4059
2026-09-11T04:45:27Z,14237585680,1136
2026-09-11T04:45:27Z,14238596528,3140
2026-09-11T04:45:27Z,14259168147,2940
2026-09-11T04:45:27Z,14259358984,581
2026-09-11T04:45:27Z,14279693118,1375
2026-09-11T04:45:27Z,14301835518,3089
2026-09-11T04:45:27Z,14313259147,598
2026-09-11T04:45:27Z,14315258385,16362
2026-09-11T04:45:27Z,14350413280,519
2026-09-11T04:45:27Z,14422394494,2624
2026-09-11T04:45:27Z,14437001043,865
2026-09-11T04:45:27Z,14438406081,5665
2026-09-11T04:45:27Z,14451515684,3681
2026-09-11T04:45:27Z,14458936637,1463
2026-09-11T04:45:27Z,14475396559,821
2026-09-11T04:45:27Z,14518422161,512
2026-09-11T04:45:27Z,14564651437,2424
2026-09-11T04:45:27Z,14567590300,1190
2026-09-11T04:45:27Z,14608970270,8034
2026-09-11T04:45:27Z,14721282186,924
2026-09-11T04:45:27Z,14772802900,1537
2026-09-11T04:45:27Z,14787369036,593
2026-09-11T04:45:27Z,14823220100,595
2026-09-11T04:45:27Z,14833592591,1232
2026-09-11T04:45:27Z,14835828495,1499
2026-09-11T04:45:27Z,15002061926,5921
2026-09-11T04:45:27Z,15027718878,510
2026-09-11T04:45:27Z,15077422637,542
2026-09-11T04:45:27Z,15092647980,585
2026-09-11T04:45:27Z,15101393044,37195
2026-09-11T04:45:27Z,15111895255,1209
2026-09-11T04:45:27Z,15135285305,893
2026-09-11T04:45:27Z,15198166649,1089
2026-09-11T04:45:27Z,15240723287,3192
2026-09-11T04:45:27Z,15269951959,3594
2026-09-11T04:45:27Z,15270182488,1070
2026-09-11T04:45:27Z,15288629078,1038
2026-09-11T04:45:27Z,15318113891,12767
2026-09-11T04:45:27Z,15507022415,1288
2026-09-11T04:45:27Z,15532962292,42176
2026-09-11T04:45:27Z,15546218972,1822
2026-09-11T04:45:27Z,15550215902,2786
2026-09-11T04:45:27Z,15560168390,629
2026-09-11T04:45:27Z,15598056478,1302
2026-09-11T04:45:27Z,15654981113,531
2026-09-11T04:45:27Z,15694891095,1456
2026-09-11T04:45:27Z,15696848933,1987
2026-09-11T04:45:27Z,15768329004,6908
2026-09-11T04:45:27Z,15784744207,1227
2026-09-11T04:45:27Z,15930174396,2960
2026-09-11T04:45:27Z,16039690331,1098
2026-09-11T04:45:27Z,16115051360,914
2026-09-11T04:45:27Z,16116270224,16995
2026-09-11T04:45:27Z,16141640360,525
2026-09-11T04:45:27Z,16141898262,990
2026-09-11T04:45:27Z,16146832113,19021
2026-09-11T04:45:27Z,16154918775,2254
2026-09-11T04:45:27Z,16159871483,530
2026-09-11T04:45:27Z,16272604134,2229
2026-09-11T04:45:27Z,16331682055,1154
2026-09-11T04:45:27Z,16389395869,8309
2026-09-11T04:45:27Z,16446142514,1476
2026-09-11T04:45:27Z,16447934574,2335
2026-09-11T04:45:27Z,16454399300,509
2026-09-11T04:45:27Z,16480898254,2335
2026-09-11T04:45:27Z,16483433878,646
2026-09-11T04:45:27Z,16518256559,800
2026-09-11T04:45:27Z,16625391970,5082
2026-09-11T04:45:27Z,16653555262,566
2026-09-11T04:45:27Z,16732694052,64007
2026-09-11T04:45:27Z,16867505761,564
2026-09-11T04:45:27Z,16901389020,1700
2026-09-11T04:45:27Z,16907212609,910
2026-09-11T04:45:27Z,16910059756,2880
2026-09-11T04:45:27Z,16962279458,1902
2026-09-11T04:45:27Z,16991287194,2297
2026-09-11T04:45:27Z,16993432698,540
2026-09-11T04:45:27Z,17045823120,2685
2026-09-11T04:45:27Z,17121846721,1423
2026-09-11T04:45:27Z,17188326828,1089
2026-09-11T04:45:27Z,17192092512,2856
2026-09-11T04:45:27Z,17255098561,1084
2026-09-11T04:45:27Z,17450551531,1060
2026-09-11T04:45:27Z,17457039279,563
2026-09-11T04:45:27Z,17457986005,1473
2026-09-11T04:45:27Z,17516596118,16263
2026-09-11T04:45:27Z,17556820024,1605
2026-09-11T04:45:27Z,17571821642,2905
2026-09-11T04:45:27Z,17577256698,1638
2026-09-11T04:45:27Z,17581668152,1987
2026-09-11T04:45:27Z,17600423422,1049
2026-09-11T04:45:27Z,17612027930,707
2026-09-11T04:45:27Z,17625359962,91346
2026-09-11T04:45:27Z,17662297954,732
2026-09-11T04:45:27Z,17664585395,1622
2026-09-11T04:45:27Z,17698425045,1924
2026-09-11T04:45:27Z,17720162456,1580
2026-09-11T04:45:27Z,17759606919,506
2026-09-11T04:45:27Z,17844293708,847
2026-09-11T04:45:27Z,17882166032,1965
2026-09-11T04:45:27Z,18102078939,1461
2026-09-11T04:45:27Z,18138682962,846
2026-09-11T04:45:27Z,18152595062,621
2026-09-11T04:45:27Z,18156286285,555
2026-09-11T04:45:27Z,18180736634,1652
2026-09-11T04:45:27Z,18183902003,721
2026-09-11T04:45:27Z,18192562963,1392
2026-09-11T04:45:27Z,18199615050,4703
2026-09-11T04:45:27Z,18214855317,1763
2026-09-11T04:45:27Z,18218605381,11962
2026-09-11T04:45:27Z,18259975825,1914
2026-09-11T04:45:27Z,18260439047,991
2026-09-11T04:45:27Z,18334179599,802
2026-09-11T04:45:27Z,18335956021,9494
2026-09-11T04:45:27Z,18341181766,898
2026-09-11T04:45:27Z,18376355901,1248
2026-09-11T04:45:27Z,18519254033,1553
2026-09-11T04:45:27Z,18537079992,617
2026-09-11T04:45:27Z,18645473062,974
2026-09-11T04:45:27Z,18649596490,1077
2026-09-11T04:45:27Z,18666738837,3865
2026-09-11T04:45:27Z,18668065416,10186
2026-09-11T04:45:27Z,18680867089,1308
2026-09-11T04:45:27Z,18687417158,40137
2026-09-11T04:45:27Z,18688598012,2254
2026-09-11T04:45:27Z,18700851435,1775
2026-09-11T04:45:27Z,18753889337,2230
2026-09-11T04:45:27Z,18799085098,1590
2026-09-11T04:45:27Z,18803315158,2589
2026-09-11T04:45:27Z,18816315817,1089
2026-09-11T04:45:27Z,18864551515,706
2026-09-11T04:45:27Z,18948446518,1631
2026-09-11T04:45:27Z,18950675748,1448
2026-09-11T04:45:27Z,18956320538,501
2026-09-11T04:45:27Z,18959440414,1289
2026-09-11T04:45:27Z,18984776765,1232
2026-09-11T04:45:27Z,70390793715007,1344
2026-09-11T04:45:27Z,70400654680508,2567
2026-09-11T04:45:27Z,70411440483149,20482
2026-09-11T04:45:27Z,70435795041539,4241
2026-09-11T04:45:27Z,70524138309677,574
2026-09-11T04:45:27Z,70587876731444,967
2026-09-11T04:45:27Z,70640255604878,12288
2026-09-11T04:45:27Z,70805830291547,742
2026-09-11T04:45:27Z,70904050766278,635
2026-09-11T04:45:27Z,70906625936847,5182
2026-09-11T04:45:27Z,70911358699250,602
2026-09-11T04:45:27Z,70970763145070,703
2026-09-11T04:45:27Z,70990751935174,1879
2026-09-11T04:45:27Z,70994695337243,1064
2026-09-11T04:45:27Z,70998903613713,611
2026-09-11T04:45:27Z,71099982892966,623
2026-09-11T04:45:27Z,71132543521245,6905
2026-09-11T04:45:27Z,71143154217953,629
2026-09-11T04:45:27Z,71174733280934,926
2026-09-11T04:45:27Z,71229216166991,582
2026-09-11T04:45:27Z,71394819414417,1379
2026-09-11T04:45:27Z,71457452830106,1228
2026-09-11T04:45:27Z,71599043035739,3055
2026-09-11T04:45:27Z,71600459831333,2200
2026-09-11T04:45:27Z,71633357192188,1388
2026-09-11T04:45:27Z,71647048889071,849
2026-09-11T04:45:27Z,71647256260480,1486
2026-09-11T04:45:27Z,71704434889758,1235
2026-09-11T04:45:27Z,71706515477118,612
2026-09-11T04:45:27Z,71774876641249,953
2026-09-11T04:45:27Z,71849204829689,567
2026-09-11T04:45:27Z,71852303862507,1150
2026-09-11T04:45:27Z,71895508397153,2066
2026-09-11T04:45:27Z,72019577565540,644
2026-09-11T04:45:27Z,72167803024670,839
2026-09-11T04:45:27Z,72216345408467,4577
2026-09-11T04:45:27Z,72317248326994,1084
2026-09-11T04:45:27Z,72387437800091,4670
2026-09-11T04:45:27Z,72450672234943,1120
2026-09-11T04:45:27Z,72659788689464,717
2026-09-11T04:45:27Z,72712036210947,751
2026-09-11T04:45:27Z,72763503064951,2024
2026-09-11T04:45:27Z,72845937010155,2232
2026-09-11T04:45:27Z,72920620366355,4226
2026-09-11T04:45:27Z,73097591386069,871
2026-09-11T04:45:27Z,73101851322368,715
2026-09-11T04:45:27Z,73153085372622,816
2026-09-11T04:45:27Z,73189007576537,1750
2026-09-11T04:45:27Z,73526576502092,559
2026-09-11T04:45:27Z,73578698401320,1157
2026-09-11T04:45:27Z,73613510857111,1418
2026-09-11T04:45:27Z,73621314943835,5436
2026-09-11T04:45:27Z,73768006371986,1962
2026-09-11T04:45:27Z,73814003954154,509
2026-09-11T04:45:27Z,73897506680154,5953
2026-09-11T04:45:27Z,73904017172892,1490
2026-09-11T04:45:27Z,73908022013371,1778
2026-09-11T04:45:27Z,73956553001240,24127
2026-09-11T04:45:27Z,73988917142472,625
2026-09-11T04:45:27Z,74007353203361,560
2026-09-11T04:45:27Z,74102906764176,16035
2026-09-11T04:45:27Z,74188431054457,15477
2026-09-11T04:45:27Z,74193805629461,1583
2026-09-11T04:45:27Z,74256669508761,2493
2026-09-11T04:45:27Z,74260430392611,5079
2026-09-11T04:45:27Z,74341114342499,5876
2026-09-11T04:45:27Z,74395953411817,6232
2026-09-11T04:45:27Z,74511210941284,1469
2026-09-11T04:45:27Z,74542317333958,841
2026-09-11T04:45:27Z,74716719697996,3375
2026-09-11T04:45:27Z,74729868188364,5002
2026-09-11T04:45:27Z,74889851913797,3298
2026-09-11T04:45:27Z,75317862071711,3267
2026-09-11T04:45:27Z,75366259315586,532
2026-09-11T04:45:27Z,75387700043737,15810
2026-09-11T04:45:27Z,75467339082089,575
2026-09-11T04:45:27Z,75541741887441,701
2026-09-11T04:45:27Z,75547400568620,2104
2026-09-11T04:45:27Z,75568173037446,1563
2026-09-11T04:45:27Z,75646865566926,883
2026-09-11T04:45:27Z,75663528075786,1410
2026-09-11T04:45:27Z,75753413268977,796
2026-09-11T04:45:27Z,75839707976715,566
2026-09-11T04:45:27Z,76137189788863,2206
2026-09-11T04:45:27Z,76153324611685,4446
2026-09-11T04:45:27Z,76285745979410,3482
2026-09-11T04:45:27Z,76377501906469,7787
2026-09-11T04:45:27Z,76427445314955,659
2026-09-11T04:45:27Z,76427490154192,2585
2026-09-11T04:45:27Z,76503495566299,13084
2026-09-11T04:45:27Z,76526090659517,1546
2026-09-11T04:45:27Z,76558904092080,1194
2026-09-11T04:45:27Z,76737571462455,934
2026-09-11T04:45:27Z,76812848652979,2039
2026-09-11T04:45:27Z,76838459031868,6844
2026-09-11T04:45:27Z,76911729991355,2919
2026-09-11T04:45:27Z,77108422251420,36153
2026-09-11T04:45:27Z,77187847593796,760
2026-09-11T04:45:27Z,77649408247578,27330
2026-09-11T04:45:27Z,77747658251236,1422
2026-09-11T04:45:27Z,77843161404023,7483
2026-09-11T04:45:27Z,78028206594931,580
2026-09-11T04:45:27Z,78131609782350,566
2026-09-11T04:45:27Z,78177131121429,2103
2026-09-11T04:45:27Z,78471443847948,562
2026-09-11T04:45:27Z,78496323189083,759
2026-09-11T04:45:27Z,78515283254292,58698
2026-09-11T04:45:27Z,78724900430513,1811
2026-09-11T04:45:27Z,78839079957645,2137
2026-09-11T04:45:27Z,79267089300389,3118
2026-09-11T04:45:27Z,79268393072444,7411
2026-09-11T04:45:27Z,79315121100812,1900
2026-09-11T04:45:27Z,79454007962937,937
2026-09-11T04:45:27Z,79480724066456,9893
2026-09-11T04:45:27Z,79546208627805,99324
2026-09-11T04:45:27Z,79790479326946,571
2026-09-11T04:45:27Z,79966250354565,3701
2026-09-11T04:45:27Z,80000420704526,2542
2026-09-11T04:45:27Z,80031826041492,1244
2026-09-11T04:45:27Z,80111254680893,508
2026-09-11T04:45:27Z,80200604311136,1471
2026-09-11T04:45:27Z,80234914611737,814
2026-09-11T04:45:27Z,80279663815725,883
2026-09-11T04:45:27Z,80342862330041,639
2026-09-11T04:45:27Z,80607040330429,743
2026-09-11T04:45:27Z,80610578881227,623
2026-09-11T04:45:27Z,80734098185936,2305
2026-09-11T04:45:27Z,80861715191104,934
2026-09-11T04:45:27Z,80898524797320,1439
2026-09-11T04:45:27Z,81040587037979,2492
2026-09-11T04:45:27Z,81223687051453,1597
2026-09-11T04:45:27Z,81239378558719,565
2026-09-11T04:45:27Z,81703830622949,1700
2026-09-11T04:45:27Z,82013336390273,627
2026-09-11T04:45:27Z,82075856475941,539
2026-09-11T04:45:27Z,82084053899394,702
2026-09-11T04:45:27Z,82453659777192,561
2026-09-11T04:45:27Z,82457571485380,5994
2026-09-11T04:45:27Z,82539019711975,1633
2026-09-11T04:45:27Z,82554996468034,824
2026-09-11T04:45:27Z,82570142697239,1357
2026-09-11T04:45:27Z,82712304391069,3715
2026-09-11T04:45:27Z,82745432464897,557
2026-09-11T04:45:27Z,82797688803922,2785
2026-09-11T04:45:27Z,82866880824588,1786
2026-09-11T04:45:27Z,82898983236792,512
2026-09-11T04:45:27Z,82904798643396,1134
2026-09-11T04:45:27Z,82983707799188,2547
2026-09-11T04:45:27Z,83038462357724,9625
2026-09-11T04:45:27Z,83264774625004,1908
2026-09-11T04:45:27Z,83312952548612,930
2026-09-11T04:45:27Z,83325975879599,2028
2026-09-11T04:45:27Z,83388257263676,3097
2026-09-11T04:45:27Z,83569851223739,1634
2026-09-11T04:45:27Z,83622406313819,1758
2026-09-11T04:45:27Z,83948716312312,1819
2026-09-11T04:45:27Z,84156601481934,1353
2026-09-11T04:45:27Z,84256892855657,1202
2026-09-11T04:45:27Z,84332574190497,2006
2026-09-11T04:45:27Z,84449017742177,4011
2026-09-11T04:45:27Z,84515722934860,34231
2026-09-11T04:45:27Z,84525826229916,1995
2026-09-11T04:45:27Z,84556640895285,10731
2026-09-11T04:45:27Z,84568117169118,1477
2026-09-11T04:45:27Z,84692574040798,652
2026-09-11T04:45:27Z,84956402848349,721
2026-09-11T04:45:27Z,85011874799856,1228
2026-09-11T04:45:27Z,85048226835181,1232
2026-09-11T04:45:27Z,85056532479796,1087
2026-09-11T04:45:27Z,85070202669030,1116
2026-09-11T04:45:27Z,85245205758607,1878
2026-09-11T04:45:27Z,85387381843881,1154
2026-09-11T04:45:27Z,85896571713843,2336
2026-09-11T04:45:27Z,85967844112283,12018
2026-09-11T04:45:27Z,86017989016432,815
2026-09-11T04:45:27Z,86022723355936,991
2026-09-11T04:45:27Z,86164638330564,536
2026-09-11T04:45:27Z,86247128610772,7226
2026-09-11T04:45:27Z,86259628805375,6175
2026-09-11T04:45:27Z,86368783421928,2640
2026-09-11T04:45:27Z,86374876468143,2777
2026-09-11T04:45:27Z,86479448397834,7117
2026-09-11T04:45:27Z,86524001536792,796
2026-09-11T04:45:27Z,86635275427451,523
2026-09-11T04:45:27Z,86754403332185,683
2026-09-11T04:45:27Z,86943068337855,6352
2026-09-11T04:45:27Z,87046419551816,1697
2026-09-11T04:45:27Z,87214116277191,707
2026-09-11T04:45:27Z,87311102000285,839
2026-09-11T04:45:27Z,87468080405188,2924
2026-09-11T04:45:27Z,87555052900625,699
2026-09-11T04:45:27Z,88033955914813,597
2026-09-11T04:45:27Z,88207898227053,695
2026-09-11T04:45:27Z,88234622381007,659
2026-09-11T04:45:27Z,88323040672117,1835
2026-09-11T04:45:27Z,88412811497379,1359
2026-09-11T04:45:27Z,88728793053496,810
2026-09-11T04:45:27Z,88773823105878,3053
2026-09-11T04:45:27Z,88887739603194,1034
2026-09-11T04:45:27Z,88933961678687,1208
2026-09-11T04:45:27Z,88951201927122,966
2026-09-11T04:45:27Z,89035794510548,1793
2026-09-11T04:45:27Z,89100823864844,1689
2026-09-11T04:45:27Z,89180039807836,732
2026-09-11T04:45:27Z,89469502395769,26308
2026-09-11T04:45:27Z,89490838554710,1657
2026-09-11T04:45:27Z,89561601601392,592
2026-09-11T04:45:27Z,89704645856683,1242
2026-09-11T04:45:27Z,89788834648171,717
2026-09-11T04:45:27Z,90086669327265,11512
2026-09-11T04:45:27Z,90148635862803,8714
2026-09-11T04:45:27Z,90184287580174,1322
2026-09-11T04:45:27Z,90367590248857,842
2026-09-11T04:45:27Z,90462358603255,585
2026-09-11T04:45:27Z,90568084448279,14873
2026-09-11T04:45:27Z,90704250333473,1513
2026-09-11T04:45:27Z,90740816183375,4418
2026-09-11T04:45:27Z,90784570995507,1794
2026-09-11T04:45:27Z,90906407195271,4645
2026-09-11T04:45:27Z,90913221847091,845
2026-09-11T04:45:27Z,91203203156283,1378
2026-09-11T04:45:27Z,91296119701853,709
2026-09-11T04:45:27Z,91440994157417,717
2026-09-11T04:45:27Z,91695551099066,956
2026-09-11T04:45:27Z,91704854174760,5035
2026-09-11T04:45:27Z,91746497060666,2929
2026-09-11T04:45:27Z,92122513197996,2881
2026-09-11T04:45:27Z,92141204718989,642
2026-09-11T04:45:27Z,92171645661524,1408
2026-09-11T04:45:27Z,92415748858497,608
2026-09-11T04:45:27Z,92416421522960,580
2026-09-11T04:45:27Z,92637789841354,45185
2026-09-11T04:45:27Z,92942575852492,984
2026-09-11T04:45:27Z,93028168925975,3690
2026-09-11T04:45:27Z,93091759101123,4562
2026-09-11T04:45:27Z,93233198656969,647
2026-09-11T04:45:27Z,93265851514769,1643
2026-09-11T04:45:27Z,93563420945975,571
2026-09-11T04:45:27Z,93787311916283,912
2026-09-11T04:45:27Z,93829858358973,1605
2026-09-11T04:45:27Z,93953121730240,552
2026-09-11T04:45:27Z,93978595733734,50095
2026-09-11T04:45:27Z,94217045453265,8375
2026-09-11T04:45:27Z,94495283121683,1350
2026-09-11T04:45:27Z,94503612388426,691
2026-09-11T04:45:27Z,94539932414164,701
2026-09-11T04:45:27Z,94590879393563,974
2026-09-11T04:45:27Z,94640181989498,15680
2026-09-11T04:45:27Z,94647229517154,7057
2026-09-11T04:45:27Z,94702395375549,869
2026-09-11T04:45:27Z,94717504417144,696
2026-09-11T04:45:27Z,94845773826960,593
2026-09-11T04:45:27Z,94860588848140,893
2026-09-11T04:45:27Z,94987506187454,814
2026-09-11T04:45:27Z,95082159892680,60828
2026-09-11T04:45:27Z,95094140550911,1003
2026-09-11T04:45:27Z,95094324354820,1530
2026-09-11T04:45:27Z,95099570361956,627
2026-09-11T04:45:27Z,95319535505764,1798
2026-09-11T04:45:27Z,95417153338993,3519
2026-09-11T04:45:27Z,95496064393804,796
2026-09-11T04:45:27Z,95721658376580,979
2026-09-11T04:45:27Z,95929919723230,534
2026-09-11T04:45:27Z,96153864779911,792
2026-09-11T04:45:27Z,96168869671905,3183
2026-09-11T04:45:27Z,96280251181127,2836
2026-09-11T04:45:27Z,96401370703274,812
2026-09-11T04:45:27Z,96425088123775,1153
2026-09-11T04:45:27Z,96447215899741,1812
2026-09-11T04:45:27Z,96462622512177,1019
2026-09-11T04:45:27Z,96510596525082,5005
2026-09-11T04:45:27Z,96645548064314,20452
2026-09-11T04:45:27Z,96775630583143,1190
2026-09-11T04:45:27Z,96796259580891,1051
2026-09-11T04:45:27Z,97042065873644,1009
2026-09-11T04:45:27Z,97090732168175,2873
2026-09-11T04:45:27Z,97387256206808,595
2026-09-11T04:45:27Z,97438379434717,1848
2026-09-11T04:45:27Z,97598239454123,7349
2026-09-11T04:45:27Z,97607545197126,1700
2026-09-11T04:45:27Z,97630670804505,974
2026-09-11T04:45:27Z,97777561575736,684
2026-09-11T04:45:27Z,97824450589417,11973
2026-09-11T04:45:27Z,98067481349941,630
2026-09-11T04:45:27Z,98138235237704,596
2026-09-11T04:45:27Z,98303142742576,927
2026-09-11T04:45:27Z,98393605725180,2761
2026-09-11T04:45:27Z,98502499119821,6468
2026-09-11T04:45:27Z,98552665283269,698
2026-09-11T04:45:27Z,98626216952426,525
2026-09-11T04:45:27Z,98629859043211,1219
2026-09-11T04:45:27Z,98664161516921,3916
2026-09-11T04:45:27Z,98679602313466,1751
2026-09-11T04:45:27Z,98800969324557,16745
2026-09-11T04:45:27Z,98894876188248,8535
2026-09-11T04:45:27Z,98916904742148,1257
2026-09-11T04:45:27Z,98936097545088,2926
2026-09-11T04:45:27Z,98951612738714,527
2026-09-11T04:45:27Z,99065555424640,580
2026-09-11T04:45:27Z,99108783264633,4680
2026-09-11T04:45:27Z,99122501338948,1264
2026-09-11T04:45:27Z,99255447043899,1038
2026-09-11T04:45:27Z,99269206016797,1453
2026-09-11T04:45:27Z,99342262733194,551
2026-09-11T04:45:27Z,99449877692519,1437
2026-09-11T04:45:27Z,99487541293863,3683
2026-09-11T04:45:27Z,99521272836282,2019
2026-09-11T04:45:27Z,99567941238278,12134
2026-09-11T04:45:27Z,99702578544768,1281
2026-09-11T04:45:27Z,99703116573266,873
2026-09-11T04:45:27Z,99715891575923,1563
2026-09-11T04:45:27Z,99758842280353,1083
2026-09-11T04:45:27Z,99817148924004,1083
2026-09-11T04:45:27Z,100034344773758,649
2026-09-11T04:45:27Z,100039707794702,594
2026-09-11T04:45:27Z,100178831086674,2001
2026-09-11T04:45:27Z,100221279566736,539
2026-09-11T04:45:27Z,100293509865504,3433
2026-09-11T04:45:27Z,100400297022629,760
2026-09-11T04:45:27Z,100429474155186,5755
2026-09-11T04:45:27Z,100453351939863,1535
2026-09-11T04:45:27Z,100689340481763,1597
2026-09-11T04:45:27Z,100744519298647,990
2026-09-11T04:45:27Z,100860415498291,599
2026-09-11T04:45:27Z,100911362514791,1092
2026-09-11T04:45:27Z,101009821472804,2778
2026-09-11T04:45:27Z,101272402522756,763
2026-09-11T04:45:27Z,101396571928321,1980
2026-09-11T04:45:27Z,101432174163538,713
2026-09-11T04:45:27Z,101480963912212,5151
2026-09-11T04:45:27Z,101533162298733,660
2026-09-11T04:45:27Z,101610294550592,1717
2026-09-11T04:45:27Z,101685456774656,1616
2026-09-11T04:45:27Z,101733180974837,887
2026-09-11T04:45:27Z,101754965994520,871
2026-09-11T04:45:27Z,101770480176177,11078
2026-09-11T04:45:27Z,101906032112547,5332
2026-09-11T04:45:27Z,101914772188620,3894
2026-09-11T04:45:27Z,101949297449238,699
2026-09-11T04:45:27Z,102054284786904,1363
2026-09-11T04:45:27Z,102071609564196,592
2026-09-11T04:45:27Z,102072869879193,16226
2026-09-11T04:45:27Z,102457672839885,1168
2026-09-11T04:45:27Z,102489700929678,3855
2026-09-11T04:45:27Z,102553576537621,1029
2026-09-11T04:45:27Z,102837194624695,2501
2026-09-11T04:45:27Z,102871156420149,1277
2026-09-11T04:45:27Z,102917792916356,1009
2026-09-11T04:45:27Z,103037106396302,13806
2026-09-11T04:45:27Z,103050497819513,2157
2026-09-11T04:45:27Z,103285721487694,4042
2026-09-11T04:45:27Z,103556382323599,3987
2026-09-11T04:45:27Z,103589142326933,1082
2026-09-11T04:45:27Z,103593441753340,538
2026-09-11T04:45:27Z,103740390007820,621
2026-09-11T04:45:27Z,103754275310547,1764
2026-09-11T04:45:27Z,103802803330866,956
2026-09-11T04:45:27Z,103883942725157,8368
2026-09-11T04:45:27Z,104339804279870,1044
2026-09-11T04:45:27Z,104485012391716,1875
2026-09-11T04:45:27Z,104589921852670,1448
2026-09-11T04:45:27Z,104693964860826,2960
2026-09-11T04:45:27Z,104715542330896,16083
2026-09-11T04:45:27Z,104761395312874,3726
2026-09-11T04:45:27Z,104808235862933,4224
2026-09-11T04:45:27Z,104809044319701,5486
2026-09-11T04:45:27Z,104812936457083,514
2026-09-11T04:45:27Z,104841616983113,1976
2026-09-11T04:45:27Z,104890260413773,1004
2026-09-11T04:45:27Z,104973076655377,3185
2026-09-11T04:45:27Z,105265986112006,612
2026-09-11T04:45:27Z,105373497661352,957
2026-09-11T04:45:27Z,105452889569708,1694
2026-09-11T04:45:27Z,105555311806207,2426
2026-09-11T04:45:27Z,105633123928294,1964
2026-09-11T04:45:27Z,105724836892064,2976
2026-09-11T04:45:27Z,105742951729183,866
2026-09-11T04:45:27Z,105954652742326,1052
2026-09-11T04:45:27Z,106078822951099,699
2026-09-11T04:45:27Z,106131416903029,1276
2026-09-11T04:45:27Z,106187832607756,691
2026-09-11T04:45:27Z,106383201135975,8867
2026-09-11T04:45:27Z,106484206883664,8536
2026-09-11T04:45:27Z,106487781999308,750
2026-09-11T04:45:27Z,106490710325921,715
2026-09-11T04:45:27Z,106683702021527,2844
2026-09-11T04:45:27Z,106802314735486,3027
2026-09-11T04:45:27Z,106838580527183,3953
2026-09-11T04:45:27Z,106920577206536,1390
2026-09-11T04:45:27Z,107095834793267,621
2026-09-11T04:45:27Z,107377364123237,876
2026-09-11T04:45:27Z,107430889830807,3573
2026-09-11T04:45:27Z,107467295209358,3363
2026-09-11T04:45:27Z,107645101488133,697
2026-09-11T04:45:27Z,107646426076756,507
2026-09-11T04:45:27Z,107653945083776,8253
2026-09-11T04:45:27Z,107727386530697,716
2026-09-11T04:45:27Z,107778070777162,1451763
2026-09-11T04:45:27Z,107792622719098,626
2026-09-11T04:45:27Z,107828406309109,812
2026-09-11T04:45:27Z,107833198839573,1137
2026-09-11T04:45:27Z,107894105055312,4811
2026-09-11T04:45:27Z,108227239615000,587
2026-09-11T04:45:27Z,108307565942574,3484
2026-09-11T04:45:27Z,108439047160668,1080
2026-09-11T04:45:27Z,108533757090220,3909
2026-09-11T04:45:27Z,108567435288296,13602
2026-09-11T04:45:27Z,108645230905176,3278
2026-09-11T04:45:27Z,108730407897379,2350
2026-09-11T04:45:27Z,108767400143329,715
2026-09-11T04:45:27Z,108843562394237,504
2026-09-11T04:45:27Z,109129552698918,795
2026-09-11T04:45:27Z,109167932163747,747
2026-09-11T04:45:27Z,109170650911069,569
2026-09-11T04:45:27Z,109258067111533,1738
2026-09-11T04:45:27Z,109397169461300,3273
2026-09-11T04:45:27Z,109509029034984,4752
2026-09-11T04:45:27Z,109629391874197,727
2026-09-11T04:45:27Z,109686116036889,1816
2026-09-11T04:45:27Z,109694820409483,1714
2026-09-11T04:45:27Z,109715918987082,803
2026-09-11T04:45:27Z,109881277752094,1781
2026-09-11T04:45:27Z,109983668079237,63666
2026-09-11T04:45:27Z,110175021189594,5016
2026-09-11T04:45:27Z,110280222997707,721
2026-09-11T04:45:27Z,110334393584385,558
2026-09-11T04:45:27Z,110470672231288,682
2026-09-11T04:45:27Z,110570058234582,1017
2026-09-11T04:45:27Z,110584310129887,509
2026-09-11T04:45:27Z,110627433764494,2132
2026-09-11T04:45:27Z,110668201954727,1431
2026-09-11T04:45:27Z,110793563946846,1333
2026-09-11T04:45:27Z,110806816173057,1636
2026-09-11T04:45:27Z,110829983956014,5671
2026-09-11T04:45:27Z,110954432401277,1575
2026-09-11T04:45:27Z,111063058742520,3297
2026-09-11T04:45:27Z,111262527555232,2552
2026-09-11T04:45:27Z,111363135577981,1191
2026-09-11T04:45:27Z,111421220771064,522
2026-09-11T04:45:27Z,111442376436641,1086
2026-09-11T04:45:27Z,111471464387284,674
2026-09-11T04:45:27Z,111779414681728,536
2026-09-11T04:45:27Z,111835260646713,1888
2026-09-11T04:45:27Z,111894976456494,2246
2026-09-11T04:45:27Z,111989938562194,1740
2026-09-11T04:45:27Z,112171352246014,3148
2026-09-11T04:45:27Z,112226578490421,1114
2026-09-11T04:45:27Z,112233638491976,2347
2026-09-11T04:45:27Z,112413741511713,1754
2026-09-11T04:45:27Z,112531085636442,1965
2026-09-11T04:45:27Z,112619156837009,2088
2026-09-11T04:45:27Z,112626674737178,1117
2026-09-11T04:45:27Z,112641748896693,1614
2026-09-11T04:45:27Z,112731528776884,4349
2026-09-11T04:45:27Z,112778631702542,3305
2026-09-11T04:45:27Z,112781315318195,7764
2026-09-11T04:45:27Z,112796336189704,1791
2026-09-11T04:45:27Z,112816993332059,608
2026-09-11T04:45:27Z,112838150455902,2941
2026-09-11T04:45:27Z,112857282410969,1318
2026-09-11T04:45:27Z,112966546347918,1529
2026-09-11T04:45:27Z,113099333239841,4196
2026-09-11T04:45:27Z,113232329524315,3676
2026-09-11T04:45:27Z,113290951185459,23027
2026-09-11T04:45:27Z,113323927469374,2522
2026-09-11T04:45:27Z,113385048266134,1252
2026-09-11T04:45:27Z,113385977463481,1326
2026-09-11T04:45:27Z,113392430358155,612
2026-09-11T04:45:27Z,113457460682474,3039
2026-09-11T04:45:27Z,113481077323469,12097
2026-09-11T04:45:27Z,113506071094099,5358
2026-09-11T04:45:27Z,113581963143008,861
2026-09-11T04:45:27Z,113604074601559,705
2026-09-11T04:45:27Z,113745337705295,1736
2026-09-11T04:45:27Z,113987393426315,3222
2026-09-11T04:45:27Z,114122724051462,2505
2026-09-11T04:45:27Z,114204398207377,4626
2026-09-11T04:45:27Z,114234929420007,4077
2026-09-11T04:45:27Z,114357963370524,768
2026-09-11T04:45:27Z,114381378262504,2572
2026-09-11T04:45:27Z,114501358617756,1989
2026-09-11T04:45:27Z,114549747848211,539
2026-09-11T04:45:27Z,114697347887839,21591
2026-09-11T04:45:27Z,114861592677288,2400
2026-09-11T04:45:27Z,115035699922620,2822
2026-09-11T04:45:27Z,115092911061119,704
2026-09-11T04:45:27Z,115286378269814,614
2026-09-11T04:45:27Z,115618367729321,1213
2026-09-11T04:45:27Z,115620466946909,747
2026-09-11T04:45:27Z,115681808123944,6920
2026-09-11T04:45:27Z,116058355775210,786
2026-09-11T04:45:27Z,116070952245255,3601
2026-09-11T04:45:27Z,116113866980358,648
2026-09-11T04:45:27Z,116495829188952,12491
2026-09-11T04:45:27Z,116497287371701,44957
2026-09-11T04:45:27Z,116501341774429,1273
2026-09-11T04:45:27Z,116605585218149,733
2026-09-11T04:45:27Z,117381420723145,519
2026-09-11T04:45:27Z,117533937949084,6845
2026-09-11T04:45:27Z,117539213094671,1389
2026-09-11T04:45:27Z,117713779364528,7060
2026-09-11T04:45:27Z,117752943664280,1635
2026-09-11T04:45:27Z,117868278782684,2055
2026-09-11T04:45:27Z,118367369949006,2916
2026-09-11T04:45:27Z,118418618261207,16824
2026-09-11T04:45:27Z,118447215156914,2208
2026-09-11T04:45:27Z,118546475246005,679
2026-09-11T04:45:27Z,118576822282213,1307
2026-09-11T04:45:27Z,118608618152057,1329
2026-09-11T04:45:27Z,118806061296143,678
2026-09-11T04:45:27Z,118889111240517,771
2026-09-11T04:45:27Z,118973301158777,3748
2026-09-11T04:45:27Z,119004860768199,3045
2026-09-11T04:45:27Z,119031147890918,1343
2026-09-11T04:45:27Z,119048529960596,6194
2026-09-11T04:45:27Z,119068914321553,3394
2026-09-11T04:45:27Z,119168493101362,7509
2026-09-11T04:45:27Z,119209026892378,623
2026-09-11T04:45:27Z,119271610514030,1263
2026-09-11T04:45:27Z,119355263204054,1849
2026-09-11T04:45:27Z,119427438574114,848
2026-09-11T04:45:27Z,119455737640001,859
2026-09-11T04:45:27Z,119524908037342,757
2026-09-11T04:45:27Z,119579217517090,2134
2026-09-11T04:45:27Z,119609933650338,645
2026-09-11T04:45:27Z,119789365111500,3606
2026-09-11T04:45:27Z,119822977170203,4480
2026-09-11T04:45:27Z,119910584000876,838
2026-09-11T04:45:27Z,120135584963579,3989
2026-09-11T04:45:27Z,120140631282295,749
2026-09-11T04:45:27Z,120154566897536,558
2026-09-11T04:45:27Z,120189115846709,1097
2026-09-11T04:45:27Z,120217704230083,1229
2026-09-11T04:45:27Z,120299070926116,655
2026-09-11T04:45:27Z,120398694613042,769
2026-09-11T04:45:27Z,120450743769548,584
2026-09-11T04:45:27Z,120700541929930,8142
2026-09-11T04:45:27Z,120704669141193,1978
2026-09-11T04:45:27Z,120766736586332,540
2026-09-11T04:45:27Z,120790217521707,612
2026-09-11T04:45:27Z,120841752776030,2179
2026-09-11T04:45:27Z,120851538706364,9518
2026-09-11T04:45:27Z,121268060261990,1716
2026-09-11T04:45:27Z,121439935748881,840
2026-09-11T04:45:27Z,121461214257813,1099
2026-09-11T04:45:27Z,121781732399469,2342
2026-09-11T04:45:27Z,121864768012064,96418
2026-09-11T04:45:27Z,121903154323395,648
2026-09-11T04:45:27Z,122093998639862,2326
2026-09-11T04:45:27Z,122216176958450,9133
2026-09-11T04:45:27Z,122245938604556,12046
2026-09-11T04:45:27Z,122446657157717,8176
2026-09-11T04:45:27Z,122454884469606,663
2026-09-11T04:45:27Z,122485613019196,6102
2026-09-11T04:45:27Z,122507029092776,4813
2026-09-11T04:45:27Z,122553263569744,2161
2026-09-11T04:45:27Z,122572082932179,13443
2026-09-11T04:45:27Z,122593073500987,533
2026-09-11T04:45:27Z,122606989565107,1854
2026-09-11T04:45:27Z,122720857080780,1036
2026-09-11T04:45:27Z,122802147482832,924
2026-09-11T04:45:27Z,122902171482835,539
2026-09-11T04:45:27Z,122951224417794,2388
2026-09-11T04:45:27Z,123213873176964,765
2026-09-11T04:45:27Z,123258797415953,556
2026-09-11T04:45:27Z,123468479998097,535
2026-09-11T04:45:27Z,123557829667240,618
2026-09-11T04:45:27Z,123581964009368,718
2026-09-11T04:45:27Z,123698673940079,8188
2026-09-11T04:45:27Z,123724279728430,7281
2026-09-11T04:45:27Z,123847390309161,6071
2026-09-11T04:45:27Z,123921593837160,4404
2026-09-11T04:45:27Z,124027312895188,993
2026-09-11T04:45:27Z,124293095895786,8165
2026-09-11T04:45:27Z,124338404742585,2217
2026-09-11T04:45:27Z,124389216346675,924
2026-09-11T04:45:27Z,124396690804338,513
2026-09-11T04:45:27Z,124473577469410,685
2026-09-11T04:45:27Z,124536519436305,580
2026-09-11T04:45:27Z,124675142564227,1763
2026-09-11T04:45:27Z,124729731716967,2161
2026-09-11T04:45:27Z,124740268654741,605
2026-09-11T04:45:27Z,124761153798409,5582
2026-09-11T04:45:27Z,124943244212764,621
2026-09-11T04:45:27Z,125039473548047,10135
2026-09-11T04:45:27Z,125306084071551,3091
2026-09-11T04:45:27Z,125410772032969,755
2026-09-11T04:45:27Z,125488740127641,3012
2026-09-11T04:45:27Z,125496078313264,2777
2026-09-11T04:45:27Z,125503525638054,3836
2026-09-11T04:45:27Z,125810438250765,1003
2026-09-11T04:45:27Z,125823964467491,585
2026-09-11T04:45:27Z,125927821145949,4218
2026-09-11T04:45:27Z,126016859830524,5656
2026-09-11T04:45:27Z,126171938168748,915
2026-09-11T04:45:27Z,126639935515772,530
2026-09-11T04:45:27Z,126815230666914,2489
2026-09-11T04:45:27Z,126857641130765,541
2026-09-11T04:45:27Z,126870639873289,59686
2026-09-11T04:45:27Z,126884695634066,22596
2026-09-11T04:45:27Z,126922689754590,874
2026-09-11T04:45:27Z,126987974021910,22887
2026-09-11T04:45:27Z,127078880769763,1524
2026-09-11T04:45:27Z,127089247654125,3150
2026-09-11T04:45:27Z,127099886596040,1711
2026-09-11T04:45:27Z,127103413498148,1576
2026-09-11T04:45:27Z,127152805777886,911
2026-09-11T04:45:27Z,127177791789316,575
2026-09-11T04:45:27Z,127332613700317,1451
2026-09-11T04:45:27Z,127377897541228,2341
2026-09-11T04:45:27Z,127380660530951,4319
2026-09-11T04:45:27Z,127403135954624,4334
2026-09-11T04:45:27Z,127415661078736,720
2026-09-11T04:45:27Z,127475054933484,1032
2026-09-11T04:45:27Z,127606305348556,623
2026-09-11T04:45:27Z,127608230264974,1222
2026-09-11T04:45:27Z,127634932179327,1938
2026-09-11T04:45:27Z,127737908858963,551
2026-09-11T04:45:27Z,127742093697776,1754
2026-09-11T04:45:27Z,127775478639865,3536
2026-09-11T04:45:27Z,127994242634536,41969
2026-09-11T04:45:27Z,128039018996175,1992
2026-09-11T04:45:27Z,128119795963270,4062
2026-09-11T04:45:27Z,128263975853774,3356
2026-09-11T04:45:27Z,128329680321338,1443
2026-09-11T04:45:27Z,128448883585036,3767
2026-09-11T04:45:27Z,128451689942376,5015
2026-09-11T04:45:27Z,128662368175518,1251
2026-09-11T04:45:27Z,128718867767713,787
2026-09-11T04:45:27Z,128736949265057,12102
2026-09-11T04:45:27Z,128784467030899,12063
2026-09-11T04:45:27Z,128793328541327,654
2026-09-11T04:45:27Z,128931272139211,1006
2026-09-11T04:45:27Z,129003441529549,556
2026-09-11T04:45:27Z,129096378231329,5713
2026-09-11T04:45:27Z,129163919591388,539
2026-09-11T04:45:27Z,129253568870286,2752
2026-09-11T04:45:27Z,129279692364812,2839
2026-09-11T04:45:27Z,129305872972839,1077
2026-09-11T04:45:27Z,129692563688057,738
2026-09-11T04:45:27Z,129768092435314,4149
2026-09-11T04:45:27Z,129784419746425,1049
2026-09-11T04:45:27Z,129827112113663,3154
2026-09-11T04:45:27Z,129827535941999,840
2026-09-11T04:45:27Z,129839966867899,506
2026-09-11T04:45:27Z,129866685202296,571
2026-09-11T04:45:27Z,129907317028750,2285
2026-09-11T04:45:27Z,129932912185311,1878
2026-09-11T04:45:27Z,129972079094718,2614
2026-09-11T04:45:27Z,130222697019939,684
2026-09-11T04:45:27Z,130253630950453,757
2026-09-11T04:45:27Z,130342654546662,652
2026-09-11T04:45:27Z,130404059693601,3956
2026-09-11T04:45:27Z,130496219537579,569
2026-09-11T04:45:27Z,130522875331172,547
2026-09-11T04:45:27Z,130565641176498,2322
2026-09-11T04:45:27Z,130641102725850,3463
2026-09-11T04:45:27Z,130700367963690,1086
2026-09-11T04:45:27Z,130739873848552,4045
2026-09-11T04:45:27Z,130929507719087,705
2026-09-11T04:45:27Z,130960835358983,2506
2026-09-11T04:45:27Z,131068932321596,1943
2026-09-11T04:45:27Z,131103239963274,658
2026-09-11T04:45:27Z,131117978948830,2063
2026-09-11T04:45:27Z,131346454575416,8188
2026-09-11T04:45:27Z,131367064230486,691
2026-09-11T04:45:27Z,131378148336503,20577
2026-09-11T04:45:27Z,131479356121251,7327
2026-09-11T04:45:27Z,131572543049913,906
2026-09-11T04:45:27Z,131623223084840,2603
2026-09-11T04:45:27Z,131667667758514,2913
2026-09-11T04:45:27Z,131856811555630,812
2026-09-11T04:45:27Z,131906518201863,948
2026-09-11T04:45:27Z,131910189515331,1240
2026-09-11T04:45:27Z,132016691802922,638
2026-09-11T04:45:27Z,132046904416072,796
2026-09-11T04:45:27Z,132173349090360,5913
2026-09-11T04:45:27Z,132287558697665,807
2026-09-11T04:45:27Z,132352755769957,4625
2026-09-11T04:45:27Z,132499927511859,1076
2026-09-11T04:45:27Z,132586479415502,1532
2026-09-11T04:45:27Z,132678066262863,895
2026-09-11T04:45:27Z,132768098780837,1382
2026-09-11T04:45:27Z,133007106457547,743
2026-09-11T04:45:27Z,133188236593503,4066
2026-09-11T04:45:27Z,133203197541113,2036
2026-09-11T04:45:27Z,133294838637122,8919
2026-09-11T04:45:27Z,133341016381877,2329
2026-09-11T04:45:27Z,133585162751824,6134
2026-09-11T04:45:27Z,133609054222738,514
2026-09-11T04:45:27Z,133719960214587,821
2026-09-11T04:45:27Z,133943904733338,3021
2026-09-11T04:45:27Z,133968315607063,587
2026-09-11T04:45:27Z,134162299584012,3257
2026-09-11T04:45:27Z,134208374070897,6762
2026-09-11T04:45:27Z,134361906638337,2862
2026-09-11T04:45:27Z,134363641369914,3565
2026-09-11T04:45:27Z,134381727982611,5610
2026-09-11T04:45:27Z,134424372433341,858
2026-09-11T04:45:27Z,134619004688066,1923
2026-09-11T04:45:27Z,134707983960541,1366
2026-09-11T04:45:27Z,134719268825886,4513
2026-09-11T04:45:27Z,134750648450964,643
2026-09-11T04:45:27Z,134807373415131,1344
2026-09-11T04:45:27Z,135155039067698,2975
2026-09-11T04:45:27Z,135193469413243,3298
2026-09-11T04:45:27Z,135678396831347,724
2026-09-11T04:45:27Z,135717153770519,3557
2026-09-11T04:45:27Z,135729108619936,532
2026-09-11T04:45:27Z,135757618941587,860
2026-09-11T04:45:27Z,135856908115931,46411
2026-09-11T04:45:27Z,136020512003847,11012
2026-09-11T04:45:27Z,136066387156306,611
2026-09-11T04:45:27Z,136107936984073,699
2026-09-11T04:45:27Z,136372246050123,801
2026-09-11T04:45:27Z,136404558442020,1590
2026-09-11T04:45:27Z,136431686349723,621
2026-09-11T04:45:27Z,136533956395153,2348
2026-09-11T04:45:27Z,136764190843219,627
2026-09-11T04:45:27Z,136801880565837,1988
2026-09-11T04:45:27Z,136822524519115,939
2026-09-11T04:45:27Z,136919941417380,557
2026-09-11T04:45:27Z,136990058242546,827
2026-09-11T04:45:27Z,137228775845999,6678
2026-09-11T04:45:27Z,137233438285284,4736
2026-09-11T04:45:27Z,137370015275609,1363
2026-09-11T04:45:27Z,137541498231955,2005
2026-09-11T04:45:27Z,137826330724902,2873
2026-09-11T04:45:27Z,137849500783095,905
2026-09-11T04:45:27Z,137925884276740,6346
2026-09-11T04:45:27Z,138182400257397,817
2026-09-11T04:45:27Z,138205182571367,5417
2026-09-11T04:45:27Z,138363592957250,3480
2026-09-11T04:45:27Z,138381251771774,763
2026-09-11T04:45:27Z,138432670504218,1292
2026-09-11T04:45:27Z,138486812747835,1378
2026-09-11T04:45:27Z,138837502355157,749
2026-09-11T04:45:27Z,139063887391814,1186
2026-09-11T04:45:27Z,139360679647453,1300
2026-09-11T04:45:27Z,139488437793833,1074
2026-09-11T04:45:27Z,139506321380888,1797
2026-09-11T04:45:27Z,139546619723000,1407
2026-09-11T04:45:27Z,139598620873181,505
2026-09-11T04:45:27Z,139617346573330,958
2026-09-11T04:45:27Z,139766023909499,942
2026-09-11T04:45:27Z,139988436996662,522
2026-09-11T04:45:27Z,139995416758538,1489
2026-09-11T04:45:27Z,140063367098641,504
2026-09-11T04:45:27Z,140302982046391,1500
2026-09-11T04:45:27Z,140317247681516,532
2026-09-11T04:45:27Z,140374914197602,2185
2026-09-11T04:45:27Z,140409475718339,1023
2026-09-11T04:45:27Z,140417239274110,833
2026-09-11T04:45:27Z,140424985545402,949
2026-09-11T04:45:27Z,140462309938712,1467
2026-09-11T04:45:27Z,140477643689375,628
2026-09-11T04:45:27Z,140481779622210,1748
2026-09-11T04:58:02Z,189707,8059
2026-09-11T04:58:02Z,192800,4107
2026-09-11T04:58:02Z,13822889,1214
2026-09-11T04:58:02Z,20321167,2327
2026-09-11T04:58:02Z,21532277,1997
2026-09-11T04:58:02Z,31490825,700
2026-09-11T04:58:02Z,69184822,2601
2026-09-11T04:58:02Z,71315343,947
2026-09-11T04:58:02Z,121748721,575
2026-09-11T04:58:02Z,142823291,139331
2026-09-11T04:58:02Z,155382109,801
2026-09-11T04:58:02Z,155615604,6126
2026-09-11T04:58:02Z,166986752,2994
2026-09-11T04:58:02Z,183364845,637
2026-09-11T04:58:02Z,185655149,10174
2026-09-11T04:58:02Z,205224386,1308
2026-09-11T04:58:02Z,263761432,905
2026-09-11T04:58:02Z,277751860,2067
2026-09-11T04:58:02Z,286090429,3070
2026-09-11T04:58:02Z,292439477,1696
2026-09-11T04:58:02Z,292628125,1415
2026-09-11T04:58:02Z,328028363,669
2026-09-11T04:58:02Z,334730614,554
2026-09-11T04:58:02Z,443406476,813
2026-09-11T04:58:02Z,537413528,7722
2026-09-11T04:58:02Z,606849621,5253
2026-09-11T04:58:02Z,654732683,1736
2026-09-11T04:58:02Z,735030788,4640
2026-09-11T04:58:02Z,815405518,1785
2026-09-11T04:58:02Z,863266079,971
2026-09-11T04:58:02Z,891539556,637
2026-09-11T04:58:02Z,891852901,3821
2026-09-11T04:58:02Z,893973440,14994
2026-09-11T04:58:02Z,920587237,93566
2026-09-11T04:58:02Z,1128650291,859
2026-09-11T04:58:02Z,1324061305,609
2026-09-11T04:58:02Z,1343871267,764
2026-09-11T04:58:02Z,1365404657,2128
2026-09-11T04:58:02Z,1458767429,4978
2026-09-11T04:58:02Z,1537690962,18710
2026-09-11T04:58:02Z,1554960397,1340
2026-09-11T04:58:02Z,1588965415,979
2026-09-11T04:58:02Z,1730877806,16844
2026-09-11T04:58:02Z,1962086868,16619
2026-09-11T04:58:02Z,2166944189,1327
2026-09-11T04:58:02Z,2210085102,541
2026-09-11T04:58:02Z,2317712696,598
2026-09-11T04:58:02Z,2338325648,3529
2026-09-11T04:58:02Z,2376885433,704
2026-09-11T04:58:02Z,2418863943,3152
2026-09-11T04:58:02Z,2512643572,2790
2026-09-11T04:58:02Z,2534724415,2905
2026-09-11T04:58:02Z,2551991523,1786
2026-09-11T04:58:02Z,2569453732,656
2026-09-11T04:58:02Z,2693023319,2132
2026-09-11T04:58:02Z,2727067538,1119
2026-09-11T04:58:02Z,2753915549,225834
2026-09-11T04:58:02Z,2768379856,6656
2026-09-11T04:58:02Z,2772610559,1165
2026-09-11T04:58:02Z,2778230703,829
2026-09-11T04:58:02Z,2788229376,1601
2026-09-11T04:58:02Z,2809202155,1250
2026-09-11T04:58:02Z,2913303231,917
2026-09-11T04:58:02Z,2916899287,3362
2026-09-11T04:58:02Z,2968914904,708
2026-09-11T04:58:02Z,3016661674,731
2026-09-11T04:58:02Z,3025990139,631
2026-09-11T04:58:02Z,3117860193,557
2026-09-11T04:58:02Z,3242417672,1625
2026-09-11T04:58:02Z,3260590327,7343
2026-09-11T04:58:02Z,3261957210,611
2026-09-11T04:58:02Z,3339374541,705
2026-09-11T04:58:02Z,3351674303,23790
2026-09-11T04:58:02Z,3398014311,844
2026-09-11T04:58:02Z,3475397644,6948
2026-09-11T04:58:02Z,3623096087,7650
2026-09-11T04:58:02Z,3631820248,1991
2026-09-11T04:58:02Z,3663340706,2991
2026-09-11T04:58:02Z,3678761576,2762
2026-09-11T04:58:02Z,3823781113,1875
2026-09-11T04:58:02Z,3851622790,1832
2026-09-11T04:58:02Z,3891618314,1463
2026-09-11T04:58:02Z,3956818381,521
2026-09-11T04:58:02Z,4104106043,2399
2026-09-11T04:58:02Z,4110892437,516
2026-09-11T04:58:02Z,4111023553,2870
2026-09-11T04:58:02Z,4282985734,1585
2026-09-11T04:58:02Z,4448566543,859
2026-09-11T04:58:02Z,4480809144,1463
2026-09-11T04:58:02Z,4520749081,5026
2026-09-11T04:58:02Z,4522347649,608
2026-09-11T04:58:02Z,4566572536,1277
2026-09-11T04:58:02Z,4580204640,4989
2026-09-11T04:58:02Z,4588604953,1334
2026-09-11T04:58:02Z,4616652839,3594
2026-09-11T04:58:02Z,4623386862,2749
2026-09-11T04:58:02Z,4637668954,2474
2026-09-11T04:58:02Z,4639625707,4296
2026-09-11T04:58:02Z,4640354700,527
2026-09-11T04:58:02Z,4646477729,551
2026-09-11T04:58:02Z,4796443083,740
2026-09-11T04:58:02Z,4830581890,1016
2026-09-11T04:58:02Z,4832438542,1055
2026-09-11T04:58:02Z,4850533156,1046
2026-09-11T04:58:02Z,4850588087,3189
2026-09-11T04:58:02Z,4855457388,552
2026-09-11T04:58:02Z,4889315193,1453
2026-09-11T04:58:02Z,4924922222,261522
2026-09-11T04:58:02Z,4954096313,991
2026-09-11T04:58:02Z,4972091010,568
2026-09-11T04:58:02Z,4972273297,1676
2026-09-11T04:58:02Z,4996049426,5329
2026-09-11T04:58:02Z,5041144419,1257
2026-09-11T04:58:02Z,5104202731,567
2026-09-11T04:58:02Z,5118969548,1112
2026-09-11T04:58:02Z,5130598377,736
2026-09-11T04:58:02Z,5152425034,3493
2026-09-11T04:58:02Z,5171093784,1238
2026-09-11T04:58:02Z,5171347293,1152
2026-09-11T04:58:02Z,5233782396,20694
2026-09-11T04:58:02Z,5244411056,2124
2026-09-11T04:58:02Z,5286116071,560
2026-09-11T04:58:02Z,5289509545,8403
2026-09-11T04:58:02Z,5343994291,611
2026-09-11T04:58:02Z,5496455308,1575
2026-09-11T04:58:02Z,5571328985,1316
2026-09-11T04:58:02Z,5593925613,1801
2026-09-11T04:58:02Z,5670218884,1841
2026-09-11T04:58:02Z,5671985295,2603
2026-09-11T04:58:02Z,5683833663,708
2026-09-11T04:58:02Z,5702593762,1705
2026-09-11T04:58:02Z,5712833750,2205
2026-09-11T04:58:02Z,5777099015,1236
2026-09-11T04:58:02Z,5829141886,634
2026-09-11T04:58:02Z,5846386835,544
2026-09-11T04:58:02Z,5856880701,765
2026-09-11T04:58:02Z,5865858426,1313
2026-09-11T04:58:02Z,5901440255,1075
2026-09-11T04:58:02Z,5926001758,774
2026-09-11T04:58:02Z,5985232436,2729
2026-09-11T04:58:02Z,6020247720,1532
2026-09-11T04:58:02Z,6104994594,1103
2026-09-11T04:58:02Z,6137321701,598
2026-09-11T04:58:02Z,6153766069,1635
2026-09-11T04:58:02Z,6161235818,1245
2026-09-11T04:58:02Z,6205205961,6107
2026-09-11T04:58:02Z,6218169544,732
2026-09-11T04:58:02Z,6243699076,2310
2026-09-11T04:58:02Z,6250795236,541
2026-09-11T04:58:02Z,6263431107,1408
2026-09-11T04:58:02Z,6270290407,1273
2026-09-11T04:58:02Z,6284583030,900
2026-09-11T04:58:02Z,6299805723,1182
2026-09-11T04:58:02Z,6305582775,525
2026-09-11T04:58:02Z,6358567974,8086
2026-09-11T04:58:02Z,6366329104,3729
2026-09-11T04:58:02Z,6377740507,942
2026-09-11T04:58:02Z,6382584061,2752
2026-09-11T04:58:02Z,6403373529,4947
2026-09-11T04:58:02Z,6445435958,874
2026-09-11T04:58:02Z,6447798030,1985
2026-09-11T04:58:02Z,6507422231,3955
2026-09-11T04:58:02Z,6516141723,20895
2026-09-11T04:58:02Z,6520999642,1234
2026-09-11T04:58:02Z,6608498361,793
2026-09-11T04:58:02Z,6610021055,578
2026-09-11T04:58:02Z,6698800091,2250
2026-09-11T04:58:02Z,6717367660,890
2026-09-11T04:58:02Z,6737970321,4771
2026-09-11T04:58:02Z,6766156863,547
2026-09-11T04:58:02Z,6804602922,2772
2026-09-11T04:58:02Z,6816975827,2870
2026-09-11T04:58:02Z,6872265039,14957
2026-09-11T04:58:02Z,6875747014,2657
2026-09-11T04:58:02Z,6884319169,3057
2026-09-11T04:58:02Z,6911148748,2968
2026-09-11T04:58:02Z,6915976310,1167
2026-09-11T04:58:02Z,6918802270,1560
2026-09-11T04:58:02Z,6924758805,699
2026-09-11T04:58:02Z,6934310111,1995
2026-09-11T04:58:02Z,6939111033,1312
2026-09-11T04:58:02Z,6961824067,26068
2026-09-11T04:58:02Z,6989310863,1978
2026-09-11T04:58:02Z,7041939546,47863
2026-09-11T04:58:02Z,7074772062,1430
2026-09-11T04:58:02Z,7117492592,2430
2026-09-11T04:58:02Z,7138009149,1059
2026-09-11T04:58:02Z,7171174521,5371
2026-09-11T04:58:02Z,7180042682,1878
2026-09-11T04:58:02Z,7211666966,565
2026-09-11T04:58:02Z,7241858214,1635
2026-09-11T04:58:02Z,7243409883,3412
2026-09-11T04:58:02Z,7253149844,678
2026-09-11T04:58:02Z,7305309231,6385
2026-09-11T04:58:02Z,7336302630,1553
2026-09-11T04:58:02Z,7367863399,736
2026-09-11T04:58:02Z,7491927311,555
2026-09-11T04:58:02Z,7554888362,13359
2026-09-11T04:58:02Z,7577961216,2075
2026-09-11T04:58:02Z,7605357829,2699
2026-09-11T04:58:02Z,7606564092,509
2026-09-11T04:58:02Z,7645738534,592
2026-09-11T04:58:02Z,7670825572,1942
2026-09-11T04:58:02Z,7711635737,1705
2026-09-11T04:58:02Z,7772810845,1008
2026-09-11T04:58:02Z,7871169780,1281
2026-09-11T04:58:02Z,7896264844,833
2026-09-11T04:58:02Z,7971857341,4413
2026-09-11T04:58:02Z,7991339063,3582
2026-09-11T04:58:02Z,8003084678,875
2026-09-11T04:58:02Z,8034026074,2249
2026-09-11T04:58:02Z,8096601114,695
2026-09-11T04:58:02Z,8109476632,529
2026-09-11T04:58:02Z,8204899140,1635
2026-09-11T04:58:02Z,8246874626,1592
2026-09-11T04:58:02Z,8260276694,1165
2026-09-11T04:58:02Z,8286149869,807
2026-09-11T04:58:02Z,8317834514,3371
2026-09-11T04:58:02Z,8328351891,1128
2026-09-11T04:58:02Z,8369888266,2212
2026-09-11T04:58:02Z,8388259310,692
2026-09-11T04:58:02Z,8412352352,606
2026-09-11T04:58:02Z,8416249767,887
2026-09-11T04:58:02Z,8481844229,15177
2026-09-11T04:58:02Z,8534845015,778
2026-09-11T04:58:02Z,8540168650,802
2026-09-11T04:58:02Z,8542259458,672
2026-09-11T04:58:02Z,8554378337,604
2026-09-11T04:58:02Z,8562822414,577
2026-09-11T04:58:02Z,8571687919,990
2026-09-11T04:58:02Z,8617370639,1178
2026-09-11T04:58:02Z,8657766101,626
2026-09-11T04:58:02Z,8704997000,2908
2026-09-11T04:58:02Z,8712817601,9288
2026-09-11T04:58:02Z,8737602449,2926
2026-09-11T04:58:02Z,8737899170,63666
2026-09-11T04:58:02Z,8838701772,1372
2026-09-11T04:58:02Z,8884433153,2937
2026-09-11T04:58:02Z,9049840490,1472
2026-09-11T04:58:02Z,9058310544,780
2026-09-11T04:58:02Z,9096881148,3095
2026-09-11T04:58:02Z,9099326192,875
2026-09-11T04:58:02Z,9120716669,1014
2026-09-11T04:58:02Z,9192423027,1865
2026-09-11T04:58:02Z,9224601490,2122
2026-09-11T04:58:02Z,9273658706,1638
2026-09-11T04:58:02Z,9346039031,789
2026-09-11T04:58:02Z,9391468976,82315
2026-09-11T04:58:02Z,9404223526,1872
2026-09-11T04:58:02Z,9414511685,1321
2026-09-11T04:58:02Z,9731376817,1580
2026-09-11T04:58:02Z,9791603388,1261
2026-09-11T04:58:02Z,9872472334,27662
2026-09-11T04:58:02Z,9879422661,571
2026-09-11T04:58:02Z,9922455303,582
2026-09-11T04:58:02Z,10110568567,779
2026-09-11T04:58:02Z,10165583746,4262
2026-09-11T04:58:02Z,10179538382,1392
2026-09-11T04:58:02Z,10224049386,1441
2026-09-11T04:58:02Z,10253248401,3163
2026-09-11T04:58:02Z,10260193230,1843
2026-09-11T04:58:02Z,10272636261,1351
2026-09-11T04:58:02Z,10277607801,633
2026-09-11T04:58:02Z,10449761463,38094
2026-09-11T04:58:02Z,10450270085,740
2026-09-11T04:58:02Z,10554647907,514
2026-09-11T04:58:02Z,10576142169,543
2026-09-11T04:58:02Z,10595058975,1262
2026-09-11T04:58:02Z,10660791703,641
2026-09-11T04:58:02Z,10679239752,962
2026-09-11T04:58:02Z,10696301650,1739
2026-09-11T04:58:02Z,10704789056,554
2026-09-11T04:58:02Z,10726371567,642
2026-09-11T04:58:02Z,10745043766,1051
2026-09-11T04:58:02Z,10834586502,2426
2026-09-11T04:58:02Z,10846691679,520
2026-09-11T04:58:02Z,10941514720,928
2026-09-11T04:58:02Z,10959918411,939
2026-09-11T04:58:02Z,11137575513,621
2026-09-11T04:58:02Z,11158043705,5676
2026-09-11T04:58:02Z,11273483795,1076
2026-09-11T04:58:02Z,11276071411,934
2026-09-11T04:58:02Z,11364087119,1336
2026-09-11T04:58:02Z,11379739543,8582
2026-09-11T04:58:02Z,11392373641,1297
2026-09-11T04:58:02Z,11464559285,731
2026-09-11T04:58:02Z,11474405411,860
2026-09-11T04:58:02Z,11653088948,590
2026-09-11T04:58:02Z,11684369582,562
2026-09-11T04:58:02Z,11694307960,1144
2026-09-11T04:58:02Z,11727501024,1284
2026-09-11T04:58:02Z,11729688377,753
2026-09-11T04:58:02Z,11765402359,1915
2026-09-11T04:58:02Z,11782774748,1935
2026-09-11T04:58:02Z,11815767793,1978
2026-09-11T04:58:02Z,11848247239,1190
2026-09-11T04:58:02Z,11862502039,1970
2026-09-11T04:58:02Z,11928087342,816
2026-09-11T04:58:02Z,12076775711,509
2026-09-11T04:58:02Z,12077443856,532
2026-09-11T04:58:02Z,12090482034,536
2026-09-11T04:58:02Z,12177325772,7042
2026-09-11T04:58:02Z,12262046571,1744
2026-09-11T04:58:02Z,12334109280,5067
2026-09-11T04:58:02Z,12338455185,1548
2026-09-11T04:58:02Z,12355337193,5804
2026-09-11T04:58:02Z,12397515839,2071
2026-09-11T04:58:02Z,12398038681,508
2026-09-11T04:58:02Z,12407250267,1640
2026-09-11T04:58:02Z,12411473842,750
2026-09-11T04:58:02Z,12495498157,882
2026-09-11T04:58:02Z,12593620250,3836
2026-09-11T04:58:02Z,12699642568,4941
2026-09-11T04:58:02Z,12828227139,1842
2026-09-11T04:58:02Z,12847474373,703
2026-09-11T04:58:02Z,12912731475,1493
2026-09-11T04:58:02Z,12931609417,1864
2026-09-11T04:58:02Z,12933818947,506
2026-09-11T04:58:02Z,12985361032,7778
2026-09-11T04:58:02Z,12997619803,822
2026-09-11T04:58:02Z,13042495892,1047
2026-09-11T04:58:02Z,13076380114,5360
2026-09-11T04:58:02Z,13118814103,1385
2026-09-11T04:58:02Z,13127800756,1653
2026-09-11T04:58:02Z,13159565330,1116
2026-09-11T04:58:02Z,13166293021,1872
2026-09-11T04:58:02Z,13184713709,1231
2026-09-11T04:58:02Z,13189735542,521
2026-09-11T04:58:02Z,13313611422,572
2026-09-11T04:58:02Z,13358463560,534
2026-09-11T04:58:02Z,13379208636,10205
2026-09-11T04:58:02Z,13384322856,533
2026-09-11T04:58:02Z,13416197699,1518
2026-09-11T04:58:02Z,13429790955,1839
2026-09-11T04:58:02Z,13438553315,567
2026-09-11T04:58:02Z,13473615074,1197
2026-09-11T04:58:02Z,13482468151,4039
2026-09-11T04:58:02Z,13587601484,1444
2026-09-11T04:58:02Z,13600218266,7289
2026-09-11T04:58:02Z,13621938427,9515
2026-09-11T04:58:02Z,13664698400,837
2026-09-11T04:58:02Z,13687899540,4592
2026-09-11T04:58:02Z,13698105873,522
2026-09-11T04:58:02Z,13718567207,959
2026-09-11T04:58:02Z,13772394625,11604
2026-09-11T04:58:02Z,13775256536,2272
2026-09-11T04:58:02Z,13796645198,1174
2026-09-11T04:58:02Z,13822562292,3298
2026-09-11T04:58:02Z,13827198708,554
2026-09-11T04:58:02Z,13864661000,1576
2026-09-11T04:58:02Z,13955927965,1209
2026-09-11T04:58:02Z,13967668166,13572
2026-09-11T04:58:02Z,13999660589,3753
2026-09-11T04:58:02Z,14038329225,750
2026-09-11T04:58:02Z,14044547200,1861
2026-09-11T04:58:02Z,14161770735,625
2026-09-11T04:58:02Z,14184086618,537
2026-09-11T04:58:02Z,14212732626,1861
2026-09-11T04:58:02Z,14236925335,4101
2026-09-11T04:58:02Z,14237585680,1108
2026-09-11T04:58:02Z,14238596528,3078
2026-09-11T04:58:02Z,14259168147,2899
2026-09-11T04:58:02Z,14259358984,522
2026-09-11T04:58:02Z,14279693118,1355
2026-09-11T04:58:02Z,14301835518,3186
2026-09-11T04:58:02Z,14313259147,575
2026-09-11T04:58:02Z,14315258385,15050
2026-09-11T04:58:02Z,14350413280,547
2026-09-11T04:58:02Z,14422394494,2679
2026-09-11T04:58:02Z,14437001043,854
2026-09-11T04:58:02Z,14438406081,5764
2026-09-11T04:58:02Z,14451515684,3645
2026-09-11T04:58:02Z,14458936637,1463
2026-09-11T04:58:02Z,14475396559,806
2026-09-11T04:58:02Z,14518422161,530
2026-09-11T04:58:02Z,14564651437,2320
2026-09-11T04:58:02Z,14567590300,1138
2026-09-11T04:58:02Z,14608970270,7447
2026-09-11T04:58:02Z,14721282186,924
2026-09-11T04:58:02Z,14772802900,1509
2026-09-11T04:58:02Z,14787369036,608
2026-09-11T04:58:02Z,14823220100,588
2026-09-11T04:58:02Z,14833592591,1172
2026-09-11T04:58:02Z,14835828495,1449
2026-09-11T04:58:02Z,15002061926,5691
2026-09-11T04:58:02Z,15027718878,528
2026-09-11T04:58:02Z,15077422637,538
2026-09-11T04:58:02Z,15092647980,557
2026-09-11T04:58:02Z,15101393044,36430
2026-09-11T04:58:02Z,15111895255,1214
2026-09-11T04:58:02Z,15135285305,903
2026-09-11T04:58:02Z,15198166649,995
2026-09-11T04:58:02Z,15240723287,3168
2026-09-11T04:58:02Z,15269951959,3553
2026-09-11T04:58:02Z,15270182488,1010
2026-09-11T04:58:02Z,15288629078,1020
2026-09-11T04:58:02Z,15318113891,12591
2026-09-11T04:58:02Z,15507022415,1257
2026-09-11T04:58:02Z,15532962292,42336
2026-09-11T04:58:02Z,15546218972,1781
2026-09-11T04:58:02Z,15550215902,2768
2026-09-11T04:58:02Z,15560168390,593
2026-09-11T04:58:02Z,15598056478,1190
2026-09-11T04:58:02Z,15654981113,557
2026-09-11T04:58:02Z,15694891095,1472
2026-09-11T04:58:02Z,15696848933,1987
2026-09-11T04:58:02Z,15768329004,6780
2026-09-11T04:58:02Z,15784744207,1236
2026-09-11T04:58:02Z,15930174396,2815
2026-09-11T04:58:02Z,16039690331,1060
2026-09-11T04:58:02Z,16115051360,880
2026-09-11T04:58:02Z,16116270224,16568
2026-09-11T04:58:02Z,16141640360,553
2026-09-11T04:58:02Z,16141898262,1000
2026-09-11T04:58:02Z,16146832113,19031
2026-09-11T04:58:02Z,16154918775,2138
2026-09-11T04:58:02Z,16159871483,530
2026-09-11T04:58:02Z,16272604134,2229
2026-09-11T04:58:02Z,16331682055,1174
2026-09-11T04:58:02Z,16389395869,8205
2026-09-11T04:58:02Z,16446142514,1393
2026-09-11T04:58:02Z,16447934574,2222
2026-09-11T04:58:02Z,16454399300,509
2026-09-11T04:58:02Z,16480898254,2420
2026-09-11T04:58:02Z,16483433878,623
2026-09-11T04:58:02Z,16518256559,800
2026-09-11T04:58:02Z,16625391970,5129
2026-09-11T04:58:02Z,16653555262,561
2026-09-11T04:58:02Z,16732694052,63421
2026-09-11T04:58:02Z,16867505761,570
2026-09-11T04:58:02Z,16901389020,1712
2026-09-11T04:58:02Z,16907212609,853
2026-09-11T04:58:02Z,16910059756,2787
2026-09-11T04:58:02Z,16962279458,1852
2026-09-11T04:58:02Z,16991287194,2294
2026-09-11T04:58:02Z,16993432698,542
2026-09-11T04:58:02Z,17045823120,2673
2026-09-11T04:58:02Z,17121846721,1416
2026-09-11T04:58:02Z,17188326828,1089
2026-09-11T04:58:02Z,17192092512,2860
2026-09-11T04:58:02Z,17255098561,1085
2026-09-11T04:58:02Z,17450551531,975
2026-09-11T04:58:02Z,17457039279,541
2026-09-11T04:58:02Z,17457986005,1498
2026-09-11T04:58:02Z,17516596118,16054
2026-09-11T04:58:02Z,17556820024,1551
2026-09-11T04:58:02Z,17571821642,2971
2026-09-11T04:58:02Z,17577256698,1547
2026-09-11T04:58:02Z,17581668152,1929
2026-09-11T04:58:02Z,17600423422,1010
2026-09-11T04:58:02Z,17612027930,708
2026-09-11T04:58:02Z,17625359962,90089
2026-09-11T04:58:02Z,17662297954,738
2026-09-11T04:58:02Z,17664585395,1560
2026-09-11T04:58:02Z,17698425045,1827
2026-09-11T04:58:02Z,17720162456,1531
2026-09-11T04:58:02Z,17759606919,517
2026-09-11T04:58:02Z,17844293708,827
2026-09-11T04:58:02Z,17882166032,2070
2026-09-11T04:58:02Z,18102078939,1420
2026-09-11T04:58:02Z,18138682962,877
2026-09-11T04:58:02Z,18152595062,612
2026-09-11T04:58:02Z,18156286285,582
2026-09-11T04:58:02Z,18172550962,503
2026-09-11T04:58:02Z,18180736634,1683
2026-09-11T04:58:02Z,18183902003,685
2026-09-11T04:58:02Z,18192562963,1392
2026-09-11T04:58:02Z,18199615050,4735
2026-09-11T04:58:02Z,18214855317,1773
2026-09-11T04:58:02Z,18218605381,10061
2026-09-11T04:58:02Z,18259975825,1788
2026-09-11T04:58:02Z,18260439047,1003
2026-09-11T04:58:02Z,18334179599,752
2026-09-11T04:58:02Z,18335956021,9330
2026-09-11T04:58:02Z,18341181766,860
2026-09-11T04:58:02Z,18376355901,1248
2026-09-11T04:58:02Z,18519254033,1480
2026-09-11T04:58:02Z,18537079992,639
2026-09-11T04:58:02Z,18645473062,983
2026-09-11T04:58:02Z,18649596490,1033
2026-09-11T04:58:02Z,18666738837,3718
2026-09-11T04:58:02Z,18668065416,9732
2026-09-11T04:58:02Z,18680867089,1334
2026-09-11T04:58:02Z,18687417158,39694
2026-09-11T04:58:02Z,18688598012,2288
2026-09-11T04:58:02Z,18700851435,1835
2026-09-11T04:58:02Z,18753889337,2330
2026-09-11T04:58:02Z,18799085098,1458
2026-09-11T04:58:02Z,18803315158,2543
2026-09-11T04:58:02Z,18816315817,1063
2026-09-11T04:58:02Z,18864551515,680
2026-09-11T04:58:02Z,18948446518,1635
2026-09-11T04:58:02Z,18950675748,1526
2026-09-11T04:58:02Z,18956320538,512
2026-09-11T04:58:02Z,18959440414,1248
2026-09-11T04:58:02Z,18984776765,1218
2026-09-11T04:58:02Z,70390793715007,1310
2026-09-11T04:58:02Z,70400654680508,2586
2026-09-11T04:58:02Z,70411440483149,20567
2026-09-11T04:58:02Z,70435795041539,4210
2026-09-11T04:58:02Z,70524138309677,563
2026-09-11T04:58:02Z,70587876731444,1028
2026-09-11T04:58:02Z,70640255604878,12174
2026-09-11T04:58:02Z,70805830291547,781
2026-09-11T04:58:02Z,70904050766278,593
2026-09-11T04:58:02Z,70906625936847,5120
2026-09-11T04:58:02Z,70911358699250,535
2026-09-11T04:58:02Z,70970763145070,689
2026-09-11T04:58:02Z,70990751935174,1806
2026-09-11T04:58:02Z,70994695337243,1044
2026-09-11T04:58:02Z,70998903613713,611
2026-09-11T04:58:02Z,71099982892966,664
2026-09-11T04:58:02Z,71132543521245,6932
2026-09-11T04:58:02Z,71143154217953,567
2026-09-11T04:58:02Z,71174733280934,905
2026-09-11T04:58:02Z,71229216166991,533
2026-09-11T04:58:02Z,71394819414417,1384
2026-09-11T04:58:02Z,71457452830106,1206
2026-09-11T04:58:02Z,71599043035739,3061
2026-09-11T04:58:02Z,71600459831333,2143
2026-09-11T04:58:02Z,71633357192188,1370
2026-09-11T04:58:02Z,71647048889071,866
2026-09-11T04:58:02Z,71647256260480,1401
2026-09-11T04:58:02Z,71704434889758,1393
2026-09-11T04:58:02Z,71706515477118,608
2026-09-11T04:58:02Z,71774876641249,941
2026-09-11T04:58:02Z,71849204829689,556
2026-09-11T04:58:02Z,71852303862507,1184
2026-09-11T04:58:02Z,71895508397153,1982
2026-09-11T04:58:02Z,72019577565540,636
2026-09-11T04:58:02Z,72167803024670,852
2026-09-11T04:58:02Z,72216345408467,4559
2026-09-11T04:58:02Z,72317248326994,1105
2026-09-11T04:58:02Z,72387437800091,4454
2026-09-11T04:58:02Z,72450672234943,1060
2026-09-11T04:58:02Z,72659788689464,680
2026-09-11T04:58:02Z,72712036210947,758
2026-09-11T04:58:02Z,72763503064951,1974
2026-09-11T04:58:02Z,72845937010155,2185
2026-09-11T04:58:02Z,72920620366355,4088
2026-09-11T04:58:02Z,73097591386069,904
2026-09-11T04:58:02Z,73101851322368,672
2026-09-11T04:58:02Z,73153085372622,735
2026-09-11T04:58:02Z,73189007576537,1718
2026-09-11T04:58:02Z,73413968610508,535
2026-09-11T04:58:02Z,73526576502092,523
2026-09-11T04:58:02Z,73578698401320,1133
2026-09-11T04:58:02Z,73613510857111,1372
2026-09-11T04:58:02Z,73621314943835,5043
2026-09-11T04:58:02Z,73768006371986,1957
2026-09-11T04:58:02Z,73814003954154,516
2026-09-11T04:58:02Z,73871058651498,516
2026-09-11T04:58:02Z,73897506680154,5999
2026-09-11T04:58:02Z,73904017172892,1459
2026-09-11T04:58:02Z,73908022013371,1590
2026-09-11T04:58:02Z,73956553001240,23309
2026-09-11T04:58:02Z,73988917142472,587
2026-09-11T04:58:02Z,74007353203361,607
2026-09-11T04:58:02Z,74102906764176,16075
2026-09-11T04:58:02Z,74188431054457,15251
2026-09-11T04:58:02Z,74193805629461,1614
2026-09-11T04:58:02Z,74256669508761,2559
2026-09-11T04:58:02Z,74260430392611,5094
2026-09-11T04:58:02Z,74341114342499,5809
2026-09-11T04:58:02Z,74395953411817,6119
2026-09-11T04:58:02Z,74511210941284,1470
2026-09-11T04:58:02Z,74542317333958,844
2026-09-11T04:58:02Z,74716719697996,3318
2026-09-11T04:58:02Z,74729868188364,5002
2026-09-11T04:58:02Z,74889851913797,3290
2026-09-11T04:58:02Z,75127349412719,555
2026-09-11T04:58:02Z,75317862071711,3276
2026-09-11T04:58:02Z,75366259315586,533
2026-09-11T04:58:02Z,75387700043737,15690
2026-09-11T04:58:02Z,75467339082089,567
2026-09-11T04:58:02Z,75541741887441,711
2026-09-11T04:58:02Z,75547400568620,2108
2026-09-11T04:58:02Z,75568173037446,1584
2026-09-11T04:58:02Z,75646865566926,827
2026-09-11T04:58:02Z,75663528075786,1421
2026-09-11T04:58:02Z,75753413268977,812
2026-09-11T04:58:02Z,75839707976715,566
2026-09-11T04:58:02Z,76137189788863,2173
2026-09-11T04:58:02Z,76153324611685,4294
2026-09-11T04:58:02Z,76285745979410,3537
2026-09-11T04:58:02Z,76377501906469,7716
2026-09-11T04:58:02Z,76427445314955,647
2026-09-11T04:58:02Z,76427490154192,2592
2026-09-11T04:58:02Z,76503495566299,13002
2026-09-11T04:58:02Z,76526090659517,1494
2026-09-11T04:58:02Z,76558904092080,1189
2026-09-11T04:58:02Z,76737571462455,938
2026-09-11T04:58:02Z,76812848652979,1889
2026-09-11T04:58:02Z,76838459031868,6748
2026-09-11T04:58:02Z,76911729991355,2902
2026-09-11T04:58:02Z,77108422251420,36251
2026-09-11T04:58:02Z,77187847593796,747
2026-09-11T04:58:02Z,77649408247578,27190
2026-09-11T04:58:02Z,77747658251236,1444
2026-09-11T04:58:02Z,77843161404023,7484
2026-09-11T04:58:02Z,78028206594931,553
2026-09-11T04:58:02Z,78131609782350,562
2026-09-11T04:58:02Z,78177131121429,2133
2026-09-11T04:58:02Z,78471443847948,583
2026-09-11T04:58:02Z,78496323189083,756
2026-09-11T04:58:02Z,78515283254292,58377
2026-09-11T04:58:02Z,78724900430513,1762
2026-09-11T04:58:02Z,78839079957645,2247
2026-09-11T04:58:02Z,79267089300389,3042
2026-09-11T04:58:02Z,79268393072444,7330
2026-09-11T04:58:02Z,79315121100812,1879
2026-09-11T04:58:02Z,79454007962937,951
2026-09-11T04:58:02Z,79480724066456,9802
2026-09-11T04:58:02Z,79546208627805,99073
2026-09-11T04:58:02Z,79790479326946,577
2026-09-11T04:58:02Z,79966250354565,3571
2026-09-11T04:58:02Z,80000420704526,2526
2026-09-11T04:58:02Z,80031826041492,1254
2026-09-11T04:58:02Z,80111254680893,502
2026-09-11T04:58:02Z,80200604311136,1520
2026-09-11T04:58:02Z,80234914611737,803
2026-09-11T04:58:02Z,80279663815725,876
2026-09-11T04:58:02Z,80342862330041,639
2026-09-11T04:58:02Z,80607040330429,744
2026-09-11T04:58:02Z,80610578881227,608
2026-09-11T04:58:02Z,80734098185936,2340
2026-09-11T04:58:02Z,80861715191104,926
2026-09-11T04:58:02Z,80898524797320,1448
2026-09-11T04:58:02Z,81040587037979,2508
2026-09-11T04:58:02Z,81223687051453,1543
2026-09-11T04:58:02Z,81703830622949,1657
2026-09-11T04:58:02Z,82013336390273,627
2026-09-11T04:58:02Z,82075856475941,533
2026-09-11T04:58:02Z,82084053899394,702
2026-09-11T04:58:02Z,82453659777192,556
2026-09-11T04:58:02Z,82457571485380,5974
2026-09-11T04:58:02Z,82539019711975,1591
2026-09-11T04:58:02Z,82554996468034,822
2026-09-11T04:58:02Z,82570142697239,1454
2026-09-11T04:58:02Z,82712304391069,3671
2026-09-11T04:58:02Z,82745432464897,566
2026-09-11T04:58:02Z,82797688803922,2698
2026-09-11T04:58:02Z,82866880824588,1732
2026-09-11T04:58:02Z,82898983236792,556
2026-09-11T04:58:02Z,82904798643396,1103
2026-09-11T04:58:02Z,82983707799188,2464
2026-09-11T04:58:02Z,83038462357724,9592
2026-09-11T04:58:02Z,83264774625004,1825
2026-09-11T04:58:02Z,83312952548612,967
2026-09-11T04:58:02Z,83325975879599,2072
2026-09-11T04:58:02Z,83388257263676,3114
2026-09-11T04:58:02Z,83569851223739,1592
2026-09-11T04:58:02Z,83622406313819,1794
2026-09-11T04:58:02Z,83948716312312,1853
2026-09-11T04:58:02Z,84156601481934,1355
2026-09-11T04:58:02Z,84256892855657,1218
2026-09-11T04:58:02Z,84332574190497,2022
2026-09-11T04:58:02Z,84449017742177,3895
2026-09-11T04:58:02Z,84515722934860,34242
2026-09-11T04:58:02Z,84525826229916,2063
2026-09-11T04:58:02Z,84556640895285,10564
2026-09-11T04:58:02Z,84568117169118,1473
2026-09-11T04:58:02Z,84692574040798,639
2026-09-11T04:58:02Z,84956402848349,639
2026-09-11T04:58:02Z,85011874799856,1198
2026-09-11T04:58:02Z,85048226835181,1279
2026-09-11T04:58:02Z,85056532479796,1049
2026-09-11T04:58:02Z,85070202669030,1058
2026-09-11T04:58:02Z,85245205758607,1886
2026-09-11T04:58:02Z,85387381843881,1084
2026-09-11T04:58:02Z,85896571713843,2365
2026-09-11T04:58:02Z,85967844112283,11908
2026-09-11T04:58:02Z,86017989016432,843
2026-09-11T04:58:02Z,86022723355936,952
2026-09-11T04:58:02Z,86164638330564,563
2026-09-11T04:58:02Z,86247128610772,7306
2026-09-11T04:58:02Z,86259628805375,6201
2026-09-11T04:58:02Z,86368783421928,2516
2026-09-11T04:58:02Z,86374876468143,2705
2026-09-11T04:58:02Z,86479448397834,7158
2026-09-11T04:58:02Z,86524001536792,750
2026-09-11T04:58:02Z,86635275427451,506
2026-09-11T04:58:02Z,86754403332185,663
2026-09-11T04:58:02Z,86943068337855,6199
2026-09-11T04:58:02Z,87046419551816,1662
2026-09-11T04:58:02Z,87214116277191,740
2026-09-11T04:58:02Z,87311102000285,852
2026-09-11T04:58:02Z,87468080405188,2977
2026-09-11T04:58:02Z,87555052900625,710
2026-09-11T04:58:02Z,88033955914813,590
2026-09-11T04:58:02Z,88207898227053,694
2026-09-11T04:58:02Z,88234622381007,712
2026-09-11T04:58:02Z,88323040672117,1823
2026-09-11T04:58:02Z,88412811497379,1326
2026-09-11T04:58:02Z,88728793053496,833
2026-09-11T04:58:02Z,88773823105878,3132
2026-09-11T04:58:02Z,88887739603194,1026
2026-09-11T04:58:02Z,88933961678687,1172
2026-09-11T04:58:02Z,88951201927122,937
2026-09-11T04:58:02Z,89035794510548,1693
2026-09-11T04:58:02Z,89100823864844,1699
2026-09-11T04:58:02Z,89180039807836,732
2026-09-11T04:58:02Z,89469502395769,25557
2026-09-11T04:58:02Z,89490838554710,1712
2026-09-11T04:58:02Z,89561601601392,617
2026-09-11T04:58:02Z,89704645856683,1190
2026-09-11T04:58:02Z,89788834648171,725
2026-09-11T04:58:02Z,90086669327265,11470
2026-09-11T04:58:02Z,90148635862803,8610
2026-09-11T04:58:02Z,90184287580174,1326
2026-09-11T04:58:02Z,90367590248857,891
2026-09-11T04:58:02Z,90462358603255,577
2026-09-11T04:58:02Z,90568084448279,14682
2026-09-11T04:58:02Z,90704250333473,1544
2026-09-11T04:58:02Z,90740816183375,3847
2026-09-11T04:58:02Z,90784570995507,1732
2026-09-11T04:58:02Z,90906407195271,4590
2026-09-11T04:58:02Z,90913221847091,763
2026-09-11T04:58:02Z,91203203156283,1361
2026-09-11T04:58:02Z,91296119701853,709
2026-09-11T04:58:02Z,91440994157417,691
2026-09-11T04:58:02Z,91695551099066,1018
2026-09-11T04:58:02Z,91704854174760,4765
2026-09-11T04:58:02Z,91746497060666,2918
2026-09-11T04:58:02Z,92122513197996,2903
2026-09-11T04:58:02Z,92141204718989,596
2026-09-11T04:58:02Z,92171645661524,1401
2026-09-11T04:58:02Z,92415748858497,604
2026-09-11T04:58:02Z,92416421522960,579
2026-09-11T04:58:02Z,92637789841354,45211
2026-09-11T04:58:02Z,92942575852492,981
2026-09-11T04:58:02Z,93028168925975,3746
2026-09-11T04:58:02Z,93091759101123,4502
2026-09-11T04:58:02Z,93233198656969,612
2026-09-11T04:58:02Z,93265851514769,1691
2026-09-11T04:58:02Z,93563420945975,555
2026-09-11T04:58:02Z,93787311916283,924
2026-09-11T04:58:02Z,93829858358973,1608
2026-09-11T04:58:02Z,93953121730240,570
2026-09-11T04:58:02Z,93978595733734,50692
2026-09-11T04:58:02Z,94217045453265,8293
2026-09-11T04:58:02Z,94495283121683,1269
2026-09-11T04:58:02Z,94503612388426,693
2026-09-11T04:58:02Z,94539932414164,684
2026-09-11T04:58:02Z,94590879393563,938
2026-09-11T04:58:02Z,94640181989498,15645
2026-09-11T04:58:02Z,94647229517154,6706
2026-09-11T04:58:02Z,94702395375549,848
2026-09-11T04:58:02Z,94717504417144,701
2026-09-11T04:58:02Z,94845773826960,595
2026-09-11T04:58:02Z,94860588848140,831
2026-09-11T04:58:02Z,94987506187454,831
2026-09-11T04:58:02Z,95082159892680,60720
2026-09-11T04:58:02Z,95094140550911,1051
2026-09-11T04:58:02Z,95094324354820,1565
2026-09-11T04:58:02Z,95099570361956,741
2026-09-11T04:58:02Z,95319535505764,1696
2026-09-11T04:58:02Z,95417153338993,3619
2026-09-11T04:58:02Z,95496064393804,795
2026-09-11T04:58:02Z,95721658376580,1017
2026-09-11T04:58:02Z,95929919723230,534
2026-09-11T04:58:02Z,96153864779911,812
2026-09-11T04:58:02Z,96168869671905,3104
2026-09-11T04:58:02Z,96280251181127,2798
2026-09-11T04:58:02Z,96401370703274,815
2026-09-11T04:58:02Z,96425088123775,1171
2026-09-11T04:58:02Z,96447215899741,1800
2026-09-11T04:58:02Z,96462622512177,1061
2026-09-11T04:58:02Z,96510596525082,4957
2026-09-11T04:58:02Z,96645548064314,20211
2026-09-11T04:58:02Z,96775630583143,1158
2026-09-11T04:58:02Z,96796259580891,1091
2026-09-11T04:58:02Z,97042065873644,974
2026-09-11T04:58:02Z,97090732168175,2825
2026-09-11T04:58:02Z,97387256206808,592
2026-09-11T04:58:02Z,97438379434717,1763
2026-09-11T04:58:02Z,97598239454123,7519
2026-09-11T04:58:02Z,97607545197126,1767
2026-09-11T04:58:02Z,97630670804505,970
2026-09-11T04:58:02Z,97777561575736,687
2026-09-11T04:58:02Z,97824450589417,11937
2026-09-11T04:58:02Z,98067481349941,603
2026-09-11T04:58:02Z,98138235237704,560
2026-09-11T04:58:02Z,98303142742576,864
2026-09-11T04:58:02Z,98393605725180,2712
2026-09-11T04:58:02Z,98502499119821,6770
2026-09-11T04:58:02Z,98552665283269,702
2026-09-11T04:58:02Z,98626216952426,563
2026-09-11T04:58:02Z,98629859043211,1179
2026-09-11T04:58:02Z,98664161516921,3952
2026-09-11T04:58:02Z,98679602313466,1795
2026-09-11T04:58:02Z,98800969324557,16619
2026-09-11T04:58:02Z,98894876188248,8322
2026-09-11T04:58:02Z,98916904742148,1226
2026-09-11T04:58:02Z,98936097545088,2841
2026-09-11T04:58:02Z,98951612738714,534
2026-09-11T04:58:02Z,99065555424640,564
2026-09-11T04:58:02Z,99108783264633,4712
2026-09-11T04:58:02Z,99122501338948,1230
2026-09-11T04:58:02Z,99255447043899,1108
2026-09-11T04:58:02Z,99269206016797,1465
2026-09-11T04:58:02Z,99342262733194,551
2026-09-11T04:58:02Z,99449877692519,1331
2026-09-11T04:58:02Z,99487541293863,3706
2026-09-11T04:58:02Z,99521272836282,2056
2026-09-11T04:58:02Z,99567941238278,12141
2026-09-11T04:58:02Z,99702578544768,1248
2026-09-11T04:58:02Z,99703116573266,916
2026-09-11T04:58:02Z,99715891575923,1604
2026-09-11T04:58:02Z,99758842280353,1080
2026-09-11T04:58:02Z,99817148924004,1037
2026-09-11T04:58:02Z,100034344773758,636
2026-09-11T04:58:02Z,100039707794702,591
2026-09-11T04:58:02Z,100178831086674,1920
2026-09-11T04:58:02Z,100221279566736,608
2026-09-11T04:58:02Z,100293509865504,3402
2026-09-11T04:58:02Z,100400297022629,764
2026-09-11T04:58:02Z,100429474155186,5757
2026-09-11T04:58:02Z,100453351939863,1530
2026-09-11T04:58:02Z,100689340481763,1603
2026-09-11T04:58:02Z,100744519298647,979
2026-09-11T04:58:02Z,100860415498291,605
2026-09-11T04:58:02Z,100911362514791,1014
2026-09-11T04:58:02Z,101009821472804,2706
2026-09-11T04:58:02Z,101272402522756,772
2026-09-11T04:58:02Z,101396571928321,1983
2026-09-11T04:58:02Z,101432174163538,694
2026-09-11T04:58:02Z,101480963912212,5075
2026-09-11T04:58:02Z,101533162298733,656
2026-09-11T04:58:02Z,101610294550592,1553
2026-09-11T04:58:02Z,101685456774656,1578
2026-09-11T04:58:02Z,101733180974837,863
2026-09-11T04:58:02Z,101754965994520,876
2026-09-11T04:58:02Z,101770480176177,11229
2026-09-11T04:58:02Z,101906032112547,5447
2026-09-11T04:58:02Z,101914772188620,3832
2026-09-11T04:58:02Z,101949297449238,660
2026-09-11T04:58:02Z,102054284786904,1472
2026-09-11T04:58:02Z,102071609564196,515
2026-09-11T04:58:02Z,102072869879193,16235
2026-09-11T04:58:02Z,102457672839885,1148
2026-09-11T04:58:02Z,102489700929678,3885
2026-09-11T04:58:02Z,102553576537621,938
2026-09-11T04:58:02Z,102728511411085,520
2026-09-11T04:58:02Z,102837194624695,2510
2026-09-11T04:58:02Z,102871156420149,1316
2026-09-11T04:58:02Z,102917792916356,1033
2026-09-11T04:58:02Z,103037106396302,13751
2026-09-11T04:58:02Z,103050497819513,2094
2026-09-11T04:58:02Z,103285721487694,4100
2026-09-11T04:58:02Z,103556382323599,4098
2026-09-11T04:58:02Z,103589142326933,1043
2026-09-11T04:58:02Z,103593441753340,511
2026-09-11T04:58:02Z,103740390007820,597
2026-09-11T04:58:02Z,103754275310547,1765
2026-09-11T04:58:02Z,103802803330866,945
2026-09-11T04:58:02Z,103883942725157,8447
2026-09-11T04:58:02Z,104339804279870,1016
2026-09-11T04:58:02Z,104485012391716,1782
2026-09-11T04:58:02Z,104589921852670,1452
2026-09-11T04:58:02Z,104693964860826,2962
2026-09-11T04:58:02Z,104715542330896,15845
2026-09-11T04:58:02Z,104761395312874,3716
2026-09-11T04:58:02Z,104808235862933,4341
2026-09-11T04:58:02Z,104809044319701,5437
2026-09-11T04:58:02Z,104841616983113,1974
2026-09-11T04:58:02Z,104890260413773,987
2026-09-11T04:58:02Z,104973076655377,3268
2026-09-11T04:58:02Z,105265986112006,612
2026-09-11T04:58:02Z,105373497661352,918
2026-09-11T04:58:02Z,105452889569708,1629
2026-09-11T04:58:02Z,105555311806207,2385
2026-09-11T04:58:02Z,105633123928294,2125
2026-09-11T04:58:02Z,105724836892064,3023
2026-09-11T04:58:02Z,105742951729183,852
2026-09-11T04:58:02Z,105954652742326,1037
2026-09-11T04:58:02Z,106078822951099,806
2026-09-11T04:58:02Z,106131416903029,1220
2026-09-11T04:58:02Z,106187832607756,667
2026-09-11T04:58:02Z,106383201135975,8680
2026-09-11T04:58:02Z,106484206883664,8520
2026-09-11T04:58:02Z,106487781999308,674
2026-09-11T04:58:02Z,106490710325921,723
2026-09-11T04:58:02Z,106683702021527,2771
2026-09-11T04:58:02Z,106802314735486,2994
2026-09-11T04:58:02Z,106838580527183,3915
2026-09-11T04:58:02Z,106920577206536,1304
2026-09-11T04:58:02Z,107095834793267,565
2026-09-11T04:58:02Z,107377364123237,892
2026-09-11T04:58:02Z,107430889830807,3560
2026-09-11T04:58:02Z,107467295209358,3415
2026-09-11T04:58:02Z,107645101488133,675
2026-09-11T04:58:02Z,107653945083776,8299
2026-09-11T04:58:02Z,107727386530697,760
2026-09-11T04:58:02Z,107778070777162,1480736
2026-09-11T04:58:02Z,107792622719098,630
2026-09-11T04:58:02Z,107828406309109,829
2026-09-11T04:58:02Z,107833198839573,1112
2026-09-11T04:58:02Z,107894105055312,4837
2026-09-11T04:58:02Z,108227239615000,595
2026-09-11T04:58:02Z,108307565942574,3508
2026-09-11T04:58:02Z,108439047160668,1086
2026-09-11T04:58:02Z,108533757090220,3942
2026-09-11T04:58:02Z,108567435288296,13459
2026-09-11T04:58:02Z,108645230905176,3199
2026-09-11T04:58:02Z,108730407897379,2281
2026-09-11T04:58:02Z,108767400143329,658
2026-09-11T04:58:02Z,108843562394237,519
2026-09-11T04:58:02Z,109129552698918,712
2026-09-11T04:58:02Z,109167932163747,762
2026-09-11T04:58:02Z,109170650911069,593
2026-09-11T04:58:02Z,109258067111533,1606
2026-09-11T04:58:02Z,109397169461300,3237
2026-09-11T04:58:02Z,109509029034984,4642
2026-09-11T04:58:02Z,109629391874197,700
2026-09-11T04:58:02Z,109686116036889,1840
2026-09-11T04:58:02Z,109694820409483,1631
2026-09-11T04:58:02Z,109715918987082,828
2026-09-11T04:58:02Z,109881277752094,1720
2026-09-11T04:58:02Z,109983668079237,64186
2026-09-11T04:58:02Z,110175021189594,4838
2026-09-11T04:58:02Z,110280222997707,690
2026-09-11T04:58:02Z,110334393584385,573
2026-09-11T04:58:02Z,110470672231288,672
2026-09-11T04:58:02Z,110570058234582,1017
2026-09-11T04:58:02Z,110627433764494,2085
2026-09-11T04:58:02Z,110668201954727,1452
2026-09-11T04:58:02Z,110793563946846,1314
2026-09-11T04:58:02Z,110806816173057,1671
2026-09-11T04:58:02Z,110829983956014,5675
2026-09-11T04:58:02Z,110954432401277,1574
2026-09-11T04:58:02Z,111063058742520,3310
2026-09-11T04:58:02Z,111262527555232,2450
2026-09-11T04:58:02Z,111363135577981,1243
2026-09-11T04:58:02Z,111421220771064,521
2026-09-11T04:58:02Z,111442376436641,1061
2026-09-11T04:58:02Z,111471464387284,636
2026-09-11T04:58:02Z,111779414681728,578
2026-09-11T04:58:02Z,111835260646713,1841
2026-09-11T04:58:02Z,111894976456494,2309
2026-09-11T04:58:02Z,111989938562194,1722
2026-09-11T04:58:02Z,112171352246014,3122
2026-09-11T04:58:02Z,112226578490421,1133
2026-09-11T04:58:02Z,112233638491976,2380
2026-09-11T04:58:02Z,112413741511713,1727
2026-09-11T04:58:02Z,112531085636442,1965
2026-09-11T04:58:02Z,112619156837009,2047
2026-09-11T04:58:02Z,112626674737178,1131
2026-09-11T04:58:02Z,112641748896693,1572
2026-09-11T04:58:02Z,112731528776884,4305
2026-09-11T04:58:02Z,112778631702542,3401
2026-09-11T04:58:02Z,112781315318195,7789
2026-09-11T04:58:02Z,112796336189704,1825
2026-09-11T04:58:02Z,112816993332059,607
2026-09-11T04:58:02Z,112838150455902,2787
2026-09-11T04:58:02Z,112857282410969,1152
2026-09-11T04:58:02Z,112966546347918,1454
2026-09-11T04:58:02Z,113099333239841,4182
2026-09-11T04:58:02Z,113232329524315,3693
2026-09-11T04:58:02Z,113290951185459,23114
2026-09-11T04:58:02Z,113323927469374,2476
2026-09-11T04:58:02Z,113385048266134,1240
2026-09-11T04:58:02Z,113385977463481,1239
2026-09-11T04:58:02Z,113392430358155,548
2026-09-11T04:58:02Z,113457460682474,3018
2026-09-11T04:58:02Z,113481077323469,11538
2026-09-11T04:58:02Z,113506071094099,5096
2026-09-11T04:58:02Z,113581963143008,893
2026-09-11T04:58:02Z,113604074601559,709
2026-09-11T04:58:02Z,113745337705295,1728
2026-09-11T04:58:02Z,113987393426315,3213
2026-09-11T04:58:02Z,114122724051462,2544
2026-09-11T04:58:02Z,114204398207377,4749
2026-09-11T04:58:02Z,114234929420007,4087
2026-09-11T04:58:02Z,114357963370524,790
2026-09-11T04:58:02Z,114381378262504,2452
2026-09-11T04:58:02Z,114501358617756,2003
2026-09-11T04:58:02Z,114549747848211,500
2026-09-11T04:58:02Z,114697347887839,20679
2026-09-11T04:58:02Z,114861592677288,2418
2026-09-11T04:58:02Z,115035699922620,2942
2026-09-11T04:58:02Z,115092911061119,620
2026-09-11T04:58:02Z,115286378269814,617
2026-09-11T04:58:02Z,115618367729321,1151
2026-09-11T04:58:02Z,115620466946909,716
2026-09-11T04:58:02Z,115681808123944,6797
2026-09-11T04:58:02Z,116058355775210,759
2026-09-11T04:58:02Z,116070952245255,3587
2026-09-11T04:58:02Z,116113866980358,679
2026-09-11T04:58:02Z,116495829188952,12296
2026-09-11T04:58:02Z,116497287371701,43524
2026-09-11T04:58:02Z,116501341774429,1310
2026-09-11T04:58:02Z,116605585218149,725
2026-09-11T04:58:02Z,117381420723145,523
2026-09-11T04:58:02Z,117533937949084,6846
2026-09-11T04:58:02Z,117539213094671,1352
2026-09-11T04:58:02Z,117713779364528,6961
2026-09-11T04:58:02Z,117752943664280,1632
2026-09-11T04:58:02Z,117868278782684,1973
2026-09-11T04:58:02Z,118367369949006,2922
2026-09-11T04:58:02Z,118418618261207,16639
2026-09-11T04:58:02Z,118447215156914,2289
2026-09-11T04:58:02Z,118546475246005,705
2026-09-11T04:58:02Z,118576822282213,1281
2026-09-11T04:58:02Z,118608618152057,1316
2026-09-11T04:58:02Z,118806061296143,641
2026-09-11T04:58:02Z,118889111240517,774
2026-09-11T04:58:02Z,118973301158777,3685
2026-09-11T04:58:02Z,119004860768199,3004
2026-09-11T04:58:02Z,119031147890918,1337
2026-09-11T04:58:02Z,119048529960596,6163
2026-09-11T04:58:02Z,119068914321553,3334
2026-09-11T04:58:02Z,119168493101362,7300
2026-09-11T04:58:02Z,119209026892378,681
2026-09-11T04:58:02Z,119271610514030,1247
2026-09-11T04:58:02Z,119355263204054,1811
2026-09-11T04:58:02Z,119427438574114,884
2026-09-11T04:58:02Z,119455737640001,883
2026-09-11T04:58:02Z,119524908037342,763
2026-09-11T04:58:02Z,119579217517090,2000
2026-09-11T04:58:02Z,119609933650338,615
2026-09-11T04:58:02Z,119789365111500,3576
2026-09-11T04:58:02Z,119822977170203,4561
2026-09-11T04:58:02Z,119910584000876,827
2026-09-11T04:58:02Z,120135584963579,4022
2026-09-11T04:58:02Z,120140631282295,749
2026-09-11T04:58:02Z,120154566897536,538
2026-09-11T04:58:02Z,120189115846709,1061
2026-09-11T04:58:02Z,120217704230083,1199
2026-09-11T04:58:02Z,120299070926116,645
2026-09-11T04:58:02Z,120398694613042,746
2026-09-11T04:58:02Z,120450743769548,525
2026-09-11T04:58:02Z,120700541929930,8310
2026-09-11T04:58:02Z,120704669141193,2036
2026-09-11T04:58:02Z,120766736586332,505
2026-09-11T04:58:02Z,120790217521707,537
2026-09-11T04:58:02Z,120841752776030,2158
2026-09-11T04:58:02Z,120851538706364,9239
2026-09-11T04:58:02Z,121268060261990,1758
2026-09-11T04:58:02Z,121439935748881,868
2026-09-11T04:58:02Z,121461214257813,1122
2026-09-11T04:58:02Z,121781732399469,2272
2026-09-11T04:58:02Z,121864768012064,96773
2026-09-11T04:58:02Z,121903154323395,600
2026-09-11T04:58:02Z,122093998639862,2323
2026-09-11T04:58:02Z,122216176958450,9087
2026-09-11T04:58:02Z,122245938604556,11898
2026-09-11T04:58:02Z,122446657157717,8148
2026-09-11T04:58:02Z,122454884469606,679
2026-09-11T04:58:02Z,122485613019196,5913
2026-09-11T04:58:02Z,122507029092776,4823
2026-09-11T04:58:02Z,122553263569744,2167
2026-09-11T04:58:02Z,122572082932179,13170
2026-09-11T04:58:02Z,122593073500987,513
2026-09-11T04:58:02Z,122606989565107,1929
2026-09-11T04:58:02Z,122720857080780,974
2026-09-11T04:58:02Z,122802147482832,912
2026-09-11T04:58:02Z,122902171482835,541
2026-09-11T04:58:02Z,122951224417794,2409
2026-09-11T04:58:02Z,123213873176964,761
2026-09-11T04:58:02Z,123258797415953,547
2026-09-11T04:58:02Z,123468479998097,536
2026-09-11T04:58:02Z,123557829667240,626
2026-09-11T04:58:02Z,123581964009368,693
2026-09-11T04:58:02Z,123698673940079,7985
2026-09-11T04:58:02Z,123724279728430,7308
2026-09-11T04:58:02Z,123847390309161,6026
2026-09-11T04:58:02Z,123921593837160,4399
2026-09-11T04:58:02Z,124027312895188,1050
2026-09-11T04:58:02Z,124293095895786,8215
2026-09-11T04:58:02Z,124311897657957,510
2026-09-11T04:58:02Z,124338404742585,2345
2026-09-11T04:58:02Z,124389216346675,961
2026-09-11T04:58:02Z,124396690804338,520
2026-09-11T04:58:02Z,124473577469410,672
2026-09-11T04:58:02Z,124536519436305,574
2026-09-11T04:58:02Z,124675142564227,1711
2026-09-11T04:58:02Z,124729731716967,2204
2026-09-11T04:58:02Z,124740268654741,605
2026-09-11T04:58:02Z,124761153798409,5473
2026-09-11T04:58:02Z,124853293317687,519
2026-09-11T04:58:02Z,124943244212764,669
2026-09-11T04:58:02Z,125039473548047,9983
2026-09-11T04:58:02Z,125306084071551,3080
2026-09-11T04:58:02Z,125410772032969,767
2026-09-11T04:58:02Z,125488740127641,3020
2026-09-11T04:58:02Z,125496078313264,2779
2026-09-11T04:58:02Z,125503525638054,3748
2026-09-11T04:58:02Z,125810438250765,997
2026-09-11T04:58:02Z,125823964467491,585
2026-09-11T04:58:02Z,125927821145949,4089
2026-09-11T04:58:02Z,126016859830524,5558
2026-09-11T04:58:02Z,126171938168748,932
2026-09-11T04:58:02Z,126639935515772,526
2026-09-11T04:58:02Z,126815230666914,2432
2026-09-11T04:58:02Z,126857641130765,526
2026-09-11T04:58:02Z,126870639873289,59071
2026-09-11T04:58:02Z,126884695634066,23095
2026-09-11T04:58:02Z,126922689754590,871
2026-09-11T04:58:02Z,126987974021910,22382
2026-09-11T04:58:02Z,127078880769763,1533
2026-09-11T04:58:02Z,127089247654125,3109
2026-09-11T04:58:02Z,127099886596040,1665
2026-09-11T04:58:02Z,127103413498148,1542
2026-09-11T04:58:02Z,127152805777886,894
2026-09-11T04:58:02Z,127177791789316,595
2026-09-11T04:58:02Z,127332613700317,1442
2026-09-11T04:58:02Z,127377897541228,2281
2026-09-11T04:58:02Z,127380660530951,4363
2026-09-11T04:58:02Z,127403135954624,4225
2026-09-11T04:58:02Z,127415661078736,680
2026-09-11T04:58:02Z,127475054933484,1032
2026-09-11T04:58:02Z,127606305348556,583
2026-09-11T04:58:02Z,127608230264974,1199
2026-09-11T04:58:02Z,127634932179327,1924
2026-09-11T04:58:02Z,127737908858963,540
2026-09-11T04:58:02Z,127742093697776,1713
2026-09-11T04:58:02Z,127775478639865,3404
2026-09-11T04:58:02Z,127994242634536,41969
2026-09-11T04:58:02Z,128039018996175,1913
2026-09-11T04:58:02Z,128119795963270,3999
2026-09-11T04:58:02Z,128263975853774,3311
2026-09-11T04:58:02Z,128329680321338,1412
2026-09-11T04:58:02Z,128448883585036,3788
2026-09-11T04:58:02Z,128451689942376,4999
2026-09-11T04:58:02Z,128662368175518,1223
2026-09-11T04:58:02Z,128718867767713,759
2026-09-11T04:58:02Z,128736949265057,12081
2026-09-11T04:58:02Z,128784467030899,11621
2026-09-11T04:58:02Z,128793328541327,587
2026-09-11T04:58:02Z,128931272139211,1040
2026-09-11T04:58:02Z,129003441529549,545
2026-09-11T04:58:02Z,129096378231329,5770
2026-09-11T04:58:02Z,129163919591388,574
2026-09-11T04:58:02Z,129253568870286,2591
2026-09-11T04:58:02Z,129279692364812,2775
2026-09-11T04:58:02Z,129305872972839,1020
2026-09-11T04:58:02Z,129692563688057,711
2026-09-11T04:58:02Z,129768092435314,4209
2026-09-11T04:58:02Z,129784419746425,1006
2026-09-11T04:58:02Z,129827112113663,3139
2026-09-11T04:58:02Z,129827535941999,865
2026-09-11T04:58:02Z,129866685202296,579
2026-09-11T04:58:02Z,129907317028750,2393
2026-09-11T04:58:02Z,129932912185311,1879
2026-09-11T04:58:02Z,129972079094718,2579
2026-09-11T04:58:02Z,130222697019939,695
2026-09-11T04:58:02Z,130253630950453,759
2026-09-11T04:58:02Z,130342654546662,657
2026-09-11T04:58:02Z,130404059693601,4052
2026-09-11T04:58:02Z,130496219537579,533
2026-09-11T04:58:02Z,130522875331172,518
2026-09-11T04:58:02Z,130565641176498,2289
2026-09-11T04:58:02Z,130641102725850,3453
2026-09-11T04:58:02Z,130700367963690,1046
2026-09-11T04:58:02Z,130739873848552,3953
2026-09-11T04:58:02Z,130782443587508,513
2026-09-11T04:58:02Z,130929507719087,704
2026-09-11T04:58:02Z,130960835358983,2467
2026-09-11T04:58:02Z,131068932321596,2042
2026-09-11T04:58:02Z,131103239963274,633
2026-09-11T04:58:02Z,131117978948830,1847
2026-09-11T04:58:02Z,131346454575416,8223
2026-09-11T04:58:02Z,131367064230486,686
2026-09-11T04:58:02Z,131378148336503,19822
2026-09-11T04:58:02Z,131479356121251,7161
2026-09-11T04:58:02Z,131572543049913,920
2026-09-11T04:58:02Z,131623223084840,2556
2026-09-11T04:58:02Z,131667667758514,2967
2026-09-11T04:58:02Z,131856811555630,795
2026-09-11T04:58:02Z,131906518201863,956
2026-09-11T04:58:02Z,131910189515331,1273
2026-09-11T04:58:02Z,132016691802922,613
2026-09-11T04:58:02Z,132046904416072,760
2026-09-11T04:58:02Z,132173349090360,5969
2026-09-11T04:58:02Z,132287558697665,824
2026-09-11T04:58:02Z,132352755769957,4605
2026-09-11T04:58:02Z,132499927511859,1025
2026-09-11T04:58:02Z,132586479415502,1573
2026-09-11T04:58:02Z,132678066262863,898
2026-09-11T04:58:02Z,132768098780837,1350
2026-09-11T04:58:02Z,133007106457547,759
2026-09-11T04:58:02Z,133188236593503,3788
2026-09-11T04:58:02Z,133203197541113,1975
2026-09-11T04:58:02Z,133294838637122,8681
2026-09-11T04:58:02Z,133341016381877,2330
2026-09-11T04:58:02Z,133585162751824,6081
2026-09-11T04:58:02Z,133609054222738,521
2026-09-11T04:58:02Z,133719960214587,881
2026-09-11T04:58:02Z,133943904733338,2954
2026-09-11T04:58:02Z,133968315607063,520
2026-09-11T04:58:02Z,134162299584012,3208
2026-09-11T04:58:02Z,134208374070897,6414
2026-09-11T04:58:02Z,134361906638337,2893
2026-09-11T04:58:02Z,134363641369914,3576
2026-09-11T04:58:02Z,134381727982611,5579
2026-09-11T04:58:02Z,134424372433341,770
2026-09-11T04:58:02Z,134619004688066,1990
2026-09-11T04:58:02Z,134707983960541,1315
2026-09-11T04:58:02Z,134719268825886,4527
2026-09-11T04:58:02Z,134750290201751,503
2026-09-11T04:58:02Z,134750648450964,607
2026-09-11T04:58:02Z,134807373415131,1362
2026-09-11T04:58:02Z,135155039067698,2978
2026-09-11T04:58:02Z,135193469413243,3222
2026-09-11T04:58:02Z,135678396831347,724
2026-09-11T04:58:02Z,135717153770519,3501
2026-09-11T04:58:02Z,135729108619936,544
2026-09-11T04:58:02Z,135757618941587,851
2026-09-11T04:58:02Z,135856908115931,42433
2026-09-11T04:58:02Z,136020512003847,11039
2026-09-11T04:58:02Z,136066387156306,650
2026-09-11T04:58:02Z,136107936984073,691
2026-09-11T04:58:02Z,136372246050123,758
2026-09-11T04:58:02Z,136404558442020,1567
2026-09-11T04:58:02Z,136431686349723,649
2026-09-11T04:58:02Z,136533956395153,2257
2026-09-11T04:58:02Z,136764190843219,611
2026-09-11T04:58:02Z,136801880565837,1848
2026-09-11T04:58:02Z,136822524519115,921
2026-09-11T04:58:02Z,136919941417380,561
2026-09-11T04:58:02Z,136990058242546,791
2026-09-11T04:58:02Z,137228775845999,6444
2026-09-11T04:58:02Z,137233438285284,4680
2026-09-11T04:58:02Z,137370015275609,1343
2026-09-11T04:58:02Z,137541498231955,1879
2026-09-11T04:58:02Z,137826330724902,2889
2026-09-11T04:58:02Z,137849500783095,939
2026-09-11T04:58:02Z,137925884276740,6386
2026-09-11T04:58:02Z,138182400257397,817
2026-09-11T04:58:02Z,138205182571367,5400
2026-09-11T04:58:02Z,138363592957250,3439
2026-09-11T04:58:02Z,138381251771774,728
2026-09-11T04:58:02Z,138432670504218,1349
2026-09-11T04:58:02Z,138486812747835,1333
2026-09-11T04:58:02Z,138837502355157,727
2026-09-11T04:58:02Z,139063887391814,1117
2026-09-11T04:58:02Z,139360679647453,1312
2026-09-11T04:58:02Z,139488437793833,1052
2026-09-11T04:58:02Z,139506321380888,1828
2026-09-11T04:58:02Z,139546619723000,1374
2026-09-11T04:58:02Z,139598620873181,508
2026-09-11T04:58:02Z,139617346573330,996
2026-09-11T04:58:02Z,139766023909499,903
2026-09-11T04:58:02Z,139995416758538,1495
2026-09-11T04:58:02Z,140302982046391,1520
2026-09-11T04:58:02Z,140317247681516,535
2026-09-11T04:58:02Z,140374914197602,2023
2026-09-11T04:58:02Z,140409475718339,1034
2026-09-11T04:58:02Z,140417239274110,848
2026-09-11T04:58:02Z,140424985545402,964
2026-09-11T04:58:02Z,140462309938712,1478
2026-09-11T04:58:02Z,140477643689375,639
2026-09-11T04:58:02Z,140481779622210,1767
2026-09-11T05:13:00Z,189707,7642
2026-09-11T05:13:00Z,192800,3979
2026-09-11T05:13:00Z,13822889,1208
2026-09-11T05:13:00Z,20321167,2335
2026-09-11T05:13:00Z,21532277,1932
2026-09-11T05:13:00Z,31490825,648
2026-09-11T05:13:00Z,69184822,2554
2026-09-11T05:13:00Z,71315343,919
2026-09-11T05:13:00Z,121748721,575
2026-09-11T05:13:00Z,142823291,136002
2026-09-11T05:13:00Z,155382109,828
2026-09-11T05:13:00Z,155615604,5880
2026-09-11T05:13:00Z,166986752,3041
2026-09-11T05:13:00Z,183364845,632
2026-09-11T05:13:00Z,185655149,9730
2026-09-11T05:13:00Z,205224386,1318
2026-09-11T05:13:00Z,263761432,844
2026-09-11T05:13:00Z,277751860,2161
2026-09-11T05:13:00Z,286090429,2888
2026-09-11T05:13:00Z,292439477,1558
2026-09-11T05:13:00Z,292628125,1358
2026-09-11T05:13:00Z,328028363,670
2026-09-11T05:13:00Z,334730614,529
2026-09-11T05:13:00Z,443406476,743
2026-09-11T05:13:00Z,537413528,7691
2026-09-11T05:13:00Z,606849621,5094
2026-09-11T05:13:00Z,654732683,1721
2026-09-11T05:13:00Z,735030788,4498
2026-09-11T05:13:00Z,815405518,1707
2026-09-11T05:13:00Z,863266079,947
2026-09-11T05:13:00Z,891539556,646
2026-09-11T05:13:00Z,891852901,3644
2026-09-11T05:13:00Z,893973440,13493
2026-09-11T05:13:00Z,920587237,93175
2026-09-11T05:13:00Z,1128650291,897
2026-09-11T05:13:00Z,1324061305,597
2026-09-11T05:13:00Z,1343871267,732
2026-09-11T05:13:00Z,1365404657,2112
2026-09-11T05:13:00Z,1458767429,4863
2026-09-11T05:13:00Z,1537690962,18875
2026-09-11T05:13:00Z,1554960397,1345
2026-09-11T05:13:00Z,1588965415,954
2026-09-11T05:13:00Z,1730877806,16475
2026-09-11T05:13:00Z,1962086868,18423
2026-09-11T05:13:00Z,2166944189,1266
2026-09-11T05:13:00Z,2210085102,531
2026-09-11T05:13:00Z,2317712696,612
2026-09-11T05:13:00Z,2338325648,2990
2026-09-11T05:13:00Z,2376885433,657
2026-09-11T05:13:00Z,2418863943,3018
2026-09-11T05:13:00Z,2512643572,2784
2026-09-11T05:13:00Z,2534724415,2645
2026-09-11T05:13:00Z,2551991523,1695
2026-09-11T05:13:00Z,2569453732,627
2026-09-11T05:13:00Z,2693023319,2100
2026-09-11T05:13:00Z,2727067538,1124
2026-09-11T05:13:00Z,2753915549,263738
2026-09-11T05:13:00Z,2768379856,6721
2026-09-11T05:13:00Z,2772610559,1133
2026-09-11T05:13:00Z,2778230703,735
2026-09-11T05:13:00Z,2788229376,1662
2026-09-11T05:13:00Z,2809202155,1280
2026-09-11T05:13:00Z,2913303231,904
2026-09-11T05:13:00Z,2916899287,3288
2026-09-11T05:13:00Z,2968914904,725
2026-09-11T05:13:00Z,3016661674,738
2026-09-11T05:13:00Z,3025990139,629
2026-09-11T05:13:00Z,3117860193,525
2026-09-11T05:13:00Z,3242417672,1643
2026-09-11T05:13:00Z,3260590327,7250
2026-09-11T05:13:00Z,3261957210,597
2026-09-11T05:13:00Z,3339374541,654
2026-09-11T05:13:00Z,3351674303,23491
2026-09-11T05:13:00Z,3398014311,848
2026-09-11T05:13:00Z,3475397644,6877
2026-09-11T05:13:00Z,3623096087,7663
2026-09-11T05:13:00Z,3631820248,1832
2026-09-11T05:13:00Z,3663340706,2834
2026-09-11T05:13:00Z,3678761576,2728
2026-09-11T05:13:00Z,3823781113,1877
2026-09-11T05:13:00Z,3851622790,1775
2026-09-11T05:13:00Z,3891618314,1486
2026-09-11T05:13:00Z,3956818381,521
2026-09-11T05:13:00Z,4104106043,2521
2026-09-11T05:13:00Z,4111023553,2741
2026-09-11T05:13:00Z,4282985734,1508
2026-09-11T05:13:00Z,4448566543,758
2026-09-11T05:13:00Z,4480809144,1459
2026-09-11T05:13:00Z,4520749081,5262
2026-09-11T05:13:00Z,4522347649,602
2026-09-11T05:13:00Z,4566572536,1157
2026-09-11T05:13:00Z,4580204640,4876
2026-09-11T05:13:00Z,4588604953,1295
2026-09-11T05:13:00Z,4616652839,3448
2026-09-11T05:13:00Z,4623386862,2350
2026-09-11T05:13:00Z,4637668954,2219
2026-09-11T05:13:00Z,4639625707,4254
2026-09-11T05:13:00Z,4640354700,529
2026-09-11T05:13:00Z,4646477729,516
2026-09-11T05:13:00Z,4796443083,728
2026-09-11T05:13:00Z,4830581890,1016
2026-09-11T05:13:00Z,4832438542,1017
2026-09-11T05:13:00Z,4850533156,1005
2026-09-11T05:13:00Z,4850588087,3184
2026-09-11T05:13:00Z,4855457388,539
2026-09-11T05:13:00Z,4889315193,1405
2026-09-11T05:13:00Z,4924922222,257922
2026-09-11T05:13:00Z,4954096313,923
2026-09-11T05:13:00Z,4972091010,573
2026-09-11T05:13:00Z,4972273297,1689
2026-09-11T05:13:00Z,4996049426,5195
2026-09-11T05:13:00Z,5041144419,1216
2026-09-11T05:13:00Z,5104202731,541
2026-09-11T05:13:00Z,5118969548,1049
2026-09-11T05:13:00Z,5130598377,707
2026-09-11T05:13:00Z,5152425034,3474
2026-09-11T05:13:00Z,5154858502,514
2026-09-11T05:13:00Z,5171093784,1161
2026-09-11T05:13:00Z,5171347293,1188
2026-09-11T05:13:00Z,5233782396,20246
2026-09-11T05:13:00Z,5244411056,1994
2026-09-11T05:13:00Z,5286116071,520
2026-09-11T05:13:00Z,5289509545,8161
2026-09-11T05:13:00Z,5343994291,609
2026-09-11T05:13:00Z,5496455308,1669
2026-09-11T05:13:00Z,5571328985,1221
2026-09-11T05:13:00Z,5593925613,1774
2026-09-11T05:13:00Z,5670218884,1729
2026-09-11T05:13:00Z,5671985295,2603
2026-09-11T05:13:00Z,5683833663,683
2026-09-11T05:13:00Z,5702593762,1669
2026-09-11T05:13:00Z,5712833750,2182
2026-09-11T05:13:00Z,5777099015,1156
2026-09-11T05:13:00Z,5829141886,710
2026-09-11T05:13:00Z,5856880701,754
2026-09-11T05:13:00Z,5865858426,1291
2026-09-11T05:13:00Z,5901440255,1074
2026-09-11T05:13:00Z,5926001758,715
2026-09-11T05:13:00Z,5984006660,519
2026-09-11T05:13:00Z,5985232436,2573
2026-09-11T05:13:00Z,6020247720,1433
2026-09-11T05:13:00Z,6104994594,1035
2026-09-11T05:13:00Z,6137321701,592
2026-09-11T05:13:00Z,6153766069,1684
2026-09-11T05:13:00Z,6161235818,1210
2026-09-11T05:13:00Z,6205205961,6182
2026-09-11T05:13:00Z,6218169544,724
2026-09-11T05:13:00Z,6243699076,2213
2026-09-11T05:13:00Z,6263431107,1332
2026-09-11T05:13:00Z,6270290407,1242
2026-09-11T05:13:00Z,6284583030,922
2026-09-11T05:13:00Z,6299805723,1187
2026-09-11T05:13:00Z,6358567974,8086
2026-09-11T05:13:00Z,6366329104,3675
2026-09-11T05:13:00Z,6377740507,972
2026-09-11T05:13:00Z,6382584061,2784
2026-09-11T05:13:00Z,6403373529,4791
2026-09-11T05:13:00Z,6445435958,874
2026-09-11T05:13:00Z,6447798030,1832
2026-09-11T05:13:00Z,6507422231,4171
2026-09-11T05:13:00Z,6516141723,20523
2026-09-11T05:13:00Z,6520999642,1119
2026-09-11T05:13:00Z,6608498361,745
2026-09-11T05:13:00Z,6610021055,599
2026-09-11T05:13:00Z,6698800091,2174
2026-09-11T05:13:00Z,6717367660,938
2026-09-11T05:13:00Z,6737970321,5061
2026-09-11T05:13:00Z,6766156863,608
2026-09-11T05:13:00Z,6804602922,2617
2026-09-11T05:13:00Z,6816975827,2715
2026-09-11T05:13:00Z,6872265039,14385
2026-09-11T05:13:00Z,6875747014,2601
2026-09-11T05:13:00Z,6884319169,3088
2026-09-11T05:13:00Z,6911148748,2746
2026-09-11T05:13:00Z,6915976310,1120
2026-09-11T05:13:00Z,6918802270,1583
2026-09-11T05:13:00Z,6924758805,719
2026-09-11T05:13:00Z,6934310111,2023
2026-09-11T05:13:00Z,6939111033,1265
2026-09-11T05:13:00Z,6961824067,26822
2026-09-11T05:13:00Z,6989310863,1822
2026-09-11T05:13:00Z,7041939546,46034
2026-09-11T05:13:00Z,7074772062,1333
2026-09-11T05:13:00Z,7117492592,2515
2026-09-11T05:13:00Z,7138009149,988
2026-09-11T05:13:00Z,7171174521,4960
2026-09-11T05:13:00Z,7180042682,1972
2026-09-11T05:13:00Z,7211666966,606
2026-09-11T05:13:00Z,7241858214,1620
2026-09-11T05:13:00Z,7243409883,3387
2026-09-11T05:13:00Z,7253149844,727
2026-09-11T05:13:00Z,7305309231,6610
2026-09-11T05:13:00Z,7336302630,1467
2026-09-11T05:13:00Z,7367863399,798
2026-09-11T05:13:00Z,7554888362,12687
2026-09-11T05:13:00Z,7577961216,2073
2026-09-11T05:13:00Z,7605357829,2611
2026-09-11T05:13:00Z,7645738534,554
2026-09-11T05:13:00Z,7670825572,1759
2026-09-11T05:13:00Z,7711635737,2037
2026-09-11T05:13:00Z,7772810845,971
2026-09-11T05:13:00Z,7871169780,1293
2026-09-11T05:13:00Z,7896264844,841
2026-09-11T05:13:00Z,7971857341,4401
2026-09-11T05:13:00Z,7991339063,3732
2026-09-11T05:13:00Z,8003084678,783
2026-09-11T05:13:00Z,8034026074,2121
2026-09-11T05:13:00Z,8096601114,715
2026-09-11T05:13:00Z,8109476632,537
2026-09-11T05:13:00Z,8204899140,1635
2026-09-11T05:13:00Z,8246874626,1525
2026-09-11T05:13:00Z,8260276694,1087
2026-09-11T05:13:00Z,8286149869,815
2026-09-11T05:13:00Z,8317834514,3139
2026-09-11T05:13:00Z,8328351891,1120
2026-09-11T05:13:00Z,8369888266,2301
2026-09-11T05:13:00Z,8388259310,641
2026-09-11T05:13:00Z,8412352352,558
2026-09-11T05:13:00Z,8416249767,841
2026-09-11T05:13:00Z,8481844229,14305
2026-09-11T05:13:00Z,8534845015,766
2026-09-11T05:13:00Z,8540168650,821
2026-09-11T05:13:00Z,8542259458,566
2026-09-11T05:13:00Z,8554378337,608
2026-09-11T05:13:00Z,8562822414,554
2026-09-11T05:13:00Z,8571687919,1040
2026-09-11T05:13:00Z,8617370639,1007
2026-09-11T05:13:00Z,8657766101,574
2026-09-11T05:13:00Z,8704997000,2995
2026-09-11T05:13:00Z,8712817601,9308
2026-09-11T05:13:00Z,8737602449,2720
2026-09-11T05:13:00Z,8737899170,57723
2026-09-11T05:13:00Z,8838701772,1323
2026-09-11T05:13:00Z,8884433153,2962
2026-09-11T05:13:00Z,8908228901,515
2026-09-11T05:13:00Z,9049840490,1546
2026-09-11T05:13:00Z,9058310544,781
2026-09-11T05:13:00Z,9096881148,2877
2026-09-11T05:13:00Z,9099326192,851
2026-09-11T05:13:00Z,9120716669,959
2026-09-11T05:13:00Z,9192423027,1830
2026-09-11T05:13:00Z,9224601490,2139
2026-09-11T05:13:00Z,9273658706,1617
2026-09-11T05:13:00Z,9346039031,731
2026-09-11T05:13:00Z,9391468976,78546
2026-09-11T05:13:00Z,9404223526,1919
2026-09-11T05:13:00Z,9414511685,1322
2026-09-11T05:13:00Z,9731376817,1699
2026-09-11T05:13:00Z,9791603388,1265
2026-09-11T05:13:00Z,9872472334,28311
2026-09-11T05:13:00Z,9879422661,571
2026-09-11T05:13:00Z,9922455303,517
2026-09-11T05:13:00Z,10110568567,779
2026-09-11T05:13:00Z,10165583746,4128
2026-09-11T05:13:00Z,10179538382,1260
2026-09-11T05:13:00Z,10224049386,1366
2026-09-11T05:13:00Z,10253248401,3086
2026-09-11T05:13:00Z,10260193230,1957
2026-09-11T05:13:00Z,10272636261,1330
2026-09-11T05:13:00Z,10277607801,621
2026-09-11T05:13:00Z,10449761463,37371
2026-09-11T05:13:00Z,10450270085,701
2026-09-11T05:13:00Z,10554647907,530
2026-09-11T05:13:00Z,10576142169,576
2026-09-11T05:13:00Z,10595058975,1277
2026-09-11T05:13:00Z,10660791703,641
2026-09-11T05:13:00Z,10679239752,953
2026-09-11T05:13:00Z,10696301650,1863
2026-09-11T05:13:00Z,10704789056,547
2026-09-11T05:13:00Z,10726371567,631
2026-09-11T05:13:00Z,10745043766,1048
2026-09-11T05:13:00Z,10834586502,2409
2026-09-11T05:13:00Z,10941514720,910
2026-09-11T05:13:00Z,10959918411,929
2026-09-11T05:13:00Z,11137575513,624
2026-09-11T05:13:00Z,11158043705,5522
2026-09-11T05:13:00Z,11273483795,1025
2026-09-11T05:13:00Z,11276071411,924
2026-09-11T05:13:00Z,11364087119,1379
2026-09-11T05:13:00Z,11379739543,8477
2026-09-11T05:13:00Z,11392373641,1213
2026-09-11T05:13:00Z,11464559285,787
2026-09-11T05:13:00Z,11474405411,875
2026-09-11T05:13:00Z,11653088948,593
2026-09-11T05:13:00Z,11684369582,569
2026-09-11T05:13:00Z,11694307960,1205
2026-09-11T05:13:00Z,11727501024,1271
2026-09-11T05:13:00Z,11729688377,748
2026-09-11T05:13:00Z,11765402359,1880
2026-09-11T05:13:00Z,11782774748,1921
2026-09-11T05:13:00Z,11815767793,2005
2026-09-11T05:13:00Z,11848247239,1178
2026-09-11T05:13:00Z,11862502039,2007
2026-09-11T05:13:00Z,11928087342,858
2026-09-11T05:13:00Z,12077443856,551
2026-09-11T05:13:00Z,12177325772,6636
2026-09-11T05:13:00Z,12262046571,1744
2026-09-11T05:13:00Z,12334109280,5202
2026-09-11T05:13:00Z,12338455185,1582
2026-09-11T05:13:00Z,12355337193,5853
2026-09-11T05:13:00Z,12397515839,1973
2026-09-11T05:13:00Z,12398038681,502
2026-09-11T05:13:00Z,12407250267,1612
2026-09-11T05:13:00Z,12411473842,711
2026-09-11T05:13:00Z,12495498157,856
2026-09-11T05:13:00Z,12593620250,3575
2026-09-11T05:13:00Z,12699642568,4689
2026-09-11T05:13:00Z,12716055617,534
2026-09-11T05:13:00Z,12828227139,1838
2026-09-11T05:13:00Z,12847474373,737
2026-09-11T05:13:00Z,12912731475,1527
2026-09-11T05:13:00Z,12931609417,1805
2026-09-11T05:13:00Z,12933818947,605
2026-09-11T05:13:00Z,12985361032,8041
2026-09-11T05:13:00Z,12997619803,821
2026-09-11T05:13:00Z,13042495892,992
2026-09-11T05:13:00Z,13076380114,5125
2026-09-11T05:13:00Z,13118814103,1352
2026-09-11T05:13:00Z,13127800756,1668
2026-09-11T05:13:00Z,13159565330,1073
2026-09-11T05:13:00Z,13166293021,1801
2026-09-11T05:13:00Z,13184713709,1375
2026-09-11T05:13:00Z,13189735542,574
2026-09-11T05:13:00Z,13313611422,633
2026-09-11T05:13:00Z,13358463560,538
2026-09-11T05:13:00Z,13379208636,9964
2026-09-11T05:13:00Z,13416197699,1462
2026-09-11T05:13:00Z,13429790955,2142
2026-09-11T05:13:00Z,13438553315,565
2026-09-11T05:13:00Z,13473615074,1219
2026-09-11T05:13:00Z,13482468151,4037
2026-09-11T05:13:00Z,13587601484,1447
2026-09-11T05:13:00Z,13600218266,6726
2026-09-11T05:13:00Z,13621938427,9419
2026-09-11T05:13:00Z,13664698400,656
2026-09-11T05:13:00Z,13687899540,4409
2026-09-11T05:13:00Z,13698105873,524
2026-09-11T05:13:00Z,13718567207,833
2026-09-11T05:13:00Z,13772394625,11507
2026-09-11T05:13:00Z,13775256536,2346
2026-09-11T05:13:00Z,13796645198,1175
2026-09-11T05:13:00Z,13822562292,3305
2026-09-11T05:13:00Z,13827198708,553
2026-09-11T05:13:00Z,13864661000,1565
2026-09-11T05:13:00Z,13955927965,1107
2026-09-11T05:13:00Z,13967668166,13023
2026-09-11T05:13:00Z,13999660589,3354
2026-09-11T05:13:00Z,14038329225,734
2026-09-11T05:13:00Z,14044547200,1775
2026-09-11T05:13:00Z,14161770735,634
2026-09-11T05:13:00Z,14184086618,564
2026-09-11T05:13:00Z,14212732626,1861
2026-09-11T05:13:00Z,14236925335,4016
2026-09-11T05:13:00Z,14237585680,1096
2026-09-11T05:13:00Z,14238596528,3073
2026-09-11T05:13:00Z,14259168147,2743
2026-09-11T05:13:00Z,14259358984,536
2026-09-11T05:13:00Z,14279693118,1363
2026-09-11T05:13:00Z,14301835518,3348
2026-09-11T05:13:00Z,14313259147,574
2026-09-11T05:13:00Z,14315258385,13432
2026-09-11T05:13:00Z,14350413280,557
2026-09-11T05:13:00Z,14422394494,2664
2026-09-11T05:13:00Z,14437001043,791
2026-09-11T05:13:00Z,14438406081,5828
2026-09-11T05:13:00Z,14451515684,3666
2026-09-11T05:13:00Z,14458936637,1463
2026-09-11T05:13:00Z,14475396559,806
2026-09-11T05:13:00Z,14475792710,513
2026-09-11T05:13:00Z,14564651437,2060
2026-09-11T05:13:00Z,14567590300,1122
2026-09-11T05:13:00Z,14608970270,6557
2026-09-11T05:13:00Z,14721282186,908
2026-09-11T05:13:00Z,14772802900,1437
2026-09-11T05:13:00Z,14787369036,655
2026-09-11T05:13:00Z,14823220100,582
2026-09-11T05:13:00Z,14833592591,1192
2026-09-11T05:13:00Z,14835828495,1387
2026-09-11T05:13:00Z,15002061926,5551
2026-09-11T05:13:00Z,15027718878,505
2026-09-11T05:13:00Z,15077422637,545
2026-09-11T05:13:00Z,15092647980,559
2026-09-11T05:13:00Z,15101393044,35399
2026-09-11T05:13:00Z,15111895255,1214
2026-09-11T05:13:00Z,15135285305,923
2026-09-11T05:13:00Z,15198166649,963
2026-09-11T05:13:00Z,15240723287,3242
2026-09-11T05:13:00Z,15269951959,3405
2026-09-11T05:13:00Z,15270182488,1016
2026-09-11T05:13:00Z,15288629078,1011
2026-09-11T05:13:00Z,15318113891,12508
2026-09-11T05:13:00Z,15507022415,1170
2026-09-11T05:13:00Z,15532962292,42885
2026-09-11T05:13:00Z,15546218972,1781
2026-09-11T05:13:00Z,15550215902,2752
2026-09-11T05:13:00Z,15560168390,566
2026-09-11T05:13:00Z,15598056478,1196
2026-09-11T05:13:00Z,15654981113,538
2026-09-11T05:13:00Z,15694891095,1376
2026-09-11T05:13:00Z,15696848933,1978
2026-09-11T05:13:00Z,15768329004,6651
2026-09-11T05:13:00Z,15784744207,1152
2026-09-11T05:13:00Z,15930174396,2712
2026-09-11T05:13:00Z,16039690331,1012
2026-09-11T05:13:00Z,16115051360,914
2026-09-11T05:13:00Z,16116270224,16512
2026-09-11T05:13:00Z,16141640360,622
2026-09-11T05:13:00Z,16141898262,1064
2026-09-11T05:13:00Z,16146832113,19168
2026-09-11T05:13:00Z,16154918775,2156
2026-09-11T05:13:00Z,16159871483,530
2026-09-11T05:13:00Z,16272604134,2229
2026-09-11T05:13:00Z,16331682055,1205
2026-09-11T05:13:00Z,16389395869,8283
2026-09-11T05:13:00Z,16446142514,1466
2026-09-11T05:13:00Z,16447934574,2117
2026-09-11T05:13:00Z,16480898254,2315
2026-09-11T05:13:00Z,16483433878,624
2026-09-11T05:13:00Z,16518256559,784
2026-09-11T05:13:00Z,16625391970,5288
2026-09-11T05:13:00Z,16653555262,559
2026-09-11T05:13:00Z,16732694052,62931
2026-09-11T05:13:00Z,16867505761,595
2026-09-11T05:13:00Z,16901389020,1630
2026-09-11T05:13:00Z,16907212609,847
2026-09-11T05:13:00Z,16910059756,2883
2026-09-11T05:13:00Z,16962279458,1843
2026-09-11T05:13:00Z,16991287194,2145
2026-09-11T05:13:00Z,16993432698,514
2026-09-11T05:13:00Z,17045823120,2490
2026-09-11T05:13:00Z,17121846721,1523
2026-09-11T05:13:00Z,17188326828,1089
2026-09-11T05:13:00Z,17192092512,2968
2026-09-11T05:13:00Z,17255098561,1121
2026-09-11T05:13:00Z,17450551531,965
2026-09-11T05:13:00Z,17457986005,1414
2026-09-11T05:13:00Z,17516596118,15468
2026-09-11T05:13:00Z,17556820024,1618
2026-09-11T05:13:00Z,17571821642,3019
2026-09-11T05:13:00Z,17577256698,1463
2026-09-11T05:13:00Z,17581668152,1776
2026-09-11T05:13:00Z,17600423422,946
2026-09-11T05:13:00Z,17612027930,772
2026-09-11T05:13:00Z,17625359962,90570
2026-09-11T05:13:00Z,17662297954,717
2026-09-11T05:13:00Z,17664585395,1598
2026-09-11T05:13:00Z,17698425045,1872
2026-09-11T05:13:00Z,17720162456,1535
2026-09-11T05:13:00Z,17844293708,784
2026-09-11T05:13:00Z,17882166032,2024
2026-09-11T05:13:00Z,18102078939,1479
2026-09-11T05:13:00Z,18138682962,884
2026-09-11T05:13:00Z,18152595062,543
2026-09-11T05:13:00Z,18156286285,543
2026-09-11T05:13:00Z,18180736634,1623
2026-09-11T05:13:00Z,18183902003,710
2026-09-11T05:13:00Z,18192562963,1392
2026-09-11T05:13:00Z,18199615050,4440
2026-09-11T05:13:00Z,18214855317,1799
2026-09-11T05:13:00Z,18218605381,8011
2026-09-11T05:13:00Z,18259975825,1662
2026-09-11T05:13:00Z,18260439047,982
2026-09-11T05:13:00Z,18334179599,727
2026-09-11T05:13:00Z,18335956021,9184
2026-09-11T05:13:00Z,18341181766,800
2026-09-11T05:13:00Z,18376355901,1248
2026-09-11T05:13:00Z,18519254033,1358
2026-09-11T05:13:00Z,18537079992,664
2026-09-11T05:13:00Z,18645473062,968
2026-09-11T05:13:00Z,18649596490,1017
2026-09-11T05:13:00Z,18666738837,3894
2026-09-11T05:13:00Z,18668065416,9090
2026-09-11T05:13:00Z,18680867089,1252
2026-09-11T05:13:00Z,18687417158,37865
2026-09-11T05:13:00Z,18688598012,2342
2026-09-11T05:13:00Z,18700851435,1844
2026-09-11T05:13:00Z,18753889337,2347
2026-09-11T05:13:00Z,18799085098,1502
2026-09-11T05:13:00Z,18803315158,2544
2026-09-11T05:13:00Z,18816315817,1118
2026-09-11T05:13:00Z,18864551515,709
2026-09-11T05:13:00Z,18934709778,546
2026-09-11T05:13:00Z,18948446518,1658
2026-09-11T05:13:00Z,18950675748,1569
2026-09-11T05:13:00Z,18956320538,500
2026-09-11T05:13:00Z,18959440414,1205
2026-09-11T05:13:00Z,18984776765,1264
2026-09-11T05:13:00Z,70390793715007,1344
2026-09-11T05:13:00Z,70400654680508,2534
2026-09-11T05:13:00Z,70411440483149,20863
2026-09-11T05:13:00Z,70435795041539,4109
2026-09-11T05:13:00Z,70524138309677,549
2026-09-11T05:13:00Z,70587876731444,929
2026-09-11T05:13:00Z,70640255604878,11852
2026-09-11T05:13:00Z,70805830291547,793
2026-09-11T05:13:00Z,70904050766278,602
2026-09-11T05:13:00Z,70906625936847,5114
2026-09-11T05:13:00Z,70970763145070,653
2026-09-11T05:13:00Z,70990751935174,1789
2026-09-11T05:13:00Z,70994695337243,985
2026-09-11T05:13:00Z,70998903613713,611
2026-09-11T05:13:00Z,71099982892966,654
2026-09-11T05:13:00Z,71132543521245,6977
2026-09-11T05:13:00Z,71143154217953,600
2026-09-11T05:13:00Z,71174733280934,865
2026-09-11T05:13:00Z,71394819414417,1420
2026-09-11T05:13:00Z,71457452830106,1169
2026-09-11T05:13:00Z,71599043035739,2959
2026-09-11T05:13:00Z,71600459831333,2049
2026-09-11T05:13:00Z,71633357192188,1266
2026-09-11T05:13:00Z,71647048889071,942
2026-09-11T05:13:00Z,71647256260480,1358
2026-09-11T05:13:00Z,71704434889758,1620
2026-09-11T05:13:00Z,71706515477118,596
2026-09-11T05:13:00Z,71774876641249,937
2026-09-11T05:13:00Z,71849204829689,553
2026-09-11T05:13:00Z,71852303862507,1121
2026-09-11T05:13:00Z,71895508397153,1814
2026-09-11T05:13:00Z,72019577565540,639
2026-09-11T05:13:00Z,72167803024670,760
2026-09-11T05:13:00Z,72216345408467,4499
2026-09-11T05:13:00Z,72317248326994,1156
2026-09-11T05:13:00Z,72387437800091,4216
2026-09-11T05:13:00Z,72450672234943,1335
2026-09-11T05:13:00Z,72659788689464,691
2026-09-11T05:13:00Z,72712036210947,705
2026-09-11T05:13:00Z,72763503064951,2030
2026-09-11T05:13:00Z,72845937010155,2165
2026-09-11T05:13:00Z,72920620366355,3732
2026-09-11T05:13:00Z,73097591386069,903
2026-09-11T05:13:00Z,73101851322368,646
2026-09-11T05:13:00Z,73153085372622,746
2026-09-11T05:13:00Z,73189007576537,1674
2026-09-11T05:13:00Z,73413968610508,524
2026-09-11T05:13:00Z,73578698401320,1102
2026-09-11T05:13:00Z,73613510857111,1344
2026-09-11T05:13:00Z,73621314943835,4460
2026-09-11T05:13:00Z,73768006371986,1981
2026-09-11T05:13:00Z,73814003954154,532
2026-09-11T05:13:00Z,73897506680154,5935
2026-09-11T05:13:00Z,73904017172892,1406
2026-09-11T05:13:00Z,73908022013371,1599
2026-09-11T05:13:00Z,73956553001240,21763
2026-09-11T05:13:00Z,73988917142472,570
2026-09-11T05:13:00Z,74007353203361,651
2026-09-11T05:13:00Z,74102906764176,16046
2026-09-11T05:13:00Z,74188431054457,15169
2026-09-11T05:13:00Z,74193805629461,1577
2026-09-11T05:13:00Z,74256669508761,2615
2026-09-11T05:13:00Z,74260430392611,5096
2026-09-11T05:13:00Z,74341114342499,5719
2026-09-11T05:13:00Z,74395953411817,5920
2026-09-11T05:13:00Z,74511210941284,1462
2026-09-11T05:13:00Z,74542317333958,934
2026-09-11T05:13:00Z,74716719697996,3251
2026-09-11T05:13:00Z,74729868188364,5058
2026-09-11T05:13:00Z,74889851913797,3254
2026-09-11T05:13:00Z,75127349412719,551
2026-09-11T05:13:00Z,75317862071711,3260
2026-09-11T05:13:00Z,75366259315586,521
2026-09-11T05:13:00Z,75387700043737,15249
2026-09-11T05:13:00Z,75467339082089,527
2026-09-11T05:13:00Z,75541741887441,731
2026-09-11T05:13:00Z,75547400568620,2202
2026-09-11T05:13:00Z,75568173037446,1550
2026-09-11T05:13:00Z,75646865566926,832
2026-09-11T05:13:00Z,75663528075786,1499
2026-09-11T05:13:00Z,75753413268977,769
2026-09-11T05:13:00Z,75839707976715,601
2026-09-11T05:13:00Z,76137189788863,2142
2026-09-11T05:13:00Z,76153324611685,4209
2026-09-11T05:13:00Z,76285745979410,3740
2026-09-11T05:13:00Z,76377501906469,7465
2026-09-11T05:13:00Z,76427445314955,643
2026-09-11T05:13:00Z,76427490154192,2697
2026-09-11T05:13:00Z,76503495566299,12670
2026-09-11T05:13:00Z,76526090659517,1520
2026-09-11T05:13:00Z,76558904092080,1181
2026-09-11T05:13:00Z,76737571462455,927
2026-09-11T05:13:00Z,76812848652979,1827
2026-09-11T05:13:00Z,76838459031868,6665
2026-09-11T05:13:00Z,76911729991355,2934
2026-09-11T05:13:00Z,77108422251420,36408
2026-09-11T05:13:00Z,77187847593796,743
2026-09-11T05:13:00Z,77649408247578,26913
2026-09-11T05:13:00Z,77747658251236,1466
2026-09-11T05:13:00Z,77843161404023,7542
2026-09-11T05:13:00Z,78028206594931,532
2026-09-11T05:13:00Z,78131609782350,639
2026-09-11T05:13:00Z,78177131121429,2045
2026-09-11T05:13:00Z,78471443847948,539
2026-09-11T05:13:00Z,78496323189083,765
2026-09-11T05:13:00Z,78515283254292,57975
2026-09-11T05:13:00Z,78724900430513,1750
2026-09-11T05:13:00Z,78839079957645,2163
2026-09-11T05:13:00Z,79267089300389,3065
2026-09-11T05:13:00Z,79268393072444,7302
2026-09-11T05:13:00Z,79315121100812,1865
2026-09-11T05:13:00Z,79454007962937,871
2026-09-11T05:13:00Z,79480724066456,9742
2026-09-11T05:13:00Z,79546208627805,102170
2026-09-11T05:13:00Z,79790479326946,680
2026-09-11T05:13:00Z,79966250354565,3533
2026-09-11T05:13:00Z,80000420704526,2419
2026-09-11T05:13:00Z,80031826041492,1117
2026-09-11T05:13:00Z,80200604311136,1598
2026-09-11T05:13:00Z,80234914611737,787
2026-09-11T05:13:00Z,80279663815725,822
2026-09-11T05:13:00Z,80342862330041,639
2026-09-11T05:13:00Z,80607040330429,726
2026-09-11T05:13:00Z,80610578881227,634
2026-09-11T05:13:00Z,80734098185936,2164
2026-09-11T05:13:00Z,80861715191104,990
2026-09-11T05:13:00Z,80898524797320,1448
2026-09-11T05:13:00Z,81040587037979,2418
2026-09-11T05:13:00Z,81223687051453,1556
2026-09-11T05:13:00Z,81239378558719,507
2026-09-11T05:13:00Z,81703830622949,1629
2026-09-11T05:13:00Z,82013336390273,618
2026-09-11T05:13:00Z,82084053899394,619
2026-09-11T05:13:00Z,82453659777192,572
2026-09-11T05:13:00Z,82457571485380,6084
2026-09-11T05:13:00Z,82539019711975,1483
2026-09-11T05:13:00Z,82554996468034,845
2026-09-11T05:13:00Z,82570142697239,1373
2026-09-11T05:13:00Z,82712304391069,3544
2026-09-11T05:13:00Z,82745432464897,627
2026-09-11T05:13:00Z,82797688803922,2696
2026-09-11T05:13:00Z,82866880824588,1486
2026-09-11T05:13:00Z,82898983236792,562
2026-09-11T05:13:00Z,82904798643396,1052
2026-09-11T05:13:00Z,82983707799188,2417
2026-09-11T05:13:00Z,83038462357724,9914
2026-09-11T05:13:00Z,83264774625004,1714
2026-09-11T05:13:00Z,83312952548612,954
2026-09-11T05:13:00Z,83325975879599,2140
2026-09-11T05:13:00Z,83388257263676,2976
2026-09-11T05:13:00Z,83569851223739,1576
2026-09-11T05:13:00Z,83622406313819,1861
2026-09-11T05:13:00Z,83948716312312,1863
2026-09-11T05:13:00Z,84156601481934,1360
2026-09-11T05:13:00Z,84256892855657,1272
2026-09-11T05:13:00Z,84332574190497,2106
2026-09-11T05:13:00Z,84449017742177,3772
2026-09-11T05:13:00Z,84515722934860,34261
2026-09-11T05:13:00Z,84525826229916,2108
2026-09-11T05:13:00Z,84556640895285,10410
2026-09-11T05:13:00Z,84568117169118,1437
2026-09-11T05:13:00Z,84692574040798,662
2026-09-11T05:13:00Z,84956402848349,570
2026-09-11T05:13:00Z,85011874799856,1189
2026-09-11T05:13:00Z,85048226835181,1235
2026-09-11T05:13:00Z,85056532479796,1013
2026-09-11T05:13:00Z,85070202669030,1041
2026-09-11T05:13:00Z,85245205758607,1789
2026-09-11T05:13:00Z,85387381843881,1095
2026-09-11T05:13:00Z,85896571713843,2333
2026-09-11T05:13:00Z,85967844112283,12000
2026-09-11T05:13:00Z,86017989016432,819
2026-09-11T05:13:00Z,86022723355936,890
2026-09-11T05:13:00Z,86164638330564,536
2026-09-11T05:13:00Z,86247128610772,7243
2026-09-11T05:13:00Z,86259628805375,6099
2026-09-11T05:13:00Z,86368783421928,2548
2026-09-11T05:13:00Z,86374876468143,2679
2026-09-11T05:13:00Z,86479448397834,6951
2026-09-11T05:13:00Z,86524001536792,651
2026-09-11T05:13:00Z,86635275427451,526
2026-09-11T05:13:00Z,86754403332185,526
2026-09-11T05:13:00Z,86943068337855,6127
2026-09-11T05:13:00Z,87046419551816,1580
2026-09-11T05:13:00Z,87214116277191,693
2026-09-11T05:13:00Z,87311102000285,873
2026-09-11T05:13:00Z,87468080405188,2970
2026-09-11T05:13:00Z,87555052900625,607
2026-09-11T05:13:00Z,88033955914813,545
2026-09-11T05:13:00Z,88207898227053,720
2026-09-11T05:13:00Z,88234622381007,714
2026-09-11T05:13:00Z,88323040672117,1757
2026-09-11T05:13:00Z,88412811497379,1342
2026-09-11T05:13:00Z,88728793053496,871
2026-09-11T05:13:00Z,88773823105878,3065
2026-09-11T05:13:00Z,88887739603194,1048
2026-09-11T05:13:00Z,88932739628526,505
2026-09-11T05:13:00Z,88933961678687,1186
2026-09-11T05:13:00Z,88951201927122,922
2026-09-11T05:13:00Z,89035794510548,1647
2026-09-11T05:13:00Z,89100823864844,1693
2026-09-11T05:13:00Z,89180039807836,732
2026-09-11T05:13:00Z,89469502395769,24262
2026-09-11T05:13:00Z,89490838554710,1694
2026-09-11T05:13:00Z,89561601601392,578
2026-09-11T05:13:00Z,89704645856683,1133
2026-09-11T05:13:00Z,89788834648171,728
2026-09-11T05:13:00Z,90086669327265,11271
2026-09-11T05:13:00Z,90148635862803,8409
2026-09-11T05:13:00Z,90184287580174,1385
2026-09-11T05:13:00Z,90367590248857,881
2026-09-11T05:13:00Z,90462358603255,593
2026-09-11T05:13:00Z,90568084448279,14186
2026-09-11T05:13:00Z,90704250333473,1616
2026-09-11T05:13:00Z,90740816183375,3783
2026-09-11T05:13:00Z,90784570995507,1632
2026-09-11T05:13:00Z,90906407195271,4480
2026-09-11T05:13:00Z,90913221847091,713
2026-09-11T05:13:00Z,91203203156283,1340
2026-09-11T05:13:00Z,91296119701853,718
2026-09-11T05:13:00Z,91440994157417,695
2026-09-11T05:13:00Z,91695551099066,1100
2026-09-11T05:13:00Z,91704854174760,4643
2026-09-11T05:13:00Z,91746497060666,3044
2026-09-11T05:13:00Z,92122513197996,3059
2026-09-11T05:13:00Z,92141204718989,515
2026-09-11T05:13:00Z,92171645661524,1327
2026-09-11T05:13:00Z,92415748858497,628
2026-09-11T05:13:00Z,92416421522960,585
2026-09-11T05:13:00Z,92637789841354,45734
2026-09-11T05:13:00Z,92942575852492,925
2026-09-11T05:13:00Z,93028168925975,3792
2026-09-11T05:13:00Z,93091759101123,4424
2026-09-11T05:13:00Z,93233198656969,625
2026-09-11T05:13:00Z,93265851514769,1703
2026-09-11T05:13:00Z,93563420945975,538
2026-09-11T05:13:00Z,93787311916283,916
2026-09-11T05:13:00Z,93829858358973,1572
2026-09-11T05:13:00Z,93953121730240,513
2026-09-11T05:13:00Z,93978595733734,51447
2026-09-11T05:13:00Z,94217045453265,7988
2026-09-11T05:13:00Z,94495283121683,1344
2026-09-11T05:13:00Z,94503612388426,730
2026-09-11T05:13:00Z,94539932414164,679
2026-09-11T05:13:00Z,94590879393563,886
2026-09-11T05:13:00Z,94640181989498,15450
2026-09-11T05:13:00Z,94647229517154,6107
2026-09-11T05:13:00Z,94702395375549,827
2026-09-11T05:13:00Z,94717504417144,723
2026-09-11T05:13:00Z,94845773826960,606
2026-09-11T05:13:00Z,94860588848140,774
2026-09-11T05:13:00Z,94987506187454,710
2026-09-11T05:13:00Z,95082159892680,62632
2026-09-11T05:13:00Z,95094140550911,1041
2026-09-11T05:13:00Z,95094324354820,1470
2026-09-11T05:13:00Z,95099570361956,1351
2026-09-11T05:13:00Z,95319535505764,1705
2026-09-11T05:13:00Z,95417153338993,3538
2026-09-11T05:13:00Z,95496064393804,758
2026-09-11T05:13:00Z,95721658376580,1044
2026-09-11T05:13:00Z,95929919723230,534
2026-09-11T05:13:00Z,96153864779911,797
2026-09-11T05:13:00Z,96168869671905,3227
2026-09-11T05:13:00Z,96280251181127,2831
2026-09-11T05:13:00Z,96401370703274,777
2026-09-11T05:13:00Z,96425088123775,1094
2026-09-11T05:13:00Z,96447215899741,1709
2026-09-11T05:13:00Z,96462622512177,1033
2026-09-11T05:13:00Z,96510596525082,4781
2026-09-11T05:13:00Z,96645548064314,20321
2026-09-11T05:13:00Z,96775630583143,1181
2026-09-11T05:13:00Z,96796259580891,1215
2026-09-11T05:13:00Z,97042065873644,957
2026-09-11T05:13:00Z,97090732168175,2711
2026-09-11T05:13:00Z,97387256206808,572
2026-09-11T05:13:00Z,97438379434717,1660
2026-09-11T05:13:00Z,97598239454123,7587
2026-09-11T05:13:00Z,97607545197126,1807
2026-09-11T05:13:00Z,97630670804505,888
2026-09-11T05:13:00Z,97777561575736,632
2026-09-11T05:13:00Z,97824450589417,12186
2026-09-11T05:13:00Z,98067481349941,581
2026-09-11T05:13:00Z,98138235237704,539
2026-09-11T05:13:00Z,98303142742576,855
2026-09-11T05:13:00Z,98393605725180,2708
2026-09-11T05:13:00Z,98502499119821,7707
2026-09-11T05:13:00Z,98552665283269,696
2026-09-11T05:13:00Z,98626216952426,581
2026-09-11T05:13:00Z,98629859043211,1179
2026-09-11T05:13:00Z,98664161516921,3963
2026-09-11T05:13:00Z,98679602313466,1662
2026-09-11T05:13:00Z,98800969324557,16913
2026-09-11T05:13:00Z,98894876188248,8076
2026-09-11T05:13:00Z,98916904742148,1217
2026-09-11T05:13:00Z,98936097545088,2716
2026-09-11T05:13:00Z,99065555424640,544
2026-09-11T05:13:00Z,99108783264633,4771
2026-09-11T05:13:00Z,99122501338948,1285
2026-09-11T05:13:00Z,99255447043899,1086
2026-09-11T05:13:00Z,99269206016797,1400
2026-09-11T05:13:00Z,99342262733194,532
2026-09-11T05:13:00Z,99449877692519,1221
2026-09-11T05:13:00Z,99487541293863,3632
2026-09-11T05:13:00Z,99521272836282,1922
2026-09-11T05:13:00Z,99567941238278,11902
2026-09-11T05:13:00Z,99702578544768,1222
2026-09-11T05:13:00Z,99703116573266,946
2026-09-11T05:13:00Z,99715891575923,1676
2026-09-11T05:13:00Z,99758842280353,1064
2026-09-11T05:13:00Z,99817148924004,1002
2026-09-11T05:13:00Z,100034344773758,627
2026-09-11T05:13:00Z,100039707794702,566
2026-09-11T05:13:00Z,100178831086674,1965
2026-09-11T05:13:00Z,100221279566736,683
2026-09-11T05:13:00Z,100293509865504,3243
2026-09-11T05:13:00Z,100400297022629,756
2026-09-11T05:13:00Z,100429474155186,5680
2026-09-11T05:13:00Z,100453351939863,1467
2026-09-11T05:13:00Z,100689340481763,1635
2026-09-11T05:13:00Z,100744519298647,935
2026-09-11T05:13:00Z,100860415498291,689
2026-09-11T05:13:00Z,100911362514791,949
2026-09-11T05:13:00Z,101009821472804,2568
2026-09-11T05:13:00Z,101272402522756,761
2026-09-11T05:13:00Z,101396571928321,1946
2026-09-11T05:13:00Z,101432174163538,607
2026-09-11T05:13:00Z,101480963912212,4901
2026-09-11T05:13:00Z,101533162298733,666
2026-09-11T05:13:00Z,101610294550592,1522
2026-09-11T05:13:00Z,101685456774656,1528
2026-09-11T05:13:00Z,101733180974837,809
2026-09-11T05:13:00Z,101754965994520,908
2026-09-11T05:13:00Z,101770480176177,11234
2026-09-11T05:13:00Z,101906032112547,5353
2026-09-11T05:13:00Z,101914772188620,3848
2026-09-11T05:13:00Z,101949297449238,660
2026-09-11T05:13:00Z,102054284786904,1438
2026-09-11T05:13:00Z,102071609564196,535
2026-09-11T05:13:00Z,102072869879193,16330
2026-09-11T05:13:00Z,102457672839885,1067
2026-09-11T05:13:00Z,102489700929678,3955
2026-09-11T05:13:00Z,102553576537621,968
2026-09-11T05:13:00Z,102574559184919,503
2026-09-11T05:13:00Z,102837194624695,2561
2026-09-11T05:13:00Z,102871156420149,1440
2026-09-11T05:13:00Z,102917792916356,1043
2026-09-11T05:13:00Z,103037106396302,13616
2026-09-11T05:13:00Z,103050497819513,2107
2026-09-11T05:13:00Z,103285721487694,3998
2026-09-11T05:13:00Z,103556382323599,4306
2026-09-11T05:13:00Z,103589142326933,1060
2026-09-11T05:13:00Z,103593441753340,580
2026-09-11T05:13:00Z,103740390007820,503
2026-09-11T05:13:00Z,103754275310547,1769
2026-09-11T05:13:00Z,103802803330866,895
2026-09-11T05:13:00Z,103883942725157,8437
2026-09-11T05:13:00Z,104339804279870,993
2026-09-11T05:13:00Z,104485012391716,1763
2026-09-11T05:13:00Z,104589921852670,1451
2026-09-11T05:13:00Z,104693964860826,3001
2026-09-11T05:13:00Z,104715542330896,15928
2026-09-11T05:13:00Z,104761395312874,3618
2026-09-11T05:13:00Z,104808235862933,4586
2026-09-11T05:13:00Z,104809044319701,5385
2026-09-11T05:13:00Z,104841616983113,2055
2026-09-11T05:13:00Z,104890260413773,1008
2026-09-11T05:13:00Z,104973076655377,3314
2026-09-11T05:13:00Z,105265986112006,612
2026-09-11T05:13:00Z,105373497661352,910
2026-09-11T05:13:00Z,105452889569708,1489
2026-09-11T05:13:00Z,105555311806207,2336
2026-09-11T05:13:00Z,105633123928294,1890
2026-09-11T05:13:00Z,105724836892064,3088
2026-09-11T05:13:00Z,105742951729183,892
2026-09-11T05:13:00Z,105954652742326,1028
2026-09-11T05:13:00Z,106078822951099,697
2026-09-11T05:13:00Z,106131416903029,1256
2026-09-11T05:13:00Z,106187832607756,644
2026-09-11T05:13:00Z,106383201135975,8358
2026-09-11T05:13:00Z,106484206883664,8561
2026-09-11T05:13:00Z,106487781999308,701
2026-09-11T05:13:00Z,106490710325921,712
2026-09-11T05:13:00Z,106683702021527,2643
2026-09-11T05:13:00Z,106802314735486,3077
2026-09-11T05:13:00Z,106838580527183,4063
2026-09-11T05:13:00Z,106920577206536,1411
2026-09-11T05:13:00Z,107095834793267,594
2026-09-11T05:13:00Z,107377364123237,857
2026-09-11T05:13:00Z,107430889830807,3461
2026-09-11T05:13:00Z,107467295209358,3446
2026-09-11T05:13:00Z,107645101488133,761
2026-09-11T05:13:00Z,107653945083776,8263
2026-09-11T05:13:00Z,107727386530697,774
2026-09-11T05:13:00Z,107778070777162,1465291
2026-09-11T05:13:00Z,107792622719098,658
2026-09-11T05:13:00Z,107828406309109,769
2026-09-11T05:13:00Z,107833198839573,1042
2026-09-11T05:13:00Z,107894105055312,4925
2026-09-11T05:13:00Z,108227239615000,650
2026-09-11T05:13:00Z,108307565942574,3393
2026-09-11T05:13:00Z,108439047160668,1067
2026-09-11T05:13:00Z,108533757090220,4077
2026-09-11T05:13:00Z,108567435288296,13075
2026-09-11T05:13:00Z,108645230905176,3246
2026-09-11T05:13:00Z,108730407897379,1944
2026-09-11T05:13:00Z,108767400143329,704
2026-09-11T05:13:00Z,109129552698918,690
2026-09-11T05:13:00Z,109167932163747,750
2026-09-11T05:13:00Z,109170650911069,627
2026-09-11T05:13:00Z,109258067111533,1425
2026-09-11T05:13:00Z,109397169461300,3032
2026-09-11T05:13:00Z,109509029034984,4631
2026-09-11T05:13:00Z,109629391874197,624
2026-09-11T05:13:00Z,109686116036889,1855
2026-09-11T05:13:00Z,109694820409483,1592
2026-09-11T05:13:00Z,109715918987082,826
2026-09-11T05:13:00Z,109881277752094,1675
2026-09-11T05:13:00Z,109983668079237,51583
2026-09-11T05:13:00Z,110175021189594,4758
2026-09-11T05:13:00Z,110280222997707,616
2026-09-11T05:13:00Z,110334393584385,612
2026-09-11T05:13:00Z,110470672231288,671
2026-09-11T05:13:00Z,110570058234582,1045
2026-09-11T05:13:00Z,110627433764494,2108
2026-09-11T05:13:00Z,110668201954727,1455
2026-09-11T05:13:00Z,110793563946846,1331
2026-09-11T05:13:00Z,110806816173057,1637
2026-09-11T05:13:00Z,110829983956014,5686
2026-09-11T05:13:00Z,110954432401277,1436
2026-09-11T05:13:00Z,111063058742520,3423
2026-09-11T05:13:00Z,111262527555232,2287
2026-09-11T05:13:00Z,111363135577981,1249
2026-09-11T05:13:00Z,111403197324514,506
2026-09-11T05:13:00Z,111442376436641,1024
2026-09-11T05:13:00Z,111471464387284,638
2026-09-11T05:13:00Z,111779414681728,544
2026-09-11T05:13:00Z,111835260646713,1739
2026-09-11T05:13:00Z,111894976456494,2395
2026-09-11T05:13:00Z,111989938562194,1751
2026-09-11T05:13:00Z,112171352246014,2979
2026-09-11T05:13:00Z,112226578490421,1156
2026-09-11T05:13:00Z,112233638491976,2422
2026-09-11T05:13:00Z,112413741511713,1794
2026-09-11T05:13:00Z,112490729816320,548
2026-09-11T05:13:00Z,112531085636442,1965
2026-09-11T05:13:00Z,112619156837009,1937
2026-09-11T05:13:00Z,112626674737178,1208
2026-09-11T05:13:00Z,112641748896693,1598
2026-09-11T05:13:00Z,112731528776884,4309
2026-09-11T05:13:00Z,112778631702542,3484
2026-09-11T05:13:00Z,112781315318195,7805
2026-09-11T05:13:00Z,112796336189704,1740
2026-09-11T05:13:00Z,112816993332059,623
2026-09-11T05:13:00Z,112838150455902,2660
2026-09-11T05:13:00Z,112857282410969,1195
2026-09-11T05:13:00Z,112966546347918,1283
2026-09-11T05:13:00Z,113099333239841,4102
2026-09-11T05:13:00Z,113232329524315,3595
2026-09-11T05:13:00Z,113290951185459,22965
2026-09-11T05:13:00Z,113323927469374,2401
2026-09-11T05:13:00Z,113385048266134,1303
2026-09-11T05:13:00Z,113385977463481,1137
2026-09-11T05:13:00Z,113392430358155,533
2026-09-11T05:13:00Z,113457460682474,3074
2026-09-11T05:13:00Z,113481077323469,10210
2026-09-11T05:13:00Z,113506071094099,4768
2026-09-11T05:13:00Z,113581963143008,884
2026-09-11T05:13:00Z,113604074601559,758
2026-09-11T05:13:00Z,113745337705295,1768
2026-09-11T05:13:00Z,113987393426315,3042
2026-09-11T05:13:00Z,114122724051462,2287
2026-09-11T05:13:00Z,114204398207377,4598
2026-09-11T05:13:00Z,114234929420007,4454
2026-09-11T05:13:00Z,114357963370524,787
2026-09-11T05:13:00Z,114381378262504,2413
2026-09-11T05:13:00Z,114501358617756,1972
2026-09-11T05:13:00Z,114697347887839,19377
2026-09-11T05:13:00Z,114861592677288,2372
2026-09-11T05:13:00Z,115035699922620,2953
2026-09-11T05:13:00Z,115092911061119,542
2026-09-11T05:13:00Z,115286378269814,623
2026-09-11T05:13:00Z,115618367729321,1139
2026-09-11T05:13:00Z,115620466946909,710
2026-09-11T05:13:00Z,115681808123944,6742
2026-09-11T05:13:00Z,116058355775210,792
2026-09-11T05:13:00Z,116070952245255,3455
2026-09-11T05:13:00Z,116113866980358,652
2026-09-11T05:13:00Z,116495829188952,12289
2026-09-11T05:13:00Z,116497287371701,45631
2026-09-11T05:13:00Z,116501341774429,1337
2026-09-11T05:13:00Z,116605585218149,733
2026-09-11T05:13:00Z,117381420723145,524
2026-09-11T05:13:00Z,117533937949084,6826
2026-09-11T05:13:00Z,117539213094671,1337
2026-09-11T05:13:00Z,117713779364528,6874
2026-09-11T05:13:00Z,117752943664280,1667
2026-09-11T05:13:00Z,117868278782684,1796
2026-09-11T05:13:00Z,118367369949006,2794
2026-09-11T05:13:00Z,118418618261207,15946
2026-09-11T05:13:00Z,118447215156914,2538
2026-09-11T05:13:00Z,118546475246005,657
2026-09-11T05:13:00Z,118576822282213,1224
2026-09-11T05:13:00Z,118608618152057,1293
2026-09-11T05:13:00Z,118806061296143,605
2026-09-11T05:13:00Z,118889111240517,689
2026-09-11T05:13:00Z,118973301158777,3585
2026-09-11T05:13:00Z,119004860768199,3024
2026-09-11T05:13:00Z,119031147890918,1311
2026-09-11T05:13:00Z,119048529960596,6097
2026-09-11T05:13:00Z,119068914321553,3165
2026-09-11T05:13:00Z,119168493101362,7300
2026-09-11T05:13:00Z,119209026892378,617
2026-09-11T05:13:00Z,119271610514030,1260
2026-09-11T05:13:00Z,119355263204054,1704
2026-09-11T05:13:00Z,119427438574114,902
2026-09-11T05:13:00Z,119455737640001,931
2026-09-11T05:13:00Z,119524908037342,732
2026-09-11T05:13:00Z,119579217517090,1954
2026-09-11T05:13:00Z,119609933650338,635
2026-09-11T05:13:00Z,119789365111500,3456
2026-09-11T05:13:00Z,119822977170203,4517
2026-09-11T05:13:00Z,119910584000876,796
2026-09-11T05:13:00Z,120135584963579,4073
2026-09-11T05:13:00Z,120140631282295,749
2026-09-11T05:13:00Z,120154566897536,526
2026-09-11T05:13:00Z,120189115846709,1040
2026-09-11T05:13:00Z,120217704230083,1239
2026-09-11T05:13:00Z,120299070926116,689
2026-09-11T05:13:00Z,120398694613042,758
2026-09-11T05:13:00Z,120450743769548,517
2026-09-11T05:13:00Z,120700541929930,8269
2026-09-11T05:13:00Z,120704669141193,2073
2026-09-11T05:13:00Z,120790217521707,503
2026-09-11T05:13:00Z,120841752776030,2207
2026-09-11T05:13:00Z,120851538706364,8752
2026-09-11T05:13:00Z,121268060261990,1660
2026-09-11T05:13:00Z,121439935748881,891
2026-09-11T05:13:00Z,121461214257813,1046
2026-09-11T05:13:00Z,121781732399469,2373
2026-09-11T05:13:00Z,121864768012064,97495
2026-09-11T05:13:00Z,121903154323395,527
2026-09-11T05:13:00Z,122093998639862,2309
2026-09-11T05:13:00Z,122216176958450,8999
2026-09-11T05:13:00Z,122245938604556,11802
2026-09-11T05:13:00Z,122446657157717,7997
2026-09-11T05:13:00Z,122454884469606,645
2026-09-11T05:13:00Z,122485613019196,5970
2026-09-11T05:13:00Z,122507029092776,5312
2026-09-11T05:13:00Z,122553263569744,2128
2026-09-11T05:13:00Z,122572082932179,13163
2026-09-11T05:13:00Z,122593073500987,501
2026-09-11T05:13:00Z,122606989565107,1954
2026-09-11T05:13:00Z,122720857080780,966
2026-09-11T05:13:00Z,122802147482832,946
2026-09-11T05:13:00Z,122902171482835,582
2026-09-11T05:13:00Z,122951224417794,2383
2026-09-11T05:13:00Z,123213873176964,741
2026-09-11T05:13:00Z,123258797415953,576
2026-09-11T05:13:00Z,123557829667240,642
2026-09-11T05:13:00Z,123581964009368,666
2026-09-11T05:13:00Z,123698673940079,7603
2026-09-11T05:13:00Z,123724279728430,7064
2026-09-11T05:13:00Z,123847390309161,5891
2026-09-11T05:13:00Z,123921593837160,4418
2026-09-11T05:13:00Z,124027312895188,1020
2026-09-11T05:13:00Z,124293095895786,8089
2026-09-11T05:13:00Z,124338404742585,2367
2026-09-11T05:13:00Z,124389216346675,970
2026-09-11T05:13:00Z,124473577469410,640
2026-09-11T05:13:00Z,124536519436305,579
2026-09-11T05:13:00Z,124675142564227,1699
2026-09-11T05:13:00Z,124729731716967,2172
2026-09-11T05:13:00Z,124740268654741,600
2026-09-11T05:13:00Z,124761153798409,5092
2026-09-11T05:13:00Z,124853293317687,517
2026-09-11T05:13:00Z,124943244212764,670
2026-09-11T05:13:00Z,125039473548047,9976
2026-09-11T05:13:00Z,125306084071551,3021
2026-09-11T05:13:00Z,125410772032969,732
2026-09-11T05:13:00Z,125488740127641,2971
2026-09-11T05:13:00Z,125496078313264,2805
2026-09-11T05:13:00Z,125503525638054,3667
2026-09-11T05:13:00Z,125810438250765,998
2026-09-11T05:13:00Z,125823964467491,585
2026-09-11T05:13:00Z,125927821145949,4002
2026-09-11T05:13:00Z,126016859830524,5499
2026-09-11T05:13:00Z,126171938168748,912
2026-09-11T05:13:00Z,126639935515772,540
2026-09-11T05:13:00Z,126815230666914,2313
2026-09-11T05:13:00Z,126870639873289,60810
2026-09-11T05:13:00Z,126884695634066,23158
2026-09-11T05:13:00Z,126922689754590,850
2026-09-11T05:13:00Z,126987974021910,20929
2026-09-11T05:13:00Z,127078880769763,1511
2026-09-11T05:13:00Z,127089247654125,3151
2026-09-11T05:13:00Z,127099886596040,1552
2026-09-11T05:13:00Z,127103413498148,1529
2026-09-11T05:13:00Z,127152805777886,868
2026-09-11T05:13:00Z,127177791789316,572
2026-09-11T05:13:00Z,127332613700317,1426
2026-09-11T05:13:00Z,127377897541228,2284
2026-09-11T05:13:00Z,127380660530951,4278
2026-09-11T05:13:00Z,127403135954624,3879
2026-09-11T05:13:00Z,127415661078736,617
2026-09-11T05:13:00Z,127475054933484,989
2026-09-11T05:13:00Z,127606305348556,618
2026-09-11T05:13:00Z,127608230264974,1157
2026-09-11T05:13:00Z,127634932179327,2039
2026-09-11T05:13:00Z,127737908858963,532
2026-09-11T05:13:00Z,127742093697776,1709
2026-09-11T05:13:00Z,127775478639865,3180
2026-09-11T05:13:00Z,127994242634536,41969
2026-09-11T05:13:00Z,128039018996175,1873
2026-09-11T05:13:00Z,128119795963270,4005
2026-09-11T05:13:00Z,128263975853774,3331
2026-09-11T05:13:00Z,128329680321338,1469
2026-09-11T05:13:00Z,128448883585036,3857
2026-09-11T05:13:00Z,128451689942376,4934
2026-09-11T05:13:00Z,128662368175518,1223
2026-09-11T05:13:00Z,128718867767713,910
2026-09-11T05:13:00Z,128736949265057,11456
2026-09-11T05:13:00Z,128784467030899,11500
2026-09-11T05:13:00Z,128793328541327,608
2026-09-11T05:13:00Z,128931272139211,1041
2026-09-11T05:13:00Z,129003441529549,585
2026-09-11T05:13:00Z,129096378231329,5950
2026-09-11T05:13:00Z,129163919591388,601
2026-09-11T05:13:00Z,129253568870286,2585
2026-09-11T05:13:00Z,129279692364812,2709
2026-09-11T05:13:00Z,129305872972839,966
2026-09-11T05:13:00Z,129692563688057,705
2026-09-11T05:13:00Z,129768092435314,4152
2026-09-11T05:13:00Z,129784419746425,1012
2026-09-11T05:13:00Z,129827112113663,3142
2026-09-11T05:13:00Z,129827535941999,816
2026-09-11T05:13:00Z,129866685202296,573
2026-09-11T05:13:00Z,129907317028750,2363
2026-09-11T05:13:00Z,129932912185311,1861
2026-09-11T05:13:00Z,129972079094718,2567
2026-09-11T05:13:00Z,130222697019939,633
2026-09-11T05:13:00Z,130253630950453,775
2026-09-11T05:13:00Z,130342654546662,701
2026-09-11T05:13:00Z,130404059693601,3931
2026-09-11T05:13:00Z,130496219537579,539
2026-09-11T05:13:00Z,130565641176498,2319
2026-09-11T05:13:00Z,130641102725850,3275
2026-09-11T05:13:00Z,130700367963690,966
2026-09-11T05:13:00Z,130739873848552,3778
2026-09-11T05:13:00Z,130782443587508,577
2026-09-11T05:13:00Z,130929507719087,690
2026-09-11T05:13:00Z,130960835358983,2452
2026-09-11T05:13:00Z,131068932321596,1940
2026-09-11T05:13:00Z,131103239963274,606
2026-09-11T05:13:00Z,131117978948830,1706
2026-09-11T05:13:00Z,131346454575416,8279
2026-09-11T05:13:00Z,131367064230486,683
2026-09-11T05:13:00Z,131378148336503,17514
2026-09-11T05:13:00Z,131479356121251,6877
2026-09-11T05:13:00Z,131572543049913,916
2026-09-11T05:13:00Z,131623223084840,2560
2026-09-11T05:13:00Z,131667667758514,2929
2026-09-11T05:13:00Z,131856811555630,744
2026-09-11T05:13:00Z,131906518201863,916
2026-09-11T05:13:00Z,131910189515331,1281
2026-09-11T05:13:00Z,132016691802922,591
2026-09-11T05:13:00Z,132046904416072,807
2026-09-11T05:13:00Z,132173349090360,5641
2026-09-11T05:13:00Z,132287558697665,771
2026-09-11T05:13:00Z,132352755769957,4586
2026-09-11T05:13:00Z,132499927511859,934
2026-09-11T05:13:00Z,132586479415502,1358
2026-09-11T05:13:00Z,132678066262863,853
2026-09-11T05:13:00Z,132768098780837,1427
2026-09-11T05:13:00Z,133007106457547,804
2026-09-11T05:13:00Z,133188236593503,3840
2026-09-11T05:13:00Z,133203197541113,1944
2026-09-11T05:13:00Z,133294838637122,8314
2026-09-11T05:13:00Z,133341016381877,2338
2026-09-11T05:13:00Z,133585162751824,5688
2026-09-11T05:13:00Z,133719960214587,844
2026-09-11T05:13:00Z,133943904733338,2745
2026-09-11T05:13:00Z,134162299584012,3242
2026-09-11T05:13:00Z,134208374070897,6260
2026-09-11T05:13:00Z,134361906638337,2931
2026-09-11T05:13:00Z,134363641369914,3532
2026-09-11T05:13:00Z,134381727982611,5647
2026-09-11T05:13:00Z,134424372433341,781
2026-09-11T05:13:00Z,134619004688066,1919
2026-09-11T05:13:00Z,134707983960541,1275
2026-09-11T05:13:00Z,134719268825886,4606
2026-09-11T05:13:00Z,134750290201751,502
2026-09-11T05:13:00Z,134750648450964,604
2026-09-11T05:13:00Z,134807373415131,1330
2026-09-11T05:13:00Z,135155039067698,3092
2026-09-11T05:13:00Z,135193469413243,3299
2026-09-11T05:13:00Z,135678396831347,653
2026-09-11T05:13:00Z,135717153770519,3430
2026-09-11T05:13:00Z,135729108619936,549
2026-09-11T05:13:00Z,135757618941587,917
2026-09-11T05:13:00Z,135856908115931,36265
2026-09-11T05:13:00Z,136020512003847,11713
2026-09-11T05:13:00Z,136066387156306,522
2026-09-11T05:13:00Z,136107936984073,672
2026-09-11T05:13:00Z,136372246050123,829
2026-09-11T05:13:00Z,136404558442020,1553
2026-09-11T05:13:00Z,136431686349723,588
2026-09-11T05:13:00Z,136533956395153,2212
2026-09-11T05:13:00Z,136764190843219,607
2026-09-11T05:13:00Z,136801880565837,1827
2026-09-11T05:13:00Z,136822524519115,877
2026-09-11T05:13:00Z,136919941417380,571
2026-09-11T05:13:00Z,136990058242546,720
2026-09-11T05:13:00Z,137228775845999,6316
2026-09-11T05:13:00Z,137233438285284,4681
2026-09-11T05:13:00Z,137370015275609,1339
2026-09-11T05:13:00Z,137541498231955,1872
2026-09-11T05:13:00Z,137826330724902,2693
2026-09-11T05:13:00Z,137849500783095,996
2026-09-11T05:13:00Z,137925884276740,6337
2026-09-11T05:13:00Z,138182400257397,817
2026-09-11T05:13:00Z,138205182571367,5524
2026-09-11T05:13:00Z,138363592957250,3354
2026-09-11T05:13:00Z,138381251771774,744
2026-09-11T05:13:00Z,138432670504218,1386
2026-09-11T05:13:00Z,138486812747835,1280
2026-09-11T05:13:00Z,138837502355157,653
2026-09-11T05:13:00Z,139063887391814,1121
2026-09-11T05:13:00Z,139360679647453,1375
2026-09-11T05:13:00Z,139488437793833,1053
2026-09-11T05:13:00Z,139506321380888,1801
2026-09-11T05:13:00Z,139546619723000,1409
2026-09-11T05:13:00Z,139617346573330,956
2026-09-11T05:13:00Z,139766023909499,892
2026-09-11T05:13:00Z,139995416758538,1385
2026-09-11T05:13:00Z,140063367098641,538
2026-09-11T05:13:00Z,140302982046391,1491
2026-09-11T05:13:00Z,140317247681516,527
2026-09-11T05:13:00Z,140374914197602,2075
2026-09-11T05:13:00Z,140409475718339,973
2026-09-11T05:13:00Z,140417239274110,914
2026-09-11T05:13:00Z,140424985545402,947
2026-09-11T05:13:00Z,140462309938712,1467
2026-09-11T05:13:00Z,140477643689375,617
2026-09-11T05:13:00Z,140481779622210,1774
