game_id,name,icon_url,first_seen
1818,Crossroads,https://tr.rbxcdn.com/180DAY-672284ae50f6bece92ce3c92c1ea6067/150/150/Image/Webp/noFilter,2026-09-17T22:28:02Z
14403,Chaos Canyon,https://tr.rbxcdn.com/180DAY-64f73b84516f656fd5dc51f86d7eca9b/150/150/Image/Webp/noFilter,2026-09-17T22:58:03Z
25415,Rocket Arena,https://tr.rbxcdn.com/180DAY-0a86e83d24b25f76642cb4d19172b96d/150/150/Image/Webp/noFilter,2026-09-17T22:28:02Z
47324,Sword Fights on the Heights IV,https://tr.rbxcdn.com/180DAY-a61acd399cd5b25a927f93d82986ab79/150/150/Image/Webp/noFilter,2026-09-17T22:28:02Z
189707,Natural Disaster Survival,https://tr.rbxcdn.com/180DAY-ac1c764a99cfae201fd4fe916170a218/150/150/Image/Webp/noFilter,2026-09-10T16:44:36Z
192800,🍕Work at a Pizza Place,https://tr.rbxcdn.com/180DAY-2b75e5dbf205514f727264a4e73cecce/150/150/Image/Webp/noFilter,2026-09-10T16:44:36Z
9528010,Blood and Iron,https://tr.rbxcdn.com/180DAY-3c626b01c7741425b365c427c702293c/150/150/Image/Webp/noFilter,2026-09-12T13:54:57Z
9689581,Roblox High School [Legacy],https://tr.rbxcdn.com/180DAY-98f72477eb0c2473501cf65aa3112744/150/150/Image/Webp/noFilter,2026-09-17T22:28:02Z
11970456,Hole in the Wall,https://tr.rbxcdn.com/180DAY-d982c2baab326244eeaeca7edb8238c9/150/150/Image/Webp/noFilter,2026-09-10T23:21:35Z
13822889,🌳 Lumber Tycoon 2,https://tr.rbxcdn.com/180DAY-dd7c00351ab8f76533ce4b4256db8521/150/150/Image/Webp/noFilter,2026-09-10T16:44:36Z
17541179, ⛏️ Mega Miners,https://tr.rbxcdn.com/180DAY-63c878d7c57b0f297fc09e75c8ee42d4/150/150/Image/Webp/noFilter,2026-09-12T13:54:57Z
18164449,💥Base Wars!,https://tr.rbxcdn.com/180DAY-1ffdf1029c30d284b781ca9fd34f075e/150/150/Image/Webp/noFilter,2026-09-17T23:43:21Z
20321167,Pilot Training Flight Simulator,https://tr.rbxcdn.com/180DAY-58232babcf13e855dd804f233abd5385/150/150/Image/Webp/noFilter,2026-09-10T16:44:36Z
21532277,Notoriety: A PAYDAY® Experience,https://tr.rbxcdn.com/180DAY-c1ce934f7a3641d6ca8d054dcdbdd3fc/150/150/Image/Webp/noFilter,2026-09-10T16:44:36Z
28586816,Get Eaten!,https://tr.rbxcdn.com/180DAY-3bf8d7a033cf2a42854327f12bc483f6/150/150/Image/Webp/noFilter,2026-09-12T13:54:57Z
31490825,Warfare Tycoon [NEW JET],https://tr.rbxcdn.com/180DAY-7b9575018e0738a9944331f82becd3c0/150/150/Image/Webp/noFilter,2026-09-10T16:44:36Z
45146873,Tower Battles,https://tr.rbxcdn.com/180DAY-5e8be75f10a2a313791b408e845d8744/150/150/Image/Webp/noFilter,2026-09-12T18:58:03Z
69118166,Sinking Ship Simulator,https://tr.rbxcdn.com/180DAY-c547be3dc8daa2a4c0792e7c8a04e9bd/150/150/Image/Webp/noFilter,2026-09-11T15:13:25Z
69184822,Theme Park Tycoon 2,https://tr.rbxcdn.com/180DAY-cdddc8bcd502f7c749cd5ea7692ba940/150/150/Image/Webp/noFilter,2026-09-10T16:44:36Z
70005410,🥳 Event! | Blox Hunt v3.8.1,https://tr.rbxcdn.com/180DAY-6d8ace8e055f106cec79392d6be1f9af/150/150/Image/Webp/noFilter,2026-09-17T16:58:01Z
71315343,[PARASITE 🌀] Dragon Ball Rage,https://tr.rbxcdn.com/180DAY-2f5eca188caacfc333b4ba953e1ab6d0/150/150/Image/Webp/noFilter,2026-09-10T16:44:36Z
76731635,Waterpark,https://tr.rbxcdn.com/180DAY-094bbd7c40197ddb10c79e9421ac1c85/150/150/Image/Webp/noFilter,2026-09-12T13:54:57Z
121748721,Nations Roleplay X,https://tr.rbxcdn.com/180DAY-fbb1d5f1991777653176ce261e9359f8/150/150/Image/Webp/noFilter,2026-09-10T16:44:36Z
130793019,Classic Sonic Simulator V13.2,https://tr.rbxcdn.com/180DAY-8d37b56a2683a7cdb29e66efbb19d4b9/150/150/Image/Webp/noFilter,2026-09-12T16:49:10Z
137877687,RoCitizens 🏠,https://tr.rbxcdn.com/180DAY-16456e8c4255df5c280323d7a4486c57/150/150/Image/Webp/noFilter,2026-09-10T16:44:36Z
142823291,Murder Mystery 2,https://tr.rbxcdn.com/180DAY-3ac5af325970a745b0156a5358174169/150/150/Image/Webp/noFilter,2026-09-10T16:44:36Z
155382109,Survive and Kill the Killers in Area 51 !!!,https://tr.rbxcdn.com/180DAY-dbb2097d1c0e4680939013f06c49025e/150/150/Image/Webp/noFilter,2026-09-10T16:44:36Z
155615604,Prison Life,https://tr.rbxcdn.com/180DAY-fee67c1f98361eac15c13f80b03592ae/150/150/Image/Webp/noFilter,2026-09-10T16:44:36Z
163501479,quartz's chassis testing place,https://tr.rbxcdn.com/180DAY-c4ce11d6890e0e7db1fb6c454be48399/150/150/Image/Webp/noFilter,2026-09-10T16:44:36Z
166731267,The Dropper ✨ [135+ LEVELS!],https://tr.rbxcdn.com/180DAY-63de489b52cf31f9fa900d7f466b551b/150/150/Image/Webp/noFilter,2026-09-10T16:44:36Z
166986752,🔨Plane Crazy🔨 [UPDATE],https://tr.rbxcdn.com/180DAY-cd6cb3d4f256072bdca899b969925777/150/150/Image/Webp/noFilter,2026-09-10T16:44:36Z
174238106,✈RED VS BLUE PLANE WARS!,https://tr.rbxcdn.com/180DAY-22ec1cdc092f7ac94c84d8add54274f1/150/150/Image/Webp/noFilter,2026-09-10T16:44:36Z
183364845,[💎] Speed Run 4,https://tr.rbxcdn.com/180DAY-ffcf22e41a17051fdc1628c6c545c0b7/150/150/Image/Webp/noFilter,2026-09-10T16:44:36Z
185655149,[🎃] Welcome to Bloxburg ,https://tr.rbxcdn.com/180DAY-429a66f91514350a5425d72ca7923668/150/150/Image/Webp/noFilter,2026-09-10T16:44:36Z
205224386,Hide and Seek Extreme,https://tr.rbxcdn.com/180DAY-e50353797d125464767287770cafd602/150/150/Image/Webp/noFilter,2026-09-10T16:44:36Z
221718525,[UPDATE💪] Ninja Tycoon (v4.8),https://tr.rbxcdn.com/180DAY-21ac2ac18c5470dde98ee80e62149013/150/150/Image/Webp/noFilter,2026-09-10T16:44:36Z
228181322,[🎵🎶🎵!] Dinosaur Simulator,https://tr.rbxcdn.com/180DAY-024499ab17e4ad19348c3f00d93968fd/150/150/Image/Webp/noFilter,2026-09-11T23:29:25Z
245440965,Shipping Lanes,https://tr.rbxcdn.com/180DAY-f99d0461a4195a0fc3c784a9ffb04ae7/150/150/Image/Webp/noFilter,2026-09-10T16:44:36Z
253431746,Theme Park HeideLand 🎢,https://tr.rbxcdn.com/180DAY-c3c61311f9cd31422094a311c95d358d/150/150/Image/Webp/noFilter,2026-09-13T00:13:04Z
263761432,[🎃NEW] Horrific Housing,https://tr.rbxcdn.com/180DAY-3cc92bf19f206d6f3fa3ef0953392340/150/150/Image/Webp/noFilter,2026-09-10T16:44:36Z
277751860,Epic Minigames ✨,https://tr.rbxcdn.com/180DAY-a7cb7bb15c8f29fcfcf39d83800a60df/150/150/Image/Webp/noFilter,2026-09-10T16:44:36Z
281489669,Wizard Tycoon - 2 Player,https://tr.rbxcdn.com/180DAY-633e39025f7b8231a54ab19a8fa955a0/150/150/Image/Webp/noFilter,2026-09-12T13:54:57Z
286090429,Arsenal,https://tr.rbxcdn.com/180DAY-29023c3f115f5eac513c836ef674fd42/150/150/Image/Webp/noFilter,2026-09-10T16:44:36Z
292439477,[Fall Weapon Remodels!] Phantom Forces,https://tr.rbxcdn.com/180DAY-d79d03fe2eb591494e27e4526149e74d/150/150/Image/Webp/noFilter,2026-09-10T16:44:36Z
292628125,🎃 Keystone,https://tr.rbxcdn.com/180DAY-e023306f2133a0943f5be01c680082e2/150/150/Image/Webp/noFilter,2026-09-10T16:44:36Z
294790062,Roblox Titanic,https://tr.rbxcdn.com/180DAY-49cf82dec1e4e51928b10e8e213cf2df/150/150/Image/Webp/noFilter,2026-09-19T13:58:40Z
298400657,[ULTRA INSTINCT!] Dragon Ball Final: Reborn,https://tr.rbxcdn.com/180DAY-453dd3d8c97d7a291bb2774b885fe69f/150/150/Image/Webp/noFilter,2026-10-03T18:13:07Z
301549746,Counter Blox,https://tr.rbxcdn.com/180DAY-9a6868aa7cf04ae96d1984fdbcee01b8/150/150/Image/Webp/noFilter,2026-09-10T16:44:36Z
306964494,Loomian Legacy,https://tr.rbxcdn.com/180DAY-1d09df380e5927dbb8bacf3dee4f578d/150/150/Image/Webp/noFilter,2026-10-06T00:04:27Z
311398078,🦋 Ivix Universe,https://tr.rbxcdn.com/180DAY-5747f099fa78e2c29d2d0a46c397ee92/150/150/Image/Webp/noFilter,2026-09-11T15:13:25Z
328028363,Typical Colors 2,https://tr.rbxcdn.com/180DAY-b94d75ffe22f8ea405b815a6ace2b744/150/150/Image/Webp/noFilter,2026-09-10T16:44:36Z
331811267,Innovation Inc. Spaceship,https://tr.rbxcdn.com/180DAY-36660d2a0b7a8c81c8dcd362a442876b/150/150/Image/Webp/noFilter,2026-09-12T16:49:10Z
334730614,Kaizen [RP],https://tr.rbxcdn.com/180DAY-1f92e696344087ea236541daa84d200f/150/150/Image/Webp/noFilter,2026-09-10T23:21:35Z
335760407,TPS: Street Soccer 🏆,https://tr.rbxcdn.com/180DAY-a2af230d4d75ccc8e8efe53b1489eb06/150/150/Image/Webp/noFilter,2026-09-10T16:44:36Z
338521019,Identity Fraud,https://tr.rbxcdn.com/180DAY-3d7b2ab634dc3a59f42cbc2594fb8eeb/150/150/Image/Webp/noFilter,2026-09-12T05:43:02Z
373513488,FNAF RP - TPRR [🐻FB3 HUMANS📺] ,https://tr.rbxcdn.com/180DAY-5be3ba66a75ca42b5d7851bd979c0242/150/150/Image/Webp/noFilter,2026-09-10T16:44:36Z
381674682,Where's the Baby! ,https://tr.rbxcdn.com/180DAY-e92422135b1a3997628157af2f71eefe/150/150/Image/Webp/noFilter,2026-09-26T18:58:05Z
390777771,KILLER CLOWNS FROM 2016,https://tr.rbxcdn.com/180DAY-6605f174b6916cbdac6cac9391384586/150/150/Image/Webp/noFilter,2026-09-12T01:11:09Z
443406476,Project Lazarus: 💀 ZOMBIES 💀,https://tr.rbxcdn.com/180DAY-735ea2e2dcba6d6553dc0494c867c07f/150/150/Image/Webp/noFilter,2026-09-10T16:44:36Z
445664957,PARKOUR Legacy,https://tr.rbxcdn.com/180DAY-f330f62f64747f459ffc2c59c2233898/150/150/Image/Webp/noFilter,2026-09-12T16:49:10Z
490844322,Freddy's Tycoon Remastered,https://tr.rbxcdn.com/180DAY-3d9789a7513a1a9ea849b9e1ca9cc527/150/150/Image/Webp/noFilter,2026-09-28T21:43:00Z
523707617,Universal Roblox Theme Park,https://tr.rbxcdn.com/180DAY-4c51158129612ba8af541d0d3649e916/150/150/Image/Webp/noFilter,2026-09-20T23:40:41Z
537413528,Build A Boat For Treasure,https://tr.rbxcdn.com/180DAY-88172459d6aec8bf28e99556fc0562a8/150/150/Image/Webp/noFilter,2026-09-10T16:44:36Z
568350650,Fashion Famous 2,https://tr.rbxcdn.com/180DAY-21a600f7770afa7d38e0ceed04c1bfea/150/150/Image/Webp/noFilter,2026-09-20T00:13:06Z
574407221,Super Hero Tycoon,https://tr.rbxcdn.com/180DAY-6fc3b102688d779c7c12d1ff49d2658d/150/150/Image/Webp/noFilter,2026-09-10T16:44:36Z
606849621,Jailbreak,https://tr.rbxcdn.com/180DAY-cd48b73bb66c6d24de0f3f6d7ee0520b/150/150/Image/Webp/noFilter,2026-09-10T16:44:36Z
654732683,Car Crushers 2 ⌛ Physics Simulation,https://tr.rbxcdn.com/180DAY-b36092ba101ea224a0edd8d015d0b1b2/150/150/Image/Webp/noFilter,2026-09-10T16:44:36Z
659222129,[New Merchant🌑] Swordburst 2,https://tr.rbxcdn.com/180DAY-63d1ab383ee8d96555bd4c2ba6dfbd85/150/150/Image/Webp/noFilter,2026-09-26T17:43:06Z
662417684,❓ LUCKY BLOCKS Battlegrounds,https://tr.rbxcdn.com/180DAY-da0de9cbd1223ff25a8094f4f02639fe/150/150/Image/Webp/noFilter,2026-09-10T16:44:36Z
696347899,Stepford County Railway 🚉,https://tr.rbxcdn.com/180DAY-e60a6d7ad76e1c8bc3fb2baab786add3/150/150/Image/Webp/noFilter,2026-09-10T16:44:36Z
698448212,[🎉300M!] RoBeats! 🎧 Music + Rhythm + RPG,https://tr.rbxcdn.com/180DAY-3bb3bcfdba8785297e5f7094833fb55a/150/150/Image/Webp/noFilter,2026-09-24T08:46:04Z
734159876,SharkBite Classic 🦈,https://tr.rbxcdn.com/180DAY-518584d7f6905e577900cc42dee0d62a/150/150/Image/Webp/noFilter,2026-09-11T20:28:02Z
735030788,Royale🎃High,https://tr.rbxcdn.com/180DAY-03ed90163cf5125984e178ed29b6cef0/150/150/Image/Webp/noFilter,2026-09-10T16:44:36Z
738339342,Flood Escape 2 🌊,https://tr.rbxcdn.com/180DAY-ecb4cd69eb4e87b7fe0ff63458b2d7b5/150/150/Image/Webp/noFilter,2026-09-10T23:21:35Z
815405518,The Floor Is LAVA!🔥,https://tr.rbxcdn.com/180DAY-24cfb2895ba3559ba0f5546c69f7d61c/150/150/Image/Webp/noFilter,2026-09-10T16:44:36Z
863266079,Apocalypse Rising 2,https://tr.rbxcdn.com/180DAY-a7b19392268d4fd7ba895cc60bdc6ced/150/150/Image/Webp/noFilter,2026-09-10T16:44:36Z
891539556,Build a Medieval Army,https://tr.rbxcdn.com/180DAY-c3d8ee7a76a6bdd2527f4f776f0a0645/150/150/Image/Webp/noFilter,2026-09-10T16:44:36Z
891852901,Greenville RP (⭐AUDI + SHELBY RELATED + RACES!),https://tr.rbxcdn.com/180DAY-4837c17098a872b31b39c036a61d081e/150/150/Image/Webp/noFilter,2026-09-10T16:44:36Z
893973440,Flee the Facility,https://tr.rbxcdn.com/180DAY-020624ac5ead7f6c4a1d9fdd41277767/150/150/Image/Webp/noFilter,2026-09-10T16:44:36Z
914010731,[🔥⚒️NEW TATARA!] Ro-Ghoul [ALPHA],https://tr.rbxcdn.com/180DAY-73bb7bfdff57484bc8cdf849a53a3f13/150/150/Image/Webp/noFilter,2026-09-10T16:44:36Z
920587237,[🎃] Adopt Me!,https://tr.rbxcdn.com/180DAY-e556270b0160aaf9149c0afcd28841f2/150/150/Image/Webp/noFilter,2026-09-10T16:44:36Z
1020232214,FIRST 3 PLAYER TYCOON IN ROBLOX!,https://tr.rbxcdn.com/180DAY-d27bb0c3953d0d9b30df05bbc411ec02/150/150/Image/Webp/noFilter,2026-09-12T13:54:57Z
1046190774,Halloween Night,https://tr.rbxcdn.com/180DAY-623778a3f2d8921d48fdcb2da8d4651e/150/150/Image/Webp/noFilter,2026-10-04T00:28:07Z
1128650291,Zoo Tycoon 🐣,https://tr.rbxcdn.com/180DAY-a5efa9deb79b3b78f16759c2cfd96adb/150/150/Image/Webp/noFilter,2026-09-10T16:44:36Z
1174068786,Blockate,https://tr.rbxcdn.com/180DAY-f0f038a0a2c1d721bc70e581b29683c5/150/150/Image/Webp/noFilter,2026-09-25T19:58:03Z
1182833048,Growing Up  🎃🧹,https://tr.rbxcdn.com/180DAY-01cc599fcfb1024ca84ef7fa74d72b05/150/150/Image/Webp/noFilter,2026-09-11T17:06:57Z
1185902301,[Bonnet & Bell Boots] Horse World,https://tr.rbxcdn.com/180DAY-4aba8501b9c556d74b48e2f7a012655a/150/150/Image/Webp/noFilter,2026-09-10T16:44:36Z
1215581239,Doomspire Brickbattle,https://tr.rbxcdn.com/180DAY-3b19577610581ae6e53fc71a956a70a8/150/150/Image/Webp/noFilter,2026-09-19T16:43:03Z
1240123653,Zombie Attack,https://tr.rbxcdn.com/180DAY-2f11b03bf7737e663ee18a3c6428f0a5/150/150/Image/Webp/noFilter,2026-09-12T16:49:10Z
1324061305,Flicker 💡,https://tr.rbxcdn.com/180DAY-1819c7ab534fed52089559b6ce0e1600/150/150/Image/Webp/noFilter,2026-09-10T16:44:36Z
1335775256,📸Studio District | (PhotoShoot x Green Screen),https://tr.rbxcdn.com/180DAY-3b29ab4451999b801d6e6acf06ed885e/150/150/Image/Webp/noFilter,2026-09-12T03:28:04Z
1343871267,[UPDATE!!!] FMR,https://tr.rbxcdn.com/180DAY-cb8b6754e7754d306d8f1d9325190c2c/150/150/Image/Webp/noFilter,2026-09-10T16:44:36Z
1365404657,Feather Family 🎃 [Burrowing Owl],https://tr.rbxcdn.com/180DAY-d087e88ab1d522c7946e965530eb8097/150/150/Image/Webp/noFilter,2026-09-10T16:44:36Z
1428472551,Escape The Dentist Obby! (NEW!),https://tr.rbxcdn.com/180DAY-e948aa824898e1e76c88216ec20dc6aa/150/150/Image/Webp/noFilter,2026-09-10T16:44:36Z
1458767429,ABA,https://tr.rbxcdn.com/180DAY-ca076ca410305fd4155c7f59891415c9/150/150/Image/Webp/noFilter,2026-09-10T16:44:36Z
1523801080,A Simple Obby?,https://tr.rbxcdn.com/180DAY-d65f975f3d8494890d26aa30a721ec28/150/150/Image/Webp/noFilter,2026-09-10T16:44:36Z
1537690962,Bee Swarm Simulator,https://tr.rbxcdn.com/180DAY-47a5cb3cce196ed1f9ddbc097c415ad1/150/150/Image/Webp/noFilter,2026-09-10T16:44:36Z
1554960397,Car Dealership Tycoon  [🏠],https://tr.rbxcdn.com/180DAY-62ff9dfffc91332eb3eb638b1d476017/150/150/Image/Webp/noFilter,2026-09-10T16:44:36Z
1588965415,🚌 Sunshine Islands Bus Simulator [NEW],https://tr.rbxcdn.com/180DAY-707591c64b28e5a6af29f8b3e3799b81/150/150/Image/Webp/noFilter,2026-09-10T16:44:36Z
1625049462,The Whispering Wild [ALPHA],https://tr.rbxcdn.com/180DAY-fb357b9615cc7ee1de66051db9dae399/150/150/Image/Webp/noFilter,2026-09-11T20:43:04Z
1730877806,[🍬HALLOWEEN PT 1] Grand Piece Online,https://tr.rbxcdn.com/180DAY-ac5cae9ca606a1a3d2e9a81b3ad29247/150/150/Image/Webp/noFilter,2026-09-10T16:44:36Z
1962086868,Tower of Hell,https://tr.rbxcdn.com/180DAY-9704151d9c8a70e7ebe0ced8cb2b95c1/150/150/Image/Webp/noFilter,2026-09-10T16:44:36Z
1997193809,Backpacking⛺🐻,https://tr.rbxcdn.com/180DAY-612f785f043d247da6c33f562c96aa02/150/150/Image/Webp/noFilter,2026-09-11T11:41:58Z
2057751924,Watch a flood rise,https://tr.rbxcdn.com/180DAY-81750d1846f6e3bc3af47d05d74b9791/150/150/Image/Webp/noFilter,2026-09-10T16:44:36Z
2101982600,Itty Bitty Airport,https://tr.rbxcdn.com/180DAY-855ebf926bfec636097674b6ef454e03/150/150/Image/Webp/noFilter,2026-09-26T06:13:05Z
2166944189,🚒 Firefighters!,https://tr.rbxcdn.com/180DAY-a42583e162bcdb3de53678814273c08a/150/150/Image/Webp/noFilter,2026-09-10T16:44:36Z
2210085102,Naval Warfare,https://tr.rbxcdn.com/180DAY-756d4ea689bce8ef194c1680d2b71de6/150/150/Image/Webp/noFilter,2026-09-10T16:44:36Z
2317712696,The Wild West,https://tr.rbxcdn.com/180DAY-a60fb2ef644cca939f1b14b496fb8040/150/150/Image/Webp/noFilter,2026-09-10T16:44:36Z
2338325648,[🔥NIKE] NFL Universe Football,https://tr.rbxcdn.com/180DAY-e59a537fdbb41a4a451b7c6189213a9e/150/150/Image/Webp/noFilter,2026-09-10T16:44:36Z
2376885433,[NEW] Vesteria,https://tr.rbxcdn.com/180DAY-f96561864f574ac2a826ad14cc00091d/150/150/Image/Webp/noFilter,2026-09-10T16:44:36Z
2413927524,The Rake REMASTERED,https://tr.rbxcdn.com/180DAY-019b4a190b1f0bf36ffd39be41f4b214/150/150/Image/Webp/noFilter,2026-09-11T15:13:25Z
2418863943,"[HIGHWAY TRAFFIC] Roanoke, VA Driving RP",https://tr.rbxcdn.com/180DAY-13063755a2981ad9c404b099a4c5692c/150/150/Image/Webp/noFilter,2026-09-10T16:44:36Z
2474168535,Westbound,https://tr.rbxcdn.com/180DAY-f70ff19d9cc01eef2391d3baf4a66ebc/150/150/Image/Webp/noFilter,2026-09-10T16:44:36Z
2512643572,[🎃EVENT] Bubble Gum Simulator,https://tr.rbxcdn.com/180DAY-5d122fffd41893aae8a6d6bb60027d73/150/150/Image/Webp/noFilter,2026-09-10T16:44:36Z
2534724415,[🗺️] Emergency Response: Liberty County,https://tr.rbxcdn.com/180DAY-9b8420e17d4aab446e2c1410a2054c1b/150/150/Image/Webp/noFilter,2026-09-10T16:44:36Z
2537430692,[FIXED] Blocks n' Props,https://tr.rbxcdn.com/180DAY-8fac5133edf21ed929c90b7ef2b96ae0/150/150/Image/Webp/noFilter,2026-09-10T16:44:36Z
2538919751,💫 Pulse RP ||  Magic V1.25 💫,https://tr.rbxcdn.com/180DAY-4ded9f23cab93dc36473e5464fe5aee6/150/150/Image/Webp/noFilter,2026-09-12T18:32:32Z
2551991523,Broken Bones IV,https://tr.rbxcdn.com/180DAY-5f5357fbd382c68c740ea8c6f3155be3/150/150/Image/Webp/noFilter,2026-09-10T16:44:36Z
2556187419,Guerra de Torres,https://tr.rbxcdn.com/180DAY-ca16a8067727ada56d78d9b672f06bd4/150/150/Image/Webp/noFilter,2026-09-13T00:43:08Z
2569453732,Rise of Nations,https://tr.rbxcdn.com/180DAY-f4810af4473fef2efcd095d072d31542/150/150/Image/Webp/noFilter,2026-09-10T16:44:36Z
2592032536,[✨JACKPOT] R6 Dances,https://tr.rbxcdn.com/180DAY-e20680ac4d6ec496395406ba7495a6ae/150/150/Image/Webp/noFilter,2026-09-26T18:13:05Z
2629642516,Bitcoin Miner ⛏️,https://tr.rbxcdn.com/180DAY-da0b48e432587df5ef9523af9f878484/150/150/Image/Webp/noFilter,2026-09-22T15:31:34Z
2650107380,[🏆] Car Parking Level 7 🅿️🚗,https://tr.rbxcdn.com/180DAY-124223c9f02161b5bc8916c76cd377fa/150/150/Image/Webp/noFilter,2026-09-11T18:13:05Z
2650582631,[AUTO SHOP] Toll Bridge Simulator: Tycoon 🚘🏢,https://tr.rbxcdn.com/180DAY-54622dc8b4e0036e27a9c55907ddfa62/150/150/Image/Webp/noFilter,2026-09-10T16:44:36Z
2693023319,🚩Expedition Antarctica,https://tr.rbxcdn.com/180DAY-a8b48aeb8db5561affbab310807f9a13/150/150/Image/Webp/noFilter,2026-09-10T16:44:36Z
2727067538,World // Zero 🎃 Anime RPG ,https://tr.rbxcdn.com/180DAY-fc602ae40a685f47d54e74091d896b8b/150/150/Image/Webp/noFilter,2026-09-10T16:44:36Z
2753915549,Blox Fruits,https://tr.rbxcdn.com/180DAY-774ec14539b264f85fdb6e8a34dfa344/150/150/Image/Webp/noFilter,2026-09-10T16:44:36Z
2768379856,3008 [2.75],https://tr.rbxcdn.com/180DAY-d64adc40cb8a0c4369839f5002a5e4af/150/150/Image/Webp/noFilter,2026-09-10T16:44:36Z
2772610559,Farming and Friends,https://tr.rbxcdn.com/180DAY-7534ffb254d55966b1ec3073f52a8cb3/150/150/Image/Webp/noFilter,2026-09-10T16:44:36Z
2778230703,Reminiscence Zombies,https://tr.rbxcdn.com/180DAY-1301339046a2e490a1225fa9dd35fa03/150/150/Image/Webp/noFilter,2026-09-10T18:57:27Z
2781899968,[☕] Dan's Diner 🍂 FALL UPDATE [VR],https://tr.rbxcdn.com/180DAY-1aa4308651c30d651abcefe399397576/150/150/Image/Webp/noFilter,2026-09-12T01:11:09Z
2788229376,Da Hood,https://tr.rbxcdn.com/180DAY-f231e4a78fc6736aa5e1a360f7f613fc/150/150/Image/Webp/noFilter,2026-09-10T16:44:36Z
2809202155,[CDR & DD] Your Bizarre Adventure,https://tr.rbxcdn.com/180DAY-a92d04c4ed0f7e66be336ca78ea6fa45/150/150/Image/Webp/noFilter,2026-09-10T16:44:36Z
2830250344,[🐴] Horse Valley,https://tr.rbxcdn.com/180DAY-2db24ab80a12a8e4989a67a9717415b2/150/150/Image/Webp/noFilter,2026-09-10T16:44:36Z
2866967438,Fishing Simulator! 🐟,https://tr.rbxcdn.com/180DAY-e43a012aab2b7ba60f6e781fea4f2e8b/150/150/Image/Webp/noFilter,2026-09-11T15:13:25Z
2913303231,[UPDATE!] Obby Creator,https://tr.rbxcdn.com/180DAY-ba4b63331a3bf09f966b5e15386624a4/150/150/Image/Webp/noFilter,2026-09-10T16:44:36Z
2916899287,Blackhawk Rescue Mission 5,https://tr.rbxcdn.com/180DAY-2a10848eb45cc1a588040692fa7418f2/150/150/Image/Webp/noFilter,2026-09-10T16:44:36Z
2968914904,[Halloween] Forgotten Worlds,https://tr.rbxcdn.com/180DAY-f1821de6409d2b546b65dfc320838b18/150/150/Image/Webp/noFilter,2026-09-10T16:44:36Z
2971329387,Cook Burgers,https://tr.rbxcdn.com/180DAY-3b996d4064a48d0331df3f360ad2bf05/150/150/Image/Webp/noFilter,2026-09-11T01:22:17Z
3016661674,[🎃] Rogue Lineage,https://tr.rbxcdn.com/180DAY-3b056c0351c80aec73fede7d7cac4e35/150/150/Image/Webp/noFilter,2026-09-10T16:44:36Z
3025990139,Unboxing Simulator [UPDATE],https://tr.rbxcdn.com/180DAY-eacab39accdb3d5ff869b81e35466226/150/150/Image/Webp/noFilter,2026-09-10T16:44:36Z
3082002798,T-Titans Battlegrounds,https://tr.rbxcdn.com/180DAY-4b5a70f8f936e93587f0d331d05513bd/150/150/Image/Webp/noFilter,2026-09-12T16:49:10Z
3101667897,Legends Of Speed ⚡,https://tr.rbxcdn.com/180DAY-63c69f35a529aac7fe07d802133053a8/150/150/Image/Webp/noFilter,2026-09-10T16:44:36Z
3117860193,In Area 51 [ALPHA],https://tr.rbxcdn.com/180DAY-67955541655aef580796f2b78b0f3850/150/150/Image/Webp/noFilter,2026-09-10T16:44:36Z
3145447020,❄️🗻Mt. Everest Climbing Roleplay,https://tr.rbxcdn.com/180DAY-3247f5df78083d54d65d23635ad6e029/150/150/Image/Webp/noFilter,2026-09-12T16:49:10Z
3177438863,[🔥EVENT] Dragon Blox,https://tr.rbxcdn.com/180DAY-e4d86f1a178b5aa2556d2c5180abb39a/150/150/Image/Webp/noFilter,2026-09-12T01:43:07Z
3203685552,BEAR (Alpha),https://tr.rbxcdn.com/180DAY-2eef8ff1624f586e7635404214bba080/150/150/Image/Webp/noFilter,2026-09-12T01:11:09Z
3214114884,💥 Flag Wars! [UPD],https://tr.rbxcdn.com/180DAY-f8f06596ab49505ecf4ae364c4655b04/150/150/Image/Webp/noFilter,2026-09-10T16:44:36Z
3226555017,SCP: Site Roleplay,https://tr.rbxcdn.com/180DAY-36d31c9cbe68a26d86726bd877346307/150/150/Image/Webp/noFilter,2026-09-10T16:44:36Z
3242417672,Carros Rebaixados BR (Pre-Alpha),https://tr.rbxcdn.com/180DAY-cdfac6f0c12c6fea8f346a12f86b45e2/150/150/Image/Webp/noFilter,2026-09-10T16:44:36Z
3255508650,[new weapons!] brawl 2,https://tr.rbxcdn.com/180DAY-32f3897452323dc8dfcc97e2e169a2a7/150/150/Image/Webp/noFilter,2026-09-10T23:21:35Z
3260590327,[🌙 NIGHT 1] Tower Defense Simulator,https://tr.rbxcdn.com/180DAY-86bfcbe07f2a10422a92b190d4c3d7fa/150/150/Image/Webp/noFilter,2026-09-10T16:44:36Z
3261957210,Infinity Gauntlet | Thanos Simulator,https://tr.rbxcdn.com/180DAY-fe7d9ebe4e6e5768203e4dd2e5c3f635/150/150/Image/Webp/noFilter,2026-09-10T16:44:36Z
3272915504,Arcane Odyssey 🌊,https://tr.rbxcdn.com/180DAY-ebb6612c1abecffef22916314268bd25/150/150/Image/Webp/noFilter,2026-09-10T16:44:36Z
3297964905,[🔥+LMG] Weaponry [BETA],https://tr.rbxcdn.com/180DAY-db334c4486437696c5522ac073893ce6/150/150/Image/Webp/noFilter,2026-09-11T11:41:58Z
3339374541,Midnight Racing: Tokyo,https://tr.rbxcdn.com/180DAY-032ceb2f809f0b0c05f80dfe02ea28f7/150/150/Image/Webp/noFilter,2026-09-10T16:44:36Z
3344967357,🌳 Lumber INC. ,https://tr.rbxcdn.com/180DAY-6fd66d88be74e8f8a3f8d671f984d5dc/150/150/Image/Webp/noFilter,2026-09-10T16:44:36Z
3351674303,Driving Empire [✨RAM DEBUT✨ ],https://tr.rbxcdn.com/180DAY-5a72ff37353d8ea98cc68e4ec385dc5a/150/150/Image/Webp/noFilter,2026-09-10T16:44:36Z
3398014311,Restaurant Tycoon 2,https://tr.rbxcdn.com/180DAY-68fe1115430d39e2be8be57ee0a4ffe2/150/150/Image/Webp/noFilter,2026-09-10T16:44:36Z
3454695069,🍦ice cream club best game ever,https://tr.rbxcdn.com/180DAY-163865131703d8bf81a95501c4f7ce2e/150/150/Image/Webp/noFilter,2026-09-17T14:45:21Z
3457390032,Club Roblox RP 💗 [👶 NEEDS],https://tr.rbxcdn.com/180DAY-483b81ebed1dc177a16549d885a0e128/150/150/Image/Webp/noFilter,2026-09-10T16:44:36Z
3475397644,[⭐SZN 10] Dragon Adventures 🐉,https://tr.rbxcdn.com/180DAY-8d4d0d7999aeae912c4f0b080ce13c0e/150/150/Image/Webp/noFilter,2026-09-10T16:44:36Z
3524195448,Zaibatsu 🌸 Japan RP,https://tr.rbxcdn.com/180DAY-873f2458b9ed166999092ce9186f60ea/150/150/Image/Webp/noFilter,2026-09-12T02:28:01Z
3527629287,BIG Paintball! Classic 🔫,https://tr.rbxcdn.com/180DAY-cfd5459ba074017238e2e00ce0ead449/150/150/Image/Webp/noFilter,2026-09-12T16:49:10Z
3571215756,🏠 House Tycoon,https://tr.rbxcdn.com/180DAY-70f28be17c359ef45f687dea9e5f776f/150/150/Image/Webp/noFilter,2026-09-12T13:54:57Z
3607619584,Airplane [Story] ✈️ ,https://tr.rbxcdn.com/180DAY-acd96d86753de396d173923dcffaee6f/150/150/Image/Webp/noFilter,2026-10-04T00:13:06Z
3618661625,Wings of Fire [Beta],https://tr.rbxcdn.com/180DAY-98f123ff2948252bcbbda710da26f85b/150/150/Image/Webp/noFilter,2026-09-10T23:21:35Z
3623096087,💪Muscle Legends ,https://tr.rbxcdn.com/180DAY-a58940cfa7c9a4ebbd9e0cfbddaee373/150/150/Image/Webp/noFilter,2026-09-10T16:44:36Z
3631820248,[🎉6th Anniversary!] Stevos Gem Eras Roleplay,https://tr.rbxcdn.com/180DAY-d270607e887ed27c05f073413d2ff69d/150/150/Image/Webp/noFilter,2026-09-10T16:44:36Z
3663340706,Warrior Cats: Ultimate Edition,https://tr.rbxcdn.com/180DAY-b3921192826680cf526c8518d0f10a61/150/150/Image/Webp/noFilter,2026-09-10T16:44:36Z
3678761576,[🗣️CALLOUT🗣️] ENTRENCHED 🥀,https://tr.rbxcdn.com/180DAY-6e71e98b2c981ccc2254bc62b82f6c5e/150/150/Image/Webp/noFilter,2026-09-10T16:44:36Z
3690950427,Vacation ✈️ (Story),https://tr.rbxcdn.com/180DAY-83ab88c4585fa290cdc11f5d1e8565e5/150/150/Image/Webp/noFilter,2026-09-11T15:13:25Z
3804735158,Princess Tycoon,https://tr.rbxcdn.com/180DAY-59284af708e1fc6893f277e9c751bc81/150/150/Image/Webp/noFilter,2026-09-11T19:43:40Z
3823781113,🎃 Saber Simulator,https://tr.rbxcdn.com/180DAY-e500d89ca17e95841b73e928e4479bc9/150/150/Image/Webp/noFilter,2026-09-10T16:44:36Z
3835537082,Daycare 🎈 (Story),https://tr.rbxcdn.com/180DAY-92437a4d99fa0ceefd2612859badd428/150/150/Image/Webp/noFilter,2026-09-11T23:29:25Z
3837864717,🕷️ Spider-Man Simulator,https://tr.rbxcdn.com/180DAY-18f187a9da692fe0f37ad978b254814c/150/150/Image/Webp/noFilter,2026-09-10T16:44:36Z
3840352284,Volleyball 4.2,https://tr.rbxcdn.com/180DAY-01a40c52b8d00bfecb0d925b5c5a1d23/150/150/Image/Webp/noFilter,2026-09-12T01:43:07Z
3851622790,Break In (Story),https://tr.rbxcdn.com/180DAY-2fc5f39ad2f3e05e52781c181e470e32/150/150/Image/Webp/noFilter,2026-09-10T16:44:36Z
3891618314,🎃 Harbor Havoc,https://tr.rbxcdn.com/180DAY-53155d1f195eee19989c8e6417c5d531/150/150/Image/Webp/noFilter,2026-09-10T16:44:36Z
3956818381,⚡Ninja Legends,https://tr.rbxcdn.com/180DAY-8ee186a3dd4dd2cf8c15bf7bd3bbea61/150/150/Image/Webp/noFilter,2026-09-10T16:44:36Z
4032944086,[⌛] Get Huge Simulator 💪,https://tr.rbxcdn.com/180DAY-4b153e533f723bbeb38a5f489ae58c78/150/150/Image/Webp/noFilter,2026-10-03T18:58:09Z
4104106043,Insane Elevator!,https://tr.rbxcdn.com/180DAY-2c8913a17b9052ee57b12c00cfc6b8cc/150/150/Image/Webp/noFilter,2026-09-10T16:44:36Z
4110892437,Kaiju Universe🐲,https://tr.rbxcdn.com/180DAY-574ecf3dc040f4cedf3993e83ed67d14/150/150/Image/Webp/noFilter,2026-09-10T16:44:36Z
4111023553,Deepwoken,https://tr.rbxcdn.com/180DAY-8af036394d38fd14eb20989f3e7e4924/150/150/Image/Webp/noFilter,2026-09-10T16:44:36Z
4195834406,Dragon Generations,https://tr.rbxcdn.com/180DAY-ac2c47fb829730972a0335256913e6a3/150/150/Image/Webp/noFilter,2026-09-10T23:21:35Z
4238077359,[🛸] Star Wars: Roleplay,https://tr.rbxcdn.com/180DAY-0865092d4b256d8211951851a72c1797/150/150/Image/Webp/noFilter,2026-09-19T20:43:06Z
4282985734,Combat Warriors,https://tr.rbxcdn.com/180DAY-aceb5959312903e9ffd26462c3584fcc/150/150/Image/Webp/noFilter,2026-09-10T16:44:36Z
4299508195,Polish Car Driving 🚗,https://tr.rbxcdn.com/180DAY-032b89ae42f1d31b7b9825dd1453c5b5/150/150/Image/Webp/noFilter,2026-09-10T16:44:36Z
4344891683,Microwave Dinner,https://tr.rbxcdn.com/180DAY-6ce173ea8d75d4de43a0cab4ebc1060a/150/150/Image/Webp/noFilter,2026-10-02T12:48:06Z
4375619868,[UPD] Kohaú Hibachi Restaurant 🍣,https://tr.rbxcdn.com/180DAY-1beb22d8d72e75f7423436cb5802d08f/150/150/Image/Webp/noFilter,2026-09-26T18:28:06Z
4448566543,[🎃] Banana Eats ,https://tr.rbxcdn.com/180DAY-f818d057e72ad352f2fe4efe868d0d0d/150/150/Image/Webp/noFilter,2026-09-10T16:44:36Z
4468711919,Super Golf!,https://tr.rbxcdn.com/180DAY-ed351ddb8f40b184900c8a8ddc21187f/150/150/Image/Webp/noFilter,2026-09-11T19:58:03Z
4480809144,Granny: Multiplayer,https://tr.rbxcdn.com/180DAY-bec0eaaa4515bf520433894fccc76da3/150/150/Image/Webp/noFilter,2026-09-10T16:44:36Z
4490140733,My Restaurant! 👨‍🍳,https://tr.rbxcdn.com/180DAY-afc019831e46640ad2e2a47384348e3e/150/150/Image/Webp/noFilter,2026-09-11T15:13:25Z
4520749081,King Legacy,https://tr.rbxcdn.com/180DAY-8d0a42cbf6f6c05180a90b8f99a5eb72/150/150/Image/Webp/noFilter,2026-09-10T16:44:36Z
4522347649,[FREE ADMIN],https://tr.rbxcdn.com/180DAY-413642573e54ed6ebca9a849d044316d/150/150/Image/Webp/noFilter,2026-09-10T16:44:36Z
4540286603,NORTHWIND,https://tr.rbxcdn.com/180DAY-41d2ccc4b7980956f859d7df41b89d32/150/150/Image/Webp/noFilter,2026-10-03T18:43:07Z
4566572536,Vehicle Legends 🏎️ Cars!,https://tr.rbxcdn.com/180DAY-26d78be2d39952ac83d472000dcdec82/150/150/Image/Webp/noFilter,2026-09-10T16:44:36Z
4580204640,🔪Survive the Killer!,https://tr.rbxcdn.com/180DAY-d907a5a8ddb745efab39de367c1218fa/150/150/Image/Webp/noFilter,2026-09-10T16:44:36Z
4588604953,[⚙️] Criminality,https://tr.rbxcdn.com/180DAY-513e7206bc325f0444ce6f0c059a0ec7/150/150/Image/Webp/noFilter,2026-09-10T16:44:36Z
4616652839,Shindo Life [250],https://tr.rbxcdn.com/180DAY-811d588b6816f26a4e873c91c37e7a79/150/150/Image/Webp/noFilter,2026-09-10T16:44:36Z
4623386862,Piggy [SEASON 9 - FRIGHT NIGHT],https://tr.rbxcdn.com/180DAY-cb06a9a3e35c187cfd6a5668df356bcb/150/150/Image/Webp/noFilter,2026-09-10T16:44:36Z
4637668954,(🍂) Rensselaer County,https://tr.rbxcdn.com/180DAY-72b09a1ca127f23644b176d332e3980a/150/150/Image/Webp/noFilter,2026-09-10T16:44:36Z
4639625707,[Visby] War Tycoon,https://tr.rbxcdn.com/180DAY-c899739cf55b784e07d67ca2599389c0/150/150/Image/Webp/noFilter,2026-09-10T16:44:36Z
4640354700,Ben 10 Super Hero Time,https://tr.rbxcdn.com/180DAY-6b7bb0801b6f0e1d8b034f2da2558bdf/150/150/Image/Webp/noFilter,2026-09-10T16:44:36Z
4646477729,Tower Heroes [UPD] 🎃 ,https://tr.rbxcdn.com/180DAY-e8f2bbcf5146b839d0420ba8fc623278/150/150/Image/Webp/noFilter,2026-09-10T16:44:36Z
4655652068,Noob Train,https://tr.rbxcdn.com/180DAY-9c59b20dcc3a381676447e6a7a12d1a2/150/150/Image/Webp/noFilter,2026-09-20T17:58:04Z
4796443083,Daycare 2 🎈 (Story),https://tr.rbxcdn.com/180DAY-612612e0f5fe0bb2ee8b8511dbc49fff/150/150/Image/Webp/noFilter,2026-09-10T16:44:36Z
4830581890,Fear Elevator 😱,https://tr.rbxcdn.com/180DAY-38c9f6dd1131eee9489de6a55991a73d/150/150/Image/Webp/noFilter,2026-09-10T16:44:36Z
4832438542,VR Hands v3.2 🎙️,https://tr.rbxcdn.com/180DAY-b925efcad948a714acf0cef8865bdac5/150/150/Image/Webp/noFilter,2026-09-10T16:44:36Z
4836068080,untitled zombie infection,https://tr.rbxcdn.com/180DAY-c567dfa48e3c24b79ef6c6966260602e/150/150/Image/Webp/noFilter,2026-10-02T03:58:04Z
4850533156,Bendy scripts,https://tr.rbxcdn.com/180DAY-6f57d94f7fb1b960c8cd39a807e6c70c/150/150/Image/Webp/noFilter,2026-09-10T16:44:36Z
4850588087,Bendy and the ink Machine,https://tr.rbxcdn.com/180DAY-2c473e5cdabf6f543032dfedc1e4ea88/150/150/Image/Webp/noFilter,2026-09-10T16:44:36Z
4855457388,[UPDATE 6.0] Demonfall,https://tr.rbxcdn.com/180DAY-13142677ee3110a08bc9240dfad31785/150/150/Image/Webp/noFilter,2026-09-10T16:44:36Z
4863916053,Full Metal Kaiju Hunters,https://tr.rbxcdn.com/180DAY-d0ae36b804d578b86ac1e6f4fd4b37e5/150/150/Image/Webp/noFilter,2026-09-12T01:11:09Z
4872321990,Islands 👩‍🌾,https://tr.rbxcdn.com/180DAY-6e80dbb6fd04814eb885148278f0f1c8/150/150/Image/Webp/noFilter,2026-09-10T16:44:36Z
4889315193,Total Roblox Drama,https://tr.rbxcdn.com/180DAY-968466b1086d9146a22b657796dccbfb/150/150/Image/Webp/noFilter,2026-09-10T16:44:36Z
4898233867,UPDATE! School Bus Sim,https://tr.rbxcdn.com/180DAY-c98b13f772270075dcff7ec57d033245/150/150/Image/Webp/noFilter,2026-09-10T21:33:22Z
4921748958,🔥 ANIME Ability Tycoon,https://tr.rbxcdn.com/180DAY-d998130bb742b380294db6dc636627b7/150/150/Image/Webp/noFilter,2026-09-18T11:42:13Z
4924922222,Brookhaven 🏡RP,https://tr.rbxcdn.com/180DAY-01fa54388131d629ec74c042784454c5/150/150/Image/Webp/noFilter,2026-09-10T16:44:36Z
4947425425,Waterpark Oceanic 🌊,https://tr.rbxcdn.com/180DAY-a6d65babf4a6ac90d4feecaf4be46c6e/150/150/Image/Webp/noFilter,2026-09-15T20:06:22Z
4950394908,🎈 Ragdoll Simulator,https://tr.rbxcdn.com/180DAY-e7246548deec4704b3556167367a0f4a/150/150/Image/Webp/noFilter,2026-09-27T18:57:34Z
4954096313,Field Trip Z,https://tr.rbxcdn.com/180DAY-515f7e1b232f0ee21be3aaf248c3b56b/150/150/Image/Webp/noFilter,2026-09-10T16:44:36Z
4954512662,JOODPAKJAI 🎙️,https://tr.rbxcdn.com/180DAY-798523dc877d435f24a2c0691ce3e3c9/150/150/Image/Webp/noFilter,2026-09-10T16:44:36Z
4954752502,[2x Coins]Tower of Misery,https://tr.rbxcdn.com/180DAY-e9acdb5a50ecfd45ba3e41bdbf2f9f2e/150/150/Image/Webp/noFilter,2026-09-10T16:44:36Z
4967465336,Ray's Mod,https://tr.rbxcdn.com/180DAY-68aae826b7da11b553f0221c86d2a909/150/150/Image/Webp/noFilter,2026-09-10T23:21:35Z
4972091010,Zombie Uprising,https://tr.rbxcdn.com/180DAY-8afd085cb8af2da4be8183cead49c908/150/150/Image/Webp/noFilter,2026-09-10T16:44:36Z
4972273297,Regretevator [ ELEVATOR SIMULATOR ],https://tr.rbxcdn.com/180DAY-b2b5645d732f1c7c6f5f5176d2b0a70c/150/150/Image/Webp/noFilter,2026-09-10T16:44:36Z
4991214437,town,https://tr.rbxcdn.com/180DAY-778eb2c16f0897c57bb585184486d9e8/150/150/Image/Webp/noFilter,2026-09-10T16:44:36Z
4992570197,ROBLOX Rally Racing,https://tr.rbxcdn.com/180DAY-cad8529dedd79bf98467056d7182939f/150/150/Image/Webp/noFilter,2026-09-10T16:44:36Z
4996049426,[OG] All Star Tower Defense,https://tr.rbxcdn.com/180DAY-1041ffa20fc03c82a0d076a8f979d9bc/150/150/Image/Webp/noFilter,2026-09-10T16:44:36Z
5023011856,The Colony [Xbox Support],https://tr.rbxcdn.com/180DAY-8e0946ebd8207c2381f4957c8f3858aa/150/150/Image/Webp/noFilter,2026-09-15T20:06:22Z
5041144419,SCP: Roleplay,https://tr.rbxcdn.com/180DAY-4107872adf38bbcc46118bd3b6430d68/150/150/Image/Webp/noFilter,2026-09-10T16:44:36Z
5044920251,Wall Hop Practice,https://tr.rbxcdn.com/180DAY-0ae2909b040d7b5b39ae9c404e04b81f/150/150/Image/Webp/noFilter,2026-09-10T16:44:36Z
5062619730,War Simulator,https://tr.rbxcdn.com/180DAY-608b1f6bb33ace2f4db85411a8948c49/150/150/Image/Webp/noFilter,2026-09-10T16:44:36Z
5104202731,Southwest Florida Beta,https://tr.rbxcdn.com/180DAY-e818ada8e1d2f540d3c1a44378d369c3/150/150/Image/Webp/noFilter,2026-09-10T16:44:36Z
5116869569,[EVENT] Doodle World,https://tr.rbxcdn.com/180DAY-df54d54a4e8797765fc6b8125df9d5ce/150/150/Image/Webp/noFilter,2026-09-12T02:13:05Z
5118969548,Spider,https://tr.rbxcdn.com/180DAY-cf0c2f3b818716f71654b6f178198133/150/150/Image/Webp/noFilter,2026-09-10T16:44:36Z
5130598377,[🧙‍♀️🔮] A Universal Time 6.3,https://tr.rbxcdn.com/180DAY-450410fdc3298e750bd4dec4bd17e64c/150/150/Image/Webp/noFilter,2026-09-10T16:44:36Z
5133040469,[New Update] Beat up simulator,https://tr.rbxcdn.com/180DAY-00dd852d674da79f2f30d364d4a5fe9f/150/150/Image/Webp/noFilter,2026-09-11T15:13:25Z
5140123832,[Su-25] Aircraft Carrier [BETA] ,https://tr.rbxcdn.com/180DAY-e1383e15de92a601952e3fdc067404bd/150/150/Image/Webp/noFilter,2026-09-10T16:44:36Z
5152425034,Camper Van 🚐,https://tr.rbxcdn.com/180DAY-dcfe103b34a53bd599bf9c687b53f48f/150/150/Image/Webp/noFilter,2026-09-10T16:44:36Z
5154858502,Murderers vs. Sheriffs,https://tr.rbxcdn.com/180DAY-ac32bb387eb0da545882de73ec5c3d49/150/150/Image/Webp/noFilter,2026-09-10T16:44:36Z
5171093784,☄️Don't Press The Button 4,https://tr.rbxcdn.com/180DAY-9ae69b56db086e53ad238f9110242264/150/150/Image/Webp/noFilter,2026-09-10T16:44:36Z
5171347293,✈️ Cabin Crew Simulator ,https://tr.rbxcdn.com/180DAY-5fd80d8a3dc5b3a04e6767239f6b59c3/150/150/Image/Webp/noFilter,2026-09-10T16:44:36Z
5233782396,🎃 Creatures of Sonaria 🍬 Survive Kaiju Animals,https://tr.rbxcdn.com/180DAY-6d43a94c91a29b68b3fecbf7345930bd/150/150/Image/Webp/noFilter,2026-09-10T16:44:36Z
5244411056,Bloxy Bingo,https://tr.rbxcdn.com/180DAY-3f0cb134dbd791cde865f292c3a633fa/150/150/Image/Webp/noFilter,2026-09-10T16:44:36Z
5256165620,3-2-1 Blast Off Simulator,https://tr.rbxcdn.com/180DAY-5a85cc1231473fe32506a4d8df5d1071/150/150/Image/Webp/noFilter,2026-09-11T11:41:58Z
5286116071,[🐶DOGS] Hunting Season [BETA],https://tr.rbxcdn.com/180DAY-58df171d58b694f0d34bc20c51323172/150/150/Image/Webp/noFilter,2026-09-10T16:44:36Z
5289509545,Gacha Online 🎃 RP,https://tr.rbxcdn.com/180DAY-b0716f49716d1c9cc4d29c85b233c5c8/150/150/Image/Webp/noFilter,2026-09-10T16:44:36Z
5310443220,GOD TYCOON,https://tr.rbxcdn.com/180DAY-329b5db2a330d60e6329845de55b6ba5/150/150/Image/Webp/noFilter,2026-09-11T11:41:58Z
5312327368,Super Hero Tycoon,https://tr.rbxcdn.com/180DAY-5a2e89af5cb956b117e297d3e6b98f83/150/150/Image/Webp/noFilter,2026-09-11T17:06:57Z
5342047554,💀 Backstretch Battles Racing,https://tr.rbxcdn.com/180DAY-2b9ff79878a06401f75a12af70cb6da0/150/150/Image/Webp/noFilter,2026-09-10T16:44:36Z
5343994291,[🎃UPD!] 🌴 Outlaster,https://tr.rbxcdn.com/180DAY-d69cb418667ef71a16ce6ac233ab84b6/150/150/Image/Webp/noFilter,2026-09-10T16:44:36Z
5391778736,Centipede,https://tr.rbxcdn.com/180DAY-2df756e6c728348e20b79f857021d8a4/150/150/Image/Webp/noFilter,2026-09-10T16:44:36Z
5407396567,👶MOM LIFE!❤️Seaboard City RP🌴,https://tr.rbxcdn.com/180DAY-daeb6a524f2ff8b3ed3121c54f0ec360/150/150/Image/Webp/noFilter,2026-09-10T16:44:36Z
5496455308,Tower FL,https://tr.rbxcdn.com/180DAY-42dcd09ea919071224b16b80378db052/150/150/Image/Webp/noFilter,2026-09-10T16:44:36Z
5523851880,🐰 8-Ball Pool Classic 🎱,https://tr.rbxcdn.com/180DAY-f4d4e9916425ebaeca3befe1074125e5/150/150/Image/Webp/noFilter,2026-09-11T15:13:25Z
5561268850,UPD | Randomly Generated Droids,https://tr.rbxcdn.com/180DAY-da39d8d76b8cf981b82e408b518599ef/150/150/Image/Webp/noFilter,2026-10-09T18:43:08Z
5571328985,[🎉] Bloodlines,https://tr.rbxcdn.com/180DAY-9a98cffae819c173c4491d7bf8faa288/150/150/Image/Webp/noFilter,2026-09-10T16:44:36Z
5589967659,Cocos Time Trial 2 ⏰,https://tr.rbxcdn.com/180DAY-6ef8b0914554242bb2fc823f70f7e3c1/150/150/Image/Webp/noFilter,2026-09-12T13:54:57Z
5593470048,Visual Pianos 🎹,https://tr.rbxcdn.com/180DAY-71aa1be5dbd4df7e8188df914cde96e9/150/150/Image/Webp/noFilter,2026-09-12T19:00:59Z
5593925613,Countryball World 🌎,https://tr.rbxcdn.com/180DAY-8a5fb513298c7d9da438c831ecd8b69c/150/150/Image/Webp/noFilter,2026-09-10T16:44:36Z
5670218884,[🎂] item asylum,https://tr.rbxcdn.com/180DAY-159ce52270cf160ad22f214943334420/150/150/Image/Webp/noFilter,2026-09-10T16:44:36Z
5671985295,[👟X5] +1  Speed Animal Hospital Escape,https://tr.rbxcdn.com/180DAY-264faa9fded7bfe702e25e3d2aa77655/150/150/Image/Webp/noFilter,2026-09-10T16:44:36Z
5683833663,RAGDOLL. ENGINE!!! 😡,https://tr.rbxcdn.com/180DAY-992b8e6eff00d04ecbd7214c2c2d094c/150/150/Image/Webp/noFilter,2026-09-10T16:44:36Z
5693152742,Airplane 4 [Story] ✈️,https://tr.rbxcdn.com/180DAY-a795b10a29ae569841365d955478287a/150/150/Image/Webp/noFilter,2026-09-20T23:58:05Z
5702593762,"Climb 1,000 Stairs",https://tr.rbxcdn.com/180DAY-fefb6f63a37d8a461d16b641740961cf/150/150/Image/Webp/noFilter,2026-09-10T16:44:36Z
5708035517,[🎃] Mega Hide and Seek!,https://tr.rbxcdn.com/180DAY-85f221917d8a14a3cfa87a4b6ef5b917/150/150/Image/Webp/noFilter,2026-09-10T16:44:36Z
5712833750,Animal Simulator,https://tr.rbxcdn.com/180DAY-ee0a226636bd61951006ca690a1e6465/150/150/Image/Webp/noFilter,2026-09-10T16:44:36Z
5717952758,Cat VS Mouse 🐁,https://tr.rbxcdn.com/180DAY-2b93fc58942166915ae8907a887b5d74/150/150/Image/Webp/noFilter,2026-09-11T17:06:57Z
5720801512,[🔎탐정] 한국 머더 ,https://tr.rbxcdn.com/180DAY-da21f1b4e536a088a4e4ae16ce1d5e13/150/150/Image/Webp/noFilter,2026-09-10T23:21:35Z
5725946508,Impostor | Among us,https://tr.rbxcdn.com/180DAY-37fa06eec43df66d32ef5f56a26f67bf/150/150/Image/Webp/noFilter,2026-09-12T18:58:03Z
5734383673,Noobs in Combat [5.10],https://tr.rbxcdn.com/180DAY-0377c61154e98222a2e09ff464ed4b93/150/150/Image/Webp/noFilter,2026-09-12T13:54:57Z
5777099015,Cheese Escape [Horror],https://tr.rbxcdn.com/180DAY-de2311ccbfd9770800fa9f1ff6e837d4/150/150/Image/Webp/noFilter,2026-09-10T16:44:36Z
5814304937,Outfit Loader Testing Place,https://tr.rbxcdn.com/180DAY-bcf88e8729ca7d3673249f3d52526baf/150/150/Image/Webp/noFilter,2026-09-11T18:58:03Z
5829141886,STUNT-DRAG-CUSTOM RACES | Realistic Car Driving™,https://tr.rbxcdn.com/180DAY-f9b175339218705501db4fdb16c6bb33/150/150/Image/Webp/noFilter,2026-09-10T16:44:36Z
5846386835,RetroStudio 🔨,https://tr.rbxcdn.com/180DAY-d1ea30e17eeec9e8e55aa98285fb6902/150/150/Image/Webp/noFilter,2026-09-10T16:44:36Z
5856880701,Mermaid Testing 🥭,https://tr.rbxcdn.com/180DAY-5d3201592b6c92d2376a6fd29850e32a/150/150/Image/Webp/noFilter,2026-09-10T16:44:36Z
5865858426,Retail Tycoon 2,https://tr.rbxcdn.com/180DAY-4e84552ad25e1afcfb98c26158fe13c0/150/150/Image/Webp/noFilter,2026-09-10T16:44:36Z
5901440255,Teddy,https://tr.rbxcdn.com/180DAY-52e4f6a14df6a2b7cdc166d069830596/150/150/Image/Webp/noFilter,2026-09-10T16:44:36Z
5902977746,[SEASON 10!] Ultimate Tower Defense,https://tr.rbxcdn.com/180DAY-f27f88960ffd1f9ef6d01b7e386208c5/150/150/Image/Webp/noFilter,2026-09-14T16:37:30Z
5926001758,Color Block,https://tr.rbxcdn.com/180DAY-54e5f45c1ec7e572ba385b150f2342de/150/150/Image/Webp/noFilter,2026-09-10T16:44:36Z
5938036553,FRONTLINES,https://tr.rbxcdn.com/180DAY-3fab2edac3adb6050f42d3292937f9d8/150/150/Image/Webp/noFilter,2026-09-12T16:49:10Z
5946155382,Trivia! Roblox Game Show [Jeopardy],https://tr.rbxcdn.com/180DAY-35628a2f9a5acb0a58112bd4bad0b428/150/150/Image/Webp/noFilter,2026-09-11T19:43:40Z
5948706234,[🔊] Roblox Party!,https://tr.rbxcdn.com/180DAY-78a9cbded649f79ea60cebf38c0a6705/150/150/Image/Webp/noFilter,2026-09-20T04:58:04Z
5951002734,[🕷️HALLOWEEN 1.5] Project Baki,https://tr.rbxcdn.com/180DAY-697c75d9f474e9d9ab9e9d817007c3df/150/150/Image/Webp/noFilter,2026-09-19T20:13:11Z
5956785391,Project Slayers,https://tr.rbxcdn.com/180DAY-6b700020cfdc352bef152b873f136b3f/150/150/Image/Webp/noFilter,2026-09-10T16:44:36Z
5969012769,[🎃] Parenthood 👶 Beta,https://tr.rbxcdn.com/180DAY-9e24d9014c27751046a3f75c956716fb/150/150/Image/Webp/noFilter,2026-09-10T16:44:36Z
5974747216,🛫 [FLY!] Liberty Airport Flight Simulator RP,https://tr.rbxcdn.com/180DAY-4db3a7de871703bfcf0794b7032afad3/150/150/Image/Webp/noFilter,2026-09-19T13:58:40Z
5976159288,Formula Apex Racing,https://tr.rbxcdn.com/180DAY-665d69e5d5d2a63aa47a8274c99b2c85/150/150/Image/Webp/noFilter,2026-09-10T16:44:36Z
5984006660,Would You Rather: Singers Tower,https://tr.rbxcdn.com/180DAY-f7cd013952ada7313045e0934b0b6b14/150/150/Image/Webp/noFilter,2026-09-10T16:44:36Z
5985232436,Infectious Smile,https://tr.rbxcdn.com/180DAY-cc318edf802d7608b5c4ae403425280c/150/150/Image/Webp/noFilter,2026-09-10T16:44:36Z
5991163185,Spray Paint!,https://tr.rbxcdn.com/180DAY-b030d2b852fab0137221713da3718c82/150/150/Image/Webp/noFilter,2026-09-12T02:52:08Z
6000468131,Granny,https://tr.rbxcdn.com/180DAY-bc934ff918743a0b14e6b557d0e445bb/150/150/Image/Webp/noFilter,2026-09-10T16:44:36Z
6011940308,🌈 Fall 99999 Rainbow Spiral! Parkour Obby,https://tr.rbxcdn.com/180DAY-d83d9d4088c05f6abae5d9bc533b7fc0/150/150/Image/Webp/noFilter,2026-09-10T16:44:36Z
6020247720,🪂 Ragdoll Physics [Skydiving],https://tr.rbxcdn.com/180DAY-5b2f7e847a76c33b35f50b1bff7628a9/150/150/Image/Webp/noFilter,2026-09-10T16:44:36Z
6058150350,Destruction Physics,https://tr.rbxcdn.com/180DAY-8bfe94aa8619c0698bbe7f99d10d62d6/150/150/Image/Webp/noFilter,2026-09-12T01:11:09Z
6063653725,100 Player Mega Hide and Seek! 💯,https://tr.rbxcdn.com/180DAY-d5b3f047dea5491c4744f91c107c28bb/150/150/Image/Webp/noFilter,2026-09-11T18:13:05Z
6066404016,Daycare 💥,https://tr.rbxcdn.com/180DAY-a4590b11e3b93916646ac84c12bd7f6e/150/150/Image/Webp/noFilter,2026-09-10T18:57:27Z
6104994594,Pilfering Pirates,https://tr.rbxcdn.com/180DAY-5b67c1337ab2a67de6a5a081f3278227/150/150/Image/Webp/noFilter,2026-09-10T16:44:36Z
6125809531,[NOW] Untitled Attack on Titan,https://tr.rbxcdn.com/180DAY-894908a599859a0bb736993134575510/150/150/Image/Webp/noFilter,2026-09-12T18:58:03Z
6128441278,[🛠️] Water Physics [SHIP BUILDER],https://tr.rbxcdn.com/180DAY-8e363f179155419e094a76fe33c21b9a/150/150/Image/Webp/noFilter,2026-09-10T16:44:36Z
6132958612,Marvel and DC Super Heroes,https://tr.rbxcdn.com/180DAY-de2f223f2fb730153c776099b55b7012/150/150/Image/Webp/noFilter,2026-09-10T16:44:36Z
6137321701,[UPD] Blair,https://tr.rbxcdn.com/180DAY-05207e28c5ed419c96fdc60ee394f4f9/150/150/Image/Webp/noFilter,2026-09-10T16:44:36Z
6153766069,Escape The Carnival of Terror Obby! ,https://tr.rbxcdn.com/180DAY-efce41d8311e6dcb3a765bd354d42ed4/150/150/Image/Webp/noFilter,2026-09-10T16:44:36Z
6160147794,[UPD] Geometry Dash 1.1,https://tr.rbxcdn.com/180DAY-bb5dc5fc1fa47486ea85bcec146adce1/150/150/Image/Webp/noFilter,2026-10-03T17:43:08Z
6161235818,Twisted [BETA],https://tr.rbxcdn.com/180DAY-7c31e89afbbcb78c134757aabb827eda/150/150/Image/Webp/noFilter,2026-09-10T16:44:36Z
6198225400,🌎WORLD 3!🌎 Legends Re:Written,https://tr.rbxcdn.com/180DAY-8c3286eb0b7f6303d8c0f215622b0adb/150/150/Image/Webp/noFilter,2026-09-12T01:11:09Z
6205205961,Escape Running Head,https://tr.rbxcdn.com/180DAY-57ffc5c81dd59cf66d0160cd3b62b838/150/150/Image/Webp/noFilter,2026-09-10T16:44:36Z
6211217272,Falling Color Block,https://tr.rbxcdn.com/180DAY-aed5844b9e95dcfc3d48a284290c4f0d/150/150/Image/Webp/noFilter,2026-09-19T13:58:40Z
6218169544,Korblox & Headless Hangout,https://tr.rbxcdn.com/180DAY-22abb19ffe7fb7ea8dc2f177938ee5cb/150/150/Image/Webp/noFilter,2026-09-10T21:33:22Z
6222531507,CHESS!,https://tr.rbxcdn.com/180DAY-0dbd2d8ce83f7482c5eb3a1ae602fa83/150/150/Image/Webp/noFilter,2026-09-10T23:21:35Z
6243699076,The Mimic,https://tr.rbxcdn.com/180DAY-e7fcd16051fcc7e59d2a89cf89407ab9/150/150/Image/Webp/noFilter,2026-09-10T16:44:36Z
6250795236,SNK: Rumbling,https://tr.rbxcdn.com/180DAY-0fb79771647ee644847d1d30e8e1abc2/150/150/Image/Webp/noFilter,2026-09-10T23:21:35Z
6263431107,[⚡] Imposters & Roles | Among us,https://tr.rbxcdn.com/180DAY-af435d0c1f8050408a7cc7f744b0cf60/150/150/Image/Webp/noFilter,2026-09-10T16:44:36Z
6270290407,[⚡ SHUNKO] VV: ULTIMATUM,https://tr.rbxcdn.com/180DAY-fefe30291195848d17824b7a92717249/150/150/Image/Webp/noFilter,2026-09-10T16:44:36Z
6284583030,Pet Simulator X! 🐾,https://tr.rbxcdn.com/180DAY-0553034b9a65832dec398a5904e7e38c/150/150/Image/Webp/noFilter,2026-09-10T16:44:36Z
6298464951,Roblox Is Unbreakable,https://tr.rbxcdn.com/180DAY-807f47139460dcc5d8eceb1f778724ee/150/150/Image/Webp/noFilter,2026-09-26T19:13:10Z
6299805723,[☀️LUNAR VS SOLAR🌑]  Anime Fighters,https://tr.rbxcdn.com/180DAY-081e0e84c325c747c2514e4ecade3e9c/150/150/Image/Webp/noFilter,2026-09-10T16:44:36Z
6305582775,Ragdoll Physics Havoc,https://tr.rbxcdn.com/180DAY-5bd4c17bdb8534c97e73a2f8c8bd019a/150/150/Image/Webp/noFilter,2026-09-10T16:44:36Z
6305942109,Laundry Simulator,https://tr.rbxcdn.com/180DAY-754a727205d6bdb94b83ee2530ea550a/150/150/Image/Webp/noFilter,2026-09-12T13:54:57Z
6328880674,Lurking Giants [REVAMPED],https://tr.rbxcdn.com/180DAY-a90bc5237ad57bbad3314b843ea023f5/150/150/Image/Webp/noFilter,2026-09-28T00:57:58Z
6349094071,[CONSOLE!] Project Flight | Alpha,https://tr.rbxcdn.com/180DAY-2a2cfb1b495323f31a899dafba460150/150/150/Image/Webp/noFilter,2026-09-10T16:44:36Z
6358567974,Salon de Fiestas,https://tr.rbxcdn.com/180DAY-25fe107aea3772bd4c5aec2a4fe1e626/150/150/Image/Webp/noFilter,2026-09-10T16:44:36Z
6361937392,steal time from others & be the best,https://tr.rbxcdn.com/180DAY-986a5dd4a65e542ec24f74b1feb77bf0/150/150/Image/Webp/noFilter,2026-09-20T18:18:50Z
6366329104,Off-Roading Epic,https://tr.rbxcdn.com/180DAY-060142a9d33c4abd61163d3c398729c5/150/150/Image/Webp/noFilter,2026-09-10T16:44:36Z
6377740507,[Stickers] Miraculous™ RP: Ladybug & Cat Noir,https://tr.rbxcdn.com/180DAY-1a043a52daae95741e670088ae9508c1/150/150/Image/Webp/noFilter,2026-09-10T16:44:36Z
6382584061,Build to Survive 🛠️ ,https://tr.rbxcdn.com/180DAY-8b8b6a870dc9023a65074465b82e0bcc/150/150/Image/Webp/noFilter,2026-09-10T16:44:36Z
6403373529,[UPDATE🛢️] Slap Battles👏,https://tr.rbxcdn.com/180DAY-47e26f6bde6a20843676583a5abb62a2/150/150/Image/Webp/noFilter,2026-09-10T16:44:36Z
6410967163,Beeface!,https://tr.rbxcdn.com/180DAY-154b4392498b330b5fa79cd2832c56ff/150/150/Image/Webp/noFilter,2026-09-12T13:54:57Z
6442957604,Custom PC Tycoon! 🖥️,https://tr.rbxcdn.com/180DAY-e4ce2726e2c5ab947fab8f3e7313cf18/150/150/Image/Webp/noFilter,2026-09-10T16:44:36Z
6445435958,A tower that can't be broken,https://tr.rbxcdn.com/180DAY-70f9d6d36c7e61700f2ba6b52ea5e5d0/150/150/Image/Webp/noFilter,2026-09-10T16:44:36Z
6447798030,[LULLABY] Funky Friday,https://tr.rbxcdn.com/180DAY-4ced9ea23145a999aaf512a724e0c2d0/150/150/Image/Webp/noFilter,2026-09-10T16:44:36Z
6452292184,⚡ Speed Runner!,https://tr.rbxcdn.com/180DAY-bf5057987ecc0c402ac5754f6d9c18ca/150/150/Image/Webp/noFilter,2026-09-12T01:58:01Z
6456351776,[NEW MAP] Kaiju Paradise,https://tr.rbxcdn.com/180DAY-a83026f0598c2909c8bebde9e11aadf9/150/150/Image/Webp/noFilter,2026-09-12T18:32:32Z
6490016198,❄️Slayer Tycoon (v2.0),https://tr.rbxcdn.com/180DAY-6c6654038941e14d2d2c03ed583a6880/150/150/Image/Webp/noFilter,2026-10-03T18:58:09Z
6507422231,Twilight Daycare!✨RP [Dreamland ☁️🌙😴],https://tr.rbxcdn.com/180DAY-4b9d947c991dc4e7cf02a1612825c6e2/150/150/Image/Webp/noFilter,2026-09-10T16:44:36Z
6516141723,DOORS 🚨,https://tr.rbxcdn.com/180DAY-5f677a28e42be59cd65c7b71ac8e9ede/150/150/Image/Webp/noFilter,2026-09-10T16:44:36Z
6520999642,[New Features] Basically FNF: Remix,https://tr.rbxcdn.com/180DAY-46deae244e9c93caab1efd2d53110313/150/150/Image/Webp/noFilter,2026-09-10T16:44:36Z
6544360995,🌺Mermaid Lagoon🌺,https://tr.rbxcdn.com/180DAY-d4e8687cd2ad81210d432f38596a5629/150/150/Image/Webp/noFilter,2026-09-12T13:54:57Z
6560282512,Just a Rope Bridge,https://tr.rbxcdn.com/180DAY-dd860769a5e6d3b63a7ad4209ae0341b/150/150/Image/Webp/noFilter,2026-10-08T22:58:09Z
6575714668,⚡ Speedster Roleplay ⚡,https://tr.rbxcdn.com/180DAY-25afc14ec078ccd82047acced667eca7/150/150/Image/Webp/noFilter,2026-09-11T17:28:06Z
6608498361,Cursed Tank Simulator【HOLD THE LINE】,https://tr.rbxcdn.com/180DAY-8fec6c6f074d4e398efa57fc0254f443/150/150/Image/Webp/noFilter,2026-09-10T16:44:36Z
6610021055,Noob Army Tycoon ⚔️(New noobs),https://tr.rbxcdn.com/180DAY-aa17dedce250248460be83ae35d7ff10/150/150/Image/Webp/noFilter,2026-09-10T16:44:36Z
6648893133,Breaking Point 2,https://tr.rbxcdn.com/180DAY-f56a2776144ca84581108cf83b800eb8/150/150/Image/Webp/noFilter,2026-09-12T21:21:14Z
6678877691,ZO SAMURAI SWORD FIGHTING,https://tr.rbxcdn.com/180DAY-dcfa8bc05fcecc8d6d0cf4066ba38b39/150/150/Image/Webp/noFilter,2026-09-11T15:13:25Z
6686932749,Halloween Event! | Prehistoria!,https://tr.rbxcdn.com/180DAY-061be335f2d5214f80ae879c5dfe0588/150/150/Image/Webp/noFilter,2026-09-10T16:44:36Z
6698800091,[MOBILE!📱]Prior Extinction - Dinosaur Survival!,https://tr.rbxcdn.com/180DAY-62a9449ec581784427ada98920a8c1c3/150/150/Image/Webp/noFilter,2026-09-10T16:44:36Z
6700307184,Destroy a City,https://tr.rbxcdn.com/180DAY-06bc196263f35c4d14b184f7c65e1317/150/150/Image/Webp/noFilter,2026-09-10T16:44:36Z
6717367660,Happy Land 🏡RP,https://tr.rbxcdn.com/180DAY-d79ccf764e1e2481f6cf07973ab53042/150/150/Image/Webp/noFilter,2026-09-10T16:44:36Z
6727915552,Worldwide Spies,https://tr.rbxcdn.com/180DAY-d201cbba04ec5576d6a0c66691531faa/150/150/Image/Webp/noFilter,2026-09-10T16:44:36Z
6728870912,World of Stands,https://tr.rbxcdn.com/180DAY-7621b412d235bed94e078786d5872baf/150/150/Image/Webp/noFilter,2026-09-11T08:13:02Z
6735572261,Pilgrammed: Early Sunset / Ex Machina,https://tr.rbxcdn.com/180DAY-04bae2ce5dcd6e78674a4e68eecf26bd/150/150/Image/Webp/noFilter,2026-09-10T16:44:36Z
6737970321,Livetopia 🏡 RP,https://tr.rbxcdn.com/180DAY-32b295886f4dadb8c95acc7bfd50fe5c/150/150/Image/Webp/noFilter,2026-09-10T16:44:36Z
6741970382,Zombie lab [Equal Avatar Scale📏],https://tr.rbxcdn.com/180DAY-7e728e212130367af9f0ebf508452332/150/150/Image/Webp/noFilter,2026-09-10T16:44:36Z
6764533218,🚗 Washiez Car Wash,https://tr.rbxcdn.com/180DAY-f8e08d8a3a5c9b9c120d7385cb70d956/150/150/Image/Webp/noFilter,2026-09-19T17:28:03Z
6766156863,Strongman Simulator,https://tr.rbxcdn.com/180DAY-3c3ba9ffd5b9633f89e9202b91404ab7/150/150/Image/Webp/noFilter,2026-09-10T16:44:36Z
6792057800,Airsoft FE,https://tr.rbxcdn.com/180DAY-9c8462f56db581d1676a9f298d5b984a/150/150/Image/Webp/noFilter,2026-09-24T23:13:03Z
6804602922,[MAP!] Boxing Beta! 🥊,https://tr.rbxcdn.com/180DAY-968269a96a885422908c0188e09cf4a3/150/150/Image/Webp/noFilter,2026-09-10T16:44:36Z
6813414321,ROBLOX NPCs are becoming smart!,https://tr.rbxcdn.com/180DAY-cd34576617de72ac504a253838f8b897/150/150/Image/Webp/noFilter,2026-09-12T16:49:10Z
6816975827,[☀️] Car Suspension Test,https://tr.rbxcdn.com/180DAY-b6c8e3a88e7c46bd1af44a97bedb1a1b/150/150/Image/Webp/noFilter,2026-09-10T16:44:36Z
6847090259,Bulked Up,https://tr.rbxcdn.com/180DAY-c2db66c5173d47070bcc646f77bd1738/150/150/Image/Webp/noFilter,2026-09-10T23:21:35Z
6870736769,[JANITOR] Daybreak ,https://tr.rbxcdn.com/180DAY-e509826f20ea3ef72fe708b70831b15c/150/150/Image/Webp/noFilter,2026-09-26T18:28:06Z
6872265039,BedWars [UPDATE],https://tr.rbxcdn.com/180DAY-660aa444a16eb1d23e163c95aff2c415/150/150/Image/Webp/noFilter,2026-09-10T16:44:36Z
6873104649,Destroy The Ship!,https://tr.rbxcdn.com/180DAY-4fcc87656bb9c44782a4506eb4673345/150/150/Image/Webp/noFilter,2026-09-12T13:54:57Z
6875747014,Ronopoly,https://tr.rbxcdn.com/180DAY-074f1219f0f009630cbee7b592656cd3/150/150/Image/Webp/noFilter,2026-09-10T16:44:36Z
6884319169,MIC UP 🔊,https://tr.rbxcdn.com/180DAY-9dad04e207ef5a5ed59bceb62d34f942/150/150/Image/Webp/noFilter,2026-09-10T16:44:36Z
6888253864,Wacky Wizards,https://tr.rbxcdn.com/180DAY-caae86d137b4e5f55ee2809bb82a1a29/150/150/Image/Webp/noFilter,2026-09-10T16:44:36Z
6911148748,(UPDATE!) Car Driving Indonesia,https://tr.rbxcdn.com/180DAY-38f5654b2ca8e57d8277dc8a26cbb3c2/150/150/Image/Webp/noFilter,2026-09-10T16:44:36Z
6915976310,Frigid Dusk,https://tr.rbxcdn.com/180DAY-15328be6b596fd48bd3dc8d65a00fa3c/150/150/Image/Webp/noFilter,2026-09-10T16:44:36Z
6918802270,Haze Seas ,https://tr.rbxcdn.com/180DAY-a895963d76c0a0fe907f229e34e44576/150/150/Image/Webp/noFilter,2026-09-10T16:44:36Z
6924758805,🔨 MM2 Aim Trainer,https://tr.rbxcdn.com/180DAY-39b216e7931a1dd29e1d44d9d9a545d6/150/150/Image/Webp/noFilter,2026-09-10T16:44:36Z
6934310111,Avatar Simulator,https://tr.rbxcdn.com/180DAY-90dc04cd13b3cfe0b30c583a0ffcf632/150/150/Image/Webp/noFilter,2026-09-10T16:44:36Z
6938803436,[⭐2X] Anime Dimensions Simulator,https://tr.rbxcdn.com/180DAY-52d1796d7a2a0d8a6ee000ce467d126a/150/150/Image/Webp/noFilter,2026-09-26T14:30:37Z
6939111033,Escape Papa Pizza's Pizzeria! (SCARY OBBY),https://tr.rbxcdn.com/180DAY-d81314139c3b77274204b16d6e629cb8/150/150/Image/Webp/noFilter,2026-09-10T16:44:36Z
6961824067,Fling Things and People,https://tr.rbxcdn.com/180DAY-298897e01eeb244af09a923c7c0cdbcc/150/150/Image/Webp/noFilter,2026-09-10T16:44:36Z
6989310863,Wild Horse Islands,https://tr.rbxcdn.com/180DAY-82e5806075990088643abfa2fee4bb71/150/150/Image/Webp/noFilter,2026-09-10T16:44:36Z
7041939546,Catalog Avatar Creator,https://tr.rbxcdn.com/180DAY-4091747afd807e31c643fac0b3ad3448/150/150/Image/Webp/noFilter,2026-09-10T16:44:36Z
7057417395,when the,https://tr.rbxcdn.com/180DAY-b35dd469ff0380edac1b4a6c778930a1/150/150/Image/Webp/noFilter,2026-09-11T01:22:17Z
7071444234,Pet Story 🐶,https://tr.rbxcdn.com/180DAY-7c339763d588f01511582be0ae344ac2/150/150/Image/Webp/noFilter,2026-09-10T16:44:36Z
7074772062,Speed Draw!,https://tr.rbxcdn.com/180DAY-fdd1096fa197854ccfacf45dab991b9c/150/150/Image/Webp/noFilter,2026-09-10T16:44:36Z
7117492592,[💎] Realistic Hand RP 🖐🤏 Without VR,https://tr.rbxcdn.com/180DAY-3f072ce38f0a4301d1f0355b9268e296/150/150/Image/Webp/noFilter,2026-09-10T16:44:36Z
7138009149,PHIGHTING! [BETA],https://tr.rbxcdn.com/180DAY-ead74d94e1a2ec287eef68401786b8ad/150/150/Image/Webp/noFilter,2026-09-10T16:44:36Z
7167649916,SIREN COP'S PRISON! (SCARY OBBY),https://tr.rbxcdn.com/180DAY-85455326843b0b04e05540bcf9213366/150/150/Image/Webp/noFilter,2026-09-19T15:08:00Z
7171174521,[🌲FOREST🌲] American Plains Mudding,https://tr.rbxcdn.com/180DAY-349b9f539333d0e440cf334a58ec345a/150/150/Image/Webp/noFilter,2026-09-10T16:44:36Z
7180042682,Military Tycoon ®,https://tr.rbxcdn.com/180DAY-a1275a03a8a38cd947182868ff921445/150/150/Image/Webp/noFilter,2026-09-10T16:44:36Z
7199663966,Durian Village 🌳 Malaysia RP,https://tr.rbxcdn.com/180DAY-5190e7c09532b97ba7030946a92f7b50/150/150/Image/Webp/noFilter,2026-09-25T04:58:05Z
7205641391,{MECHANICS} Monday Morning Misery [Beta],https://tr.rbxcdn.com/180DAY-2170ee0b79944f040374224370ca23ce/150/150/Image/Webp/noFilter,2026-09-10T21:33:22Z
7211666966,Tower of Jump [FREE HALOS😇],https://tr.rbxcdn.com/180DAY-6d9820de4cdb6e3132a907943d9629b9/150/150/Image/Webp/noFilter,2026-09-11T04:31:54Z
7239319209,Ohio.,https://tr.rbxcdn.com/180DAY-927885c972ee86cd148e7bc0f9620de5/150/150/Image/Webp/noFilter,2026-09-10T16:44:36Z
7241858214,Build to Survive 🛠️ [TESTING],https://tr.rbxcdn.com/180DAY-f12c91ea14ba91cabade070569c45dc5/150/150/Image/Webp/noFilter,2026-09-10T16:44:36Z
7243409883,Elemental Magic Arena [🍀],https://tr.rbxcdn.com/180DAY-fdd39f4b80b6d078576d2804dba7d969/150/150/Image/Webp/noFilter,2026-09-10T16:44:36Z
7250769796,Build to Survive!,https://tr.rbxcdn.com/180DAY-15817a0584bac6c5bdf988dd8335c6f4/150/150/Image/Webp/noFilter,2026-09-11T15:13:25Z
7253149844,SCP Games and SCP Monsters,https://tr.rbxcdn.com/180DAY-e81f05230cf1e4cadea532083c5b8c05/150/150/Image/Webp/noFilter,2026-09-10T16:44:36Z
7275702385,Stick War Legacy Reborn [NPC Controller InfMode],https://tr.rbxcdn.com/180DAY-8705bf82a5136ad99035086b53ac4094/150/150/Image/Webp/noFilter,2026-09-10T23:21:35Z
7305309231,Taxi Boss 🚖,https://tr.rbxcdn.com/180DAY-cd2522390f99c40ec1c7ba127b2b180b/150/150/Image/Webp/noFilter,2026-09-10T16:44:36Z
7336302630,Project Delta,https://tr.rbxcdn.com/180DAY-38ce3cd9b71864b6f86d0123f5c7aa17/150/150/Image/Webp/noFilter,2026-09-10T16:44:36Z
7344840126,GACHAWOOD ⭐ RP  ,https://tr.rbxcdn.com/180DAY-7fdc19cf3e231431caef96263b179eb0/150/150/Image/Webp/noFilter,2026-09-15T22:54:42Z
7346416636,Pop It Trading ✨,https://tr.rbxcdn.com/180DAY-a0c40013196f258c9b731645315c1faf/150/150/Image/Webp/noFilter,2026-09-12T16:49:10Z
7367863399,BAD CAT,https://tr.rbxcdn.com/180DAY-effbe9c9abb7bb17337955ed8f53cb11/150/150/Image/Webp/noFilter,2026-09-10T16:44:36Z
7427929301,Easy Parkour Obby 🌈,https://tr.rbxcdn.com/180DAY-7e3e5054ddcf32458afcae2a49a6153d/150/150/Image/Webp/noFilter,2026-09-12T16:49:10Z
7491927311,Undertale Test Place Reborn,https://tr.rbxcdn.com/180DAY-fc846f46f7027981a4519b98cea4e245/150/150/Image/Webp/noFilter,2026-09-10T16:44:36Z
7506230120,ELMIRA [Horror],https://tr.rbxcdn.com/180DAY-19bf1f3b4a555b724a9cb90556581e88/150/150/Image/Webp/noFilter,2026-09-10T19:01:37Z
7537544272,🌈 Slide Down A Rainbow Slide Obby! 🌈,https://tr.rbxcdn.com/180DAY-a1114a75d3e4138e3fedc05c0616b727/150/150/Image/Webp/noFilter,2026-09-29T01:58:03Z
7554888362,[🦑] Squid Game X,https://tr.rbxcdn.com/180DAY-334d65d70384d4b12926408dfd1fc3ad/150/150/Image/Webp/noFilter,2026-09-10T16:44:36Z
7577961216,(Testing) Squid Game X,https://tr.rbxcdn.com/180DAY-57c25eff0df8b3b26e0dcff92ee4fb40/150/150/Image/Webp/noFilter,2026-09-10T16:44:36Z
7591156407,🏫My School Tycoon [FLOOR 9 + 10] ,https://tr.rbxcdn.com/180DAY-8b1930070bca821a1772f146f91ee6de/150/150/Image/Webp/noFilter,2026-09-12T13:54:57Z
7605357829,SQUID GAME,https://tr.rbxcdn.com/180DAY-08342c6d40754e92564dbf8b2e10b70a/150/150/Image/Webp/noFilter,2026-09-10T16:44:36Z
7606564092,Shrimp Game,https://tr.rbxcdn.com/180DAY-7356869e274d49a54194e6a36e3d9f47/150/150/Image/Webp/noFilter,2026-09-10T16:44:36Z
7645738534,Light Game,https://tr.rbxcdn.com/180DAY-95f8ebd7866f06da052a9010e24b475e/150/150/Image/Webp/noFilter,2026-09-11T04:44:31Z
7670825572,Pummu Talladega,https://tr.rbxcdn.com/180DAY-09d880c0e15a811451ff6b5732b686ac/150/150/Image/Webp/noFilter,2026-09-10T16:44:36Z
7711635737,Emergency Hamburg,https://tr.rbxcdn.com/180DAY-3e2f6aabdab4e76e3261726294c3f07f/150/150/Image/Webp/noFilter,2026-09-10T16:44:36Z
7720354124,Forget Your Friends Birthday!,https://tr.rbxcdn.com/180DAY-c6c2f2802767955677a8318ef55b365b/150/150/Image/Webp/noFilter,2026-09-20T00:13:06Z
7772810845,[UPDATE] The Presentation Experience,https://tr.rbxcdn.com/180DAY-bcd4e66c938697f569d3fabfba5bc8d9/150/150/Image/Webp/noFilter,2026-09-10T16:44:36Z
7774892351,Fantasia 👑,https://tr.rbxcdn.com/180DAY-109ef34fc3625f7d632d9f7265c56080/150/150/Image/Webp/noFilter,2026-09-10T16:44:36Z
7784286514,5v5 MM2 House 2,https://tr.rbxcdn.com/180DAY-79bf76ae2186961a02206e56c93a4110/150/150/Image/Webp/noFilter,2026-09-10T16:44:36Z
7796842481,RIOTFALL [FPS],https://tr.rbxcdn.com/180DAY-6bc1a731eebb84fc4e73bfb963380087/150/150/Image/Webp/noFilter,2026-09-15T20:06:22Z
7830150255,HCBB 9v9 2.0,https://tr.rbxcdn.com/180DAY-a1ff5efc25881a6215f9e08ab618dd2a/150/150/Image/Webp/noFilter,2026-09-25T01:28:07Z
7839281987,Escape Mr Funny's ToyShop! (SCARY OBBY),https://tr.rbxcdn.com/180DAY-226efdfb6066eace4a8e850d985dffcf/150/150/Image/Webp/noFilter,2026-09-11T17:28:06Z
7871169780,bLockerman's Minesweeper,https://tr.rbxcdn.com/180DAY-82959729d74d1f094eca6267011ae69f/150/150/Image/Webp/noFilter,2026-09-10T16:44:36Z
7896264844,Find the Markers (321),https://tr.rbxcdn.com/180DAY-b9bc38d3e51e8e61f0442b60d3c0d4c6/150/150/Image/Webp/noFilter,2026-09-10T16:44:36Z
7909596432,Impossible Cart Ride Of Doom 💀,https://tr.rbxcdn.com/180DAY-a3e0923a6a25086b4a5bf12dec40f1ca/150/150/Image/Webp/noFilter,2026-09-12T01:11:09Z
7922773201,Final Stand: Remastered,https://tr.rbxcdn.com/180DAY-42fb826866e593c2cfc1845bd6175f46/150/150/Image/Webp/noFilter,2026-10-07T18:13:11Z
7971857341,🕹️[Arcade] Youtuber Tycoon!,https://tr.rbxcdn.com/180DAY-7cb8e90af68ee6fcf443aae870d2020d/150/150/Image/Webp/noFilter,2026-09-10T16:44:36Z
7991339063,Rainbow Friends,https://tr.rbxcdn.com/180DAY-52711cf678d6a095888b0d4c8f893809/150/150/Image/Webp/noFilter,2026-09-10T16:44:36Z
7993293100,Tsunami Game,https://tr.rbxcdn.com/180DAY-555b3bfb1ff20c7ac8d9a492e07bf582/150/150/Image/Webp/noFilter,2026-10-08T23:13:08Z
8003084678,oMega Obby 🌟 727 Stages! ,https://tr.rbxcdn.com/180DAY-264682cea60d40c8bf7e3e792feb4f9b/150/150/Image/Webp/noFilter,2026-09-10T16:44:36Z
8034026074,Easy Glass Bridge (Possible Squid Game),https://tr.rbxcdn.com/180DAY-c735855679d061b6b6642ba812b28c6b/150/150/Image/Webp/noFilter,2026-09-10T16:44:36Z
8054462345,Michael's Zombies,https://tr.rbxcdn.com/180DAY-30840cb217198d8e86116abda7d88153/150/150/Image/Webp/noFilter,2026-09-11T01:22:17Z
8069117419,Demon Soul Simulator,https://tr.rbxcdn.com/180DAY-ae8113c18472f8b05f5a93d7588ef524/150/150/Image/Webp/noFilter,2026-09-11T11:41:58Z
8073154099,The Intruder,https://tr.rbxcdn.com/180DAY-7dc9bdf279e4fe06950354b77a7924ba/150/150/Image/Webp/noFilter,2026-09-19T19:43:04Z
8075399143,[✨ QOL + Susanoo Rework 👹 ] Ninja Time,https://tr.rbxcdn.com/180DAY-8e7c7b2729fc0469bed9939b8589efb6/150/150/Image/Webp/noFilter,2026-09-10T16:44:36Z
8087448382,[🚲] GreenPeak | BIKE PARK [BETA],https://tr.rbxcdn.com/180DAY-b700ef7a85e2f252806b5aba2b13ad91/150/150/Image/Webp/noFilter,2026-09-10T16:44:36Z
8096601114,A Simple Obby Saga,https://tr.rbxcdn.com/180DAY-8721c815f6d05d3f1f98932b2185a616/150/150/Image/Webp/noFilter,2026-09-10T16:44:36Z
8109476632,SpiderMan Simulator 🕷️ [BETA],https://tr.rbxcdn.com/180DAY-dfd642b07ee25e4c9f5108403a72d239/150/150/Image/Webp/noFilter,2026-09-10T16:44:36Z
8122612051,Slendytubbies VS Redux,https://tr.rbxcdn.com/180DAY-2c91b3083f7747b7cd4d90310e9bcb79/150/150/Image/Webp/noFilter,2026-09-10T18:23:54Z
8200787440,Eat Blobs Simulator,https://tr.rbxcdn.com/180DAY-38d49d7a7fc5ae1a94783af95df78e24/150/150/Image/Webp/noFilter,2026-09-10T16:44:36Z
8204899140,Football Fusion 2,https://tr.rbxcdn.com/180DAY-8ca3635b505c36b7799c47b88570e297/150/150/Image/Webp/noFilter,2026-09-10T16:44:36Z
8246874626,[X2 WEEK] Dragon Soul | Anime MMO 🐲,https://tr.rbxcdn.com/180DAY-fd8e67d7d49e404bf09957f442ea639d/150/150/Image/Webp/noFilter,2026-09-10T16:44:36Z
8260276694,[UPDATE] Ability Wars,https://tr.rbxcdn.com/180DAY-b84b2b724757a9624a821d3c188cf2be/150/150/Image/Webp/noFilter,2026-09-10T16:44:36Z
8265622251,Croydon: London Bus Simulator,https://tr.rbxcdn.com/180DAY-90811b339a801c603531b8e7b7035461/150/150/Image/Webp/noFilter,2026-09-10T16:44:36Z
8267733039,🎃 SPECTER,https://tr.rbxcdn.com/180DAY-ed1034cc55abcdc8914d14426db070a8/150/150/Image/Webp/noFilter,2026-09-12T18:32:32Z
8286149869,therapy 🔊,https://tr.rbxcdn.com/180DAY-e65728c587d60fc705c6af380aa1b012/150/150/Image/Webp/noFilter,2026-09-10T16:44:36Z
8288579014,🍃 Children's Home 🧒 RP,https://tr.rbxcdn.com/180DAY-169981dd2c6edefab13d78ae6e2b0c1f/150/150/Image/Webp/noFilter,2026-10-09T16:59:02Z
8304191830,[🤹APRIL FOOL'S🤡] AA,https://tr.rbxcdn.com/180DAY-ceec97df50507c3436e05dfca16cd467/150/150/Image/Webp/noFilter,2026-09-25T22:28:03Z
8305160617,Last to Leave the Circle,https://tr.rbxcdn.com/180DAY-608309d677c4c67930f116f629f6e29b/150/150/Image/Webp/noFilter,2026-09-11T23:29:25Z
8317588085,Block Tycoon ⛏️ [BLUEPRINTS] 📄,https://tr.rbxcdn.com/180DAY-99bcfab016e54e23981de0a445050b33/150/150/Image/Webp/noFilter,2026-09-12T13:54:57Z
8317834514,The Mad Murderer X,https://tr.rbxcdn.com/180DAY-9b4b6d237bba3c5cb2461ce0f186ec49/150/150/Image/Webp/noFilter,2026-09-10T16:44:36Z
8328351891,Mega Mansion Tycoon 🌴🛥️,https://tr.rbxcdn.com/180DAY-c17ac352ddedb8c405c75eda01f3707c/150/150/Image/Webp/noFilter,2026-09-10T16:44:36Z
8351248417,[BLOX CARDS🃏] Booth Game,https://tr.rbxcdn.com/180DAY-b4e59abb93a55c94b63ef298b36257dd/150/150/Image/Webp/noFilter,2026-09-12T01:11:09Z
8356562067,[🎃] Indo Voice,https://tr.rbxcdn.com/180DAY-9b61ed6020d160e9f950c0c678ee5913/150/150/Image/Webp/noFilter,2026-09-10T16:44:36Z
8369888266,Redcliff City 🏡RP ,https://tr.rbxcdn.com/180DAY-a478242e654b38fcaf8bc37812ee30b6/150/150/Image/Webp/noFilter,2026-09-10T16:44:36Z
8388259310,Where's Santa [Story],https://tr.rbxcdn.com/180DAY-1dee66e59e888a23c42ca52c1d592829/150/150/Image/Webp/noFilter,2026-09-10T16:44:36Z
8412352352,Attack on Titan: Paradis,https://tr.rbxcdn.com/180DAY-64afd3a9cb172c4a4937627fb40a0096/150/150/Image/Webp/noFilter,2026-09-10T16:44:36Z
8416249767,Fall Off A Building,https://tr.rbxcdn.com/180DAY-23d13dbc7d9773221b95332dfc0cdc1e/150/150/Image/Webp/noFilter,2026-09-10T16:44:36Z
8424052013,[🔴RX-7] Prodigy Drift,https://tr.rbxcdn.com/180DAY-6921a78f52d5ad55d02411235b73d80c/150/150/Image/Webp/noFilter,2026-10-03T01:58:06Z
8440392280,FNaF : Lost Mind [RP],https://tr.rbxcdn.com/180DAY-b8b53f808bde8099b30b08c9286e76ec/150/150/Image/Webp/noFilter,2026-09-10T16:53:24Z
8481844229,Berry Avenue 🏠 RP,https://tr.rbxcdn.com/180DAY-92e6f4400c5bee7d057e630bcb2ab9fb/150/150/Image/Webp/noFilter,2026-09-10T16:44:36Z
8511615377,PANIK,https://tr.rbxcdn.com/180DAY-ef29d7a100cd334859f5fe39dd12c653/150/150/Image/Webp/noFilter,2026-09-12T18:32:32Z
8514459881,1v1 MM2 House 2,https://tr.rbxcdn.com/180DAY-79bf76ae2186961a02206e56c93a4110/150/150/Image/Webp/noFilter,2026-09-10T16:44:36Z
8534845015,[King Crimson] Sakura Stand,https://tr.rbxcdn.com/180DAY-a344fe2fc51cb237ea6c5c2ab95e28a6/150/150/Image/Webp/noFilter,2026-09-10T16:44:36Z
8540168650,[HUGE UPDATE] Stand Upright: Rebooted,https://tr.rbxcdn.com/180DAY-2f016573fb56fb1faa5b2238e164eaee/150/150/Image/Webp/noFilter,2026-09-10T16:44:36Z
8542259458,SkyWars [SEASON 3!] ✨,https://tr.rbxcdn.com/180DAY-f1deca92d5b0aa3d2e6abcaaf5638691/150/150/Image/Webp/noFilter,2026-09-10T16:44:36Z
8549934015,[FUSIONS] REx: Reincarnated,https://tr.rbxcdn.com/180DAY-61ee5923a3d4fbf6859345e194af63f6/150/150/Image/Webp/noFilter,2026-09-10T21:33:22Z
8554378337,[👊UPD] Weapon Fighting Simulator,https://tr.rbxcdn.com/180DAY-1d88e21e56387c233b4d44c4bbf595f8/150/150/Image/Webp/noFilter,2026-09-10T16:44:36Z
8561718367,Five Nights At Freddy's Doom,https://tr.rbxcdn.com/180DAY-2622ef5e113b55b0d715ca1e3fa39995/150/150/Image/Webp/noFilter,2026-09-12T01:11:09Z
8562822414,Eternal Towers of Hell,https://tr.rbxcdn.com/180DAY-53a5298a4c01b6c9c81eb21fcdb790f2/150/150/Image/Webp/noFilter,2026-09-10T16:44:36Z
8571687919,LOCOfficial!,https://tr.rbxcdn.com/180DAY-4a5f8bb36e9150489f5fd0d4d71fd2f9/150/150/Image/Webp/noFilter,2026-09-10T16:44:36Z
8597349706,Before Truth [Horror],https://tr.rbxcdn.com/180DAY-74f85794576f7e81510c2b54e79f7c1b/150/150/Image/Webp/noFilter,2026-09-10T16:44:36Z
8610305610,Phobics [HORROR],https://tr.rbxcdn.com/180DAY-f9e4960e072c215ec75d611d1c624251/150/150/Image/Webp/noFilter,2026-09-20T20:54:47Z
8617370639,5v5 MM2 Hotel 2,https://tr.rbxcdn.com/180DAY-7f8b9c9f6546d5eb6686b7629f383a1f/150/150/Image/Webp/noFilter,2026-09-10T16:44:36Z
8646026339,[Gradient & Rainbow!] Tower Creator,https://tr.rbxcdn.com/180DAY-28540ced17ab2a0731a422cf7bf32ada/150/150/Image/Webp/noFilter,2026-09-11T15:13:25Z
8657766101,[LANTERNS] Marvellous Smackdown,https://tr.rbxcdn.com/180DAY-63172ebdca4c0eac926a20deabd678d8/150/150/Image/Webp/noFilter,2026-09-10T16:44:36Z
8657806289,Dummies vs Noobs,https://tr.rbxcdn.com/180DAY-47b8d373508115f46bc9469a286f8cef/150/150/Image/Webp/noFilter,2026-09-11T15:13:25Z
8665470667,5v5 MM2 Milbase,https://tr.rbxcdn.com/180DAY-b1316b282a42689411ab123bee3f417b/150/150/Image/Webp/noFilter,2026-09-10T16:44:36Z
8668536168,5v5 MM2 Factory,https://tr.rbxcdn.com/180DAY-a977c9c0938dbb6efa6b5a15a6b1bd49/150/150/Image/Webp/noFilter,2026-09-10T16:44:36Z
8704997000,[🧪] Maple Hospital 🍂,https://tr.rbxcdn.com/180DAY-30ec09bd7274cafe124741dac0c992d9/150/150/Image/Webp/noFilter,2026-09-10T16:44:36Z
8712817601,🚨BARRY'S PRISON RUN! (OBBY),https://tr.rbxcdn.com/180DAY-a9a88dd3aa64379495cb5b18a8e62850/150/150/Image/Webp/noFilter,2026-09-10T16:44:36Z
8715472568,[🛍️CATALOG] Jenna's Elevator! ,https://tr.rbxcdn.com/180DAY-e991624088cfd135efb48803c800c581/150/150/Image/Webp/noFilter,2026-10-02T22:58:03Z
8735521924,CENTAURA,https://tr.rbxcdn.com/180DAY-23dc7d2cd38fa98705fc1fe72710e682/150/150/Image/Webp/noFilter,2026-09-11T01:22:17Z
8737602449,PLS DONATE 💸,https://tr.rbxcdn.com/180DAY-a8c2faf226f0d89bed86a7d5e9683789/150/150/Image/Webp/noFilter,2026-09-10T16:44:36Z
8737899170,🎃 [HATCH WARS] Pet Simulator 99! 🍀,https://tr.rbxcdn.com/180DAY-78b588dfd033f0179c94153863d8b6e5/150/150/Image/Webp/noFilter,2026-09-10T16:44:36Z
8755324823,⛳Golf Frenzy! ,https://tr.rbxcdn.com/180DAY-3e890e18382ab23e7d11e0bee3afb2f8/150/150/Image/Webp/noFilter,2026-09-11T19:28:04Z
8789237466,Ballroom Dance ❤️,https://tr.rbxcdn.com/180DAY-247f6b09d357bf7418d8bfec0b882bc2/150/150/Image/Webp/noFilter,2026-09-12T13:54:57Z
8831256282,Doge Head Escape,https://tr.rbxcdn.com/180DAY-df5446448c59b0d20844eff71fd358e5/150/150/Image/Webp/noFilter,2026-09-10T16:44:36Z
8838701772,SCP Monsters or Trevor Creatures,https://tr.rbxcdn.com/180DAY-51419161dd3ed50b0d562ad608a8cae6/150/150/Image/Webp/noFilter,2026-09-10T16:44:36Z
8840562096,Airship Assault,https://tr.rbxcdn.com/180DAY-ce6eccca2bbc76adfbba71a9c5be8439/150/150/Image/Webp/noFilter,2026-09-10T16:53:24Z
8846144215,🌊Tsunami Disaster Survival🌊,https://tr.rbxcdn.com/180DAY-bfaca39108f64a0c526a39ed47bb1a9c/150/150/Image/Webp/noFilter,2026-09-12T02:28:01Z
8848607186,Digital Piano 🎹,https://tr.rbxcdn.com/180DAY-2986bc5ff42c2442896fc9be050aa059/150/150/Image/Webp/noFilter,2026-09-12T19:00:59Z
8867129986,just daytona. (2012 SOFT BODY),https://tr.rbxcdn.com/180DAY-eadcc9b3271885a5c113b0f717ef9bfd/150/150/Image/Webp/noFilter,2026-09-10T16:44:36Z
8881972529,LewisLife 🏡 RP,https://tr.rbxcdn.com/180DAY-d6c825364d0dda5ffbf6cf595f2e9e5d/150/150/Image/Webp/noFilter,2026-09-15T12:12:42Z
8884433153,Collect All Pets!,https://tr.rbxcdn.com/180DAY-a7277fa886df53ea513646c35ba588d3/150/150/Image/Webp/noFilter,2026-09-10T16:44:36Z
8908228901,SharkBite 2 🦈,https://tr.rbxcdn.com/180DAY-99708a212a9da9c1477d79782f85f44d/150/150/Image/Webp/noFilter,2026-09-10T16:44:36Z
8929050629,Mo's Academy,https://tr.rbxcdn.com/180DAY-2998f08d1eab515f2f5e6f27a21f0fcc/150/150/Image/Webp/noFilter,2026-09-11T18:28:04Z
8973641215,🎃Sonic Elevator,https://tr.rbxcdn.com/180DAY-7106e6afb600c6b8262b7bde2749fed3/150/150/Image/Webp/noFilter,2026-09-12T18:32:32Z
9030362964,🏈 Field Goal Simulator,https://tr.rbxcdn.com/180DAY-16b4998219b88a22ff47fb7912b9de1c/150/150/Image/Webp/noFilter,2026-09-26T02:25:22Z
9049840490,Sonic Speed Simulator,https://tr.rbxcdn.com/180DAY-42b9ea69bd9ec7f18d55b3be9a728a97/150/150/Image/Webp/noFilter,2026-09-10T16:44:36Z
9058310544,[100M] Blast Zone,https://tr.rbxcdn.com/180DAY-c660eba2795475d9c1ef854a000dd979/150/150/Image/Webp/noFilter,2026-09-10T16:44:36Z
9089190262,[NEW SONGS!] Piano Tiles Rush,https://tr.rbxcdn.com/180DAY-ec5d4f1d93b597e0f5f557fff30d3112/150/150/Image/Webp/noFilter,2026-09-29T19:11:44Z
9096881148,Peroxide [Update!],https://tr.rbxcdn.com/180DAY-68da95027a8867b7818fd828caeb05f8/150/150/Image/Webp/noFilter,2026-09-10T16:44:36Z
9099326192,GREAT SCHOOL BREAKOUT! (First Person Obby),https://tr.rbxcdn.com/180DAY-d0294458d25cf596291f7c7509247359/150/150/Image/Webp/noFilter,2026-09-10T16:44:36Z
9103898828,Rogue Demon,https://tr.rbxcdn.com/180DAY-9a503451ea32f2a625c6dd74dce64e35/150/150/Image/Webp/noFilter,2026-09-11T15:13:25Z
9120716669,Insane Elevator Testing,https://tr.rbxcdn.com/180DAY-2aa2e1582d38d46ba5ac712d56e44a10/150/150/Image/Webp/noFilter,2026-09-10T16:44:36Z
9169654849,👁️ Escape Running Head Eyes 👁️,https://tr.rbxcdn.com/180DAY-2c4b64c5eb52e395c746c242c86f6982/150/150/Image/Webp/noFilter,2026-09-11T23:29:25Z
9192423027,Industrialist,https://tr.rbxcdn.com/180DAY-bc39967e17bc364dd8baf2a201731a64/150/150/Image/Webp/noFilter,2026-09-10T16:44:36Z
9224601490,[OPE V2] Fruit Battlegrounds,https://tr.rbxcdn.com/180DAY-5b331270d0a5c1096a3acc6cf62b0414/150/150/Image/Webp/noFilter,2026-09-10T16:44:36Z
9243012887,[turn into cat] Bang Marcave ,https://tr.rbxcdn.com/180DAY-c915d7a6adf28b9b1a3e0800db49fd87/150/150/Image/Webp/noFilter,2026-09-13T02:58:04Z
9272528920,Bikelife: Finland,https://tr.rbxcdn.com/180DAY-36078e60de7a3d34ba042ab0d04d0620/150/150/Image/Webp/noFilter,2026-09-10T16:44:36Z
9273658706,Backrooms,https://tr.rbxcdn.com/180DAY-7823121e65bcbea57b01121bdb4dda63/150/150/Image/Webp/noFilter,2026-09-10T16:44:36Z
9281034297,[🍀💰] Goal Kick Simulator⚽,https://tr.rbxcdn.com/180DAY-3e1e5432f7900d18b5071c15077427f2/150/150/Image/Webp/noFilter,2026-09-10T16:44:36Z
9285238704,⚡Race Clicker,https://tr.rbxcdn.com/180DAY-f44b9518ef9e7764cf193adcef628c21/150/150/Image/Webp/noFilter,2026-09-11T11:41:58Z
9337187827,Another Place,https://tr.rbxcdn.com/180DAY-bd6a81fe882f01451c83fb30e42628d0/150/150/Image/Webp/noFilter,2026-09-26T19:43:08Z
9346039031,[Event] My Hello Kitty Cafe(Build),https://tr.rbxcdn.com/180DAY-f727b46f61d7a57bb5d01b264cd24d92/150/150/Image/Webp/noFilter,2026-09-10T16:44:36Z
9372570969,GRUMPY GRAN! (SCARY OBBY),https://tr.rbxcdn.com/180DAY-0a215b83d98b5600856855f4e9745beb/150/150/Image/Webp/noFilter,2026-09-10T16:44:36Z
9388784421,Destroy a Bridge (5M!),https://tr.rbxcdn.com/180DAY-0cc87552ae0063b65be259d3c0373fa5/150/150/Image/Webp/noFilter,2026-09-10T18:23:54Z
9391468976,[SKY ASSASSIN] Jujutsu Shenanigans,https://tr.rbxcdn.com/180DAY-e27277bbda2ba2efdb47a1863df2da3d/150/150/Image/Webp/noFilter,2026-09-10T16:44:36Z
9404223526,Miners World [Clans],https://tr.rbxcdn.com/180DAY-5fdaad4c2f75217ca44603274517b93b/150/150/Image/Webp/noFilter,2026-09-10T16:44:36Z
9414511685,Drive Cars Down A Hill!,https://tr.rbxcdn.com/180DAY-bb6a21e8a875c8a7b2661d5a7b07e238/150/150/Image/Webp/noFilter,2026-09-10T16:44:36Z
9468518240,Weapon Fighting,https://tr.rbxcdn.com/180DAY-0b8b2312c0def3dc5d355c2d105412a0/150/150/Image/Webp/noFilter,2026-09-26T15:54:13Z
9472371402,🛑 THE BACKROOMS [ REDACTED ],https://tr.rbxcdn.com/180DAY-37ccdbafc506563714f3eef5572edbf0/150/150/Image/Webp/noFilter,2026-10-03T16:51:00Z
9484293069,Sesame Street: Mecha Builders The Game,https://tr.rbxcdn.com/180DAY-bf73dd46cb197340797c8bea71ac5d63/150/150/Image/Webp/noFilter,2026-09-13T00:13:04Z
9484315797,[UPDATE] Decloid Chaos: Overcharged [BETA],https://tr.rbxcdn.com/180DAY-ecf306c9cff5569630a2a8d046c174dc/150/150/Image/Webp/noFilter,2026-09-19T13:58:40Z
9495369236,Cartoon Network Game On - Tycoon Theme Park,https://tr.rbxcdn.com/180DAY-a00bcb624376e41699fb108e469dc2f2/150/150/Image/Webp/noFilter,2026-09-17T15:18:24Z
9503261072,(50% BOOST) TB II | Tower Defense X: BETA,https://tr.rbxcdn.com/180DAY-787a89167a6ebf4674408057b8e1bc5e/150/150/Image/Webp/noFilter,2026-09-10T16:44:36Z
9512938290,Gas Station Tycoon,https://tr.rbxcdn.com/180DAY-bbf26291494898e84e0aa82a158c3589/150/150/Image/Webp/noFilter,2026-09-15T17:00:49Z
9534337535,Shrek in The Backrooms,https://tr.rbxcdn.com/180DAY-8be12502c27bcb85710fcc841e58dd29/150/150/Image/Webp/noFilter,2026-09-10T16:44:36Z
9558986910,Hello Neighbor [3 Acts],https://tr.rbxcdn.com/180DAY-6d5a450f3cf1f4301a7e1dfb1e624d29/150/150/Image/Webp/noFilter,2026-09-10T16:44:36Z
9588998913,👑 Empire Clash,https://tr.rbxcdn.com/180DAY-fec03dfdb89177647935dcc8009eecf2/150/150/Image/Webp/noFilter,2026-09-12T13:54:57Z
9603033881,💰 Bid Battles!,https://tr.rbxcdn.com/180DAY-a9e9d306b3a08e5246995eb3e5e48fde/150/150/Image/Webp/noFilter,2026-09-19T19:13:06Z
9731376817,✨Collect The Body,https://tr.rbxcdn.com/180DAY-5879e561662568ed6cb25b7c76ba8819/150/150/Image/Webp/noFilter,2026-09-10T16:44:36Z
9756976552,[NEW] Derelict,https://tr.rbxcdn.com/180DAY-c1b3c2f15e46c0e692e718aea03837d7/150/150/Image/Webp/noFilter,2026-09-23T18:31:52Z
9772878203,raise a floppa 2 💰 [rich roommate] ,https://tr.rbxcdn.com/180DAY-bb3c59f0341f0871e9af685b4efefdbc/150/150/Image/Webp/noFilter,2026-09-10T16:44:36Z
9788848685,Indo Hangout ,https://tr.rbxcdn.com/180DAY-42d440cf50cd919a58387f50f45dae16/150/150/Image/Webp/noFilter,2026-09-10T16:44:36Z
9791603388,Underground War 2.0 ⚔️ [NUKE],https://tr.rbxcdn.com/180DAY-2d12382dc2468e58383786743297f6b0/150/150/Image/Webp/noFilter,2026-09-10T16:44:36Z
9798463281,[CONFLICT] Cube Combination,https://tr.rbxcdn.com/180DAY-8277312d27c75a0c3bc22c11fed04d2c/150/150/Image/Webp/noFilter,2026-10-09T11:54:56Z
9825515356,Hood Customs,https://tr.rbxcdn.com/180DAY-a22d07bd1d2381c494374011e2c983e8/150/150/Image/Webp/noFilter,2026-09-12T01:11:09Z
9872472334,Evade ,https://tr.rbxcdn.com/180DAY-bf95a86e5f5e37bf61a5f33401e95deb/150/150/Image/Webp/noFilter,2026-09-10T16:44:36Z
9879422661,random tool (4.74),https://tr.rbxcdn.com/180DAY-5361869fbe6db78dd50ebcf80750f187/150/150/Image/Webp/noFilter,2026-09-10T16:44:36Z
9898710720,💸Money Tycoon!,https://tr.rbxcdn.com/180DAY-3f6a31f3c1336d83830bbe609d5b496f/150/150/Image/Webp/noFilter,2026-09-15T17:00:49Z
9922455303,A Lion's Pride Beta - Lion RP 🦁,https://tr.rbxcdn.com/180DAY-80b57192807da0c0fb326484f9030128/150/150/Image/Webp/noFilter,2026-09-10T16:44:36Z
9938675423,🌲 Oaklands [⛏️ REVAMP],https://tr.rbxcdn.com/180DAY-6a67e60e3ed1794e3d8e33ffb046921e/150/150/Image/Webp/noFilter,2026-09-11T15:13:25Z
10075248947,Average Day In America (YARD DEALER),https://tr.rbxcdn.com/180DAY-7674d9294000f828699ed077cb866a33/150/150/Image/Webp/noFilter,2026-09-16T20:04:40Z
10082031223,British Railway,https://tr.rbxcdn.com/180DAY-b5ad46e5e40aa127db9659d860164f26/150/150/Image/Webp/noFilter,2026-09-10T16:44:36Z
10110568567,kill npcs or something,https://tr.rbxcdn.com/180DAY-f2b80662419ced650657f8526a045bf3/150/150/Image/Webp/noFilter,2026-09-10T16:44:36Z
10118504428,[💵X2] My Prison👮‍♂️,https://tr.rbxcdn.com/180DAY-27984ce3ee93381cca0197ee8bfa86d7/150/150/Image/Webp/noFilter,2026-09-10T16:44:36Z
10118559731,nico's nextbots 🌸  ,https://tr.rbxcdn.com/180DAY-6cfd96fd875014c6bcabdfba3c6d0acf/150/150/Image/Webp/noFilter,2026-09-11T11:41:58Z
10149471313,Zombie Survival Garry's Mod [Old],https://tr.rbxcdn.com/180DAY-7d726dc46a0c09c963213345a2681e41/150/150/Image/Webp/noFilter,2026-09-19T16:58:03Z
10165583746,Examination,https://tr.rbxcdn.com/180DAY-2b21d6d9f8859e19bdb3fe5583cd3eba/150/150/Image/Webp/noFilter,2026-09-10T16:44:36Z
10179538382,South Bronx: The Trenches❗,https://tr.rbxcdn.com/180DAY-81e613d3e498517052a0c3128cf8fa06/150/150/Image/Webp/noFilter,2026-09-10T16:44:36Z
10204250851,CHAIN,https://tr.rbxcdn.com/180DAY-bdda9b4f6fc5acb541631860086b0176/150/150/Image/Webp/noFilter,2026-09-10T23:21:35Z
10224049386,House Tycoon 2,https://tr.rbxcdn.com/180DAY-c86d55857b41538164f2cb5a338b0feb/150/150/Image/Webp/noFilter,2026-09-10T16:44:36Z
10228136016,[🗺️NEW MAP] Fallen Survival🏹,https://tr.rbxcdn.com/180DAY-b71d29bfafb03c20e3fd1f1af6bcd9d7/150/150/Image/Webp/noFilter,2026-09-10T16:44:36Z
10235499475,Cart Ride Fun,https://tr.rbxcdn.com/180DAY-f1a1bef3e6a5089e0a52d908814dc124/150/150/Image/Webp/noFilter,2026-09-12T13:54:57Z
10253248401,Elemental Powers Tycoon,https://tr.rbxcdn.com/180DAY-34d80386208a56691d01a269c2c92374/150/150/Image/Webp/noFilter,2026-09-10T16:44:36Z
10260193230,[UPDATE 4] Meme Sea,https://tr.rbxcdn.com/180DAY-4d3919cea9dca30d39d181736232290c/150/150/Image/Webp/noFilter,2026-09-10T16:44:36Z
10272636261,Infinite Tower Tycoon,https://tr.rbxcdn.com/180DAY-0f5015ff032e5cb7364bf79d3738bb5c/150/150/Image/Webp/noFilter,2026-09-10T16:44:36Z
10277607801,Apeirophobia,https://tr.rbxcdn.com/180DAY-62d2edbcbadc9aeb5fe55e5c7c313457/150/150/Image/Webp/noFilter,2026-09-10T16:44:36Z
10290376430,An Infinite Highway,https://tr.rbxcdn.com/180DAY-1ea0f44e3a20516567dfb6c7d4e2e693/150/150/Image/Webp/noFilter,2026-09-16T15:29:56Z
10351562025,🌴Tropical Royale🌴,https://tr.rbxcdn.com/180DAY-e2db1f59a4ee99e388d7862de32c987d/150/150/Image/Webp/noFilter,2026-09-10T16:44:36Z
10427804764,[FALL 🍂] Soulmate Color 🎨,https://tr.rbxcdn.com/180DAY-67187c037c41accb5f1ae05fa1582be9/150/150/Image/Webp/noFilter,2026-09-11T23:29:25Z
10449761463,The Strongest Battlegrounds,https://tr.rbxcdn.com/180DAY-68c92fc62a8753793f7963e146b5197f/150/150/Image/Webp/noFilter,2026-09-10T16:44:36Z
10450270085,[⚖️JUDGEMAN] Jujutsu Infinite,https://tr.rbxcdn.com/180DAY-e8111c0eeb7509d12c25ce89922166f8/150/150/Image/Webp/noFilter,2026-09-10T16:44:36Z
10515146389,[🌙] Elemental Dungeons,https://tr.rbxcdn.com/180DAY-301bdc49bda82751004a29c865602ec2/150/150/Image/Webp/noFilter,2026-09-12T18:58:03Z
10518166490,ARMORED PATROL,https://tr.rbxcdn.com/180DAY-f30098c42fa770b523f26c2bcb12201e/150/150/Image/Webp/noFilter,2026-09-10T16:44:36Z
10523498173,[🎃 x13 LUCK] Trollge Universe Incident,https://tr.rbxcdn.com/180DAY-c7988f8e4a86065acfec58161ecf046c/150/150/Image/Webp/noFilter,2026-10-01T00:43:05Z
10554647907,Tower of Coffee (Coffee Tower),https://tr.rbxcdn.com/180DAY-d58f0c280055b6141268ffab2ddf3c1f/150/150/Image/Webp/noFilter,2026-09-10T16:44:36Z
10561456271,[RITUALS 🕯️] The Vampire Legends 2,https://tr.rbxcdn.com/180DAY-ed62d46a4ee99b781a3d47bc346df797/150/150/Image/Webp/noFilter,2026-09-10T16:44:36Z
10576142169,The Backrooms 🚪 ,https://tr.rbxcdn.com/180DAY-4c7bb89e8de9b85aa417c0a51b4a6c2c/150/150/Image/Webp/noFilter,2026-09-10T16:44:36Z
10595058975,[Withered Grove 🧿] Arcane Lineage,https://tr.rbxcdn.com/180DAY-a0f4261d34c52187a3877a7fca17ca62/150/150/Image/Webp/noFilter,2026-09-10T16:44:36Z
10660791703,cart ride around nothing,https://tr.rbxcdn.com/180DAY-b19c76586345d713836f94fa64ce0010/150/150/Image/Webp/noFilter,2026-09-10T16:44:36Z
10679239752,Furry Infection game [Furinfection],https://tr.rbxcdn.com/180DAY-d056147da40b0b83cbc6ed2bf273a40a/150/150/Image/Webp/noFilter,2026-09-10T16:44:36Z
10696301650,HUMANS! Primeval Earth | Dinosaur Survival,https://tr.rbxcdn.com/180DAY-bb92da49349bd4a1f657bd04dea1debf/150/150/Image/Webp/noFilter,2026-09-10T16:44:36Z
10704789056,[TAXI] Drive World,https://tr.rbxcdn.com/180DAY-5aa5d0261f56e6e1cfe15d9e1bfd05c1/150/150/Image/Webp/noFilter,2026-09-10T16:44:36Z
10714365287,[REVAMP] Anime Racing Clicker,https://tr.rbxcdn.com/180DAY-35b6626d3c13a5e2166b7f994f0cd8ba/150/150/Image/Webp/noFilter,2026-10-02T15:58:06Z
10726371567,Find The Simpsons [285],https://tr.rbxcdn.com/180DAY-ddae6e50f44bdfee846f7df8f99540f6/150/150/Image/Webp/noFilter,2026-09-10T16:44:36Z
10745043766,🔥Survive the LAVA!,https://tr.rbxcdn.com/180DAY-f3540988d2be7349635b822cb3d10d00/150/150/Image/Webp/noFilter,2026-09-10T16:44:36Z
10760024537,🌟Ultimate Easy Obby,https://tr.rbxcdn.com/180DAY-843c4414eb63fa81bf62db98c041f05f/150/150/Image/Webp/noFilter,2026-09-10T16:44:36Z
10834586502,The Battle Bricks,https://tr.rbxcdn.com/180DAY-137fc342c73959983615b9ee33c4406b/150/150/Image/Webp/noFilter,2026-09-10T16:44:36Z
10846691679,Fireworks Playground,https://tr.rbxcdn.com/180DAY-ff1f3919ddae65481b658e2c093b98f4/150/150/Image/Webp/noFilter,2026-09-10T23:21:35Z
10853515606,🎃 MEDIEVAL STRATEGY,https://tr.rbxcdn.com/180DAY-d8a76f6e1ad43a2bbf5c5ce8f28e6b36/150/150/Image/Webp/noFilter,2026-09-10T16:44:36Z
10905034443,🥳 Smoothie Factory Tycoon 🏭,https://tr.rbxcdn.com/180DAY-2898ddd481f08a677c96272813882b91/150/150/Image/Webp/noFilter,2026-09-12T13:54:57Z
10912405603,[DRAGONS!] Clover Retribution,https://tr.rbxcdn.com/180DAY-027fe72a131464fb51baf31404a4780e/150/150/Image/Webp/noFilter,2026-09-10T16:44:36Z
10941514720,Chaos Jenga,https://tr.rbxcdn.com/180DAY-75f7089c65c08445c6f0f8e7cf5d7444/150/150/Image/Webp/noFilter,2026-09-10T16:44:36Z
10959918411,Studio Lite,https://tr.rbxcdn.com/180DAY-30136dcd23ac75106ab551af3a9c48c4/150/150/Image/Webp/noFilter,2026-09-10T16:44:36Z
10982620122,[FELL!SANS] Undertale: Last Corridor,https://tr.rbxcdn.com/180DAY-b71b17699c438d5f6766f340cd3b9e8e/150/150/Image/Webp/noFilter,2026-09-12T18:32:32Z
11021288030,🚨 MR YUMMY'S SUPERMARKET! (Escape Obby),https://tr.rbxcdn.com/180DAY-9e98c786dc21e894409ac30c521b3456/150/150/Image/Webp/noFilter,2026-09-10T16:44:36Z
11137575513,The Chosen One,https://tr.rbxcdn.com/180DAY-931b14a01c96ba6f96492deb463efc99/150/150/Image/Webp/noFilter,2026-09-10T16:44:36Z
11156779721,The Survival Game [UPD!],https://tr.rbxcdn.com/180DAY-fa9457cc04d98ebe21508105bc379d48/150/150/Image/Webp/noFilter,2026-09-10T16:53:24Z
11157166793,Ant War 🐜,https://tr.rbxcdn.com/180DAY-bb024bcb466573b79cfce2308f004bbe/150/150/Image/Webp/noFilter,2026-09-12T18:58:03Z
11158043705,Baddies 💅,https://tr.rbxcdn.com/180DAY-69dc426fa6d99b3b27f9ba83c9930400/150/150/Image/Webp/noFilter,2026-09-10T16:44:36Z
11169441681,Word Bridge,https://tr.rbxcdn.com/180DAY-96da7b3f1bd73139dabc1c9710385bcf/150/150/Image/Webp/noFilter,2026-09-11T11:41:58Z
11177482306,[Revamp🔥] Streetz War 2,https://tr.rbxcdn.com/180DAY-279af62b0d5d153293d28e88218308d9/150/150/Image/Webp/noFilter,2026-09-18T19:43:03Z
11232592166,Touch Soccer,https://tr.rbxcdn.com/180DAY-128274f14f982dd0c165f556e094bb23/150/150/Image/Webp/noFilter,2026-09-10T16:44:36Z
11273483795,Ultimate Ragdoll Playground,https://tr.rbxcdn.com/180DAY-30677a9321016d357f06048f477b5769/150/150/Image/Webp/noFilter,2026-09-10T16:44:36Z
11276071411,NPC or DIE! 💢,https://tr.rbxcdn.com/180DAY-fe48e81d8ef346219d5a3d2fe08ead58/150/150/Image/Webp/noFilter,2026-09-10T16:44:36Z
11309393788,Pick a Slide [Backrooms],https://tr.rbxcdn.com/180DAY-8cdd3d013b88fa15238b706f43d231fd/150/150/Image/Webp/noFilter,2026-09-11T17:58:02Z
11364087119,[🚂] Cart Ride,https://tr.rbxcdn.com/180DAY-bcd2823e3b946e7408151d1de303f0ed/150/150/Image/Webp/noFilter,2026-09-10T16:44:36Z
11378364822,Tales Of Tanorio,https://tr.rbxcdn.com/180DAY-20d5c83bc4a2ac4eeaecb65218604630/150/150/Image/Webp/noFilter,2026-10-07T18:43:05Z
11379739543,Timebomb Duels [Alpha],https://tr.rbxcdn.com/180DAY-f22851498a8e97540c52a3606851c5c7/150/150/Image/Webp/noFilter,2026-09-10T16:44:36Z
11385151632,ESCAPE MR. STINKY DETENTION! (OBBY),https://tr.rbxcdn.com/180DAY-7a1de470faf0f7a8c6c2984a2c392329/150/150/Image/Webp/noFilter,2026-09-26T15:54:13Z
11392373641,FNAF: Eternal Nights 🍕,https://tr.rbxcdn.com/180DAY-f8748db742d93162aaf83658a63e25ab/150/150/Image/Webp/noFilter,2026-09-10T16:44:36Z
11451679682,Murder Drones: RP | REMASTERED,https://tr.rbxcdn.com/180DAY-a46727d5d6c6b65ee78e42f49b7809d9/150/150/Image/Webp/noFilter,2026-09-10T16:44:36Z
11464559285,El Gato Tower 😸 [MEGA UPDATE],https://tr.rbxcdn.com/180DAY-5455451a11480276c8961c1619da3ebd/150/150/Image/Webp/noFilter,2026-09-10T16:44:36Z
11474405411,[TITANIC!] Cruise Line Tycoon,https://tr.rbxcdn.com/180DAY-bed8a5e53ef1d68287dc2c096b2ec3dd/150/150/Image/Webp/noFilter,2026-09-10T16:44:36Z
11481846244,Taiyaki Stage Tower,https://tr.rbxcdn.com/180DAY-364ca19c61237ddd71ef1323167c06a5/150/150/Image/Webp/noFilter,2026-09-12T03:43:01Z
11497119928,PET PARTY 🎉 RP,https://tr.rbxcdn.com/180DAY-43a9412563718332100204f03703c59a/150/150/Image/Webp/noFilter,2026-09-13T02:13:03Z
11534222714,[Testing] Attack on Titan: Freedom War,https://tr.rbxcdn.com/180DAY-a52ceb1b7c879adb082e2a483790e375/150/150/Image/Webp/noFilter,2026-10-01T20:43:06Z
11541986592,Color Escape!,https://tr.rbxcdn.com/180DAY-80508e2f2bfa4f781778965d216bae50/150/150/Image/Webp/noFilter,2026-09-10T16:53:24Z
11573027469,ESCAPE EVIL GRANDPA! (OBBY),https://tr.rbxcdn.com/180DAY-b1fab15e9783053767da45373c048a5e/150/150/Image/Webp/noFilter,2026-09-10T16:44:36Z
11594344738,Voxel Destruction Physics,https://tr.rbxcdn.com/180DAY-fe500dfc2f9ab9496a3acc16a8daa62f/150/150/Image/Webp/noFilter,2026-09-12T13:54:57Z
11653088948,[CRYO] Jurassic Blocky,https://tr.rbxcdn.com/180DAY-fea4485b152fbb37e3f58cffa810c87c/150/150/Image/Webp/noFilter,2026-09-10T16:44:36Z
11684369582,I Wanna Test The Game (Beta Test),https://tr.rbxcdn.com/180DAY-fe8b2cf5c356675619f27cae66d5e1eb/150/150/Image/Webp/noFilter,2026-09-10T16:44:36Z
11694307960,Salon de Fiestas 2,https://tr.rbxcdn.com/180DAY-2660d6f4207357c6864f6e7f316eb9f5/150/150/Image/Webp/noFilter,2026-09-10T16:44:36Z
11708967881,Yeet A Friend! ✨,https://tr.rbxcdn.com/180DAY-c1e87583a27ed4fb1ddc67742d208b30/150/150/Image/Webp/noFilter,2026-09-12T13:54:57Z
11727501024,[🎃] Create a Cart Ride!,https://tr.rbxcdn.com/180DAY-db78fc1d44b9d3f9105d52dec1f1513c/150/150/Image/Webp/noFilter,2026-09-10T16:44:36Z
11729688377,🎃 Booga Booga ,https://tr.rbxcdn.com/180DAY-c6fe526656f70997f504c2eb9d6af8c2/150/150/Image/Webp/noFilter,2026-09-10T16:44:36Z
11755449133,[🎃] Mini Empires,https://tr.rbxcdn.com/180DAY-bf32da009e91d46b9c046c4cd4e62ee6/150/150/Image/Webp/noFilter,2026-09-11T18:28:04Z
11765402359,Clip It 😂🎬👗,https://tr.rbxcdn.com/180DAY-16bcb2c965d708128a03899c828082e7/150/150/Image/Webp/noFilter,2026-09-10T16:44:36Z
11782774748,IQ Test 🧠,https://tr.rbxcdn.com/180DAY-015113cf7a8f7ab6dcd280bf7d89bcc8/150/150/Image/Webp/noFilter,2026-09-10T16:44:36Z
11815767793,Ultimate Battlegrounds,https://tr.rbxcdn.com/180DAY-8319566da7e915e95d5e2b018504792b/150/150/Image/Webp/noFilter,2026-09-10T16:44:36Z
11828997646,Locos Online SCAREDY ENGINES 🚂 🌏,https://tr.rbxcdn.com/180DAY-94229eff456c76c9850d840a27faf5c9/150/150/Image/Webp/noFilter,2026-09-12T13:54:57Z
11832484500,Autopilot Simulator / FSD,https://tr.rbxcdn.com/180DAY-539f0fe538b9aa5889ccc105dd5309e0/150/150/Image/Webp/noFilter,2026-09-10T16:44:36Z
11848247239,🧑‍💼🍣 Conveyor Sushi Restaurant,https://tr.rbxcdn.com/180DAY-59f8c0faadac4815e3c3046343853418/150/150/Image/Webp/noFilter,2026-09-10T16:44:36Z
11862502039,Seaside RP🏡🌴 City RP,https://tr.rbxcdn.com/180DAY-6ce4bba2391f000bebacc80407e081b2/150/150/Image/Webp/noFilter,2026-09-10T16:44:36Z
11872917490,[🌀NEW!] Fabled Legacy! RPG,https://tr.rbxcdn.com/180DAY-35870bbf0a1cf72a23bdeadc214a6c3f/150/150/Image/Webp/noFilter,2026-09-10T16:44:36Z
11928087342,The Butchery,https://tr.rbxcdn.com/180DAY-62ba11915d1e416f6a467601baf59327/150/150/Image/Webp/noFilter,2026-09-10T16:44:36Z
11945996815,Crazy Cards 🤣,https://tr.rbxcdn.com/180DAY-40f94295b1d284170ae4860399c56598/150/150/Image/Webp/noFilter,2026-09-19T03:13:03Z
11966456877,Answer or Die,https://tr.rbxcdn.com/180DAY-93011665399063ee57b9f50cc9b6209d/150/150/Image/Webp/noFilter,2026-09-11T19:58:03Z
12018893069,Team Soccer,https://tr.rbxcdn.com/180DAY-1c59ccc6225dcfc260b95fd18b90de57/150/150/Image/Webp/noFilter,2026-09-10T16:44:36Z
12068120918,Napoleonic Wars,https://tr.rbxcdn.com/180DAY-5895ea23897e543fa077de248e62d46c/150/150/Image/Webp/noFilter,2026-09-22T19:03:29Z
12076775711,[🦕NEW DINO] Primal Pursuit 🦖 Humans vs Dinosaurs,https://tr.rbxcdn.com/180DAY-9a58b9c0785b2bf98b40da6601f7c2d7/150/150/Image/Webp/noFilter,2026-09-10T16:44:36Z
12077443856,Cali Shootout 💥,https://tr.rbxcdn.com/180DAY-cecf7ef329ead81e3e8ccfe7e8ce1c02/150/150/Image/Webp/noFilter,2026-09-10T18:57:27Z
12090482034,Escape Baby Bobby Daycare! (OBBY),https://tr.rbxcdn.com/180DAY-fdc649131cee2940307f806f290e2bfd/150/150/Image/Webp/noFilter,2026-09-10T16:44:36Z
12094105681,🌈 Accurate Rainbow Friends Roleplay,https://tr.rbxcdn.com/180DAY-ec0395a800bbde370f902fae4a2f9895/150/150/Image/Webp/noFilter,2026-10-03T16:09:16Z
12118894416,Thirsty Vampire,https://tr.rbxcdn.com/180DAY-e8b0658e38d10a35ea3213b3431e8776/150/150/Image/Webp/noFilter,2026-09-12T16:49:10Z
12141819334,Trench Combat 💥,https://tr.rbxcdn.com/180DAY-85cd7dbc9a442f90ec60984c51962f72/150/150/Image/Webp/noFilter,2026-09-11T11:41:58Z
12144402492,[0.25.3] Deadline,https://tr.rbxcdn.com/180DAY-9432f4ba49dc475bb40bf80f50609289/150/150/Image/Webp/noFilter,2026-09-10T16:44:36Z
12177325772,FIFA Super Soccer,https://tr.rbxcdn.com/180DAY-ab2fd786a6324611c9695abc4630a62b/150/150/Image/Webp/noFilter,2026-09-10T16:44:36Z
12262046571,[The Clique] 💃TOD,https://tr.rbxcdn.com/180DAY-efdd3c398948e873719bad52912c790a/150/150/Image/Webp/noFilter,2026-09-10T16:44:36Z
12297350239,[ITACHI VS SASUKE] Shonen Unleashed,https://tr.rbxcdn.com/180DAY-50d5455d60494eedb6fc38c5a9a05e59/150/150/Image/Webp/noFilter,2026-09-11T01:22:17Z
12334109280,Guts & Blackpowder,https://tr.rbxcdn.com/180DAY-db58c050d202c15d12a839b11064fdf3/150/150/Image/Webp/noFilter,2026-09-10T16:44:36Z
12338455185,Tropical Resort Tycoon 2 🌴,https://tr.rbxcdn.com/180DAY-c5b8c984075588c72c59054aae6cc012/150/150/Image/Webp/noFilter,2026-09-10T16:44:36Z
12347771683,Eat a Huge Waffle,https://tr.rbxcdn.com/180DAY-42845c234c769900a69994c738920fdf/150/150/Image/Webp/noFilter,2026-10-02T15:26:20Z
12355337193,MVSD | Murderers VS Sheriffs Duels,https://tr.rbxcdn.com/180DAY-37e9c779ef79833fc9dab3adca8d9f9d/150/150/Image/Webp/noFilter,2026-09-10T16:44:36Z
12397515839,Silly Simon Says,https://tr.rbxcdn.com/180DAY-fcd8ec7b40ae58d6f7f18432e80403d9/150/150/Image/Webp/noFilter,2026-09-10T16:44:36Z
12398038681,Garten of Banban,https://tr.rbxcdn.com/180DAY-4ef092b556841ea36c408ef77d7b816f/150/150/Image/Webp/noFilter,2026-09-10T16:44:36Z
12407250267,Keys 🗝️,https://tr.rbxcdn.com/180DAY-539f7d6462c2732f838de3d32cfffe16/150/150/Image/Webp/noFilter,2026-09-10T16:44:36Z
12411473842,Pressure,https://tr.rbxcdn.com/180DAY-1c367e9e2c3d85b65c39323220b79d15/150/150/Image/Webp/noFilter,2026-09-10T16:44:36Z
12495498157,FNAF: Co-op,https://tr.rbxcdn.com/180DAY-b407b00992db452175f77fb40f021793/150/150/Image/Webp/noFilter,2026-09-10T16:44:36Z
12533625712,🏍️ Motorcycle Mayhem,https://tr.rbxcdn.com/180DAY-2d7fc09da282a296d924ddb479e4e175/150/150/Image/Webp/noFilter,2026-09-20T18:18:50Z
12550651382,Ecos: La Brea,https://tr.rbxcdn.com/180DAY-2de3b104249c6d71aff90b5f53742480/150/150/Image/Webp/noFilter,2026-09-10T16:44:36Z
12575645876,Foresto: Hunting Game,https://tr.rbxcdn.com/180DAY-f16876e2b556ae6071aa158810072d06/150/150/Image/Webp/noFilter,2026-09-12T18:32:32Z
12591551497,generic zombie apoclypse RP,https://tr.rbxcdn.com/180DAY-a68f628348d357af9515e7df2ba5131a/150/150/Image/Webp/noFilter,2026-09-10T23:21:35Z
12593620250,[🎃EVENT] Ride Storm,https://tr.rbxcdn.com/180DAY-cf9cced286c8900837362e0b08ca35a6/150/150/Image/Webp/noFilter,2026-09-10T16:44:36Z
12623585422,Color Block Run,https://tr.rbxcdn.com/180DAY-080dda5bdb93addf13ae1be57d53ab67/150/150/Image/Webp/noFilter,2026-09-12T13:54:57Z
12625784503,Saber Showdown,https://tr.rbxcdn.com/180DAY-c12dbf67a7eec35290d6a6e00ef26e31/150/150/Image/Webp/noFilter,2026-09-10T16:44:36Z
12640491155,[🎃] Bayside High School 🍎,https://tr.rbxcdn.com/180DAY-dfe43a79d52462d7d1f1781304f9c0ed/150/150/Image/Webp/noFilter,2026-09-10T16:44:36Z
12641272458,Teamwork Puzzles 2 (Obby),https://tr.rbxcdn.com/180DAY-42982ca4981577f9a3f3bb0b7e3a7ce1/150/150/Image/Webp/noFilter,2026-09-10T16:44:36Z
12673840215,REALISTIC HOOD TESTING,https://tr.rbxcdn.com/180DAY-e3b1a082525e94b851820653c4941fed/150/150/Image/Webp/noFilter,2026-09-11T01:22:17Z
12699642568,Neighbors 🔊,https://tr.rbxcdn.com/180DAY-95eee56d008c07e8b232b2e6d51f33b9/150/150/Image/Webp/noFilter,2026-09-10T16:44:36Z
12716055617,Emergency Emden,https://tr.rbxcdn.com/180DAY-7e2d8d49985241c6a796273fe9820a23/150/150/Image/Webp/noFilter,2026-09-10T16:44:36Z
12735022823,[CHAPTER 2] 6 P.M.,https://tr.rbxcdn.com/180DAY-9c4e0aee2da8b8cda61a6893f5dbfb13/150/150/Image/Webp/noFilter,2026-09-12T04:28:01Z
12828227139,[2x] War Machines,https://tr.rbxcdn.com/180DAY-423dc8575a5f667bdb64a7dc4defa587/150/150/Image/Webp/noFilter,2026-09-10T16:44:36Z
12847474373,MORPH WORLD 🏠 [INFECTED HOUSE BOSS!],https://tr.rbxcdn.com/180DAY-9291d1b719e6b197d434cb11a3292807/150/150/Image/Webp/noFilter,2026-09-10T16:44:36Z
12877710042,Banana Nextbot 🍌,https://tr.rbxcdn.com/180DAY-81dc4380733544506a1431cc44856998/150/150/Image/Webp/noFilter,2026-09-11T15:13:25Z
12892130985,👓 Mandrake Catalog Editor (BETA),https://tr.rbxcdn.com/180DAY-956baa37f57d641608d8bcf32157f359/150/150/Image/Webp/noFilter,2026-09-11T23:29:25Z
12893488117,[HUNGARY 2] Train Sim,https://tr.rbxcdn.com/180DAY-ed972985621df923eeb5a6cf0a075f22/150/150/Image/Webp/noFilter,2026-09-10T16:44:36Z
12898101290,Mega Easy Tower,https://tr.rbxcdn.com/180DAY-0543e050689a330c2a729045c7a9e9a2/150/150/Image/Webp/noFilter,2026-09-11T15:13:25Z
12912701243,ESCAPE EVIL GRANDMA! (FIRST PERSON OBBY),https://tr.rbxcdn.com/180DAY-f82f74b9ec238b369bba42450b4c86e6/150/150/Image/Webp/noFilter,2026-09-10T16:44:36Z
12912731475,Mansion Tycoon 🌴🏠,https://tr.rbxcdn.com/180DAY-b8ec2a62caa1cac9dd8f2072e1eeb1f2/150/150/Image/Webp/noFilter,2026-09-10T16:44:36Z
12931609417,Color or Die 🎨,https://tr.rbxcdn.com/180DAY-e76e2066ea4e97e2805233fd3de625a9/150/150/Image/Webp/noFilter,2026-09-10T16:44:36Z
12933818947,Collapsing Tower,https://tr.rbxcdn.com/180DAY-1695b5f0869eaf1c2b76b03148aac6e0/150/150/Image/Webp/noFilter,2026-09-11T04:44:31Z
12970059795,[UPD] OBSCURE [HORROR],https://tr.rbxcdn.com/180DAY-78f959521aad44a4f7b4571d700aed14/150/150/Image/Webp/noFilter,2026-09-25T16:28:05Z
12979690461,Phantom Ball,https://tr.rbxcdn.com/180DAY-c71d4281a457ac13307a0021adb985d0/150/150/Image/Webp/noFilter,2026-09-11T05:58:03Z
12981936705,ESCAPE HANDSOME MEN OBBY,https://tr.rbxcdn.com/180DAY-55f58126dc27c36c906a80d2a02e5263/150/150/Image/Webp/noFilter,2026-09-10T16:44:36Z
12985361032,Metro Life 🏡 City RP,https://tr.rbxcdn.com/180DAY-4aab2b63b7bc788722a6e432403f16ae/150/150/Image/Webp/noFilter,2026-09-10T16:44:36Z
12986400307,[3 YEARS🎁]⚔Sword Warriors!,https://tr.rbxcdn.com/180DAY-4f422e0b4aa3f0abd5504d476df7b21c/150/150/Image/Webp/noFilter,2026-09-12T13:54:57Z
12991635726,Sneaker Resell Simulator,https://tr.rbxcdn.com/180DAY-7d47c40f1ceee168f63130fafbb3d47c/150/150/Image/Webp/noFilter,2026-09-12T21:21:14Z
12997619803,Clone Kingdom Tycoon ⚔️ ,https://tr.rbxcdn.com/180DAY-8ef742991cac2e316d7624ce58580e14/150/150/Image/Webp/noFilter,2026-09-10T16:44:36Z
13017078249,Highest Roller Coaster on Roblox,https://tr.rbxcdn.com/180DAY-cb40557a4376be98aee6e14309fa5e37/150/150/Image/Webp/noFilter,2026-09-15T17:00:49Z
13027675420,[5800 stage!! ] Effortless Tower,https://tr.rbxcdn.com/180DAY-3a89f9782351f576a1a81b6e3e664613/150/150/Image/Webp/noFilter,2026-09-12T13:54:57Z
13042495892,[QT: REWIRED] Project: Afternight,https://tr.rbxcdn.com/180DAY-8fda00ad025fc3ae7d3047a25523462d/150/150/Image/Webp/noFilter,2026-09-10T16:44:36Z
13059719130,Glory Kill Testing,https://tr.rbxcdn.com/180DAY-fc5a5359a00ff4b228d59844c28d0fa2/150/150/Image/Webp/noFilter,2026-09-19T13:58:40Z
13076380114,[💥] Heroes Battlegrounds,https://tr.rbxcdn.com/180DAY-3c3fba3ff15d44cddfacd7f743a94fc9/150/150/Image/Webp/noFilter,2026-09-10T16:44:36Z
13083893317,[🎃⏰SOON] Life Sentence,https://tr.rbxcdn.com/180DAY-b08f82cf45c39310e68c7d25bdd257ad/150/150/Image/Webp/noFilter,2026-09-10T21:33:22Z
13110267312,Animal Sim: Underwater,https://tr.rbxcdn.com/180DAY-c64f1d509a9b793f4d0556d60c8255ba/150/150/Image/Webp/noFilter,2026-09-10T16:44:36Z
13116420108,Try To Die 💀,https://tr.rbxcdn.com/180DAY-4a7f02d2bbdc575eca95d729a2c1b6f2/150/150/Image/Webp/noFilter,2026-09-15T17:00:49Z
13118814103, [🧑‍🍳CLASSES] Generic Cooking Game [BETA],https://tr.rbxcdn.com/180DAY-7da71100ba7a3b7b931ffa9f90b7f153/150/150/Image/Webp/noFilter,2026-09-10T16:44:36Z
13127800756,Arm Wrestle Simulator,https://tr.rbxcdn.com/180DAY-0f2b4129c7d4908404cb0b6f9694da85/150/150/Image/Webp/noFilter,2026-09-10T16:44:36Z
13141106123,Rogueblade [Farmer],https://tr.rbxcdn.com/180DAY-9d3f4077abfec54e8c16eb7d2923c310/150/150/Image/Webp/noFilter,2026-10-03T01:13:07Z
13151311229,speed demon boss fight (real),https://tr.rbxcdn.com/180DAY-7e470580653c7973cc2765c12883a579/150/150/Image/Webp/noFilter,2026-09-25T14:43:01Z
13159565330,eat stuf get fat,https://tr.rbxcdn.com/180DAY-25f50767fe39c645f73c1a66d529b7d8/150/150/Image/Webp/noFilter,2026-09-10T16:44:36Z
13166293021,Barbie DreamHouse Tycoon,https://tr.rbxcdn.com/180DAY-0d9b1623880a2783de09f74e899afbb1/150/150/Image/Webp/noFilter,2026-09-10T16:44:36Z
13184713709,Teamwork Puzzles (Obby),https://tr.rbxcdn.com/180DAY-b25933db3afb515c56319a7aaf6ad9bf/150/150/Image/Webp/noFilter,2026-09-10T16:44:36Z
13189735542,Troll Obby,https://tr.rbxcdn.com/180DAY-540a10db3ad97c4d29b8f31b54fa7fef/150/150/Image/Webp/noFilter,2026-09-10T16:44:36Z
13218487861,Team School Escape! (TEAMWORK OBBY),https://tr.rbxcdn.com/180DAY-9871b515e4f692d8861025d08b4d3de0/150/150/Image/Webp/noFilter,2026-09-11T01:22:17Z
13313611422,[🐬UPD] Plushie Tower,https://tr.rbxcdn.com/180DAY-8fc1e96d92f5cd6c36a92e0a3f52b469/150/150/Image/Webp/noFilter,2026-09-11T04:31:54Z
13326256431,Obby But You Can't Jump,https://tr.rbxcdn.com/180DAY-d43f0442038c7610379092a2386540d7/150/150/Image/Webp/noFilter,2026-09-12T13:54:57Z
13358463560,Asura,https://tr.rbxcdn.com/180DAY-ac77c352d4050624c93bf85f6f8df115/150/150/Image/Webp/noFilter,2026-09-10T16:44:36Z
13367669582,Italian Chill,https://tr.rbxcdn.com/180DAY-86b8ec8d73b5a72412f00ed9bf35d6c7/150/150/Image/Webp/noFilter,2026-09-10T21:33:22Z
13379208636,Attack on Titan Revolution,https://tr.rbxcdn.com/180DAY-b5b0d5438b8f70eca4dc9311ac541afc/150/150/Image/Webp/noFilter,2026-09-10T16:44:36Z
13384322856,Build or Die,https://tr.rbxcdn.com/180DAY-7b0682d9573f55364dd8968f264e8f0b/150/150/Image/Webp/noFilter,2026-09-10T16:44:36Z
13404995530,[NEW TRAM] Tram Simulator Abenstedt (v1.2) ,https://tr.rbxcdn.com/180DAY-fa65d09bbaf78432adc33967f67f53be/150/150/Image/Webp/noFilter,2026-09-10T16:44:36Z
13416197699,Zooo,https://tr.rbxcdn.com/180DAY-0821ff5283687915cd03990314b0b3e7/150/150/Image/Webp/noFilter,2026-09-10T16:44:36Z
13416514259,Shadow Boxing Battles,https://tr.rbxcdn.com/180DAY-325f131743f6dd5dea453a1737844075/150/150/Image/Webp/noFilter,2026-09-11T01:22:17Z
13421266463,Paradise 🏠 RP,https://tr.rbxcdn.com/180DAY-8dbc3e3f25e3be9d127b5c3fb2f6c706/150/150/Image/Webp/noFilter,2026-09-15T22:54:42Z
13429790955,📚 Murderers vs Sheriffs 2,https://tr.rbxcdn.com/180DAY-43bd83052fab982daffea1fbdde2f457/150/150/Image/Webp/noFilter,2026-09-10T16:44:36Z
13434431934,Easy Mega Obby,https://tr.rbxcdn.com/180DAY-76bdac39d46f47c49525bb6fba089e0b/150/150/Image/Webp/noFilter,2026-09-26T00:31:49Z
13438553315,Decaying Winter,https://tr.rbxcdn.com/180DAY-c0420c9fddbf61c85a3a37854f148026/150/150/Image/Webp/noFilter,2026-09-10T16:44:36Z
13448262796,[GOGETA] Saiyan Battlegrounds,https://tr.rbxcdn.com/180DAY-7dd6ae151a68eb222baa14186be08530/150/150/Image/Webp/noFilter,2026-09-10T21:33:22Z
13473615074,Boxywood 🏠🌴 RP,https://tr.rbxcdn.com/180DAY-68a68d89e93740a1d963381496048904/150/150/Image/Webp/noFilter,2026-09-10T16:44:36Z
13482468151,Kitten Game 🐾,https://tr.rbxcdn.com/180DAY-7b863e842be67204e58ebf8032955e8c/150/150/Image/Webp/noFilter,2026-09-10T16:44:36Z
13486458351,Draw Obby [NEW],https://tr.rbxcdn.com/180DAY-ec4cd6663b0844f1ed8b45b4ae812d47/150/150/Image/Webp/noFilter,2026-09-15T22:54:42Z
13559584718,[BETA] Lone Survival,https://tr.rbxcdn.com/180DAY-9689c8c54a6adb0c0d0ccd7647f37631/150/150/Image/Webp/noFilter,2026-09-11T18:58:03Z
13559635034,Combat Initiation,https://tr.rbxcdn.com/180DAY-ee9dc829a55cc932b3255195785c218c/150/150/Image/Webp/noFilter,2026-09-10T16:44:36Z
13587601484,Ophelia [HORROR],https://tr.rbxcdn.com/180DAY-c7cc7f68391d4f872289a768fc05be7f/150/150/Image/Webp/noFilter,2026-09-10T16:44:36Z
13600218266,🎥My Movie,https://tr.rbxcdn.com/180DAY-00ecf876329f96830cfdaf121370b99a/150/150/Image/Webp/noFilter,2026-09-10T16:44:36Z
13621938427,STREET FIGHTER 6 x UBG🥊,https://tr.rbxcdn.com/180DAY-8e2390f763eca0caafe9b27e567bf0c5/150/150/Image/Webp/noFilter,2026-09-10T16:44:36Z
13632665570,Doomed Playtime [BETA] ,https://tr.rbxcdn.com/180DAY-7017cb29d4b7ec9fbda2624b0f5c01b4/150/150/Image/Webp/noFilter,2026-09-12T04:28:01Z
13636013760,🍁Bobruisk RP [🍂AUTUMN ],https://tr.rbxcdn.com/180DAY-66b38497c1b205ae2004545d81a75320/150/150/Image/Webp/noFilter,2026-09-10T16:44:36Z
13664698400,The Classic Soccer,https://tr.rbxcdn.com/180DAY-bb9bac77c24c031352fb9148d741e10e/150/150/Image/Webp/noFilter,2026-09-10T16:44:36Z
13687899540,Cold War [VIETNAM],https://tr.rbxcdn.com/180DAY-c9f0f458accdde7b46eb6d608c539815/150/150/Image/Webp/noFilter,2026-09-10T16:44:36Z
13698105873,Bathroom Attack,https://tr.rbxcdn.com/180DAY-fc8436d0c6f2e446de475fcc8bf24545/150/150/Image/Webp/noFilter,2026-09-10T16:44:36Z
13703839980,[UPD] Team Daycare Escape! (TEAMWORK OBBY),https://tr.rbxcdn.com/180DAY-17a5a789c76357eb16e0e79570f33711/150/150/Image/Webp/noFilter,2026-09-12T18:58:03Z
13718567207,Wonderland,https://tr.rbxcdn.com/180DAY-eae5301fd6a542b6f0c3d717af776b7d/150/150/Image/Webp/noFilter,2026-09-10T16:44:36Z
13755196581,📸PhotoShoot Scenes,https://tr.rbxcdn.com/180DAY-86154a15a682871ac25ef7d5a48f36f7/150/150/Image/Webp/noFilter,2026-09-11T21:58:04Z
13772394625,Blade Ball,https://tr.rbxcdn.com/180DAY-38e75c9ff1051ad6ca868f39be2cf095/150/150/Image/Webp/noFilter,2026-09-10T16:44:36Z
13775256536,[LEGACY] Toilet Tower Defense,https://tr.rbxcdn.com/180DAY-362363b63e6049bf3abcfa485ac61950/150/150/Image/Webp/noFilter,2026-09-10T16:44:36Z
13794093709,SCORCHED EARTH 🔊,https://tr.rbxcdn.com/180DAY-b8b4afc5e8a09419e6e5dc320666b998/150/150/Image/Webp/noFilter,2026-09-10T16:44:36Z
13796645198,FLASHPOINT⚡,https://tr.rbxcdn.com/180DAY-fdb9679a109c169decf267a200014951/150/150/Image/Webp/noFilter,2026-09-10T16:44:36Z
13822562292,[🌴NEW MAP]🚗Midnight Chasers: Highway Racing,https://tr.rbxcdn.com/180DAY-3eb8b0212b69cdaeeff763d0b70a27da/150/150/Image/Webp/noFilter,2026-09-10T16:44:36Z
13827198708,[EVENT] Pull a Sword,https://tr.rbxcdn.com/180DAY-855f2069ade3111cf14643061f58f544/150/150/Image/Webp/noFilter,2026-09-10T16:44:36Z
13864661000,Break In 2 (Story),https://tr.rbxcdn.com/180DAY-41ffb2bddc7221f14610d9393765ba40/150/150/Image/Webp/noFilter,2026-09-10T16:44:36Z
13924946576,dingus,https://tr.rbxcdn.com/180DAY-54f181973fdbb94ddff3f9ea67b0aa94/150/150/Image/Webp/noFilter,2026-09-11T17:43:03Z
13946745315,Heads Up [Guessing],https://tr.rbxcdn.com/180DAY-b1f684cb7e73aa7f9e2332e08ee47761/150/150/Image/Webp/noFilter,2026-09-17T23:43:21Z
13953602912,Boba Tea Tower (Boba Tower),https://tr.rbxcdn.com/180DAY-9f831457498da8dd269511fcea7d304a/150/150/Image/Webp/noFilter,2026-09-10T16:44:36Z
13955927965,Blood Zone 🎃,https://tr.rbxcdn.com/180DAY-3c3263d670e9b776f67e1c281790615c/150/150/Image/Webp/noFilter,2026-09-10T16:44:36Z
13967668166,LifeTogether 🏠 RP,https://tr.rbxcdn.com/180DAY-b06e38243905a5d677db7ea3d860a9fb/150/150/Image/Webp/noFilter,2026-09-10T16:44:36Z
13983414180,Obakyu Electric Railway: Train Simulator,https://tr.rbxcdn.com/180DAY-fc050ed9d22da29a098173b7468c0f89/150/150/Image/Webp/noFilter,2026-09-14T07:28:06Z
13983455628,Prison Sniper Escape!,https://tr.rbxcdn.com/180DAY-5569a41cea2dc4c2e5bbadc7452cf0a1/150/150/Image/Webp/noFilter,2026-09-13T00:13:04Z
13997018456,[SEASON 5] Operations: Siege,https://tr.rbxcdn.com/180DAY-9dcfc0715a27f469a4e8fa251b513853/150/150/Image/Webp/noFilter,2026-09-12T18:32:32Z
13999660589,Together [Party Game],https://tr.rbxcdn.com/180DAY-e72992cc89517eee91d66af72e4d2234/150/150/Image/Webp/noFilter,2026-09-10T16:44:36Z
14004668761,[FIX]⚽Real Futbol,https://tr.rbxcdn.com/180DAY-5f5b2c7cb20d8bb02bd11d2bd78740ea/150/150/Image/Webp/noFilter,2026-09-10T16:44:36Z
14026026722,Terminal [Escape Room],https://tr.rbxcdn.com/180DAY-723efbd3ea2e4dec08cf1ce63645eb0c/150/150/Image/Webp/noFilter,2026-09-10T16:44:36Z
14038329225,Archived,https://tr.rbxcdn.com/180DAY-dce6dc4cf9d243757fc32ef25abc3d78/150/150/Image/Webp/noFilter,2026-09-10T16:44:36Z
14044547200,untitled tag game,https://tr.rbxcdn.com/180DAY-12a5821b18edd76cba9d1955a8d8858a/150/150/Image/Webp/noFilter,2026-09-10T16:44:36Z
14067600077,TYPE://SOUL,https://tr.rbxcdn.com/180DAY-95cec754219956ebd33e5bdf165145df/150/150/Image/Webp/noFilter,2026-09-12T18:58:03Z
14110939227,Don't Poop Yourself at School! (Obby),https://tr.rbxcdn.com/180DAY-a4127945f1208760bb2f702f415b9dda/150/150/Image/Webp/noFilter,2026-09-10T21:33:22Z
14119259806,Faithless (Horror),https://tr.rbxcdn.com/180DAY-1d12655fdc8dcb6a931285cb1c79f5ed/150/150/Image/Webp/noFilter,2026-09-11T15:13:25Z
14120937723,Build & Survive,https://tr.rbxcdn.com/180DAY-511af4a52c2680266d94e7643ecee829/150/150/Image/Webp/noFilter,2026-09-12T13:54:57Z
14140521313,Puppy Game  🐾,https://tr.rbxcdn.com/180DAY-1f5bfeb3d2a5984e3d3e855a2974a74f/150/150/Image/Webp/noFilter,2026-09-12T13:54:57Z
14161770735,PLAY OR DIE,https://tr.rbxcdn.com/180DAY-ab4c75c23d777093da5c3794b8326841/150/150/Image/Webp/noFilter,2026-09-10T16:44:36Z
14184086618,[🚲PARK] Obby But You’re On a Bike,https://tr.rbxcdn.com/180DAY-d4f16fa3b65a609fe426f56eb7d52712/150/150/Image/Webp/noFilter,2026-09-10T16:44:36Z
14212732626,✨ [FIXED DONATIONS] PLS WAIT 💸,https://tr.rbxcdn.com/180DAY-88edbd4c22e4a1b7ef17bb94d78ebde1/150/150/GameIcon8/Webp/noFilter,2026-09-10T16:44:36Z
14218711698,Criminal Tycoon,https://tr.rbxcdn.com/180DAY-aab9faa3baede0a1d15127ecd4f2aa57/150/150/Image/Webp/noFilter,2026-09-20T15:40:41Z
14236925335,Neighbors 🔊 [18+],https://tr.rbxcdn.com/180DAY-b68e412cac5e4a693bda79ea0ad78c3e/150/150/Image/Webp/noFilter,2026-09-10T16:44:36Z
14237585680,Interliminality (ALPHA 1.3.6),https://tr.rbxcdn.com/180DAY-82ef5f1828b93bc6b2a555e6a951d8f3/150/150/Image/Webp/noFilter,2026-09-10T16:44:36Z
14238596528,Giga Mansion Tycoon 🏝️,https://tr.rbxcdn.com/180DAY-68dc95102d7b325bc349d25ad11a601e/150/150/Image/Webp/noFilter,2026-09-10T16:44:36Z
14259168147,[🎃]🏀Basketball Legends🏀,https://tr.rbxcdn.com/180DAY-417a98472ea5b2330740d08792681e7a/150/150/Image/Webp/noFilter,2026-09-10T16:44:36Z
14259358984,Escape Running Felipe Head 2🏃‍♂️,https://tr.rbxcdn.com/180DAY-df1cdb5811e2d847458a98fa2f99dc0c/150/150/Image/Webp/noFilter,2026-09-10T16:44:36Z
14260960140,Escape Animal Head,https://tr.rbxcdn.com/180DAY-52da7947b7aadb566e47207ce6914cab/150/150/Image/Webp/noFilter,2026-09-12T13:54:57Z
14279693118,[AURORA] Skibi Defense,https://tr.rbxcdn.com/180DAY-5b00473b0f553a6f4d755fc7be17a6b1/150/150/Image/Webp/noFilter,2026-09-10T16:44:36Z
14298053780,[NEW UPD] US Open Tennis: Champions of the Court,https://tr.rbxcdn.com/180DAY-e7e482fec6298e43468dcb0326e8fa3e/150/150/Image/Webp/noFilter,2026-09-10T16:44:36Z
14301835518,Team School Breakout! (TEAMWORK OBBY),https://tr.rbxcdn.com/180DAY-50b4f53142502b67403dff1499a46044/150/150/Image/Webp/noFilter,2026-09-10T16:44:36Z
14313259147,FORTLINE,https://tr.rbxcdn.com/180DAY-be77e500c87d4f60a4a57277ae961914/150/150/Image/Webp/noFilter,2026-09-10T16:44:36Z
14315258385,Realistic Street Soccer,https://tr.rbxcdn.com/180DAY-da0313825baab9d7810793c030c5bd21/150/150/Image/Webp/noFilter,2026-09-10T16:44:36Z
14327288853,🔥NEED MORE HEAT🔥,https://tr.rbxcdn.com/180DAY-a87583a6df157f95fce36e28fcf05921/150/150/Image/Webp/noFilter,2026-09-10T23:21:35Z
14337656835,Easy Size Obby,https://tr.rbxcdn.com/180DAY-c67c763a6cddad3a898b885439390456/150/150/Image/Webp/noFilter,2026-09-10T16:44:36Z
14350413280,Ice Fishing Simulator 🐟,https://tr.rbxcdn.com/180DAY-857bc22c38705ca26645cc8c88d24819/150/150/Image/Webp/noFilter,2026-09-10T16:44:36Z
14400224477,Team Obby [UPD4],https://tr.rbxcdn.com/180DAY-cc079c06d4390ccd1165e8e9f24f6591/150/150/Image/Webp/noFilter,2026-09-15T22:54:42Z
14418473444,Abyssal: Day of Descent! 🎉,https://tr.rbxcdn.com/180DAY-ef99e987548437d26f7dad4d01895357/150/150/Image/Webp/noFilter,2026-09-16T19:01:03Z
14422394494,Conquer The World WW2 [👑 Formables ],https://tr.rbxcdn.com/180DAY-2a47aa0d515687a3327888028bb96216/150/150/Image/Webp/noFilter,2026-09-10T16:44:36Z
14437001043,Residence Massacre,https://tr.rbxcdn.com/180DAY-50718c6ff6d3905d9c4778c2b8754fcb/150/150/Image/Webp/noFilter,2026-09-10T16:44:36Z
14438406081,Wanted [💰UPDATE],https://tr.rbxcdn.com/180DAY-0e0cdf82670a3b0eb1b30ca0536410f8/150/150/Image/Webp/noFilter,2026-09-10T16:44:36Z
14448027693,Mega Princess Tycoon,https://tr.rbxcdn.com/180DAY-a861e54b16be0847c431d8a9e86a4669/150/150/Image/Webp/noFilter,2026-09-11T11:41:58Z
14448662003,Carry A Friend! (Teamwork Obby),https://tr.rbxcdn.com/180DAY-261c6ed76413e80af649b9bd68da77b4/150/150/Image/Webp/noFilter,2026-09-12T18:32:32Z
14449145868,Bewitched,https://tr.rbxcdn.com/180DAY-3327bd4cd931325ebf54bb6ac948063b/150/150/Image/Webp/noFilter,2026-09-27T17:35:10Z
14451515684,PETAPETA: 【10/6 3rd Anniversary】,https://tr.rbxcdn.com/180DAY-7c32098f0e7a366c8704b59ae51acf0a/150/150/Image/Webp/noFilter,2026-09-10T16:44:36Z
14458936637,✨ PLS WAIT [DONATIONS] 💸,https://tr.rbxcdn.com/180DAY-26de3a6f3be928df6691f27dc32575c9/150/150/GameIcon7/Webp/noFilter,2026-09-10T16:44:36Z
14475396559,TEAM GRANDMA ESCAPE!👵🏻 (TEAMWORK OBBY),https://tr.rbxcdn.com/180DAY-d52228c1b72a084032d75c80639458d6/150/150/Image/Webp/noFilter,2026-09-10T16:44:36Z
14475792710,Dealership Tycoon 🏎️ Cars,https://tr.rbxcdn.com/180DAY-a45a1643cefa39c34d1d801e0e61e9e7/150/150/Image/Webp/noFilter,2026-09-10T16:44:36Z
14518422161,Gunfight Arena,https://tr.rbxcdn.com/180DAY-6844f9c2121361e50e288add7a06783c/150/150/Image/Webp/noFilter,2026-09-10T16:44:36Z
14520819520,Destroy Cars with Nitro,https://tr.rbxcdn.com/180DAY-9e893c64d00ce5936a8d2eede900525f/150/150/Image/Webp/noFilter,2026-09-11T17:06:57Z
14564651437,Death in the Box,https://tr.rbxcdn.com/180DAY-ee6f7daaeb2b2920ab51f3b3cda8063e/150/150/Image/Webp/noFilter,2026-09-10T16:44:36Z
14567590300,🎃 BATHE DA BABY [S14],https://tr.rbxcdn.com/180DAY-9a34b986b53b884e24dd6bdd88a4e422/150/150/Image/Webp/noFilter,2026-09-10T16:44:36Z
14569384529,Mobian Mayhem [REWORK COUNTDOWN],https://tr.rbxcdn.com/180DAY-a56ab797de4c255da452bcb8662258ad/150/150/Image/Webp/noFilter,2026-09-10T18:57:27Z
14581889272,Carry Puzzles (Teamwork Obby),https://tr.rbxcdn.com/180DAY-02efffb8f695deddc83d495899d99e01/150/150/Image/Webp/noFilter,2026-09-10T16:44:36Z
14608970270,(ANNIVERSARY) Outcome Memories v0.2,https://tr.rbxcdn.com/180DAY-2298a1210fb5edb9e6d7150ff1b8cc5b/150/150/Image/Webp/noFilter,2026-09-10T16:44:36Z
14629231756,Team Prison Run! (TEAMWORK OBBY),https://tr.rbxcdn.com/180DAY-418f5d3344989a9f2e6d17df759c8c1d/150/150/Image/Webp/noFilter,2026-09-10T16:44:36Z
14641667067,[💎2X] Titan Tower Defense,https://tr.rbxcdn.com/180DAY-40ffc74ee4e1479fa8a74a8eb21a31d3/150/150/Image/Webp/noFilter,2026-09-10T16:44:36Z
14662419251,[🛠️] Desert Bus,https://tr.rbxcdn.com/180DAY-11a7f613b53478000f09bc55dc94c431/150/150/Image/Webp/noFilter,2026-09-10T16:53:24Z
14675073025,Summer Camp Roleplay,https://tr.rbxcdn.com/180DAY-c04c7beabb4390beb0fcebe1cab657c6/150/150/Image/Webp/noFilter,2026-09-10T16:44:36Z
14705961406,Obby But You're a Truck🚢⛰️,https://tr.rbxcdn.com/180DAY-6372812432e7ffd9c7eea7a8f1669b7c/150/150/Image/Webp/noFilter,2026-09-16T11:23:03Z
14721282186,construction (under construction),https://tr.rbxcdn.com/180DAY-c59242a5cd16b82e3e679154283515f5/150/150/Image/Webp/noFilter,2026-09-10T16:44:36Z
14737542240,[BFDIE] Battle For Dream Island Roblox,https://tr.rbxcdn.com/180DAY-967ff736cf70dee640a748db8bc62ded/150/150/Image/Webp/noFilter,2026-09-11T01:22:17Z
14772802900,[🎥REPLAY] Jailbird,https://tr.rbxcdn.com/180DAY-025a2034f52769c317b10ec60d8fb85e/150/150/Image/Webp/noFilter,2026-09-10T16:44:36Z
14776071100,[V 4.0] The Shadow Network,https://tr.rbxcdn.com/180DAY-2cd3aaa19bac36697a62b444ad07475c/150/150/Image/Webp/noFilter,2026-09-10T16:44:36Z
14787369036,weird strict dad [🎮MODES] ,https://tr.rbxcdn.com/180DAY-de7d648d1925dc77c1b0b658109e86eb/150/150/Image/Webp/noFilter,2026-09-10T16:44:36Z
14823220100,SCP Architect X,https://tr.rbxcdn.com/180DAY-7302721f2da00c088d76385bb9271f50/150/150/Image/Webp/noFilter,2026-09-10T16:44:36Z
14826510707,The Logo Quiz! ⭐ [46],https://tr.rbxcdn.com/180DAY-e3d1140ebbca887b05848dbdbcc64739/150/150/Image/Webp/noFilter,2026-09-19T22:41:21Z
14833592591,Disaster Island 🏝️ Survival,https://tr.rbxcdn.com/180DAY-effcd1cbb38c2c709ca1fb7360643f28/150/150/Image/Webp/noFilter,2026-09-10T16:44:36Z
14835828495,Dudes Battlegrounds,https://tr.rbxcdn.com/180DAY-c6cad680248fd243abaa4080b635a449/150/150/Image/Webp/noFilter,2026-09-10T16:44:36Z
14842128242,100 Player Floor Is LAVA! 🔥,https://tr.rbxcdn.com/180DAY-c92f181d14bc25d647b4f2b61eb6a391/150/150/Image/Webp/noFilter,2026-09-10T16:44:36Z
14852797539,[Upd 10 // part 1] Superbox siege defense ,https://tr.rbxcdn.com/180DAY-91a6d6a1d4356bb08a2683301d4f18a8/150/150/Image/Webp/noFilter,2026-09-10T16:44:36Z
14892572912,RIA 2023: Award Show,https://tr.rbxcdn.com/180DAY-a83e6fd91a0798f48cb34632bfb31ca8/150/150/Image/Webp/noFilter,2026-10-10T06:28:08Z
14940375106,[BETA] Classic Nations,https://tr.rbxcdn.com/180DAY-0264901242e64c9fae31d3047713d4bb/150/150/Image/Webp/noFilter,2026-10-03T17:13:08Z
14941296246,Lucky Avatars! [Outfits Catalog] ,https://tr.rbxcdn.com/180DAY-653a5e6bbadf2ba913e86f6302e2cf0f/150/150/Image/Webp/noFilter,2026-09-19T13:58:40Z
14943334555,[UPD] Bike of Hell,https://tr.rbxcdn.com/180DAY-b5092079cd8b70f8455ff90da586f744/150/150/Image/Webp/noFilter,2026-09-10T16:53:24Z
14959543012,Ragdoll🌊Waterpark,https://tr.rbxcdn.com/180DAY-f7656b4966e7be9250e14488474bbba4/150/150/Image/Webp/noFilter,2026-09-10T16:44:36Z
14970015233,🍉 Watermelon GO! [2.0] [Fruit Game],https://tr.rbxcdn.com/180DAY-36567895e5945e9e107deedc54e3a702/150/150/Image/Webp/noFilter,2026-09-26T03:58:04Z
15002061926,Death Ball,https://tr.rbxcdn.com/180DAY-6fe9d019fc3a51920c40a013e58494ec/150/150/Image/Webp/noFilter,2026-09-10T16:44:36Z
15027718878,🚀 The Space Simulator,https://tr.rbxcdn.com/180DAY-e169805e7bfe6fee2b40aa06e556dd04/150/150/Image/Webp/noFilter,2026-09-10T16:44:36Z
15064853712,Break In Simulator,https://tr.rbxcdn.com/180DAY-b79d337a32e481f3724c714f462f986e/150/150/Image/Webp/noFilter,2026-10-02T15:26:20Z
15077422637,The Curse [HORROR],https://tr.rbxcdn.com/180DAY-d9213ead8655fa65cd893cf978f737e5/150/150/Image/Webp/noFilter,2026-09-10T16:44:36Z
15078849939,Playbreak,https://tr.rbxcdn.com/180DAY-a1c08688d832adf17e67b61e27a2fc25/150/150/Image/Webp/noFilter,2026-09-12T13:54:57Z
15092647980,Project Smash,https://tr.rbxcdn.com/180DAY-6563849e164c2abb5a6079675f03d81c/150/150/Image/Webp/noFilter,2026-09-10T16:44:36Z
15101393044,Dress To Impress ⭐,https://tr.rbxcdn.com/180DAY-622d27cf094210e32f71577a301f1acd/150/150/Image/Webp/noFilter,2026-09-10T16:44:36Z
15108736400,Flex UGC Codes,https://tr.rbxcdn.com/180DAY-23f2f3d15982921d8b3a254e2d7b436f/150/150/Image/Webp/noFilter,2026-09-11T15:13:25Z
15111895255,[🎁2X] Skibidi Masters Tower Defense,https://tr.rbxcdn.com/180DAY-9fb6b87d4bd9a304c742fa3577a1a9e9/150/150/Image/Webp/noFilter,2026-09-10T16:44:36Z
15113223607,Mech Showdown (Beta),https://tr.rbxcdn.com/180DAY-5abdfe9fcf3f0e837765cc04556662be/150/150/Image/Webp/noFilter,2026-09-10T16:44:36Z
15135285305,GEF,https://tr.rbxcdn.com/180DAY-cb11248beac2bc787412f34230036245/150/150/Image/Webp/noFilter,2026-09-10T16:44:36Z
15198166649,DON'T GET ELIMINATED,https://tr.rbxcdn.com/180DAY-f5de42b3adf8d604f29259e7d7797250/150/150/Image/Webp/noFilter,2026-09-10T16:44:36Z
15213956324,BOOMSTICK Football 🏈,https://tr.rbxcdn.com/180DAY-9bf1a46914ceb011e9b449bc8e45edde/150/150/Image/Webp/noFilter,2026-09-10T23:21:35Z
15235397483,Cheese Tower Defense 🧀,https://tr.rbxcdn.com/180DAY-8649637c55800ce612167cfdfd88cfb9/150/150/Image/Webp/noFilter,2026-09-10T16:44:36Z
15240723287,Secret Staycation,https://tr.rbxcdn.com/180DAY-50f510a275258c04c9ae1a83121ae0a6/150/150/Image/Webp/noFilter,2026-09-10T16:44:36Z
15251574108,[🚀🌊UPD!!] Find The Noobies Morphs,https://tr.rbxcdn.com/180DAY-9e1a4b6d14882957095159df26c9e553/150/150/Image/Webp/noFilter,2026-09-11T06:13:02Z
15269951959,Legends Battlegrounds,https://tr.rbxcdn.com/180DAY-bfbdf01325b84c265a7724bec47e40c2/150/150/Image/Webp/noFilter,2026-09-10T16:44:36Z
15270182488,Ultra Toilet Roleplay 2,https://tr.rbxcdn.com/180DAY-b8287bead011b1eb5ccb30385a4b4c12/150/150/Image/Webp/noFilter,2026-09-10T16:44:36Z
15278322858,Lexington & Concord,https://tr.rbxcdn.com/180DAY-e61d17ad59e5b535aa22347d4e754b0c/150/150/Image/Webp/noFilter,2026-09-11T11:41:58Z
15281176914,🎉 RNG Fights,https://tr.rbxcdn.com/180DAY-85bb22ca56c7f827ad92a1c98239daf9/150/150/Image/Webp/noFilter,2026-09-12T13:54:57Z
15282120493,Poly Dash (Geometry Dash),https://tr.rbxcdn.com/180DAY-b5febdec28ced543aa5d47b6bcf737d3/150/150/Image/Webp/noFilter,2026-09-10T16:44:36Z
15288629078,[UPDATE🚗] Highway Legends,https://tr.rbxcdn.com/180DAY-0dbe8698adf567601db0fea9b3fc4eea/150/150/Image/Webp/noFilter,2026-09-10T16:44:36Z
15294321143,[🔥NEW] 🕷️Cart Ride Into Spider-Man Spiderman 🕷️,https://tr.rbxcdn.com/180DAY-d53824cf742da9691c10a3d45b64cf2d/150/150/Image/Webp/noFilter,2026-09-12T13:54:57Z
15318113891,Lethal Ape (BTM),https://tr.rbxcdn.com/180DAY-bf32b88963608c8dcaccc8ef6d995127/150/150/Image/Webp/noFilter,2026-09-10T16:44:36Z
15327728308,[Sale] Aftermath 🧟,https://tr.rbxcdn.com/180DAY-4704eacf94dc222024ed7aac579b7336/150/150/Image/Webp/noFilter,2026-09-19T19:13:06Z
15330858308,Chakra Battlegrounds,https://tr.rbxcdn.com/180DAY-9ec279a09528912f362abe979e9ec258/150/150/Image/Webp/noFilter,2026-09-12T18:32:32Z
15334675936,Be a Shark🦈,https://tr.rbxcdn.com/180DAY-0784787f1330181a21508a415a56dec4/150/150/Image/Webp/noFilter,2026-10-04T17:39:23Z
15352028692,Ultimate Home Tycoon 🏠,https://tr.rbxcdn.com/180DAY-93e3fd908fa07d73f4d781e713105520/150/150/Image/Webp/noFilter,2026-09-10T16:44:36Z
15352354257,Ball Eating Simulator,https://tr.rbxcdn.com/180DAY-26acefa72767f02974ccc267a76bb73a/150/150/Image/Webp/noFilter,2026-09-27T02:43:06Z
15405900187,[RP] Pine Ridge,https://tr.rbxcdn.com/180DAY-1e09b3137ce4dcfc949348e20e44f59e/150/150/Image/Webp/noFilter,2026-09-12T01:11:09Z
15437136654,Salon Makeover 💅 ,https://tr.rbxcdn.com/180DAY-f51d43422228df0068e65a0d54f579bc/150/150/Image/Webp/noFilter,2026-09-11T15:13:25Z
15444929588,[UPD] Skibidi Tower Defense,https://tr.rbxcdn.com/180DAY-5d8542712bbac01a207d7798ba404fc8/150/150/Image/Webp/noFilter,2026-09-11T11:41:58Z
15446342241,Mansion Life Tycoon 🏡,https://tr.rbxcdn.com/180DAY-8cf26189e0c720a502839396b48de5dd/150/150/Image/Webp/noFilter,2026-09-10T16:44:36Z
15490522013,Are You Smart? 🤓,https://tr.rbxcdn.com/180DAY-ce41f654491587493aa7a399442cb9c0/150/150/Image/Webp/noFilter,2026-09-12T02:28:01Z
15507022415,Chiquititas - Ray of Light Orphanage 🏫,https://tr.rbxcdn.com/180DAY-8b7c7b523664c0048193cf2f417d5017/150/150/Image/Webp/noFilter,2026-09-10T16:44:36Z
15509312676,PROJECT APEX,https://tr.rbxcdn.com/180DAY-b34d019893a62852b89db356d65d5394/150/150/Image/Webp/noFilter,2026-09-10T16:44:36Z
15516236993,Mini Cities 2 ,https://tr.rbxcdn.com/180DAY-4004397e39a65cd7f36fc9f32487c070/150/150/Image/Webp/noFilter,2026-09-12T13:54:57Z
15529194484,🛍️ Fashion Show,https://tr.rbxcdn.com/180DAY-aa78480f8cc7424adc9dcedc117bbb31/150/150/Image/Webp/noFilter,2026-09-11T15:13:25Z
15532962292,Sol's RNG [ Eon 1-29 ],https://tr.rbxcdn.com/180DAY-6a00479eb57cf753fa505f3b10cc14b0/150/150/Image/Webp/noFilter,2026-09-10T16:44:36Z
15546218972,MIC UP 🔊 18+,https://tr.rbxcdn.com/180DAY-9dad04e207ef5a5ed59bceb62d34f942/150/150/Image/Webp/noFilter,2026-09-10T16:44:36Z
15550215902,[🎵CUSTOM SERVERS] Sing It! Karaoke Battles [VC🎤],https://tr.rbxcdn.com/180DAY-0b35553bdb6e7834234d89503495da41/150/150/Image/Webp/noFilter,2026-09-10T16:44:36Z
15555246249,⭐DoW⭐ -  Dogs of War,https://tr.rbxcdn.com/180DAY-a4674c0e7a1c44f530916a965c1eb1c8/150/150/Image/Webp/noFilter,2026-09-16T19:01:03Z
15560168390,[200% Parasit] Toilet Verse Tower Defense,https://tr.rbxcdn.com/180DAY-44bcca3628a68e1e920a765ac918def7/150/150/Image/Webp/noFilter,2026-09-10T16:44:36Z
15561786880,QUICKDRAW: LEGACY,https://tr.rbxcdn.com/180DAY-8388f0bd16c992d04566833c032e6533/150/150/Image/Webp/noFilter,2026-09-12T18:32:32Z
15583100726,🏀 Basketball Stars 3,https://tr.rbxcdn.com/180DAY-bbd3f3834cbd6cc4649fa5db10be2017/150/150/Image/Webp/noFilter,2026-09-13T01:43:06Z
15598056478,BEAT BOUNCE 🎶 (GEOMETRY DASH),https://tr.rbxcdn.com/180DAY-821b3162a87394a2dae1a1bf4a39207e/150/150/Image/Webp/noFilter,2026-09-10T16:44:36Z
15599653678,Dan's Karaoke,https://tr.rbxcdn.com/180DAY-47aaabfbf46af669966e5c7744cd028c/150/150/Image/Webp/noFilter,2026-10-02T15:43:05Z
15646364136,Absolvement [ALPHA] ,https://tr.rbxcdn.com/180DAY-b3ec632f09330ef2a2decbd947df70b2/150/150/Image/Webp/noFilter,2026-09-11T22:43:02Z
15654981113,Death Penalty ,https://tr.rbxcdn.com/180DAY-2ed6781a6c1013f108bf9acaa0b06c30/150/150/Image/Webp/noFilter,2026-09-10T16:44:36Z
15658526474,🚢 Cruise Ship Port of Golden Springs,https://tr.rbxcdn.com/180DAY-14c76282233a08c1693f2ac88e12dfd3/150/150/Image/Webp/noFilter,2026-09-12T13:54:57Z
15694891095,Combat Arena,https://tr.rbxcdn.com/180DAY-73e597007b23b3a0ca6a13cb0f198130/150/150/Image/Webp/noFilter,2026-09-10T16:44:36Z
15696848933,[🎃 NEW 🗺️ ] Horse Life,https://tr.rbxcdn.com/180DAY-f1c386cf4b674e668a6d9d2b367d4158/150/150/Image/Webp/noFilter,2026-09-10T16:44:36Z
15722706376,Figure [OLD],https://tr.rbxcdn.com/180DAY-c0cbe3f23d78aded38a495567d5c63fe/150/150/Image/Webp/noFilter,2026-09-10T16:53:24Z
15755895375,Doodle Obby ✏️,https://tr.rbxcdn.com/180DAY-0da77e886249b4cdc2a6c19fbe86b7b6/150/150/Image/Webp/noFilter,2026-09-14T16:37:30Z
15762680633,The Sleepover Experience 🛌,https://tr.rbxcdn.com/180DAY-da0d312688b659081d3bba114b818fc1/150/150/Image/Webp/noFilter,2026-09-20T15:40:41Z
15768329004,IT GIRL 🏝️,https://tr.rbxcdn.com/180DAY-e96756ed35e8db00ce8b84352acc87c6/150/150/Image/Webp/noFilter,2026-09-10T16:44:36Z
15781012611,Zombies vs Humans,https://tr.rbxcdn.com/180DAY-793fef6fbd3b00232a72c1fa0bce95c8/150/150/Image/Webp/noFilter,2026-09-10T16:44:36Z
15784744207,Valley Prison [V3],https://tr.rbxcdn.com/180DAY-f4e7da7b60d639f909e984a526709202/150/150/Image/Webp/noFilter,2026-09-10T16:44:36Z
15845087881,🕸️🕷️Survive Spiderman The Killer!,https://tr.rbxcdn.com/180DAY-286824bc0220e43d77beffdced338ec6/150/150/Image/Webp/noFilter,2026-09-10T16:44:36Z
15859503151,Highland Park 🏡RP,https://tr.rbxcdn.com/180DAY-42ae1b106d0527bb0a8d4ca900bf8994/150/150/Image/Webp/noFilter,2026-09-10T16:44:36Z
15864327873,Teamwork Obby,https://tr.rbxcdn.com/180DAY-5b733a17427cf9256a5879fe0698494e/150/150/Image/Webp/noFilter,2026-09-10T16:44:36Z
15873244701,The Eternal Abyss,https://tr.rbxcdn.com/180DAY-a5843bad9b7b14b8c91bf336cb61b0a9/150/150/Image/Webp/noFilter,2026-09-12T13:54:57Z
15884960959,Meme Maker [UPDATED!]  😎,https://tr.rbxcdn.com/180DAY-1f3682ecc922b229a856a9b98c7c518f/150/150/Image/Webp/noFilter,2026-09-19T19:58:05Z
15885874861,Eat Slimes to Grow HUGE,https://tr.rbxcdn.com/180DAY-6a05a5d658c7947661eb87f0438adcac/150/150/Image/Webp/noFilter,2026-09-25T20:13:07Z
15930174396,The Dank Murderer X,https://tr.rbxcdn.com/180DAY-c9470b374ecdeefd3820a9a05db1a485/150/150/Image/Webp/noFilter,2026-09-10T16:44:36Z
15960924329,Legends Arena,https://tr.rbxcdn.com/180DAY-29cb0c53ae2817242a03c89dd279d23e/150/150/Image/Webp/noFilter,2026-09-19T19:58:05Z
15983689057,Realistic Hockey (5 on 5),https://tr.rbxcdn.com/180DAY-a9f489fd22a655370ad0a6940d634202/150/150/Image/Webp/noFilter,2026-10-09T18:07:13Z
16039690331,Secret Killer,https://tr.rbxcdn.com/180DAY-5a2a3c02a49a67d9438faeb7739f611a/150/150/Image/Webp/noFilter,2026-09-10T16:44:36Z
16055759911,✈️!UPDATE! Mega Luxury Bus Tycoon🚍 !UPDATE!✈️,https://tr.rbxcdn.com/180DAY-c4c1667b1f75d42b125b7c99ef066e39/150/150/Image/Webp/noFilter,2026-09-19T06:28:04Z
16057679366,easiest game ever!,https://tr.rbxcdn.com/180DAY-32a3eededf7d785e4a1b72d6995564f4/150/150/Image/Webp/noFilter,2026-09-10T16:44:36Z
16066619968,🎮NEED MORE PLAYTIME🎮,https://tr.rbxcdn.com/180DAY-ac4d8b9331d64b992c70160843b22260/150/150/Image/Webp/noFilter,2026-09-20T00:13:06Z
16077935683,Drive X | Cars,https://tr.rbxcdn.com/180DAY-e5e034ea1f0abce75fdac893ed358fd8/150/150/Image/Webp/noFilter,2026-09-12T06:28:01Z
16115051360,Gun and Armor Testing ,https://tr.rbxcdn.com/180DAY-1579075ec12f0aeb61d8572d9e827ea0/150/150/Image/Webp/noFilter,2026-09-10T16:44:36Z
16116270224,🎃 Dandy's World [ALPHA],https://tr.rbxcdn.com/180DAY-59bcefc503668676f6fc405e7e2b8a7f/150/150/Image/Webp/noFilter,2026-09-10T16:44:36Z
16141640360,[NEW] Skateboard of Hell Obby,https://tr.rbxcdn.com/180DAY-74da9727a3e407495845c6615fa36e4c/150/150/Image/Webp/noFilter,2026-09-10T16:44:36Z
16141898262,[🗺️] Sail and Sink Simulator! UPDATE,https://tr.rbxcdn.com/180DAY-939ba08cc3d739635f76256efa559535/150/150/Image/Webp/noFilter,2026-09-10T16:44:36Z
16146832113,Anime Vanguards: Wrathful Assault,https://tr.rbxcdn.com/180DAY-ee0a8c729138eda64076fa3c4ce22a8a/150/150/Image/Webp/noFilter,2026-09-10T16:44:36Z
16154918775,[RANKED] 💥 BUCKSHOT,https://tr.rbxcdn.com/180DAY-e7bc34324a6d44e513daac6b30e3c68b/150/150/Image/Webp/noFilter,2026-09-10T16:44:36Z
16159871483,💥 Buckshot Mayhem ,https://tr.rbxcdn.com/180DAY-b74001f8a0f72cf769f1a86d5d34c865/150/150/Image/Webp/noFilter,2026-09-10T16:44:36Z
16205713724,Slayers 2,https://tr.rbxcdn.com/180DAY-8f6e03e81105f9c8f310b91758896236/150/150/Image/Webp/noFilter,2026-09-19T20:13:11Z
16208246546,nico's nextbots [legacy],https://tr.rbxcdn.com/180DAY-719ffa55184ff0c001ec296197b6ff72/150/150/Image/Webp/noFilter,2026-09-13T02:58:04Z
16212191055,[🤠] Fortune Fighters,https://tr.rbxcdn.com/180DAY-a03ace0f276d67c9ec485a733a0925eb/150/150/Image/Webp/noFilter,2026-09-11T23:29:25Z
16220287667,(G-MAN REWORK) Strange Bathtub War ,https://tr.rbxcdn.com/180DAY-7aadb5bbdb434e16ee0667c0fbe4aabe/150/150/Image/Webp/noFilter,2026-09-12T01:11:09Z
16261605398,Airsoft Battles,https://tr.rbxcdn.com/180DAY-704ac49e2129f50ca709751588cdd45b/150/150/Image/Webp/noFilter,2026-09-11T18:58:03Z
16265811602,[fix] My Summer Car [v2.0.4],https://tr.rbxcdn.com/180DAY-a68ac03b060b41262028fc8577e2b5a2/150/150/Image/Webp/noFilter,2026-09-19T17:58:06Z
16272604134,TwisterX [0.15],https://tr.rbxcdn.com/180DAY-86eed3fc65f6ed34df8bfa209fada79a/150/150/Image/Webp/noFilter,2026-09-10T16:44:36Z
16279732176,War Universalis [UPDATE],https://tr.rbxcdn.com/180DAY-218f2b623008da9ee2716e78e611a432/150/150/Image/Webp/noFilter,2026-09-25T16:13:04Z
16288616721,Skateboard Obby🎃,https://tr.rbxcdn.com/180DAY-1f6e2d81465b85a776170ada717d9968/150/150/Image/Webp/noFilter,2026-09-10T16:44:36Z
16290530659,[AIRBUS A340!] Flight Master,https://tr.rbxcdn.com/180DAY-b605050a3f6e23e2b95b9425e820c92b/150/150/Image/Webp/noFilter,2026-09-10T16:44:36Z
16304978305,⚽️ Goal Battles 🥅,https://tr.rbxcdn.com/180DAY-e83aedec4885ca4680cf70624c8e9bfd/150/150/Image/Webp/noFilter,2026-09-10T18:23:54Z
16331682055,[🎃] Poke Haven 🔊 18+,https://tr.rbxcdn.com/180DAY-e79e0fbc34cac452253ae41039314619/150/150/Image/Webp/noFilter,2026-09-10T16:44:36Z
16381982348,Piggy: Classic,https://tr.rbxcdn.com/180DAY-a4f7126ef09a598a600c5b16f0c416e0/150/150/Image/Webp/noFilter,2026-09-10T16:44:36Z
16389395869,a dusty trip [🚗SEASON],https://tr.rbxcdn.com/180DAY-207d324acadcf831f63fa9282f3a498b/150/150/Image/Webp/noFilter,2026-09-10T16:44:36Z
16395296930,Noob Exterminators,https://tr.rbxcdn.com/180DAY-7e94e5bfc859345c5579d17ef988953a/150/150/Image/Webp/noFilter,2026-09-19T19:13:06Z
16404660684,BODYCAM: SWAT Simulator,https://tr.rbxcdn.com/180DAY-d27e069a7a4994bc0106aae84b89d6b1/150/150/Image/Webp/noFilter,2026-09-12T18:32:32Z
16406338595,Russian Town Damirovsk,https://tr.rbxcdn.com/180DAY-530058c159f4a59f86329d71a1ea708f/150/150/Image/Webp/noFilter,2026-09-11T11:41:58Z
16426359665,PARANORMAL [HORROR],https://tr.rbxcdn.com/180DAY-bc3932457ed28af169579ee56861298b/150/150/Image/Webp/noFilter,2026-09-11T23:29:25Z
16446142514,The Ground is LAVA 🔥,https://tr.rbxcdn.com/180DAY-f93a2d6472fae1c2ea03956d3a9e925c/150/150/Image/Webp/noFilter,2026-09-10T16:44:36Z
16446180574,♠ Twenty One,https://tr.rbxcdn.com/180DAY-c8e24691c635c13fda458f5d0c6b30fe/150/150/Image/Webp/noFilter,2026-09-11T17:28:06Z
16447934574,[🎃] Soccer: Touch Football,https://tr.rbxcdn.com/180DAY-ff334fa00f216e801072f511240ac361/150/150/Image/Webp/noFilter,2026-09-10T16:44:36Z
16454399300,Scary Sushi [CHAPTER 2],https://tr.rbxcdn.com/180DAY-7e2d0f47c87e4af0fe6e3b852a496d3d/150/150/Image/Webp/noFilter,2026-09-10T16:44:36Z
16457183958,[Vengeful Spirit] Gojo Vs Toji Ability Test,https://tr.rbxcdn.com/180DAY-76213fa4ffe3d3d219c7cf26957e9b01/150/150/Image/Webp/noFilter,2026-09-18T15:10:25Z
16480898254,Eat the World,https://tr.rbxcdn.com/180DAY-adc91a1e3e45beea5a244cc1ccbfc552/150/150/Image/Webp/noFilter,2026-09-10T16:44:36Z
16483150614,Brunswick A-2,https://tr.rbxcdn.com/180DAY-c1d485efd190a87ca60fc279a59c8e40/150/150/Image/Webp/noFilter,2026-09-16T21:43:01Z
16483433878,🏰 Block Tales [DEMO 5],https://tr.rbxcdn.com/180DAY-9acc0163130f1a55d9e552bbb34a8939/150/150/Image/Webp/noFilter,2026-09-10T16:44:36Z
16484010483,Build Defense🛡️,https://tr.rbxcdn.com/180DAY-9365e515c021923532fc05073b839a91/150/150/Image/Webp/noFilter,2026-09-11T15:13:25Z
16484430822,Evolution Ragdoll [ EUPHORIA RAGDOLL ],https://tr.rbxcdn.com/180DAY-a91d3f0d51b9e1bb2509786e95bfe492/150/150/Image/Webp/noFilter,2026-10-03T17:43:08Z
16488030559,Protect the King 👑,https://tr.rbxcdn.com/180DAY-4b7fff4ad59e5998a1f23d99c9a27060/150/150/Image/Webp/noFilter,2026-10-06T19:00:28Z
16491648982,Let's Go Golfing!,https://tr.rbxcdn.com/180DAY-688d1ee9358b97b4e03b683c945d7620/150/150/Image/Webp/noFilter,2026-10-09T18:43:08Z
16501421966,CAR CRASH🚗,https://tr.rbxcdn.com/180DAY-2a5f305687fb78a2469a1b50ce1ce071/150/150/Image/Webp/noFilter,2026-09-10T16:44:36Z
16518256559,Mega Obby Fun,https://tr.rbxcdn.com/180DAY-b09d728b7ac7b57860c2aca1923543ec/150/150/Image/Webp/noFilter,2026-09-10T16:44:36Z
16538170757,"oops, i failed my math test",https://tr.rbxcdn.com/180DAY-d5cb087985ae97015d0b0482a99815c3/150/150/Image/Webp/noFilter,2026-09-20T00:13:06Z
16550701481,A DEADLY BOAT TRIP,https://tr.rbxcdn.com/180DAY-7db019529001c38039b4a6b93c46911a/150/150/Image/Webp/noFilter,2026-09-20T17:20:25Z
16558187854,Letter Search!,https://tr.rbxcdn.com/180DAY-d641c7076eff66fcd8b4ede20845ed91/150/150/Image/Webp/noFilter,2026-10-02T12:48:06Z
16590754220,Pull a Friend [2 Players],https://tr.rbxcdn.com/180DAY-d929fb51665fa003bcf4ca7c04640d1c/150/150/Image/Webp/noFilter,2026-09-12T02:52:08Z
16625391970,NewSmith 🏡 RP,https://tr.rbxcdn.com/180DAY-f6bafb63e50ed6615e3eb1af5b808976/150/150/Image/Webp/noFilter,2026-09-10T16:44:36Z
16653555262,[W10] Rope Swing Obby,https://tr.rbxcdn.com/180DAY-942a501129f5be89402cb9386ccf830a/150/150/Image/Webp/noFilter,2026-09-10T16:44:36Z
16666497786,Who's Lying?,https://tr.rbxcdn.com/180DAY-72a2795ae65a033e77db4ed1369fcc35/150/150/Image/Webp/noFilter,2026-09-11T18:58:03Z
16720848315,My Little Pony RP,https://tr.rbxcdn.com/180DAY-7642ce89e8fad79d9460f1bf04a50dbb/150/150/Image/Webp/noFilter,2026-09-10T16:44:36Z
16732694052,Fisch 🐟,https://tr.rbxcdn.com/180DAY-7f9181548a576a6f213b16aa6741b7cc/150/150/Image/Webp/noFilter,2026-09-10T16:44:36Z
16740784399,The Eastern War 2.5,https://tr.rbxcdn.com/180DAY-4c817a0be1a9c3a5ddcbb65fb9728ba8/150/150/Image/Webp/noFilter,2026-09-10T16:44:36Z
16825633506,[CHAPTER 2] CORRIDOR,https://tr.rbxcdn.com/180DAY-f5a4c142023c1971c1997023541def86/150/150/Image/Webp/noFilter,2026-09-11T15:13:25Z
16867505761,Escape Angry Head,https://tr.rbxcdn.com/180DAY-10a1b57142dcb377f007545484bbe3f4/150/150/Image/Webp/noFilter,2026-09-10T16:44:36Z
16883974868,Jule's RNG [ARC 7 UPD],https://tr.rbxcdn.com/180DAY-e64a5fab69382709d49b09075e383f4d/150/150/Image/Webp/noFilter,2026-09-11T23:29:25Z
16893821047,Blue Heater 2 [FISH FUNLAND🎣],https://tr.rbxcdn.com/180DAY-36b280e21b32daeb87b009c244c3006a/150/150/Image/Webp/noFilter,2026-09-17T18:28:05Z
16894230496,The Exit 8!,https://tr.rbxcdn.com/180DAY-4bdb900b767fa08cd3321932bb19007e/150/150/Image/Webp/noFilter,2026-09-11T11:41:58Z
16901389020,Web Rush,https://tr.rbxcdn.com/180DAY-93f889c4a901bdf328dc0684e8696c88/150/150/Image/Webp/noFilter,2026-09-10T16:44:36Z
16907212609,"HELLO, NEIGHBOR [ACT 3]",https://tr.rbxcdn.com/180DAY-4eed4df8b7197a8ee251619fa78943b6/150/150/Image/Webp/noFilter,2026-09-10T16:44:36Z
16910059756,RV Cooked? [BUGGY],https://tr.rbxcdn.com/180DAY-13e46a35d5c5512ebecfea6c81eec9c7/150/150/Image/Webp/noFilter,2026-09-10T16:44:36Z
16927467487,"[UPD 3] West Coast, Florida",https://tr.rbxcdn.com/180DAY-48fd45bca583db8cdb315035da8d8068/150/150/Image/Webp/noFilter,2026-09-20T17:20:25Z
16962279458,KOYA DANCE,https://tr.rbxcdn.com/180DAY-a704886dc23650fb2926afae90dd4b82/150/150/Image/Webp/noFilter,2026-09-10T16:44:36Z
16981421605,Reborn As Swordsman,https://tr.rbxcdn.com/180DAY-8e389035b85a4f3ea5c304a56f5e5222/150/150/Image/Webp/noFilter,2026-09-11T15:13:25Z
16985073662,PROJECT MONSTER,https://tr.rbxcdn.com/180DAY-d5fd382a70e219c59a20a89caa95189a/150/150/Image/Webp/noFilter,2026-09-12T23:43:03Z
16991287194,something evil will happen,https://tr.rbxcdn.com/180DAY-7a98a24c59e163642ea393b5989cabf6/150/150/Image/Webp/noFilter,2026-09-10T16:44:36Z
16993432698,Impossible Squid Game Glass Bridge 2,https://tr.rbxcdn.com/180DAY-81f13780888c2a8ee14f85de1082b4ee/150/150/Image/Webp/noFilter,2026-09-10T16:44:36Z
17012548142,Be a Snake,https://tr.rbxcdn.com/180DAY-1b7aee2052803b0aa783312e56531446/150/150/Image/Webp/noFilter,2026-09-10T16:44:36Z
17045823120,Sierra Mexico🔥,https://tr.rbxcdn.com/180DAY-ba3d28b7749cda2895c481d1bac0bdaf/150/150/Image/Webp/noFilter,2026-09-10T16:44:36Z
17050349106,Build to Survive the Tsunami 🌊,https://tr.rbxcdn.com/180DAY-eb3909032344aa5089b74c6f17581be0/150/150/Image/Webp/noFilter,2026-09-10T16:44:36Z
17057139388,🌹Poppy Playtoys [ALPHA],https://tr.rbxcdn.com/180DAY-28919a44f08473cca01e36f297a8939b/150/150/Image/Webp/noFilter,2026-09-26T17:13:05Z
17061672823,Forest,https://tr.rbxcdn.com/180DAY-970e3fdcc0826adfdc92548291cdbfbc/150/150/Image/Webp/noFilter,2026-09-20T06:43:04Z
17070462969,VOXEL DESTRUCT 2 EARLY ACCESS,https://tr.rbxcdn.com/180DAY-b66531837b202061c613bf7c1154bf23/150/150/Image/Webp/noFilter,2026-09-10T16:44:36Z
17094607279,Obby But You Walk on Walls,https://tr.rbxcdn.com/180DAY-aa0c6038fa44ecb48d2f5e7435c03a03/150/150/Image/Webp/noFilter,2026-09-15T22:54:42Z
17121846721,Build with Friends,https://tr.rbxcdn.com/180DAY-4cdd809c4e0ba3f4151fd7ae893c536a/150/150/Image/Webp/noFilter,2026-09-10T16:44:36Z
17122706530,Tuantu's lobotomization branches,https://tr.rbxcdn.com/180DAY-2388fcdd31fcbfbb0eb869c0c3212715/150/150/Image/Webp/noFilter,2026-09-11T15:13:25Z
17124607103,melon river tycoon *QUESTS*,https://tr.rbxcdn.com/180DAY-698921d65e0c7048686bcd19b087632c/150/150/Image/Webp/noFilter,2026-09-11T11:41:58Z
17164617414,FPE:S,https://tr.rbxcdn.com/180DAY-6f29e01001309f9e38a2bc1545fdfd7d/150/150/Image/Webp/noFilter,2026-09-11T15:13:25Z
17188326828,[COMING SOON] Age of Titans,https://tr.rbxcdn.com/180DAY-6f01390dbdd70e1fdf876c86a1d49a25/150/150/Image/Webp/noFilter,2026-09-10T16:44:36Z
17192092512,Deermont 🏡RP,https://tr.rbxcdn.com/180DAY-cf7cefe23c2939fb23f4c0b9c80db15f/150/150/Image/Webp/noFilter,2026-09-10T16:44:36Z
17230784439,Buddy Buddy,https://tr.rbxcdn.com/180DAY-1d0230c854746f3e0a21dd97cbcbec61/150/150/Image/Webp/noFilter,2026-09-11T15:13:25Z
17239587155,[EARLY ACCESS] MUSKETS & MAGIC,https://tr.rbxcdn.com/180DAY-ec5dd9f088e7c309cfd802f6e88c9628/150/150/Image/Webp/noFilter,2026-09-12T22:28:06Z
17252752180,RECLONE [Gun Update],https://tr.rbxcdn.com/180DAY-cfa91d971f24d38c7f854c72fd20f279/150/150/Image/Webp/noFilter,2026-09-23T19:13:07Z
17255098561,The Corner 🔊,https://tr.rbxcdn.com/180DAY-8465286b24a897ac2f6e3253ac9c9e4c/150/150/Image/Webp/noFilter,2026-09-10T16:44:36Z
17262338236,Wordie🧩,https://tr.rbxcdn.com/180DAY-9b43c2301d0d5824b58bb6f9135e12d5/150/150/Image/Webp/noFilter,2026-09-20T01:43:04Z
17277889388,Gun Armory Tycoon,https://tr.rbxcdn.com/180DAY-7c64ae862d3b540662a6547b71c27dea/150/150/Image/Webp/noFilter,2026-09-10T16:44:36Z
17324489187,Subconscious [Horror],https://tr.rbxcdn.com/180DAY-8e7e8024800a43bccf282216d351311c/150/150/Image/Webp/noFilter,2026-09-11T15:13:25Z
17350080740,Infinite Script Fighting,https://tr.rbxcdn.com/180DAY-e158739e64a26ef944ee07c0bc0c2d1e/150/150/Image/Webp/noFilter,2026-09-12T13:54:57Z
17357719939,Wizard West,https://tr.rbxcdn.com/180DAY-fe9d375516724ae56e17f43f1c484744/150/150/Image/Webp/noFilter,2026-09-20T15:40:41Z
17367418320,Toy Trains 🚂,https://tr.rbxcdn.com/180DAY-0cc3212fe1a2d9a9e625b5054f129ea6/150/150/Image/Webp/noFilter,2026-09-12T03:13:03Z
17371491481,🚨 Birmingham Vehicle Simulator,https://tr.rbxcdn.com/180DAY-9f4c9b6d3af563483dfbbf9ee4eb5e93/150/150/Image/Webp/noFilter,2026-09-10T16:44:36Z
17427651911,The Classic,https://tr.rbxcdn.com/180DAY-9beb44de85ac0fea8904c8d66b4fe97d/150/150/Image/Webp/noFilter,2026-09-17T14:45:21Z
17450551531,[UPD 4.5] Gym League ,https://tr.rbxcdn.com/180DAY-af4a8bef6d433b6e93f6f90bf85cefc9/150/150/Image/Webp/noFilter,2026-09-10T16:44:36Z
17455699549,[FREE KJ] Mystic Battleground,https://tr.rbxcdn.com/180DAY-57b69af7f168aa2723c29c9185205abf/150/150/Image/Webp/noFilter,2026-09-12T02:13:05Z
17457039279,[V0.2 PRE-ALPHA] Darkest Hours,https://tr.rbxcdn.com/180DAY-f37e08ec52578f2c4e087eaf8af6718c/150/150/Image/Webp/noFilter,2026-09-10T23:21:35Z
17457986005,[ENDLESS] The Noob Experiment Battlefront,https://tr.rbxcdn.com/180DAY-72565ab8542de3101606ad5b80013475/150/150/Image/Webp/noFilter,2026-09-10T16:44:36Z
17495769916,🏝️ monkey raft 🏝️,https://tr.rbxcdn.com/180DAY-1e3d3c20aca73ac79aa521578a343459/150/150/Image/Webp/noFilter,2026-10-04T18:13:09Z
17516596118,[🎃UPD!] Hypershot,https://tr.rbxcdn.com/180DAY-576f61852a77e72d271fb5387243c88b/150/150/Image/Webp/noFilter,2026-09-10T16:44:36Z
17556820024,Untitled Fling Game,https://tr.rbxcdn.com/180DAY-fb13844e038e8c7d5d40b43ef06d9617/150/150/Image/Webp/noFilter,2026-09-10T16:44:36Z
17559596992,🎃 Animatronic Nights [HALLOWEEN],https://tr.rbxcdn.com/180DAY-5e4e286046210df63b89ba43938450fa/150/150/Image/Webp/noFilter,2026-09-10T18:57:27Z
17571821642,Math Tower Race,https://tr.rbxcdn.com/180DAY-3316560375c08a742b8e8ce0974e877b/150/150/Image/Webp/noFilter,2026-09-10T16:44:36Z
17577256698,Hutan [Voice Chat],https://tr.rbxcdn.com/180DAY-3fc7a4a0df2c78ac7fd155925a4a0f1a/150/150/Image/Webp/noFilter,2026-09-10T16:44:36Z
17581668152,Nitro Car,https://tr.rbxcdn.com/180DAY-8bd1f21ce367ec44374cbbbae550a25d/150/150/Image/Webp/noFilter,2026-09-10T16:44:36Z
17590362521,Spelling Bee,https://tr.rbxcdn.com/180DAY-575595927cfa701072d2f60666a3fc25/150/150/Image/Webp/noFilter,2026-09-12T02:28:01Z
17600423422,🍁 10 Player Flee,https://tr.rbxcdn.com/180DAY-3d16347c0833f2edcac770f620c7e000/150/150/Image/Webp/noFilter,2026-09-10T16:44:36Z
17612027930,🍫Tower Of Candy - Tower Of Hell,https://tr.rbxcdn.com/180DAY-ed7710d689de9dcebaf243a15a112d21/150/150/Image/Webp/noFilter,2026-09-11T01:22:17Z
17625359962,RIVALS,https://tr.rbxcdn.com/180DAY-2f7bb0535e48ac3766835b44ded27a74/150/150/Image/Webp/noFilter,2026-09-10T16:44:36Z
17662297954,[🌀Sky Manipulation] KAIZEN,https://tr.rbxcdn.com/180DAY-5ac350cb5fc261056e6a567931f58130/150/150/Image/Webp/noFilter,2026-09-10T16:44:36Z
17663815608,La Kantina Vibe,https://tr.rbxcdn.com/180DAY-ef88d1a38010879295cf29609335b988/150/150/Image/Webp/noFilter,2026-09-16T04:28:14Z
17664585395,Spelling Race,https://tr.rbxcdn.com/180DAY-ab614b6b953a55ad1f3656d756f55680/150/150/Image/Webp/noFilter,2026-09-10T16:44:36Z
17670743999,[UPD🍓] Cake Off!,https://tr.rbxcdn.com/180DAY-c3405a79227bed2867c45aaaa8bca2b4/150/150/Image/Webp/noFilter,2026-09-12T03:58:01Z
17698425045,[UNBANS] fight in a school,https://tr.rbxcdn.com/180DAY-53c5c537d5da873e8b3ddb07d4395cbc/150/150/Image/Webp/noFilter,2026-09-10T16:44:36Z
17720162456,Sorcerer Tower Defense [NAOYA],https://tr.rbxcdn.com/180DAY-8507650e77ca66d664dc19e94377bbf5/150/150/Image/Webp/noFilter,2026-09-10T16:44:36Z
17729873503,YooBroxDD's DOORS RP 🎃,https://tr.rbxcdn.com/180DAY-d3d657c88782a7e2aac4cb81b3d7801f/150/150/Image/Webp/noFilter,2026-09-10T16:44:36Z
17738127017,[SUMMER UPD] Brace,https://tr.rbxcdn.com/180DAY-1a42097ba423c6e318d0162dd1dddba1/150/150/Image/Webp/noFilter,2026-09-12T21:43:03Z
17759606919,Helicity,https://tr.rbxcdn.com/180DAY-3c238bc0d30061dc1de31aa8422cd0a0/150/150/Image/Webp/noFilter,2026-09-10T16:44:36Z
17798223108,Jujutsu Beatdown,https://tr.rbxcdn.com/180DAY-e2ab879c388af85f215b72b2035d424d/150/150/Image/Webp/noFilter,2026-09-10T16:44:36Z
17805166690,The Undead Coming (2026),https://tr.rbxcdn.com/180DAY-b8b309ed154a9377408951483430ae06/150/150/Image/Webp/noFilter,2026-09-29T19:11:44Z
17813692689,Journey to Heaven,https://tr.rbxcdn.com/180DAY-9b6b9c078272fd8bd721b79ad7abc26d/150/150/Image/Webp/noFilter,2026-10-01T23:28:04Z
17844293708,🔑Project: Escape Room [MULTIPLAYER],https://tr.rbxcdn.com/180DAY-f6e4a6d188b644b34c70191998a66f13/150/150/Image/Webp/noFilter,2026-09-10T16:44:36Z
17857806871,[💥BATTLES] SCP & Siren Head Roleplay,https://tr.rbxcdn.com/180DAY-89cfc40b897d344e1ed8a99225aa2997/150/150/Image/Webp/noFilter,2026-09-27T17:35:10Z
17861623204,Hajwala X,https://tr.rbxcdn.com/180DAY-4641ae5cf89c27ca9a394f939540a84b/150/150/Image/Webp/noFilter,2026-09-10T16:44:36Z
17882166032,Clone Engine,https://tr.rbxcdn.com/180DAY-05cab3d0e7958b31d221e4866ad8f68e/150/150/Image/Webp/noFilter,2026-09-10T16:44:36Z
18102078939,CRAZY CHEFS! 👨‍🍳,https://tr.rbxcdn.com/180DAY-954f7c71734d4ba6b1a8977e03678965/150/150/Image/Webp/noFilter,2026-09-10T16:44:36Z
18124463753,[NEW MAP] Garten of Banban RP X!,https://tr.rbxcdn.com/180DAY-2a05034f66846abb26a08c93ddf0aa15/150/150/Image/Webp/noFilter,2026-09-12T01:11:09Z
18130218021,Hell's Kitchen 2,https://tr.rbxcdn.com/180DAY-09ad85a87706f6c98afddb6326187b91/150/150/Image/Webp/noFilter,2026-09-12T13:54:57Z
18138682962,[X2] Freeze for UGC 🧊,https://tr.rbxcdn.com/180DAY-8d7799842bdd94259a8e84c2b7dd80e4/150/150/Image/Webp/noFilter,2026-09-10T16:44:36Z
18152595062,Chained Together [2-3-4-5 PLAYER],https://tr.rbxcdn.com/180DAY-9a2376862c7b3e875852910321c11153/150/150/Image/Webp/noFilter,2026-09-10T16:44:36Z
18153851914,[MURDERER] Classic Arena,https://tr.rbxcdn.com/180DAY-ae80abc9fe498cd4764a773737f5a461/150/150/Image/Webp/noFilter,2026-09-10T16:44:36Z
18156286285,Elevator of Fun [🎃],https://tr.rbxcdn.com/180DAY-e73dffc4e6d08385ab2d20358b64de97/150/150/Image/Webp/noFilter,2026-09-10T16:44:36Z
18159451435,[⌛NOW] MEGA Boss Survival,https://tr.rbxcdn.com/180DAY-cc5099bcc1e88e22d23449df8f23c073/150/150/Image/Webp/noFilter,2026-09-19T16:13:04Z
18172550962,Pixel Blade,https://tr.rbxcdn.com/180DAY-c140414f500054a648b41057035b7c5b/150/150/Image/Webp/noFilter,2026-09-10T16:44:36Z
18180213499,🕳️ Be a Hole,https://tr.rbxcdn.com/180DAY-1b3459e41b7f4ac3f203622361834d8a/150/150/Image/Webp/noFilter,2026-09-11T11:41:58Z
18180736634,Team Stepmom Run! (TEAMWORK OBBY),https://tr.rbxcdn.com/180DAY-ea699b7e683e5006e2b11822bcafa21f/150/150/Image/Webp/noFilter,2026-09-10T16:44:36Z
18183902003,Hungry Pig,https://tr.rbxcdn.com/180DAY-e5423d72131c5d7f6e21efa300c9bb1f/150/150/Image/Webp/noFilter,2026-09-10T16:44:36Z
18192562963,Vietnamese Community 🇻🇳,https://tr.rbxcdn.com/180DAY-161301cc85db741ae7521507a8010285/150/150/Image/Webp/noFilter,2026-09-10T16:44:36Z
18199234764,Snake Simulator,https://tr.rbxcdn.com/180DAY-0fc48ea3279bb26926e8dea35de5e434/150/150/Image/Webp/noFilter,2026-10-03T01:58:06Z
18199615050,[UPD] Demonology🕯️,https://tr.rbxcdn.com/180DAY-74cdb66f1fa563f3e22362a9891c25d1/150/150/Image/Webp/noFilter,2026-09-10T16:44:36Z
18213102218,[🎄] Titan Training Simulator,https://tr.rbxcdn.com/180DAY-17a42c8da4bd0a43d79eadfdd8d09574/150/150/Image/Webp/noFilter,2026-09-11T11:41:58Z
18214855317,Savannah Life,https://tr.rbxcdn.com/180DAY-d8187099b3604adbdbc4c707a0175db4/150/150/Image/Webp/noFilter,2026-09-10T16:44:36Z
18218605381,Clarity Over Resonance,https://tr.rbxcdn.com/180DAY-4333f06e63a204a9e6404f7fd9914a64/150/150/Image/Webp/noFilter,2026-09-10T16:44:36Z
18259975825,Grave/Digger,https://tr.rbxcdn.com/180DAY-c35d5e6a13e1de9f84ca20e2919bda28/150/150/Image/Webp/noFilter,2026-09-10T16:44:36Z
18260439047,God's Mod,https://tr.rbxcdn.com/180DAY-0519ad6739322b4b8ef6f76f6b0d9c98/150/150/Image/Webp/noFilter,2026-09-10T16:44:36Z
18260801046,[🎃] Baddies Brawl 👊,https://tr.rbxcdn.com/180DAY-c019ffffdd1aaba5ae5674672b5736f6/150/150/Image/Webp/noFilter,2026-09-12T01:11:09Z
18270421464,Noob Crusher Tycoon,https://tr.rbxcdn.com/180DAY-3a4715e7a610a42b75e21ef2423760f1/150/150/Image/Webp/noFilter,2026-10-03T16:09:16Z
18289796570,[NEW TOWER] Nooby's Difficulty Chart Obby 3,https://tr.rbxcdn.com/180DAY-a596f908f68c726e09ed00900cb19ba7/150/150/Image/Webp/noFilter,2026-09-11T18:58:03Z
18334179599,Chained [2 Player Obby],https://tr.rbxcdn.com/180DAY-28462b807749a64a54ee9c91ef174419/150/150/Image/Webp/noFilter,2026-09-10T16:44:36Z
18335956021,Grand Blue [Early Access],https://tr.rbxcdn.com/180DAY-e8be56b1ee5a200d9f496088c973de3f/150/150/Image/Webp/noFilter,2026-09-10T16:44:36Z
18336470541,Seeker vs Hider,https://tr.rbxcdn.com/180DAY-6ef71fdece176a5286cedb50bb800cc8/150/150/Image/Webp/noFilter,2026-09-11T01:22:17Z
18337464872,Weak Legacy 2 ,https://tr.rbxcdn.com/180DAY-7faae4baf10fd8ec8fb1e264eb1dba5e/150/150/Image/Webp/noFilter,2026-10-03T16:51:00Z
18341181766,Push-Up Training Simulator,https://tr.rbxcdn.com/180DAY-7ceafc342e9ebf3ed44f8f0c3dfa8cf2/150/150/Image/Webp/noFilter,2026-09-10T16:44:36Z
18352872370,"Eurotunnel, Border Roleplay",https://tr.rbxcdn.com/180DAY-a69eb1fe9ba4fb10c90687b58aec1110/150/150/Image/Webp/noFilter,2026-09-22T19:03:29Z
18376355901,Kurdish Obby ☀️ [Official],https://tr.rbxcdn.com/180DAY-f271d72c7c840b83dee71bcbe7a5a89a/150/150/Image/Webp/noFilter,2026-09-10T16:44:36Z
18382602608,Our Execution [V7.8a.0: Medical Aid & More],https://tr.rbxcdn.com/180DAY-d31e6c22d0dd71fe4768e2e47b6eb3c9/150/150/Image/Webp/noFilter,2026-09-26T17:13:05Z
18403789061,Knock the Blocks [UPD],https://tr.rbxcdn.com/180DAY-f5d36075235138891d0bad1ec5b02c3d/150/150/Image/Webp/noFilter,2026-09-10T16:44:36Z
18408132742,Idle Money Clicker,https://tr.rbxcdn.com/180DAY-5dca52f00e4ee5efbd74b934dfa288ab/150/150/Image/Webp/noFilter,2026-09-10T16:44:36Z
18432975025,Short Horror Games,https://tr.rbxcdn.com/180DAY-6ae04419ef27bd1b06af6c7bf8231b26/150/150/Image/Webp/noFilter,2026-09-11T17:06:57Z
18495650842,[Season 10]Stickman Tower Defense,https://tr.rbxcdn.com/180DAY-2c844ede1543f35af74068aa8f66a6cd/150/150/Image/Webp/noFilter,2026-09-12T01:24:02Z
18500105193,Climb [TROPHIES! 🏆],https://tr.rbxcdn.com/180DAY-0d791f2e52bdf207e610fbd962aa23fa/150/150/Image/Webp/noFilter,2026-09-16T19:01:03Z
18512318831,[🎉RELEASE🎉] Undertale Adventures X,https://tr.rbxcdn.com/180DAY-759992ddd06d3da6983d51ae5550839f/150/150/Image/Webp/noFilter,2026-10-06T04:43:09Z
18519254033,[WORKSHOP] Jump Showdown,https://tr.rbxcdn.com/180DAY-561b14e740d59227db7f6a1436fbdb63/150/150/Image/Webp/noFilter,2026-09-10T16:44:36Z
18537079992,Армия Роблокса РП,https://tr.rbxcdn.com/180DAY-64c6c6c04c081778e4845aa36dfec640/150/150/Image/Webp/noFilter,2026-09-10T16:44:36Z
18545825758,Body Swap Facility,https://tr.rbxcdn.com/180DAY-f3f7cadf74181df988bd829d1d6c82fa/150/150/Image/Webp/noFilter,2026-09-10T16:44:36Z
18564534135,The Highest Ever Waterslide Obby,https://tr.rbxcdn.com/180DAY-666b133fa6df90a88cad4486da74704c/150/150/Image/Webp/noFilter,2026-09-10T16:44:36Z
18645473062,[🐉Pets][V67]Cultivation: Mortal to Immortal,https://tr.rbxcdn.com/180DAY-bc4ba16d5bb9ce36a69606a8de6e893a/150/150/Image/Webp/noFilter,2026-09-10T16:44:36Z
18649596490,[RELAPSE] Are you lonely?,https://tr.rbxcdn.com/180DAY-832e299933c3e7f8def21bd3bc525aca/150/150/Image/Webp/noFilter,2026-09-10T16:44:36Z
18666738837,Death Order: Simon Says,https://tr.rbxcdn.com/180DAY-d07caa89c97cbbe1f5715071df2bf233/150/150/Image/Webp/noFilter,2026-09-10T16:44:36Z
18668065416,[🧟‍♂️ Don Lorenzo] Blue Lock: Rivals,https://tr.rbxcdn.com/180DAY-2376970e6a35600d177a182fd7802d6c/150/150/Image/Webp/noFilter,2026-09-10T16:44:36Z
18680867089,Ultimate Mining Tycoon,https://tr.rbxcdn.com/180DAY-cc7e11b1c2298f4be06af0f8f7d03a48/150/150/Image/Webp/noFilter,2026-09-10T16:44:36Z
18687417158,Forsaken,https://tr.rbxcdn.com/180DAY-f3e043689a4008b06fc5fbade05f7bfc/150/150/Image/Webp/noFilter,2026-09-10T16:44:36Z
18688598012,Vina High School 📚 RP ,https://tr.rbxcdn.com/180DAY-29f51a34456ca094ed55cfb1d2d8a517/150/150/Image/Webp/noFilter,2026-09-10T16:44:36Z
18688902681,Blox Mod,https://tr.rbxcdn.com/180DAY-ff7d3bb439acdab539480e6874df6790/150/150/Image/Webp/noFilter,2026-09-12T16:49:10Z
18700851435,[FIRE FIGHTING] Flight World,https://tr.rbxcdn.com/180DAY-31a651a0b4b1b797f45b3855c9b89368/150/150/Image/Webp/noFilter,2026-09-10T16:44:36Z
18721710268,Halloween Obby!,https://tr.rbxcdn.com/180DAY-b88c4fa6a11c385ff334e00959634f3a/150/150/Image/Webp/noFilter,2026-10-09T17:58:09Z
18753889337,Main Street 🏡RP [Pets! 🐕],https://tr.rbxcdn.com/180DAY-c15b896726febcec76ce253665e9966a/150/150/Image/Webp/noFilter,2026-09-10T16:44:36Z
18758755773,Threadville 🧵,https://tr.rbxcdn.com/180DAY-f74a2ecf9b99526f0fca76ed191a364a/150/150/Image/Webp/noFilter,2026-10-06T19:00:28Z
18799085098,💀 Hide or OOF!,https://tr.rbxcdn.com/180DAY-49a6e25b0419c4c71da6b9a0b8fb6553/150/150/Image/Webp/noFilter,2026-09-10T16:44:36Z
18803315158,[🎃 UPD!!]💪Ninja Challenge [BETA],https://tr.rbxcdn.com/180DAY-93d442bdcb03664bba1f8a629724b59f/150/150/Image/Webp/noFilter,2026-09-10T16:44:36Z
18816315817,[ BattleArmor ] ST : Blockade Battlefront,https://tr.rbxcdn.com/180DAY-9b9868b61c494e585edba73b443b37cd/150/150/Image/Webp/noFilter,2026-09-10T16:44:36Z
18864551515,Bouncy Castle,https://tr.rbxcdn.com/180DAY-87df35bc1e7e94eeadff97e4c4204224/150/150/Image/Webp/noFilter,2026-09-10T16:44:36Z
18934709778,A Long Road - BETA,https://tr.rbxcdn.com/180DAY-4d6abe529cb2ae284b6ffa0d1363b8c2/150/150/Image/Webp/noFilter,2026-09-10T16:44:36Z
18948446518,Mr.Mix,https://tr.rbxcdn.com/180DAY-86b1a3be42cdefa4799341c384ccb8a5/150/150/Image/Webp/noFilter,2026-09-10T16:44:36Z
18950675748,Vina City 🏠 RP,https://tr.rbxcdn.com/180DAY-d15300fb06be6476c926877343437b62/150/150/Image/Webp/noFilter,2026-09-11T04:31:54Z
18956320538,[🫧QOL UPDATE] Mermaid Isle 🌊,https://tr.rbxcdn.com/180DAY-3cc3e6b88d2c84e7664c5e68d274d00f/150/150/Image/Webp/noFilter,2026-09-11T01:22:17Z
18959440414,ART. 244 [🛠️ HUGE FIXES] ,https://tr.rbxcdn.com/180DAY-e679ebe08e9a3a2d1ad60681a90d5414/150/150/Image/Webp/noFilter,2026-09-10T16:44:36Z
18960834681,Better Food? 🍔 ,https://tr.rbxcdn.com/180DAY-68b8ce0b8e62680a535bcbf402ed1467/150/150/Image/Webp/noFilter,2026-09-10T18:23:54Z
18968763874,A Niche Barista Game,https://tr.rbxcdn.com/180DAY-dbf2e6cbf1af1211293525e3b10d7ad7/150/150/Image/Webp/noFilter,2026-09-12T13:54:57Z
18984776765,[♨️] NEOHEE HOT SPRING,https://tr.rbxcdn.com/180DAY-8f227fb93156ee907f9cc878a71ae823/150/150/Image/Webp/noFilter,2026-09-10T16:44:36Z
70390793715007,Hooked! [TRAIT],https://tr.rbxcdn.com/180DAY-5524e9da80f09c5be066671c7c6c5a10/150/150/Image/Webp/noFilter,2026-09-10T16:44:36Z
70400654680508,Five Nights TD 2 [EVOLUTIONS],https://tr.rbxcdn.com/180DAY-39ae7194560aa1b41eda80fbf20058ed/150/150/Image/Webp/noFilter,2026-09-10T16:44:36Z
70411440483149,100 Days At Sea,https://tr.rbxcdn.com/180DAY-39a46132e9e5bdeea6203ef8bc4bc325/150/150/Image/Webp/noFilter,2026-09-10T16:44:36Z
70412932199344,Weather Sandbox,https://tr.rbxcdn.com/180DAY-67ce0544c06f99f719a72a3028b69929/150/150/Image/Webp/noFilter,2026-09-24T20:13:07Z
70425863611748,Custom chat | EN,https://tr.rbxcdn.com/180DAY-245db80df0506333baa61b7a2e181749/150/150/Image/Webp/noFilter,2026-09-12T18:32:32Z
70435795041539,[UPD] Junk Mechanics,https://tr.rbxcdn.com/180DAY-93d104e7675a7b00ec1d44cf41c3fbdf/150/150/Image/Webp/noFilter,2026-09-10T16:44:36Z
70476134485723,Investor City,https://tr.rbxcdn.com/180DAY-af2102dd96daf1fbbd848ab0307f4617/150/150/Image/Webp/noFilter,2026-09-10T16:44:36Z
70524138309677,Don't Steal a VIRAL Squishy,https://tr.rbxcdn.com/180DAY-deb88e04df1b18b0e5e38bb1d6db0d22/150/150/Image/Webp/noFilter,2026-09-11T04:31:54Z
70527259428459,[☀️] Blocky!,https://tr.rbxcdn.com/180DAY-2cf5bf72bbe11dccfa29824188b294bf/150/150/Image/Webp/noFilter,2026-09-22T11:10:26Z
70564797343878,[UPD] Ausom Scooter World!,https://tr.rbxcdn.com/180DAY-59155b880c89c90677cdfb16ff2b6ad9/150/150/Image/Webp/noFilter,2026-09-10T16:44:36Z
70587876731444,[UPD🍪] Would You Rather: Diva Tower 💄,https://tr.rbxcdn.com/180DAY-4c4f37a3809e66713b0ffdd67cbdc334/150/150/Image/Webp/noFilter,2026-09-10T16:44:36Z
70640255604878,Pull An Egg,https://tr.rbxcdn.com/180DAY-8726926ce9acbb3e1666fe3c95e981a9/150/150/Image/Webp/noFilter,2026-09-10T16:44:36Z
70654975563721,Star Catchers 🌟 ,https://tr.rbxcdn.com/180DAY-8505a95c24b65c8164580d3d53d6e0ae/150/150/Image/Webp/noFilter,2026-09-12T18:32:32Z
70670854739587,Bad Guy Mystery,https://tr.rbxcdn.com/180DAY-aa877e27c3496810d1ca3689f5cd10a9/150/150/Image/Webp/noFilter,2026-09-15T20:06:22Z
70797316145408,Waddle Obby,https://tr.rbxcdn.com/180DAY-49b3a3d1f4ad2af75ca406c5c35481fa/150/150/Image/Webp/noFilter,2026-10-03T17:43:08Z
70805830291547,"[KJ, VERITY, HALLOWEEN 🎃] Unlimited Battlegrounds",https://tr.rbxcdn.com/180DAY-8d9a6eada8dba169521ea362c85db8b4/150/150/Image/Webp/noFilter,2026-09-10T16:44:36Z
70824721645030,Stair Tower,https://tr.rbxcdn.com/180DAY-efea3bf524bd426daf911bba46e38512/150/150/Image/Webp/noFilter,2026-09-10T16:44:36Z
70904050766278,Merge an SCP,https://tr.rbxcdn.com/180DAY-cb9b194271695261783b62aa7b2ca16e/150/150/Image/Webp/noFilter,2026-09-10T16:44:36Z
70906625936847,Gym Star Simulator 🏋️,https://tr.rbxcdn.com/180DAY-28e06a60761da59801655ff00a827918/150/150/Image/Webp/noFilter,2026-09-10T16:44:36Z
70911358699250,🗽 RODOGRAU 2.0,https://tr.rbxcdn.com/180DAY-53f1e701bd5eb62abaea811156aca99b/150/150/Image/Webp/noFilter,2026-09-10T16:44:36Z
70920054783301,Sajonara Tower 2,https://tr.rbxcdn.com/180DAY-b23719c3af646ae7dffb9e34571ff9ad/150/150/Image/Webp/noFilter,2026-10-01T18:13:08Z
70959844973091,😈 Split or Steal Brainrot,https://tr.rbxcdn.com/180DAY-9e023e9602a5b3de1dcb47e9b918a8cd/150/150/Image/Webp/noFilter,2026-09-12T13:54:57Z
70970763145070,Choose Your Power,https://tr.rbxcdn.com/180DAY-06de2aa5054e9ed68f3ce0e5fbf93aec/150/150/Image/Webp/noFilter,2026-09-10T16:44:36Z
70990751935174,[UPD] Violent Party!,https://tr.rbxcdn.com/180DAY-e58562dcebbd3916ff95fad812416d25/150/150/Image/Webp/noFilter,2026-09-10T16:44:36Z
70994695337243,[UPD] VERITY™: NIGHTFALL,https://tr.rbxcdn.com/180DAY-f8eed514983c6660b14d471d4a6a8ae6/150/150/Image/Webp/noFilter,2026-09-10T16:44:36Z
70998903613713,Mol's Zombie Roleplay Game,https://tr.rbxcdn.com/180DAY-47e012f7a540b6b825efad40e697a196/150/150/Image/Webp/noFilter,2026-09-10T16:44:36Z
71099982892966,Would You Rather: Celebrity Tower,https://tr.rbxcdn.com/180DAY-68e59aa1c5ae123f86e9d6d75e040327/150/150/Image/Webp/noFilter,2026-09-10T16:44:36Z
71105162305369,3D Sprunki RP And Animations [SPREALKI],https://tr.rbxcdn.com/180DAY-39dc17f6319f72248d4b644b08c36d6b/150/150/Image/Webp/noFilter,2026-09-26T19:58:04Z
71132543521245,[☀️UPD 5.0🥁] Anime Squadron,https://tr.rbxcdn.com/180DAY-b2161a8e7a2c211c200c5089e725e8ce/150/150/Image/Webp/noFilter,2026-09-10T16:44:36Z
71143154217953,Glide Tower,https://tr.rbxcdn.com/180DAY-804def08f92fedd758f486057750b98a/150/150/Image/Webp/noFilter,2026-09-10T16:44:36Z
71174733280934,Palmhaven City Life RP🏡,https://tr.rbxcdn.com/180DAY-ddc4ff0b9402192d37472ee470932bfc/150/150/Image/Webp/noFilter,2026-09-10T16:44:36Z
71229216166991,[🎧] ASMR Gun Tower,https://tr.rbxcdn.com/180DAY-cd78bf6c21d46ab4a6192954d956ca62/150/150/Image/Webp/noFilter,2026-09-10T23:21:35Z
71276239588427,Honcho Practice,https://tr.rbxcdn.com/180DAY-54bdd7019cb38caafba82694f979ef08/150/150/Image/Webp/noFilter,2026-09-24T20:43:04Z
71376979720403,Think Twice,https://tr.rbxcdn.com/180DAY-83c22b5ee3df9aa593841aa130995fa5/150/150/Image/Webp/noFilter,2026-10-01T15:35:29Z
71394819414417,[LIMITED 🏎️] Mega Mansion 2🌴,https://tr.rbxcdn.com/180DAY-d9756a9a5be26e57e10a22dc0dfaa9d1/150/150/Image/Webp/noFilter,2026-09-10T16:44:36Z
71412777087552,Chicken Jockey [2 Player Obby],https://tr.rbxcdn.com/180DAY-c250ef27f26ae31069485204dfa724e8/150/150/Image/Webp/noFilter,2026-09-12T13:54:57Z
71443883879110,Raise an Anomaly (SCP),https://tr.rbxcdn.com/180DAY-7dd5ca4f6996ca861574623b9227b543/150/150/Image/Webp/noFilter,2026-09-29T19:11:44Z
71457452830106,bote ried,https://tr.rbxcdn.com/180DAY-e8b9ccf34b9f9d46b7f9e5d7d73ca1fe/150/150/Image/Webp/noFilter,2026-09-10T16:44:36Z
71480482338212,BedFight ⚔️,https://tr.rbxcdn.com/180DAY-05d15ff0f492ecb1d6908db02071432c/150/150/Image/Webp/noFilter,2026-09-10T16:44:36Z
71543463524754,Run From 67 Obby 🏃,https://tr.rbxcdn.com/180DAY-ef47388d893100b95990c613ddaf7c8c/150/150/Image/Webp/noFilter,2026-09-10T16:44:36Z
71565666593141,😭 Cry For Me Troll Tower 🎶,https://tr.rbxcdn.com/180DAY-cf20af880043458410eee4b9147c72d8/150/150/Image/Webp/noFilter,2026-09-10T16:44:36Z
71599043035739,SCP MORPH,https://tr.rbxcdn.com/180DAY-5e348129f0ed4f7981f3752a81eb49e5/150/150/Image/Webp/noFilter,2026-09-10T16:44:36Z
71600459831333,Street Life Remastered 🔥,https://tr.rbxcdn.com/180DAY-f1fd4327699d06c0ef236afe5062217f/150/150/Image/Webp/noFilter,2026-09-10T16:44:36Z
71629130314861,💥 War of 1812 Tower Defense,https://tr.rbxcdn.com/180DAY-a01fa9e6a166e40b5d4ea9c4110c14f7/150/150/Image/Webp/noFilter,2026-09-12T13:54:57Z
71633357192188,Save the Dumpling Squishy ,https://tr.rbxcdn.com/180DAY-e91bedbb5eebbca98068cad8ef27d1ff/150/150/Image/Webp/noFilter,2026-09-10T16:44:36Z
71647048889071,Convenience Store in Korea ASMR,https://tr.rbxcdn.com/180DAY-d2c59375ea10ebe4d6a31e8b5aef316d/150/150/Image/Webp/noFilter,2026-09-10T16:44:36Z
71647256260480,Podiums VC 🔊,https://tr.rbxcdn.com/180DAY-1aab421b4636d2ed0ec2761f8557b036/150/150/Image/Webp/noFilter,2026-09-10T16:44:36Z
71689406215487,[🎃UPDATE ] Komorebi Prison,https://tr.rbxcdn.com/180DAY-593e9cc5d170b6f0c9298377f705994b/150/150/Image/Webp/noFilter,2026-09-20T00:43:04Z
71704434889758,(BETA) Drive A Kukirin!,https://tr.rbxcdn.com/180DAY-b4927389f3feb5cbfeb3c7364ca27600/150/150/Image/Webp/noFilter,2026-09-10T16:44:36Z
71706515477118,[V8] +1 Jump Evolve Tower,https://tr.rbxcdn.com/180DAY-3d5580dee9a9a5c48169a109023b6226/150/150/Image/Webp/noFilter,2026-09-10T16:44:36Z
71739455261863,Quicksand,https://tr.rbxcdn.com/180DAY-df795b05c6a1ad300eafb0e89bf604c2/150/150/Image/Webp/noFilter,2026-09-10T18:23:54Z
71774876641249,Chat [💬🔊] rp ragdoll,https://tr.rbxcdn.com/180DAY-336f74dca18de7459c2375f7d17aa993/150/150/Image/Webp/noFilter,2026-09-10T16:44:36Z
71816718496622,Be a Silly Seal [Hunting Update],https://tr.rbxcdn.com/180DAY-5d8a06bd5ea954ac64a6d14e9b3b7ffa/150/150/Image/Webp/noFilter,2026-09-12T02:28:01Z
71827913900569,Grow Beanstalk For Brainrots!,https://tr.rbxcdn.com/180DAY-997e4c369aa60499edfdfd1772f8b1ce/150/150/Image/Webp/noFilter,2026-09-11T11:41:58Z
71849204829689,[Wyw my sweetie] Trend City RP 🎶,https://tr.rbxcdn.com/180DAY-8607a33173f606f4a1b76f57532b6018/150/150/Image/Webp/noFilter,2026-09-10T16:44:36Z
71852303862507,Content Creator Tycoon,https://tr.rbxcdn.com/180DAY-197ed2b8a4e4405d20e42bde82daa713/150/150/Image/Webp/noFilter,2026-09-10T16:44:36Z
71890222711680,Murder Tower 🗡️,https://tr.rbxcdn.com/180DAY-368e909c0c8b7aa27bf61f5356909062/150/150/Image/Webp/noFilter,2026-09-10T23:21:35Z
71895508397153,Die of Death,https://tr.rbxcdn.com/180DAY-9b0a2b46ca66df52c6bd8d6290cf6dfd/150/150/Image/Webp/noFilter,2026-09-10T16:44:36Z
72019577565540,Movie Maker 4🎬[UPDATE],https://tr.rbxcdn.com/180DAY-c570bdb4250f50a06a106860c05f3391/150/150/Image/Webp/noFilter,2026-09-10T16:44:36Z
72105128013629,Kidnap And Jail,https://tr.rbxcdn.com/180DAY-7dfcb2d53be6c08250d18a9aad3e2519/150/150/Image/Webp/noFilter,2026-09-27T17:35:10Z
72167803024670,Find Who Slapped,https://tr.rbxcdn.com/180DAY-b2a69b0df3ab18ba1412ba53fbe35eb0/150/150/Image/Webp/noFilter,2026-09-10T16:44:36Z
72212564918217,Steal A Fish,https://tr.rbxcdn.com/180DAY-55be1e5f53db741b67d48b5e74a9e240/150/150/Image/Webp/noFilter,2026-09-12T03:13:03Z
72216345408467,🎭Roll An Army!,https://tr.rbxcdn.com/180DAY-4eb81cc34da350fd16602bb8c3018c9d/150/150/Image/Webp/noFilter,2026-09-10T16:44:36Z
72238253016204,Arena of Survival,https://tr.rbxcdn.com/180DAY-1126b5f5c44b129357401f9f3882c1a4/150/150/Image/Webp/noFilter,2026-09-12T22:43:12Z
72248722616845,Samurai DUELS,https://tr.rbxcdn.com/180DAY-067008b613202c5b734e30c274fd4afc/150/150/Image/Webp/noFilter,2026-09-19T13:58:40Z
72250771850707,I WANNA RUN AWAY TOWER,https://tr.rbxcdn.com/180DAY-b239c2c03ab33bb35083e0d395b7f448/150/150/Image/Webp/noFilter,2026-09-11T11:41:58Z
72317248326994,Bobsled Ride Down a Mountainside,https://tr.rbxcdn.com/180DAY-af9c61d867ebf93ab404a049aa383836/150/150/Image/Webp/noFilter,2026-09-10T16:44:36Z
72332516359729,GEF Road,https://tr.rbxcdn.com/180DAY-771d98641ba4a2c4dac358c50a12f45a/150/150/Image/Webp/noFilter,2026-09-20T00:13:06Z
72368345999613,[Revert] GHOUL:// RE,https://tr.rbxcdn.com/180DAY-82e01ed2c12bdb0dc255790f4d71051e/150/150/Image/Webp/noFilter,2026-09-27T20:43:05Z
72387437800091,DUELS [🌸SAKURA],https://tr.rbxcdn.com/180DAY-adafe09d4c635a7bdf9d7e77c9fd5392/150/150/Image/Webp/noFilter,2026-09-10T16:44:36Z
72399795227216,Total Football ⚽,https://tr.rbxcdn.com/180DAY-daaeeb3753cee2a1c6c62b69500d60f2/150/150/Image/Webp/noFilter,2026-09-10T16:44:36Z
72450672234943,Pets VS Police [CITY 🏙️],https://tr.rbxcdn.com/180DAY-6a69450f435ae5f12899a75f9e7a9f97/150/150/Image/Webp/noFilter,2026-09-10T16:44:36Z
72462386094083,[🎨] Camo Troll Tower,https://tr.rbxcdn.com/180DAY-0e905b7af3c610a50ef9c0684e426023/150/150/Image/Webp/noFilter,2026-09-12T02:28:01Z
72525366293660,[🎨] Camo Troll Tower 4,https://tr.rbxcdn.com/180DAY-43389eb27877175fa20f149f4ecb063a/150/150/Image/Webp/noFilter,2026-09-10T16:44:36Z
72604809857139,[⚱️W6] +1 Speed Jetpack Escape,https://tr.rbxcdn.com/180DAY-81ac0a052c3f15cc65a59b37310a5cb6/150/150/Image/Webp/noFilter,2026-09-10T16:44:36Z
72643641699950,💙🆓 GODLY SIMULATOR,https://tr.rbxcdn.com/180DAY-79e4dd8390e51f259b4bf69364ab0189/150/150/Image/Webp/noFilter,2026-09-25T16:13:04Z
72659788689464,Life in Prison,https://tr.rbxcdn.com/180DAY-16580435966358e54de6999d8a959273/150/150/Image/Webp/noFilter,2026-09-10T16:44:36Z
72712036210947,[EVENT] Fix It Up!,https://tr.rbxcdn.com/180DAY-dc016dce563adbd41309eeb1f60fcb59/150/150/Image/Webp/noFilter,2026-09-10T16:44:36Z
72763503064951,Would You Rather: Teamwork Outfit Tower!,https://tr.rbxcdn.com/180DAY-a9db552815cad213c06590b1349fe58f/150/150/Image/Webp/noFilter,2026-09-10T16:44:36Z
72845937010155,[✋] Gear Slap Tower,https://tr.rbxcdn.com/180DAY-da33f554c758a5f4d17b7be334365f03/150/150/Image/Webp/noFilter,2026-09-10T16:44:36Z
72920620366355,[SEASON 3] Operation One,https://tr.rbxcdn.com/180DAY-71604655f8949268e88fabcd6546b5e4/150/150/Image/Webp/noFilter,2026-09-10T16:44:36Z
72930661540365,[UPD 6] Timebomb Ultimate 💣💥,https://tr.rbxcdn.com/180DAY-93b8f8bd25486422414a1434cb12ae9c/150/150/Image/Webp/noFilter,2026-09-12T01:11:09Z
73097591386069,Trade Dumplings,https://tr.rbxcdn.com/180DAY-f77f33db6dcd8ad71e0b2dc4cc9b33e7/150/150/Image/Webp/noFilter,2026-09-10T16:44:36Z
73101851322368,Calla City 🏡 RP [Kids! 👶🏻],https://tr.rbxcdn.com/180DAY-1132d05b1d183ce7f782710f15b8d9cc/150/150/Image/Webp/noFilter,2026-09-10T16:44:36Z
73136526659195,🛍️ Tiramisu Outfit Catalog,https://tr.rbxcdn.com/180DAY-35b2d992504b23171d3306dddef05113/150/150/Image/Webp/noFilter,2026-09-12T01:11:09Z
73153085372622,(UPDATE) Truck MBG Extreme,https://tr.rbxcdn.com/180DAY-c960fe968e38821cc4ae9f8128087e2f/150/150/Image/Webp/noFilter,2026-09-11T04:31:54Z
73189007576537,Blockies [2-3-4-5 Player Obby] ,https://tr.rbxcdn.com/180DAY-180f22c45ec7279967f588752b063823/150/150/Image/Webp/noFilter,2026-09-10T16:44:36Z
73222213407172,SCP,https://tr.rbxcdn.com/180DAY-7e4e6577c36be04160f0520b0ad1ecc9/150/150/Image/Webp/noFilter,2026-10-08T22:28:13Z
73296902324416,Bid For Brainrot!,https://tr.rbxcdn.com/180DAY-8097d74ba54cc1c7c4f9a51620193a82/150/150/Image/Webp/noFilter,2026-09-27T02:13:05Z
73354905690456,Underground War,https://tr.rbxcdn.com/180DAY-a96846febf1bdc1b0da284110be0a3ca/150/150/Image/Webp/noFilter,2026-10-06T22:57:03Z
73398239244597,[🐻] 99 Nights in the Bunker,https://tr.rbxcdn.com/180DAY-1e0622a16b3cb178c37b6598e2c16d4c/150/150/Image/Webp/noFilter,2026-09-10T16:44:36Z
73413968610508,[📗] Школа 102 РП,https://tr.rbxcdn.com/180DAY-b3152a46d02d580402bbd06ed11a60fe/150/150/Image/Webp/noFilter,2026-09-10T16:44:36Z
73518504439978,Don’t Steal the Brainrots 🧠,https://tr.rbxcdn.com/180DAY-65afed0de4b2dd48c8dbc5ed993f5889/150/150/Image/Webp/noFilter,2026-09-11T15:13:25Z
73526576502092,Sonic.EXE: The Disaster Eclipsed v1.42,https://tr.rbxcdn.com/180DAY-a04719c4b9112aee5b4ae16f4ddc4410/150/150/Image/Webp/noFilter,2026-09-10T16:44:36Z
73578698401320,Bid For Soccer Cards!,https://tr.rbxcdn.com/180DAY-db0db28a193bfb0fae80c2c521ec95fe/150/150/Image/Webp/noFilter,2026-09-10T16:44:36Z
73613510857111,[NEW] 🐿+1 Speed Squirrel Escape,https://tr.rbxcdn.com/180DAY-32772683d0cee2947834accd68a7dc26/150/150/Image/Webp/noFilter,2026-09-10T16:44:36Z
73621314943835,Guess the character color,https://tr.rbxcdn.com/180DAY-fb65725e3d9a252a70d9c73289f1e50f/150/150/Image/Webp/noFilter,2026-09-10T16:44:36Z
73684979946677,🌌Invincible Edit Test,https://tr.rbxcdn.com/180DAY-18053225e96b86ef89b01b8be27aae73/150/150/Image/Webp/noFilter,2026-09-10T23:21:35Z
73768006371986,+1 Wings Obby Escape,https://tr.rbxcdn.com/180DAY-032f133f0f87f063cabf8c6bb7ee51bd/150/150/Image/Webp/noFilter,2026-09-10T16:44:36Z
73778935267652,Escape Tsunami For Eggs,https://tr.rbxcdn.com/180DAY-69d83cb9694155ba432a079e97d9f241/150/150/Image/Webp/noFilter,2026-10-07T15:47:24Z
73814003954154,Pickaxe Tycoon ⛏️,https://tr.rbxcdn.com/180DAY-bb338dbf42ca1bcb7cea96890d1b6f82/150/150/Image/Webp/noFilter,2026-09-10T16:44:36Z
73871058651498,Spiral Stair Tower,https://tr.rbxcdn.com/180DAY-454b5a6a9d2b8e4dd8324a5fb1b8b333/150/150/Image/Webp/noFilter,2026-09-10T16:44:36Z
73889875294947,[EVENT] Hit Home Runs,https://tr.rbxcdn.com/180DAY-04456f3f012f358733147e1b805ad7b0/150/150/Image/Webp/noFilter,2026-09-11T01:22:17Z
73897506680154,Idle Mafia Game,https://tr.rbxcdn.com/180DAY-60c02f4fd7308e6baf1a40eaeee9a7e1/150/150/Image/Webp/noFilter,2026-09-10T16:44:36Z
73904017172892,Roll in a Cart,https://tr.rbxcdn.com/180DAY-7e6857017da3f5b366ef953bae29f176/150/150/Image/Webp/noFilter,2026-09-10T16:44:36Z
73908022013371,Baboon Tag X,https://tr.rbxcdn.com/180DAY-2e5644027baf1419f271313fdb3b04c5/150/150/Image/Webp/noFilter,2026-09-10T16:44:36Z
73954336239895,Paint Keyboard Flags!,https://tr.rbxcdn.com/180DAY-9c8ab98538cf38c7ee070e857fe1cae6/150/150/Image/Webp/noFilter,2026-09-10T16:44:36Z
73956553001240,[UPD] Volleyball Legends,https://tr.rbxcdn.com/180DAY-2b84cf46be1dd9f134ae235f79b98bb2/150/150/Image/Webp/noFilter,2026-09-10T16:44:36Z
73988917142472,Leaning Tower Obby,https://tr.rbxcdn.com/180DAY-5edd292fb94a9bcab1a279727209c14a/150/150/Image/Webp/noFilter,2026-09-11T04:31:54Z
74007353203361,⚔️ Survived 67 Days - Monster Forest 🐺,https://tr.rbxcdn.com/180DAY-7340ae7a4f8fdd832d3c4b27d669f29e/150/150/Image/Webp/noFilter,2026-09-11T04:31:54Z
74017502103759,Cheese Escape : Dark Maze,https://tr.rbxcdn.com/180DAY-2acaa6f5161b6e24f4bf9945a347b946/150/150/Image/Webp/noFilter,2026-09-26T15:54:13Z
74102906764176,[✨] Greedy Growers 🌱,https://tr.rbxcdn.com/180DAY-5cf06bf3a4b241bbeba1e701fca5d106/150/150/Image/Webp/noFilter,2026-09-10T16:44:36Z
74188431054457,Mukbang Game [Testing]🥞🧇!,https://tr.rbxcdn.com/180DAY-2d92cebc6a8504590cbd6971ebdfbf6b/150/150/Image/Webp/noFilter,2026-09-10T16:44:36Z
74193805629461,+1 Mine Per Click ⛏️,https://tr.rbxcdn.com/180DAY-328fbdc1bdccb68e823a0cae7a438e64/150/150/Image/Webp/noFilter,2026-09-10T16:44:36Z
74205509034203,The Hunt: Roblox 20,https://tr.rbxcdn.com/180DAY-6522800be5dfc3757332d0446bc4d0d4/150/150/Image/Webp/noFilter,2026-09-17T16:43:01Z
74214120426784,Brainrot Jenga Tower!,https://tr.rbxcdn.com/180DAY-5a63eee73bf11ea7f4e95c05d811dd66/150/150/Image/Webp/noFilter,2026-09-19T16:58:03Z
74218191398494,[W3!] +1 Double Jump Bike Escape! 🚴💨,https://tr.rbxcdn.com/180DAY-1ed5b25f4f5aed904f03b3440f9aa56c/150/150/Image/Webp/noFilter,2026-09-10T16:44:36Z
74226462246442,[🚨] 911 Dispatch Simulator,https://tr.rbxcdn.com/180DAY-18538981d735ee229c5fec6d473c7963/150/150/Image/Webp/noFilter,2026-09-11T21:13:05Z
74256669508761,🐙 Raft 101 Survival,https://tr.rbxcdn.com/180DAY-a543d827d0cc0c543449f95b6ca8d7b7/150/150/Image/Webp/noFilter,2026-09-10T16:44:36Z
74260430392611,[✨] Rebirth Champions: Ultimate,https://tr.rbxcdn.com/180DAY-0eae8e1cdefdb7ab7fda69a4b98c4e0e/150/150/Image/Webp/noFilter,2026-09-10T16:44:36Z
74341114342499,[🌟 Update] +1 Long Arm Toy Escape!,https://tr.rbxcdn.com/180DAY-fe47a89d8b22eb8f425ce986a99da3c4/150/150/Image/Webp/noFilter,2026-09-10T16:44:36Z
74346715233213,{UPD10}Shoot Train: Spider Attack,https://tr.rbxcdn.com/180DAY-1823f2b9f3695b43b9b8363a0a5b35c9/150/150/Image/Webp/noFilter,2026-09-11T11:41:58Z
74395953411817,Dreamville 🏡 RP [Multiple Kids! 👧],https://tr.rbxcdn.com/180DAY-a1315eba2603caeb70b4c54b14c2cadc/150/150/Image/Webp/noFilter,2026-09-10T16:44:36Z
74410589950588,[ARCHIVES] DOORS RNG 👁️,https://tr.rbxcdn.com/180DAY-f9520256ff8d82393174056dda661c07/150/150/Image/Webp/noFilter,2026-09-11T17:06:57Z
74466812603646,(ASMR UPDATE)✨ Would You Rather: Baddie Tower 💋💅,https://tr.rbxcdn.com/180DAY-89f289702eee35f595299c10f42f6ea3/150/150/Image/Webp/noFilter,2026-09-11T22:43:02Z
74497731054281,[🚘] Unbox a Car,https://tr.rbxcdn.com/180DAY-f5b55567c88b28c805e36197e690761d/150/150/Image/Webp/noFilter,2026-09-11T11:41:58Z
74511210941284,[🧬MUTATIONS] PAINT OR DIE!,https://tr.rbxcdn.com/180DAY-b3d749caaf79623f203e0ab74e920582/150/150/Image/Webp/noFilter,2026-09-10T16:44:36Z
74542317333958,Verity Companion [AI],https://tr.rbxcdn.com/180DAY-7552c9005e15081a88341af5f2bc66a0/150/150/Image/Webp/noFilter,2026-09-10T16:44:36Z
74581423482101,[UP] Keyboard Slide +1 Speed,https://tr.rbxcdn.com/180DAY-0def740a42155631829b8ee795ce8709/150/150/Image/Webp/noFilter,2026-09-21T18:19:39Z
74588536318848,Nightfall,https://tr.rbxcdn.com/180DAY-83d3cc0a4158f3b1a960b2114b714f94/150/150/Image/Webp/noFilter,2026-09-16T20:04:40Z
74629631798007,[🛡️ CLANS] Pets Universe!,https://tr.rbxcdn.com/180DAY-0438b6d3ab88700813bc607ea8dad1dd/150/150/Image/Webp/noFilter,2026-09-24T20:13:07Z
74716719697996,[🎃SOON]🚪Survive Verity in Area 51🔦,https://tr.rbxcdn.com/180DAY-cb016389e18bb945f390e3694b111945/150/150/Image/Webp/noFilter,2026-09-10T16:44:36Z
74729868188364,Fish an Anime RNG 🎲,https://tr.rbxcdn.com/180DAY-3e8e3213e2f92d5311e1e1b935623df6/150/150/Image/Webp/noFilter,2026-09-10T16:44:36Z
74779072921656,🐝 Spelling Bee [🎃],https://tr.rbxcdn.com/180DAY-b8dfaf28bbd92a1e0857f66b8f4dd17d/150/150/Image/Webp/noFilter,2026-09-11T23:29:25Z
74865107636750,Renovate A House,https://tr.rbxcdn.com/180DAY-4f0a092bb7cbf47db58f8fc9ed84f7bb/150/150/Image/Webp/noFilter,2026-10-07T02:09:43Z
74889851913797,[X2] +1 Power Per Click ,https://tr.rbxcdn.com/180DAY-e7f5d364ba6aab57893ac2d45d2e39f4/150/150/Image/Webp/noFilter,2026-09-10T16:44:36Z
74919033309938,Cosmic Playground | Space Sandbox,https://tr.rbxcdn.com/180DAY-fad3c778c9926d355e71d759d912dcb4/150/150/Image/Webp/noFilter,2026-09-18T18:43:06Z
74942575319599,Omnidroids Test,https://tr.rbxcdn.com/180DAY-a5bd1ab0bcc051e22ab9a63c96ccfcca/150/150/Image/Webp/noFilter,2026-09-12T01:11:09Z
74966223370173,pop and drop,https://tr.rbxcdn.com/180DAY-47e5249ffb18e0d95ff83ad5cee76c39/150/150/Image/Webp/noFilter,2026-09-12T01:24:02Z
74968636725538,[HALLOWEEN 🎃] Kick an Uma,https://tr.rbxcdn.com/180DAY-8d1e29e541e93ebee7cad37d155a5a93/150/150/Image/Webp/noFilter,2026-09-17T03:13:01Z
74994442538508,Cirque School of Acrobatics,https://tr.rbxcdn.com/180DAY-74e2107294082f572c125494e377955d/150/150/Image/Webp/noFilter,2026-09-10T16:44:36Z
74996816424339,OVERKILL,https://tr.rbxcdn.com/180DAY-3553f43a5d3ed39235bd0187fbd78f94/150/150/Image/Webp/noFilter,2026-09-10T21:33:22Z
75127349412719,［🍣］Suship,https://tr.rbxcdn.com/180DAY-961cada2df3381c341e99e0f2045ffab/150/150/Image/Webp/noFilter,2026-09-10T16:44:36Z
75178747054941,LCS: EQuest,https://tr.rbxcdn.com/180DAY-1416e215f518381f04eaa32d38a34fdc/150/150/Image/Webp/noFilter,2026-09-10T16:44:36Z
75185318960147,Would You Rather: Evolve Tower 🧬,https://tr.rbxcdn.com/180DAY-53ba226c4ca0aa07315f178588b30cb1/150/150/Image/Webp/noFilter,2026-10-08T23:58:01Z
75250668697932,Be an Egg,https://tr.rbxcdn.com/180DAY-1f98f5ae56b0042141b2a1d3c8480674/150/150/Image/Webp/noFilter,2026-09-24T20:28:04Z
75290583112878,[🎮] Fruit Zombie Survival ,https://tr.rbxcdn.com/180DAY-27c2c3fb45b410112aef26a7ecedc22d/150/150/Image/Webp/noFilter,2026-09-16T20:04:40Z
75317862071711,[🌐 WORLD 9 EXPANSION] Immortality Incremental,https://tr.rbxcdn.com/180DAY-7ca7db98b43b79eb8c1cb7919bdceaef/150/150/Image/Webp/noFilter,2026-09-10T16:44:36Z
75366259315586,[☠️] build ur base ⚔️,https://tr.rbxcdn.com/180DAY-951a6483783468b0420a827c9858a00e/150/150/Image/Webp/noFilter,2026-09-10T16:44:36Z
75387700043737,🛍️ My Avatar!,https://tr.rbxcdn.com/180DAY-6456e2461fc537a77f35c225493137b9/150/150/Image/Webp/noFilter,2026-09-10T16:44:36Z
75467339082089,[New Rebirths 🔥] AURA.,https://tr.rbxcdn.com/180DAY-ae20cc214d750f9215d80c77c6f3f554/150/150/Image/Webp/noFilter,2026-09-10T16:44:36Z
75519253084635,The Apocalypse  ,https://tr.rbxcdn.com/180DAY-14362d76e31423d1afcfd770c8183e65/150/150/Image/Webp/noFilter,2026-09-12T13:54:57Z
75541741887441,Dinosaur Life,https://tr.rbxcdn.com/180DAY-08a23f7d49f1857016deabc105e5a366/150/150/Image/Webp/noFilter,2026-09-10T16:44:36Z
75547400568620,Land or Die! 🐙  [KRAKEN],https://tr.rbxcdn.com/180DAY-b26e4b797df80335549c76880c23c9dc/150/150/Image/Webp/noFilter,2026-09-10T16:44:36Z
75561686090072,[💊] Hospital Keyboard Escape (NEW),https://tr.rbxcdn.com/180DAY-9ed314d9b9812f6e3767ea28928a0833/150/150/Image/Webp/noFilter,2026-09-10T16:44:36Z
75568173037446,[W5] Get Fat to Break Tape 🍗,https://tr.rbxcdn.com/180DAY-ff76f7b7b20955cd7ecf577553057d6f/150/150/Image/Webp/noFilter,2026-09-10T16:44:36Z
75619747573061,Краснодарский Край [WIP] ☀️,https://tr.rbxcdn.com/180DAY-790f27b5b80ab6cd811034943a95b67a/150/150/Image/Webp/noFilter,2026-09-11T17:06:57Z
75625530412726,Larp Your Character!,https://tr.rbxcdn.com/180DAY-6ae543f71e4ec1aa5071efdf0bd29b8f/150/150/Image/Webp/noFilter,2026-09-19T20:13:11Z
75626443136851,+1 Bottle Flip Obby Escape,https://tr.rbxcdn.com/180DAY-c868d2bea5d5a4bf17ff321ecb038dd7/150/150/Image/Webp/noFilter,2026-09-10T16:44:36Z
75646865566926,Fight Others For Brainrots!,https://tr.rbxcdn.com/180DAY-47927655084a8f812d2c10d9f69ca369/150/150/Image/Webp/noFilter,2026-09-10T16:44:36Z
75663528075786,HOW TO TRAIN YOUR DRAGON,https://tr.rbxcdn.com/180DAY-34f058a2e8d996cb2d49ec11d42b6b7a/150/150/Image/Webp/noFilter,2026-09-10T16:44:36Z
75738770295234,Paint My Keyboard! 🎨,https://tr.rbxcdn.com/180DAY-5daffe64ca69b8a6bb5d5bbab5699f51/150/150/Image/Webp/noFilter,2026-09-12T13:54:57Z
75753413268977,[Wild Psychic] KJ Test,https://tr.rbxcdn.com/180DAY-dabe5065f40fb1fc4568182153c160fe/150/150/Image/Webp/noFilter,2026-09-10T16:44:36Z
75815495916154,[UPD] 💛 Friendship Island,https://tr.rbxcdn.com/180DAY-b5a38aaa13837d1c784a4cc4c69a0104/150/150/Image/Webp/noFilter,2026-09-12T02:28:01Z
75839707976715,[🐒] Escape The ZOO!,https://tr.rbxcdn.com/180DAY-40016463f488a985cc920c72456057db/150/150/Image/Webp/noFilter,2026-09-10T16:44:36Z
75888315541325,Push Rock for Brainrots!,https://tr.rbxcdn.com/180DAY-78502ae7ad5eb1cd679d9d5d755901f8/150/150/Image/Webp/noFilter,2026-09-10T16:44:36Z
75927771299860,Driving Test 🚗,https://tr.rbxcdn.com/180DAY-00bdf501405002cd68e8f03779f01d01/150/150/Image/Webp/noFilter,2026-09-11T17:28:06Z
76113971506717,Snowcone Stand,https://tr.rbxcdn.com/180DAY-c650a7bb35bc37c23a829510bfa83b44/150/150/Image/Webp/noFilter,2026-10-08T23:43:06Z
76137189788863,🌊 Raft Tycoon,https://tr.rbxcdn.com/180DAY-b9579ce71c067c2d39d0ae27ce839e43/150/150/Image/Webp/noFilter,2026-09-10T16:44:36Z
76153324611685,[PRO] Kart Of Hell,https://tr.rbxcdn.com/180DAY-0cdeb5683d3c51ebc780bb45982452fd/150/150/Image/Webp/noFilter,2026-09-10T16:44:36Z
76193707924033,Fling to Climb!,https://tr.rbxcdn.com/180DAY-ae4d99193b4cab0847073705dff559d0/150/150/Image/Webp/noFilter,2026-09-10T16:44:36Z
76231371152392,[UPD⛱️] Forsaken RP,https://tr.rbxcdn.com/180DAY-69d3a3aea640dda5548d10232d094243/150/150/Image/Webp/noFilter,2026-09-11T01:22:17Z
76285745979410,[👹Boss] Anime Card Collection,https://tr.rbxcdn.com/180DAY-1ebfeb8087d823f74127253a600a39fb/150/150/Image/Webp/noFilter,2026-09-10T16:44:36Z
76359009042963,Late Night Ramen [HORROR],https://tr.rbxcdn.com/180DAY-c12ad55b476ad5af02a7697ba1f7241f/150/150/Image/Webp/noFilter,2026-09-12T06:13:37Z
76377501906469,Steal an Anime Egg!,https://tr.rbxcdn.com/180DAY-49cb18f6f36e3b07d0cf308e9095d2d0/150/150/Image/Webp/noFilter,2026-09-10T23:21:35Z
76427445314955,Scream City 2 🎃,https://tr.rbxcdn.com/180DAY-229ae8d3ad290c4cdc2aaa5cde823729/150/150/Image/Webp/noFilter,2026-09-10T18:57:27Z
76427490154192,[We Call Home🌅] MOUNT LONELY,https://tr.rbxcdn.com/180DAY-48cd967fbe5c12146700a2897a074dc5/150/150/Image/Webp/noFilter,2026-09-10T16:44:36Z
76490888522129,Math Tower 🧠,https://tr.rbxcdn.com/180DAY-6e6fc0aca767986423f06e5ee9597087/150/150/Image/Webp/noFilter,2026-09-12T03:43:01Z
76503495566299,Steal a Chicken,https://tr.rbxcdn.com/180DAY-c0ec88e554e353ae7a5b00d0b6412ebb/150/150/Image/Webp/noFilter,2026-09-10T16:44:36Z
76526090659517,[UPD] The Cat Shelter 🐱,https://tr.rbxcdn.com/180DAY-e9b5ad842882cc6049c3cc8da1b6a4cc/150/150/Image/Webp/noFilter,2026-09-10T16:44:36Z
76558904092080,The Forge [BETA],https://tr.rbxcdn.com/180DAY-9681bc53007b57802932b6d3916ee5c8/150/150/Image/Webp/noFilter,2026-09-10T16:44:36Z
76603753346534,[🍀] NFT Battle,https://tr.rbxcdn.com/180DAY-20154a74f5055c070f0b0f109fe3b751/150/150/Image/Webp/noFilter,2026-09-10T16:44:36Z
76649853848102,Charge Football [🏆RANKED],https://tr.rbxcdn.com/180DAY-8bca228a4ae5b05cc3494c2277964143/150/150/Image/Webp/noFilter,2026-09-10T23:21:35Z
76652041459427,[W2!] MISSING BACON: Gear Tower,https://tr.rbxcdn.com/180DAY-ce19b4891c1fa82cf7f10a475f2ac4fc/150/150/Image/Webp/noFilter,2026-09-15T12:12:42Z
76737571462455,[ ✨ ] Winx - The Fairy Guardians,https://tr.rbxcdn.com/180DAY-de8552c22a7b6ca1054f9a2d5f6a931d/150/150/Image/Webp/noFilter,2026-09-10T16:44:36Z
76812848652979,Just Tornadoes,https://tr.rbxcdn.com/180DAY-40cd9095a817f6c36df2b0405768de55/150/150/Image/Webp/noFilter,2026-09-10T16:44:36Z
76838459031868,just an innocent game,https://tr.rbxcdn.com/180DAY-bc704b2914e1ee49b733b5c948bb4581/150/150/Image/Webp/noFilter,2026-09-10T16:44:36Z
76841016201110,[SOON] 💭Dream Car Collection ,https://tr.rbxcdn.com/180DAY-d1b01cc4e625e556ea92ad217d3cacf2/150/150/Image/Webp/noFilter,2026-09-24T20:28:04Z
76842920359834,🏢 The Company [ALPHA],https://tr.rbxcdn.com/180DAY-fc8222b1efe50664a1ade6bb708517c0/150/150/Image/Webp/noFilter,2026-09-10T16:44:36Z
76911729991355,[UPD 4🌊] Noob Incremental,https://tr.rbxcdn.com/180DAY-b5bfd0f75e6dce6f4725ba3c12dbec17/150/150/Image/Webp/noFilter,2026-09-10T16:44:36Z
76943966208523,Clone to Steal Eggs,https://tr.rbxcdn.com/180DAY-0d3570c1c28881e6ba921572479ac8b2/150/150/Image/Webp/noFilter,2026-10-03T17:43:08Z
77055804426903,[☪️] Sahur Laser Tower,https://tr.rbxcdn.com/180DAY-b215d2b49128532f3079d5f676a97c87/150/150/Image/Webp/noFilter,2026-10-04T04:58:08Z
77108422251420,[🔱] Search For The Needle,https://tr.rbxcdn.com/180DAY-372645b0ebed9637b7b56a8828a1145e/150/150/Image/Webp/noFilter,2026-09-10T16:44:36Z
77175706387793,[Blue Broadcasts] ETERNITY [BETA],https://tr.rbxcdn.com/180DAY-03bb149e0365892ea0e426193f47d10a/150/150/Image/Webp/noFilter,2026-10-04T18:28:06Z
77187847593796,Avatar Maker,https://tr.rbxcdn.com/180DAY-13a581cadf43e3e87ccd953debaadecc/150/150/Image/Webp/noFilter,2026-09-10T16:44:36Z
77301670644441,[LORD VERITY] Luuynix's Animations,https://tr.rbxcdn.com/180DAY-ffc12e4a610441ecb4931f63694a5809/150/150/Image/Webp/noFilter,2026-09-10T23:21:35Z
77440920242306,Draw Wheels to Escape ✏️,https://tr.rbxcdn.com/180DAY-1ac314f385f07ab38bcc373851c184aa/150/150/Image/Webp/noFilter,2026-09-15T12:12:42Z
77478491618858,Musical Chairs 🎵🪑 [TESTING],https://tr.rbxcdn.com/180DAY-b2bcc94bc1e96734ee95127f20dd6311/150/150/Image/Webp/noFilter,2026-09-20T15:40:41Z
77649408247578,[2x Luck & +1 DROP] Dungeon Quest Reborn,https://tr.rbxcdn.com/180DAY-92f92d4001957d5cf16daabd99a7628a/150/150/Image/Webp/noFilter,2026-09-10T16:44:36Z
77747054101308,[🚩] Expedition Cave Dive,https://tr.rbxcdn.com/180DAY-569ff168cdd5e6ad2182dccd56072ed8/150/150/Image/Webp/noFilter,2026-09-10T16:53:24Z
77747658251236,[2X LUCK 🍀 + MASTERY ⚔️] Sailor Piece,https://tr.rbxcdn.com/180DAY-2367aea37c23734a3304e4824937a4e2/150/150/Image/Webp/noFilter,2026-09-10T16:44:36Z
77764836384604,Bloodlines,https://tr.rbxcdn.com/180DAY-7b17db4be199664fd42781b702e96a1a/150/150/Image/Webp/noFilter,2026-09-12T18:32:32Z
77843161404023,Run a Restaurant!,https://tr.rbxcdn.com/180DAY-a2dd316722eb295a7a7bfc87e054a795/150/150/Image/Webp/noFilter,2026-09-10T16:44:36Z
77942507005261,[ALPHA] Dead Meals 🧟🍔,https://tr.rbxcdn.com/180DAY-5657639e50afc2558fe309708caec5da/150/150/Image/Webp/noFilter,2026-10-08T13:54:15Z
78007850356664,Spikey Balloon Pop🎈,https://tr.rbxcdn.com/180DAY-cbca8c4cbfca9934e25685a4babba7c2/150/150/Image/Webp/noFilter,2026-09-26T02:25:22Z
78028206594931,🕺 Catalog Emote Tester,https://tr.rbxcdn.com/180DAY-aeea79d0a8becae6ca6fd805f164ab53/150/150/Image/Webp/noFilter,2026-09-10T16:44:36Z
78131609782350,Minecraft 1.20.6,https://tr.rbxcdn.com/180DAY-f63e4fadac3bce45d2a25da4f6dc2f9b/150/150/Image/Webp/noFilter,2026-09-10T16:44:36Z
78177131121429,Drill Blocks for Brainrots,https://tr.rbxcdn.com/180DAY-6a26fefa9461b795d0a4cb8ca0680b6e/150/150/Image/Webp/noFilter,2026-09-10T16:44:36Z
78353262320982,Enfosi,https://tr.rbxcdn.com/180DAY-305f97e7a8839cf4235690a8440dfcd3/150/150/Image/Webp/noFilter,2026-09-15T00:44:10Z
78453398695059,[UPD 2] THRESHOLD ,https://tr.rbxcdn.com/180DAY-1e955f67b87724d1f8fc4b8ad9819543/150/150/Image/Webp/noFilter,2026-10-03T17:43:08Z
78458398895753,🚌Dangerous Bus Driving,https://tr.rbxcdn.com/180DAY-b7af2df181befed626358b2212d4eeda/150/150/Image/Webp/noFilter,2026-09-10T16:53:24Z
78471443847948,Pew Pew Blocks 🔫,https://tr.rbxcdn.com/180DAY-011ffe166db9c3cfc589c55573ca6520/150/150/Image/Webp/noFilter,2026-09-10T16:44:36Z
78490532994307,Build An Ant Empire,https://tr.rbxcdn.com/180DAY-2ecdf7263d095e2530296eea45bbb714/150/150/Image/Webp/noFilter,2026-10-03T17:43:08Z
78496323189083,[😾] Cat Invasion,https://tr.rbxcdn.com/180DAY-bbc5f5fe305598a0406c0a70bddfa84c/150/150/Image/Webp/noFilter,2026-09-10T16:44:36Z
78515283254292,Animal Hospital (Anomaly) 🧪,https://tr.rbxcdn.com/180DAY-e60432fc719da05cb21bed94b77b8be0/150/150/Image/Webp/noFilter,2026-09-10T16:44:36Z
78699621133325,[🎃] Meet People Across The World 🔊,https://tr.rbxcdn.com/180DAY-0fda81664dead490ccfe2594c265ac47/150/150/Image/Webp/noFilter,2026-09-10T16:44:36Z
78724109436030,Flatten The Mountain,https://tr.rbxcdn.com/180DAY-bb70abfdf272c3da8c0d6870175af536/150/150/Image/Webp/noFilter,2026-09-10T16:44:36Z
78724900430513,Puzzle Duels 🧠,https://tr.rbxcdn.com/180DAY-c953c29a032619ef76406edd4c251a15/150/150/Image/Webp/noFilter,2026-09-10T16:44:36Z
78839079957645,Trolls can't break this tower,https://tr.rbxcdn.com/180DAY-d41efb89cc92747cfaaa54a90d4b2bb5/150/150/Image/Webp/noFilter,2026-09-10T16:44:36Z
78923819268950,Kaiju Arisen 5.0,https://tr.rbxcdn.com/180DAY-2915525134806c2d2f909b63da8dc051/150/150/Image/Webp/noFilter,2026-09-12T01:11:09Z
78933302895115,Steal An Anime Egg,https://tr.rbxcdn.com/180DAY-872dea89e6f5bf5e12cb80257e7f7c89/150/150/Image/Webp/noFilter,2026-09-16T20:04:40Z
79206495603893,SubCargo [ALPHA],https://tr.rbxcdn.com/180DAY-a23afcbb0d685f9a5979fe4785b303f5/150/150/Image/Webp/noFilter,2026-09-12T16:49:10Z
79226825467411,Shuffle an Egg,https://tr.rbxcdn.com/180DAY-ee7a4a60ca87d184bde809485ec7829e/150/150/Image/Webp/noFilter,2026-10-01T15:35:29Z
79267089300389,[🪓] My Wood Farm ,https://tr.rbxcdn.com/180DAY-b9dbc67bc30612407cebb8a50a133a31/150/150/Image/Webp/noFilter,2026-09-10T16:44:36Z
79268393072444,Sell Lemons 🍋,https://tr.rbxcdn.com/180DAY-c2c4895c07bf5dc0f7b32d695f078835/150/150/Image/Webp/noFilter,2026-09-10T16:44:36Z
79312497897212,[NEW] Cidro Janji (Jawa Party),https://tr.rbxcdn.com/180DAY-9cf5c334ea20fb20ae202ae47e4cce07/150/150/Image/Webp/noFilter,2026-10-07T01:58:06Z
79315121100812,Make a Drill Farm,https://tr.rbxcdn.com/180DAY-278c18c05145403aa166435325e3a80c/150/150/Image/Webp/noFilter,2026-09-10T16:44:36Z
79332922783695,[⛏️BUG FIXES] Forgotten,https://tr.rbxcdn.com/180DAY-5b171cb7f382f3269328c74dca55395d/150/150/Image/Webp/noFilter,2026-09-11T23:29:25Z
79389059854988,[⌛16H] ⛏️ My Anime Mine,https://tr.rbxcdn.com/180DAY-9983beabf5d22bc68c8830de742988ca/150/150/Image/Webp/noFilter,2026-10-07T02:09:43Z
79392214809379,Climb Scary Worm Tower,https://tr.rbxcdn.com/180DAY-e06188e44b78cd3a8701b2feb78c5fe5/150/150/Image/Webp/noFilter,2026-09-10T16:44:36Z
79436299646095,One of Us,https://tr.rbxcdn.com/180DAY-e2c2ab68998c4243abd5ea808b0c5ad7/150/150/Image/Webp/noFilter,2026-10-04T23:58:04Z
79454007962937,AI Judge,https://tr.rbxcdn.com/180DAY-8f6ff13b7006863061346e1b3809de9d/150/150/Image/Webp/noFilter,2026-09-10T16:44:36Z
79475945127283,[NEW EGGS⛈️] Race Horses,https://tr.rbxcdn.com/180DAY-968abaa1662bd449c3f22bb725b9f42f/150/150/Image/Webp/noFilter,2026-09-24T20:13:07Z
79480724066456,[🏍️Bikes🏍️] Southern Mudding 🚜 OffRoading,https://tr.rbxcdn.com/180DAY-70068fea571edc7dab5e8f33c4430b7d/150/150/Image/Webp/noFilter,2026-09-10T16:44:36Z
79546208627805,99 Nights in the Forest 🔦,https://tr.rbxcdn.com/180DAY-384fc6072a05d56c9885b3a612f8e981/150/150/Image/Webp/noFilter,2026-09-10T16:44:36Z
79548014923991,KAZAKH TOWER 🌟 [💙💛ҚАЗАҚША💛💙] 🇰🇿,https://tr.rbxcdn.com/180DAY-23fc7c280f3946a95b31ee258ec21cbb/150/150/Image/Webp/noFilter,2026-09-17T09:53:23Z
79602128065352,No Cooldown Doomspire Brickbattle,https://tr.rbxcdn.com/180DAY-ca5912c4bc9cb9a172e7871036b5f5a7/150/150/Image/Webp/noFilter,2026-09-11T15:13:25Z
79638614256104,⛏️ Dig Out Of Jail,https://tr.rbxcdn.com/180DAY-4b4d0d79913f48cc13646cfaf7374834/150/150/Image/Webp/noFilter,2026-09-10T16:44:36Z
79657240466394,[🌙] Container RNG📦,https://tr.rbxcdn.com/180DAY-95caa87efc56f03d452ffe36f3f91fb8/150/150/Image/Webp/noFilter,2026-09-20T15:40:41Z
79735281630764,MurDurr,https://tr.rbxcdn.com/180DAY-3312492f29da472afed135fe095afb1e/150/150/Image/Webp/noFilter,2026-09-12T23:43:03Z
79790479326946,+1 Speed Dragon Escape [UPDATE],https://tr.rbxcdn.com/180DAY-1f752e53e0993e8c88e0deb7f588e1f0/150/150/Image/Webp/noFilter,2026-09-10T16:44:36Z
79797693256658,BlackHole Rush! [👼&😈 UPD],https://tr.rbxcdn.com/180DAY-bc883725db8daf696eb06872641ae764/150/150/Image/Webp/noFilter,2026-09-10T16:44:36Z
79860632214114,Build Together With Friends,https://tr.rbxcdn.com/180DAY-60c302265dc38e527d5dc79b094a43b8/150/150/Image/Webp/noFilter,2026-09-10T16:44:36Z
79886695267825,Steal The Show! 🎤⭐️,https://tr.rbxcdn.com/180DAY-d1d520d2303a4bfdbb87ba7cb077bf95/150/150/Image/Webp/noFilter,2026-09-10T16:44:36Z
79948106719663,📦 Moving Out! [NEW MAP],https://tr.rbxcdn.com/180DAY-feff2530b121cbd6bb978271a16a56e4/150/150/Image/Webp/noFilter,2026-09-10T16:44:36Z
79966250354565,Project 12 [ATM ROBBERY],https://tr.rbxcdn.com/180DAY-b6098163228579f3f3d5f230b1009307/150/150/Image/Webp/noFilter,2026-09-10T16:44:36Z
80000420704526,🏪[8K+ MEGASTORE] Clean The Superstore!,https://tr.rbxcdn.com/180DAY-c881cda41e09c570c53e68818833025e/150/150/Image/Webp/noFilter,2026-09-10T16:44:36Z
80003276594057, 🎃 [CONSOLE] Pixel Quest!,https://tr.rbxcdn.com/180DAY-404d9682a341ee0277b60e505d588485/150/150/Image/Webp/noFilter,2026-09-12T16:49:10Z
80031826041492,+1 Speed Aqua Keyboard Escape,https://tr.rbxcdn.com/180DAY-83db237e47cb739deea7038178a58868/150/150/Image/Webp/noFilter,2026-09-10T16:44:36Z
80038274908161,Fling Playground,https://tr.rbxcdn.com/180DAY-d1bc21183c031a2914e703706f17c20c/150/150/Image/Webp/noFilter,2026-10-07T02:09:43Z
80111254680893,Zombies [CRAFTING🔨],https://tr.rbxcdn.com/180DAY-a88190fee17075fdbd460881d9209369/150/150/Image/Webp/noFilter,2026-09-10T16:44:36Z
80139795758532,[UPD]  🎯AIMBOT,https://tr.rbxcdn.com/180DAY-dbaa2c1444fc4917a2797c53b31d89b7/150/150/Image/Webp/noFilter,2026-09-21T18:19:39Z
80158232099900,[🐟UPDATE] Hole Fishing,https://tr.rbxcdn.com/180DAY-8a57b485b99c10912778b915dc53cdf4/150/150/Image/Webp/noFilter,2026-09-21T18:19:39Z
80167904212435,Strikeborn [EARLY ACCESS],https://tr.rbxcdn.com/180DAY-c1fdc68ed507791c9cdddc634c60c0f0/150/150/Image/Webp/noFilter,2026-09-10T23:21:35Z
80200604311136,[RANKED!] Car Zone 🏎️ Racing & Drifting,https://tr.rbxcdn.com/180DAY-57c9770b509f7f075bea5cfa6b06e17a/150/150/Image/Webp/noFilter,2026-09-10T16:44:36Z
80234914611737,+1 Jetpack for Brainrots,https://tr.rbxcdn.com/180DAY-3172d2357f11208299aa26d6aaec4f4d/150/150/Image/Webp/noFilter,2026-09-10T16:44:36Z
80242821185181,+1 Wings For Eggs,https://tr.rbxcdn.com/180DAY-a0da8d2377ce6f00d8597f2a4a0459cd/150/150/Image/Webp/noFilter,2026-09-21T18:19:39Z
80279663815725,Prison Pump,https://tr.rbxcdn.com/180DAY-4f82e212d28896dc367fd8d73f2bf851/150/150/Image/Webp/noFilter,2026-09-10T16:44:36Z
80342862330041,Liar's Table,https://tr.rbxcdn.com/180DAY-a9a732d9e70228914ea8b2be11bf5a15/150/150/Image/Webp/noFilter,2026-09-10T16:44:36Z
80532649935029,when the game is real,https://tr.rbxcdn.com/180DAY-dfa1e402f92fd3e7cef6705eb78a46be/150/150/Image/Webp/noFilter,2026-09-12T23:28:06Z
80607040330429,Dash World [PLATFORMER],https://tr.rbxcdn.com/180DAY-3358b7a6eee3ebec31a2770180a15187/150/150/Image/Webp/noFilter,2026-09-10T16:44:36Z
80610578881227,[🔰Clan] Zombie Island,https://tr.rbxcdn.com/180DAY-e6846c30e4ffb74fdfeaaf50282be6d9/150/150/Image/Webp/noFilter,2026-09-10T16:44:36Z
80617660156189,Watch Cringe Peppa movies,https://tr.rbxcdn.com/180DAY-72dd299805e0ff724dc2edb693855931/150/150/Image/Webp/noFilter,2026-09-19T13:58:40Z
80692223709267,Free UGC Obby (AFK or Play),https://tr.rbxcdn.com/180DAY-c6416095ad4b2e98ed0579fc9ebc536f/150/150/Image/Webp/noFilter,2026-09-10T16:44:36Z
80701570784699,My Dino Park!,https://tr.rbxcdn.com/180DAY-59b193eb884ade5547f7facf83746e75/150/150/Image/Webp/noFilter,2026-09-12T13:54:57Z
80734098185936,An Average Campaign [Alpha v0.5.1],https://tr.rbxcdn.com/180DAY-8c31a2f86744ec0da6c0e4a81f581886/150/150/Image/Webp/noFilter,2026-09-10T16:44:36Z
80844740579381,Hide ur Base and Steal 🤫,https://tr.rbxcdn.com/180DAY-c794ab4961e8c36bb4659f7700da54d0/150/150/Image/Webp/noFilter,2026-09-21T18:19:39Z
80861715191104,Pull Lucky Blocks,https://tr.rbxcdn.com/180DAY-32a161518a42d305599b54b2fb737d93/150/150/Image/Webp/noFilter,2026-09-10T16:44:36Z
80898524797320,Draw Me! 🎨,https://tr.rbxcdn.com/180DAY-16a7432390fd43a938acea762dc094e8/150/150/Image/Webp/noFilter,2026-09-10T16:44:36Z
80949673497851,💸1 Step = $1,https://tr.rbxcdn.com/180DAY-14975f20ada66eaa74e6f879a478197d/150/150/Image/Webp/noFilter,2026-09-15T17:00:49Z
80984321649009,Murderthon,https://tr.rbxcdn.com/180DAY-f3c46252b31cb48dc398ec5ee11c8763/150/150/Image/Webp/noFilter,2026-09-17T14:45:21Z
81040587037979,Squishy Tower 🍧,https://tr.rbxcdn.com/180DAY-6fa0e2bdda520acf52d23df4818a1e9a/150/150/Image/Webp/noFilter,2026-09-10T16:44:36Z
81223687051453,PRISON RP,https://tr.rbxcdn.com/180DAY-8f10a0f29ee24842c198ea04cef53df6/150/150/Image/Webp/noFilter,2026-09-10T16:44:36Z
81239378558719,Hide the body,https://tr.rbxcdn.com/180DAY-9737f4c8b8576d260b685576ac20a71f/150/150/Image/Webp/noFilter,2026-09-10T16:44:36Z
81318904502331,Superforest 🧚‍♀️,https://tr.rbxcdn.com/180DAY-2d3b1860857e446e8fa9e769b8e31a71/150/150/Image/Webp/noFilter,2026-09-19T15:28:04Z
81344427807301,StudioVerse Early Access,https://tr.rbxcdn.com/180DAY-0794cf596d87ee5f7f93af323d762a03/150/150/Image/Webp/noFilter,2026-09-11T22:43:02Z
81403703556465,[🌱] Bahay Kubo Garden,https://tr.rbxcdn.com/180DAY-f43e2991279a2a51fec0e79bd7bf2373/150/150/Image/Webp/noFilter,2026-10-03T17:43:08Z
81440632616906,⛏️ Dig to Earth's CORE!,https://tr.rbxcdn.com/180DAY-67b76ae947281f296b3185776bb23f00/150/150/Image/Webp/noFilter,2026-09-11T11:41:58Z
81505130631572,FACEPAINTING! UGC CREATOR 🖌️,https://tr.rbxcdn.com/180DAY-f9bc13d5434f99318ca92d08802ddad1/150/150/Image/Webp/noFilter,2026-09-12T21:21:14Z
81549698024226,Power Your City,https://tr.rbxcdn.com/180DAY-8e9317312d6cea8e505bd24dfb64bb81/150/150/Image/Webp/noFilter,2026-09-10T16:44:36Z
81638371039092,Ice Cream Shop [HORROR],https://tr.rbxcdn.com/180DAY-6e9628dbed4c8f102592e1c5ae92a27e/150/150/Image/Webp/noFilter,2026-09-12T13:54:57Z
81650261920000,Would You Rather: Halloween Tower 🎃,https://tr.rbxcdn.com/180DAY-b5840424bc83753f0a61c83391fed9cf/150/150/Image/Webp/noFilter,2026-09-16T19:01:03Z
81703830622949,[VC] Podcasts 🔊 18+,https://tr.rbxcdn.com/180DAY-ff6fd780607ca8cc0ce487fe049745d7/150/150/Image/Webp/noFilter,2026-09-10T16:44:36Z
81734857983173,Carry the Glass Together! [2 Player Obby],https://tr.rbxcdn.com/180DAY-eaa68982689d0b68f0954be4c4b9dea7/150/150/Image/Webp/noFilter,2026-09-24T20:13:07Z
81899478810901,Not Cute Anymore Troll Tower 💕,https://tr.rbxcdn.com/180DAY-929bc8156ecce04339c3b99ddd31d40f/150/150/Image/Webp/noFilter,2026-09-20T00:13:06Z
82013336390273,[🍀X3] Pickaxe Simulator! ⛏️,https://tr.rbxcdn.com/180DAY-987c48171f52f3c26602f644d3584312/150/150/Image/Webp/noFilter,2026-09-10T16:44:36Z
82075856475941,Night Shift at Paulie's  (Early Beta) [HORROR],https://tr.rbxcdn.com/180DAY-a35c151c3fcdc1cb947583bc2158ae69/150/150/Image/Webp/noFilter,2026-09-10T16:44:36Z
82081400078378,Steal ASMR!,https://tr.rbxcdn.com/180DAY-9871d430c2e8a74f2773a875fd5fd5bf/150/150/Image/Webp/noFilter,2026-10-01T15:35:29Z
82084053899394,💣 Bomb Chip,https://tr.rbxcdn.com/180DAY-1ebc8583aa4aa832a037335f959fdb81/150/150/Image/Webp/noFilter,2026-09-10T16:44:36Z
82103875404639,[UPD7🪄] Tap Incremental,https://tr.rbxcdn.com/180DAY-9b81cc8caf80dfa9a8a831157de10a3b/150/150/Image/Webp/noFilter,2026-09-10T16:44:36Z
82208825713916,Scale Slimy Fish [UPDATE],https://tr.rbxcdn.com/180DAY-aa55244051cd4b6e3a60909bf8db58be/150/150/Image/Webp/noFilter,2026-09-11T19:28:04Z
82329146189989, Kick a Lucky Block for Football Clubs!,https://tr.rbxcdn.com/180DAY-c743186ea2b2bc8602fdd2e433338c43/150/150/Image/Webp/noFilter,2026-09-10T16:44:36Z
82453659777192,Sail Your Boat,https://tr.rbxcdn.com/180DAY-021299c8101a752b6d44a290b7dfb4e0/150/150/Image/Webp/noFilter,2026-09-10T16:44:36Z
82457571485380,Zombie Rush Survival 🧟‍♂️,https://tr.rbxcdn.com/180DAY-90844e7fc72393f001a63a6b61e972a5/150/150/Image/Webp/noFilter,2026-09-10T16:44:36Z
82461912126439,Overfreight!,https://tr.rbxcdn.com/180DAY-1ffa06042c6de437dd312c1a338c925f/150/150/Image/Webp/noFilter,2026-09-10T16:44:36Z
82524183928567,[🐐] Build A Soccer Squad!,https://tr.rbxcdn.com/180DAY-802e385967cd60803f4578a33b31bfbe/150/150/Image/Webp/noFilter,2026-09-10T16:44:36Z
82531308645115,Plunder,https://tr.rbxcdn.com/180DAY-f319982b6e4a8597815b21a004be5d42/150/150/Image/Webp/noFilter,2026-10-03T18:13:07Z
82539019711975,Cluck or Hide!🐔,https://tr.rbxcdn.com/180DAY-ac063b50b41bf00eff7380950a01f63e/150/150/Image/Webp/noFilter,2026-09-10T16:44:36Z
82554996468034,[NEW WORLD] +1 Pickaxe Swing Escape,https://tr.rbxcdn.com/180DAY-75ea2a28b0c66fbf49d251cbb855b3ed/150/150/Image/Webp/noFilter,2026-09-10T16:44:36Z
82570142697239,[😈] Make a Party,https://tr.rbxcdn.com/180DAY-928b5797daff9a9bd8e46406bb836523/150/150/Image/Webp/noFilter,2026-09-10T16:44:36Z
82581651416800,Adventure Builder 2,https://tr.rbxcdn.com/180DAY-44bad2523d33c3b6bb47e62c50c9ce73/150/150/Image/Webp/noFilter,2026-09-11T22:28:06Z
82648796375761,Squishy Troll Tower [BETA],https://tr.rbxcdn.com/180DAY-62eed22c1fe78590922f8ac7453bc0a4/150/150/Image/Webp/noFilter,2026-10-07T02:09:43Z
82682887450460,game with evil [NEW ABILITIES],https://tr.rbxcdn.com/180DAY-b37b7ef60b1742f9db560d1dc54075ee/150/150/Image/Webp/noFilter,2026-09-10T19:01:37Z
82712304391069,🪓 Carve Wood! [Fall Update],https://tr.rbxcdn.com/180DAY-9630e6e02a2089eed79367389675aa6e/150/150/Image/Webp/noFilter,2026-09-10T16:44:36Z
82745432464897,🧼 [UPD] Clean Your Keycaps,https://tr.rbxcdn.com/180DAY-888c26b49ebe0989573b13565c346adf/150/150/Image/Webp/noFilter,2026-09-10T16:44:36Z
82797688803922,[UPD] Unseen Liminality,https://tr.rbxcdn.com/180DAY-3a6937d5f4096b4a5cbd48e7aaecfb4f/150/150/Image/Webp/noFilter,2026-09-10T16:44:36Z
82866880824588,Football Fusion 3,https://tr.rbxcdn.com/180DAY-cc8ac903f2c19b0a6e4cdca7b98e07e1/150/150/Image/Webp/noFilter,2026-09-10T16:44:36Z
82898983236792,The Locust - Survival,https://tr.rbxcdn.com/180DAY-43b64b8f5678ae9a7c6d3b359f46b42c/150/150/Image/Webp/noFilter,2026-09-10T16:44:36Z
82904798643396,⚽️ERLING HAALAND PRISON RUN! (Obby),https://tr.rbxcdn.com/180DAY-21515b261ed1376d749d810e2ed084ba/150/150/Image/Webp/noFilter,2026-09-10T16:44:36Z
82945911783799,[🏃] +1 Speed Per Step Tower,https://tr.rbxcdn.com/180DAY-5a4878ad8f405934fbc6368507a2249b/150/150/Image/Webp/noFilter,2026-09-12T13:54:57Z
82983707799188,[⏳1 DAY] WEAPON DUELS [Murderers vs Sheriffs],https://tr.rbxcdn.com/180DAY-e64a9a8341fa67f2915f38c96322b46c/150/150/Image/Webp/noFilter,2026-09-10T16:44:36Z
83038462357724,Dig & Clean 🧼,https://tr.rbxcdn.com/180DAY-7749e019e7cc905c14aa5829754d73f6/150/150/Image/Webp/noFilter,2026-09-10T16:44:36Z
83053913264670,+1 Army Escape,https://tr.rbxcdn.com/180DAY-e4c1f8dcff7f385f056ef4ec3d80ec4f/150/150/Image/Webp/noFilter,2026-09-16T20:04:40Z
83211034158887,Anime League,https://tr.rbxcdn.com/180DAY-c1f04ef8bb028ae459d42ecc37bf048c/150/150/Image/Webp/noFilter,2026-09-10T16:44:36Z
83238501165241,🔍 Find the Needle!,https://tr.rbxcdn.com/180DAY-90be4eb0e6f492c5878dbecaa99cca82/150/150/Image/Webp/noFilter,2026-09-10T16:44:36Z
83256791430098,[UPD] +1 Banana Monkey Destruction,https://tr.rbxcdn.com/180DAY-b3bde573c3d68eaf0edc39d048c0825d/150/150/Image/Webp/noFilter,2026-09-11T17:28:06Z
83264774625004,[UPDATE] +1 Jump Crunchy ASMR Escape!,https://tr.rbxcdn.com/180DAY-331e2c275612b643219d4254309fc386/150/150/Image/Webp/noFilter,2026-09-10T16:44:36Z
83312952548612,Troll is a pinning tower 2,https://tr.rbxcdn.com/180DAY-a98fcfe80f9f95d3c4b9796316b4959f/150/150/Image/Webp/noFilter,2026-09-10T16:44:36Z
83325975879599,MM2: PVP,https://tr.rbxcdn.com/180DAY-6b5baa9429293cc50c8df71a2c206cf6/150/150/Image/Webp/noFilter,2026-09-10T16:44:36Z
83337738588990,Break For Anime! 🔥,https://tr.rbxcdn.com/180DAY-bf9677b5392d3828dd932d29c1b4a5ea/150/150/Image/Webp/noFilter,2026-09-16T19:01:03Z
83376581471284,Grow a Pet Fighter! 🐶⚔️,https://tr.rbxcdn.com/180DAY-6d4308d24e405db44911b6e810ff0dab/150/150/Image/Webp/noFilter,2026-09-24T20:13:07Z
83388257263676,[Enchant]+1 High Jump Power Escape,https://tr.rbxcdn.com/180DAY-af461ddc35e6555771653508a045bccb/150/150/Image/Webp/noFilter,2026-09-10T16:44:36Z
83506841621555,[🦸‍♂️] Kick Door To Escape [TRAINER x2],https://tr.rbxcdn.com/180DAY-3d514625cb70af2a631d9b97e7802e46/150/150/Image/Webp/noFilter,2026-09-11T15:13:25Z
83569851223739,+1 Speed Evolve 🦊,https://tr.rbxcdn.com/180DAY-ac9dc4bedc9c59f98f8271929152a37c/150/150/Image/Webp/noFilter,2026-09-10T16:44:36Z
83622406313819,Loot Up!,https://tr.rbxcdn.com/180DAY-0fcbe9433d7d77c6a6209fdd2bc2e4da/150/150/Image/Webp/noFilter,2026-09-10T16:44:36Z
83704201064817,Dig the Backyard,https://tr.rbxcdn.com/180DAY-b4b4dc3faa7ad7187e6b436b182ae429/150/150/Image/Webp/noFilter,2026-09-11T15:13:25Z
83948716312312,[🎃]Tokyo Claw Machine,https://tr.rbxcdn.com/180DAY-f3ec970bbb5a4ae096d665f87ea36509/150/150/Image/Webp/noFilter,2026-09-10T16:44:36Z
83981951550505,[W2] +1 Speed Ninja Escape ,https://tr.rbxcdn.com/180DAY-225bc8a3e12c7e9104934f2d6f93937b/150/150/Image/Webp/noFilter,2026-09-11T11:41:58Z
84107034759866,[UPD] Countryball Simulator,https://tr.rbxcdn.com/180DAY-d566574d9305b8c6e38361a102ae1886/150/150/Image/Webp/noFilter,2026-09-25T14:43:01Z
84156601481934,[🍃Upd 9] 🔩 Resource Incremental,https://tr.rbxcdn.com/180DAY-0ec013a77ee6f2a5bf45a68a970ce550/150/150/Image/Webp/noFilter,2026-09-10T16:44:36Z
84256892855657,Harbor East,https://tr.rbxcdn.com/180DAY-2010e5cebe6dc5a0309b1a3944d16f7f/150/150/Image/Webp/noFilter,2026-09-10T16:44:36Z
84259959693333,Skateboard for Brainrots,https://tr.rbxcdn.com/180DAY-41bca3b889bf940f8ecfdb66d7f93be9/150/150/Image/Webp/noFilter,2026-09-12T13:54:57Z
84332574190497,+1 Wings for Brainrots ,https://tr.rbxcdn.com/180DAY-4d383b2041b2d8c734d413221346e984/150/150/Image/Webp/noFilter,2026-09-10T16:44:36Z
84376037812256,Climb for Eggs!,https://tr.rbxcdn.com/180DAY-c751da1eff084d94ac523b2963aac0e6/150/150/Image/Webp/noFilter,2026-09-29T19:11:44Z
84403204002907,Motorcycle for Animals,https://tr.rbxcdn.com/180DAY-d738e3940baf1c0a755ac42fc6d36a3e/150/150/Image/Webp/noFilter,2026-09-27T17:35:10Z
84449017742177,[NEW RIGS] Chameleon! 🎨,https://tr.rbxcdn.com/180DAY-6dd102c0d7db9022546cccf9402f9f1e/150/150/Image/Webp/noFilter,2026-09-10T16:44:36Z
84487474244896,Ear Game (Update),https://tr.rbxcdn.com/180DAY-3903e74f60ea0cb371bb0bdde7d1e1d0/150/150/Image/Webp/noFilter,2026-09-12T01:11:09Z
84515722934860,[🧪] Anime Expeditions ,https://tr.rbxcdn.com/180DAY-0f226357e694c0ddbde19bc00ed16d18/150/150/Image/Webp/noFilter,2026-09-10T16:44:36Z
84525826229916,Would You Rather: Boys & Girls Outfit Tower!,https://tr.rbxcdn.com/180DAY-63dbe05c5305b9285915ffacf796119e/150/150/Image/Webp/noFilter,2026-09-10T16:44:36Z
84526099099491,Choose the stronger soccer!,https://tr.rbxcdn.com/180DAY-5c15f77a3c1d29a8ba73c7ae762ab333/150/150/Image/Webp/noFilter,2026-09-10T16:44:36Z
84556640895285,[🔥 BERSERKER] Deagle Arena,https://tr.rbxcdn.com/180DAY-751eb3f2a53f15a32ed96d20df4ca550/150/150/Image/Webp/noFilter,2026-09-10T16:44:36Z
84568117169118,HELLHOLE [🧟‍♂️],https://tr.rbxcdn.com/180DAY-a96f4ef440f4fed376cdb3e30617a793/150/150/Image/Webp/noFilter,2026-09-10T16:44:36Z
84575720768520,Lucky Block Rush,https://tr.rbxcdn.com/180DAY-db5891f0c6b34552153956953ac06280/150/150/Image/Webp/noFilter,2026-09-11T08:13:02Z
84626040132277,RC Test  🚗,https://tr.rbxcdn.com/180DAY-62fb2276a06b61d9fead8aea0864ecbe/150/150/Image/Webp/noFilter,2026-09-15T17:00:49Z
84692574040798,[✨CORY DANCE] alzzmy's DANCES,https://tr.rbxcdn.com/180DAY-4ceddfbf1bf0227b5eaf576990986c87/150/150/Image/Webp/noFilter,2026-09-10T16:44:36Z
84717457860674,Fling This and That,https://tr.rbxcdn.com/180DAY-126a398c8e33b72a7c410941a9278a19/150/150/Image/Webp/noFilter,2026-09-10T16:44:36Z
84812084611665,Homefront,https://tr.rbxcdn.com/180DAY-d8ec4a526ff2ea56d6c9ebc4096c5527/150/150/Image/Webp/noFilter,2026-10-03T16:51:00Z
84820271587061,[MONOCHROME EXTREME] BEAR Tower Defense 🌟,https://tr.rbxcdn.com/180DAY-ec642d7dd45c6f202b024d45adf4bbb9/150/150/Image/Webp/noFilter,2026-09-12T18:32:32Z
84834390140165,Spin a Kitty! 🎲,https://tr.rbxcdn.com/180DAY-d807bb9ed5355ce4a6b49b9b7f7af309/150/150/Image/Webp/noFilter,2026-09-12T21:21:14Z
84907238849255,[NEW PARTS!] Build a Marble Slide!,https://tr.rbxcdn.com/180DAY-930bc83a0d6ded848a62920b5eab2028/150/150/Image/Webp/noFilter,2026-09-11T15:13:25Z
84956402848349,Realistic Golf ⛳,https://tr.rbxcdn.com/180DAY-431817d8eedcf1a37da67d633d0d9ebc/150/150/Image/Webp/noFilter,2026-09-10T16:44:36Z
84968446824850,Rope Bridge for Brainrots,https://tr.rbxcdn.com/180DAY-e6053411efb9e8ffa724973e007fa3ae/150/150/Image/Webp/noFilter,2026-09-10T16:44:36Z
84987799649901,War of the Worlds ,https://tr.rbxcdn.com/180DAY-32b3a4d6b48c62af997bf54cfdc52995/150/150/Image/Webp/noFilter,2026-09-11T23:29:25Z
84988808589910,Rogue Piece: Rebirth,https://tr.rbxcdn.com/180DAY-f65927f595d54b0765778b7e0b4771cc/150/150/Image/Webp/noFilter,2026-09-13T00:28:06Z
85011874799856,Ohio Tools,https://tr.rbxcdn.com/180DAY-352c493aae9377661bdcaf9b3caeacfa/150/150/Image/Webp/noFilter,2026-09-10T16:44:36Z
85048226835181,Tree RNG [👻 Halloween],https://tr.rbxcdn.com/180DAY-3eaee7b4670afb991719912374e9d530/150/150/Image/Webp/noFilter,2026-09-10T16:44:36Z
85056532479796,[UPD] Neo Tennis,https://tr.rbxcdn.com/180DAY-b536e26a75141ea310f2c153744538ab/150/150/Image/Webp/noFilter,2026-09-10T16:44:36Z
85070202669030,[🦖] BEYBLADE X-BATTLES [Beta12.2],https://tr.rbxcdn.com/180DAY-0fa801c9e1e2b6ca670395cd120ce8cb/150/150/Image/Webp/noFilter,2026-09-10T16:44:36Z
85070260180613,Defend Your Base From Scary Worm,https://tr.rbxcdn.com/180DAY-5f1a730ac9031b0a826d19427aab7ce5/150/150/Image/Webp/noFilter,2026-09-12T22:28:06Z
85094158141349,[🐍] Jungle Life,https://tr.rbxcdn.com/180DAY-58ed383ee989b2c736cd8434ef6d2d29/150/150/Image/Webp/noFilter,2026-09-18T15:10:25Z
85103892698583,A Long Walk 🪓,https://tr.rbxcdn.com/180DAY-abe11b04f0814cc9bf243522e86dd3b8/150/150/Image/Webp/noFilter,2026-10-07T01:58:06Z
85245205758607,[UPD] Paint Or Seek [Chameleon],https://tr.rbxcdn.com/180DAY-d14c7eb645dfc5454f0dafd48735fb0d/150/150/Image/Webp/noFilter,2026-09-10T16:44:36Z
85387381843881,Clash's Glitch Obby 2,https://tr.rbxcdn.com/180DAY-795186924eaa1618028d5d4009928e72/150/150/Image/Webp/noFilter,2026-09-10T16:44:36Z
85624479560888,Board Of Hell,https://tr.rbxcdn.com/180DAY-c2c30fe2a56b56eb885eb0949eba3b28/150/150/Image/Webp/noFilter,2026-10-03T17:43:08Z
85659091508300,[FIXED] Meow Madness,https://tr.rbxcdn.com/180DAY-6699e021b9a0d8d5c035e4c0ab565563/150/150/Image/Webp/noFilter,2026-09-27T17:35:10Z
85896571713843,[🍁UPD] Bubble Gum Simulator INFINITY,https://tr.rbxcdn.com/180DAY-69c5506fcc492be2bbcda7321e6cdec9/150/150/Image/Webp/noFilter,2026-09-10T16:44:36Z
85967844112283,Last Stop [Beta],https://tr.rbxcdn.com/180DAY-303a8909d16a581256485edb577b2e26/150/150/Image/Webp/noFilter,2026-09-10T16:44:36Z
86017989016432,Cook Pizzas,https://tr.rbxcdn.com/180DAY-1b13fa2fcdd98e30fdab3ab451e16636/150/150/Image/Webp/noFilter,2026-09-10T16:44:36Z
86022723355936,[BB] Last:Memories,https://tr.rbxcdn.com/180DAY-deacc6193e12ef7640b4bff252bc559f/150/150/Image/Webp/noFilter,2026-09-10T16:44:36Z
86068599934040,[NEW MAP] How to Fish🐟,https://tr.rbxcdn.com/180DAY-3d73f8bc48f9fc49cae94427e77a6ba2/150/150/Image/Webp/noFilter,2026-09-12T22:28:06Z
86089763581353,🌎 World.io,https://tr.rbxcdn.com/180DAY-a2169dc6f534df15f4935fa04476035b/150/150/Image/Webp/noFilter,2026-09-10T16:44:36Z
86115754655458,My Market!,https://tr.rbxcdn.com/180DAY-ec90f10f2018452a7c6a76721f4d0244/150/150/Image/Webp/noFilter,2026-09-19T02:13:06Z
86164638330564,Would You Rather Gear Tower X 💥,https://tr.rbxcdn.com/180DAY-80aa85db6abaa7a185eec410447302f2/150/150/Image/Webp/noFilter,2026-09-10T16:44:36Z
86178279217218, [🎃] Murderer VS Sheriff,https://tr.rbxcdn.com/180DAY-8e1364a618a6e59817d0b0657642ae80/150/150/Image/Webp/noFilter,2026-09-10T16:44:36Z
86247128610772,[BOILED ONE] House of The Locust,https://tr.rbxcdn.com/180DAY-723ea2003e4faca4970294c0c58c5a59/150/150/Image/Webp/noFilter,2026-09-10T16:44:36Z
86252377188412,☢️ Nuclear Neighbors BETA,https://tr.rbxcdn.com/180DAY-b683fd07dec2683a5069b79af0a06f85/150/150/Image/Webp/noFilter,2026-09-11T15:13:25Z
86259628805375,💪 +1 Strength to Grow Your Arm！,https://tr.rbxcdn.com/180DAY-61e6ef1cbe08b21d160423096b937a34/150/150/Image/Webp/noFilter,2026-09-10T16:44:36Z
86368783421928,Fall For Brainrots! 🪂,https://tr.rbxcdn.com/180DAY-47f6669d14372cb2977a616e32608836/150/150/Image/Webp/noFilter,2026-09-10T16:44:36Z
86374876468143,[💥]Troll Ragdoll Tower,https://tr.rbxcdn.com/180DAY-380eb53d475b2a353e2b207cd0b09b38/150/150/Image/Webp/noFilter,2026-09-10T16:44:36Z
86378115369061,+1 Backflip Obby Escape,https://tr.rbxcdn.com/180DAY-d49555b0a7b4658cac5482bbe9a06525/150/150/Image/Webp/noFilter,2026-09-10T16:44:36Z
86479448397834,🎃 Bake or Die 💀 ,https://tr.rbxcdn.com/180DAY-a662c2cfc20d3fd2da01dddbb9e6ac2a/150/150/Image/Webp/noFilter,2026-09-10T16:44:36Z
86524001536792,Project Superstellar,https://tr.rbxcdn.com/180DAY-6027d0268eb40e5646e48dd8c864f843/150/150/Image/Webp/noFilter,2026-09-10T16:44:36Z
86537831042007,Sarab,https://tr.rbxcdn.com/180DAY-b3b7614ab009d7d21d086dfa17cfd8f8/150/150/Image/Webp/noFilter,2026-10-03T18:28:06Z
86635275427451,Codename: Redux,https://tr.rbxcdn.com/180DAY-1e6fa3bb1a6f7b4d6ea05b16a15f651c/150/150/Image/Webp/noFilter,2026-09-10T16:44:36Z
86707571837034,[v1.7.2] Missile Tycoon,https://tr.rbxcdn.com/180DAY-eba6560d00b3d23d13c1c0d4e1cff63b/150/150/Image/Webp/noFilter,2026-09-10T16:44:36Z
86754403332185,Steal a Clown,https://tr.rbxcdn.com/180DAY-74c5c2c85a2a30df9d591a9daffdeb1f/150/150/Image/Webp/noFilter,2026-09-10T16:44:36Z
86757987326668,Killer Stairs,https://tr.rbxcdn.com/180DAY-e42a028fa149c6bd94f8a03068990cca/150/150/Image/Webp/noFilter,2026-09-10T16:44:36Z
86779099589017,ANMU 🪔 [HORROR],https://tr.rbxcdn.com/180DAY-32e874b43ec56cfb36efc6f62f2c0964/150/150/Image/Webp/noFilter,2026-10-03T17:43:08Z
86799412338918,Block Clear Race,https://tr.rbxcdn.com/180DAY-a8abd31ea1232ff7ad107770eed43bbd/150/150/Image/Webp/noFilter,2026-09-11T11:41:58Z
86832525327994,Party Chaos,https://tr.rbxcdn.com/180DAY-4824d4f65ef48d30f11857f2f905612a/150/150/Image/Webp/noFilter,2026-09-11T21:20:23Z
86847069957175,Racing Star Simulator [10X🏆],https://tr.rbxcdn.com/180DAY-fa8648034e457c8fa1fc38717282d64a/150/150/Image/Webp/noFilter,2026-09-10T16:53:24Z
86852362398411,Piggy: Intercity [TREETOPS + DAILY QUESTS],https://tr.rbxcdn.com/180DAY-5566e188e5ff508ebed5fa98f7178131/150/150/Image/Webp/noFilter,2026-09-29T19:11:44Z
86943068337855,Drill Blocks for Dumpling Squishy,https://tr.rbxcdn.com/180DAY-fd11b72f1ba44672cc619b9b0e3a40f8/150/150/Image/Webp/noFilter,2026-09-10T16:44:36Z
86987168805667,[🎃] Growth of Giggle RP ,https://tr.rbxcdn.com/180DAY-b39acdd46c7c6e5a81108a003b91c000/150/150/Image/Webp/noFilter,2026-09-12T01:24:02Z
87018676608089,Pistol Arena,https://tr.rbxcdn.com/180DAY-16b900c7a3cac138571212e4593f69df/150/150/Image/Webp/noFilter,2026-09-10T16:44:36Z
87046419551816,[BIG UPDATE!] Bumpy Flight 🛫,https://tr.rbxcdn.com/180DAY-16c5d77aa5c3280802a79b04344d3816/150/150/Image/Webp/noFilter,2026-09-10T16:44:36Z
87124461329967,ONE BLOCK,https://tr.rbxcdn.com/180DAY-b26f54aa3e77a50f606c71cae2fe3809/150/150/Image/Webp/noFilter,2026-09-12T13:54:57Z
87214116277191,Obby Builder 🔨,https://tr.rbxcdn.com/180DAY-a1c9a8562f4e58ce9ec1629a5b4a8e06/150/150/Image/Webp/noFilter,2026-09-10T16:44:36Z
87216984571248,Grabpack Sandbox Game [MULTIPLAYER],https://tr.rbxcdn.com/180DAY-2abc08d4cfd38caa7a2a6ae182c6ffa8/150/150/Image/Webp/noFilter,2026-09-12T13:54:57Z
87229519582692,[REVAMP] Ultimate Gym Game,https://tr.rbxcdn.com/180DAY-1b53a18514629f9f892f0df952256163/150/150/Image/Webp/noFilter,2026-09-19T17:43:03Z
87274635966213,Bid for Anime!,https://tr.rbxcdn.com/180DAY-94ac1010fafc6bbf4667425ab71d81df/150/150/Image/Webp/noFilter,2026-09-10T16:44:36Z
87311102000285,[UPD📼] Camper Van Trip 🌲,https://tr.rbxcdn.com/180DAY-29d09e647073c3a2ce59e051cda3e17f/150/150/Image/Webp/noFilter,2026-09-10T16:44:36Z
87419805032513,RoTube Life 2! [UPD],https://tr.rbxcdn.com/180DAY-95514d2422aad6e324da41cec4a803d5/150/150/Image/Webp/noFilter,2026-09-12T13:54:57Z
87468080405188,[UPDATE] Home Alone: Anomalies,https://tr.rbxcdn.com/180DAY-93b4bd066064b391a361d90a1eaa3353/150/150/Image/Webp/noFilter,2026-09-10T16:44:36Z
87555052900625,Crunch My Butter! 🧈,https://tr.rbxcdn.com/180DAY-da13b33e4c458b80d79dce2f20b750ef/150/150/Image/Webp/noFilter,2026-09-10T16:44:36Z
87695656520229,[⚡Weather]Grow Beanstalk to Steal An Egg,https://tr.rbxcdn.com/180DAY-878a188739bd284d9b68ba64217fe195/150/150/Image/Webp/noFilter,2026-09-21T18:19:39Z
87740422849523,Steal A Car,https://tr.rbxcdn.com/180DAY-5c88d192e0c2b800bd2765d84f95b3f5/150/150/Image/Webp/noFilter,2026-10-03T17:43:08Z
88033955914813,[UPD🎉!] FUT ⚽  ,https://tr.rbxcdn.com/180DAY-7d2b51cd7027ff27352897bbf527d0f0/150/150/Image/Webp/noFilter,2026-09-10T16:44:36Z
88047783411976,Open Sea For Animals!,https://tr.rbxcdn.com/180DAY-75698313e1b2a3585a53b04b02307260/150/150/Image/Webp/noFilter,2026-09-27T17:35:10Z
88080689424450,Country Glass Bridge 🌍 ,https://tr.rbxcdn.com/180DAY-ffd3b2abdfc56cfb8076fd8f7b55da8c/150/150/Image/Webp/noFilter,2026-09-11T15:13:25Z
88207898227053,Build Bridge to Brainrots,https://tr.rbxcdn.com/180DAY-1e218366b86b98d2dff7f7bbc8134812/150/150/Image/Webp/noFilter,2026-09-10T16:44:36Z
88234622381007,[UPD] Mad Road,https://tr.rbxcdn.com/180DAY-d2b5b0471be55dce5c968fe41fd1275d/150/150/Image/Webp/noFilter,2026-09-10T16:44:36Z
88323040672117,[UPD] Divaz 💄,https://tr.rbxcdn.com/180DAY-742e2cd4c355f077f7b468a359d90e4f/150/150/Image/Webp/noFilter,2026-09-10T16:44:36Z
88412811497379,Slap Chips 🖐️,https://tr.rbxcdn.com/180DAY-8025c9ef22a872842fe3c8662d25adac/150/150/Image/Webp/noFilter,2026-09-10T16:44:36Z
88454318405193,[⚔️DUEL] HAVOK | TDM  & Sniper FFA,https://tr.rbxcdn.com/180DAY-470a6e85dbb3c7e38d1c126749839477/150/150/Image/Webp/noFilter,2026-09-11T11:41:58Z
88480125732253,Trade Squishy Dumplings,https://tr.rbxcdn.com/180DAY-865924f4681ba74136b6d551143ed37c/150/150/Image/Webp/noFilter,2026-09-10T16:44:36Z
88611017452341,Backflip for Animals!,https://tr.rbxcdn.com/180DAY-268cea5fb402d699307052e518aa804e/150/150/Image/Webp/noFilter,2026-10-01T15:35:29Z
88728793053496,🚀 Build a Car,https://tr.rbxcdn.com/180DAY-17adfc36db91cc3362e9c0821759064d/150/150/Image/Webp/noFilter,2026-09-10T16:44:36Z
88773823105878,Unfreeze an Animal,https://tr.rbxcdn.com/180DAY-5cc7dbf77e118247d634ad372968908b/150/150/Image/Webp/noFilter,2026-09-10T23:21:35Z
88829164647511,Domino Engine,https://tr.rbxcdn.com/180DAY-783fe6ba4fe2ffd7aeb657c453c94ca3/150/150/Image/Webp/noFilter,2026-09-11T15:13:25Z
88887739603194,[EVENT☯] Ascension Incremental 2,https://tr.rbxcdn.com/180DAY-87b83177b9162fd037a4f22df3f14901/150/150/Image/Webp/noFilter,2026-09-10T16:44:36Z
88910662712492,Roller for Animals!,https://tr.rbxcdn.com/180DAY-5605bc3d2c03f1c90edb797e3a18f562/150/150/Image/Webp/noFilter,2026-09-19T20:13:11Z
88926796616786,Roller Skate OBBY,https://tr.rbxcdn.com/180DAY-6286b5516381a84f82b7775790dbb25f/150/150/Image/Webp/noFilter,2026-09-11T15:13:25Z
88932739628526,Wavelength! [BETA],https://tr.rbxcdn.com/180DAY-5776280e31be8f574bf97e88596a1a7f/150/150/Image/Webp/noFilter,2026-09-10T18:23:54Z
88933961678687,[⚡] Hyper Speed Runner,https://tr.rbxcdn.com/180DAY-e2e22f003f643153524d1855ea7d939d/150/150/Image/Webp/noFilter,2026-09-10T16:44:36Z
88951201927122,Gear Troll Slap Tower 💥,https://tr.rbxcdn.com/180DAY-2a3ab576559ec3e11d0ac64df5095103/150/150/Image/Webp/noFilter,2026-09-10T16:44:36Z
89035794510548,🕹️ Endless GAMES [NO ADS],https://tr.rbxcdn.com/180DAY-db920866535c77279395e1f5a7596828/150/150/Image/Webp/noFilter,2026-09-10T16:44:36Z
89054386877361,Guess My Squishy Dumpling,https://tr.rbxcdn.com/180DAY-e07169959c1ba2da53f4f90e3312cc2b/150/150/Image/Webp/noFilter,2026-09-10T23:21:35Z
89100823864844,[💜 JOJO'S] Anime Girl RNG,https://tr.rbxcdn.com/180DAY-51b052cbae49e3014106b50e63f8c49e/150/150/Image/Webp/noFilter,2026-09-10T16:44:36Z
89180039807836,[😎] TROLL Hug Tower,https://tr.rbxcdn.com/180DAY-9132fdd5cf07d5f995c15671ca101278/150/150/Image/Webp/noFilter,2026-09-10T16:44:36Z
89209511145519,Housebound,https://tr.rbxcdn.com/180DAY-822f0baed30fc6edf6c963dad3a722c4/150/150/Image/Webp/noFilter,2026-09-11T17:06:57Z
89413975336733,Build and Destroy [2 Player Obby],https://tr.rbxcdn.com/180DAY-e4c5164f44ab66fc326a75cdf8249300/150/150/Image/Webp/noFilter,2026-10-02T12:48:06Z
89469502395769,[🍂] Kick a Lucky Block,https://tr.rbxcdn.com/180DAY-349c159c7d1670b802443a8ca24451eb/150/150/Image/Webp/noFilter,2026-09-10T16:44:36Z
89490838554710,🏍️ Wheelie District,https://tr.rbxcdn.com/180DAY-51747b17647954d2cbb4a93878854347/150/150/Image/Webp/noFilter,2026-09-10T16:44:36Z
89561601601392,Penguin Tycoon🐧,https://tr.rbxcdn.com/180DAY-b9565e5505b5c72e89d2350391756ad1/150/150/Image/Webp/noFilter,2026-09-10T16:44:36Z
89625393697373,كيبورد العرب | Arabian Keyboard +1,https://tr.rbxcdn.com/180DAY-423a3b3db7f73f04fd93972524c1bd80/150/150/Image/Webp/noFilter,2026-09-11T11:41:58Z
89704645856683,[🎯FPS] Rocket Rumble,https://tr.rbxcdn.com/180DAY-54588f9aa49a16dca231d543358d2f89/150/150/Image/Webp/noFilter,2026-09-10T16:44:36Z
89788834648171,[DISCARD] Toons Universe,https://tr.rbxcdn.com/180DAY-357be26c95d1318e67613e1d1bdeca80/150/150/Image/Webp/noFilter,2026-09-10T16:44:36Z
89851325271396,[GODZILLA EARTH] Age of Titans,https://tr.rbxcdn.com/180DAY-7110c26fbed190a7e1325a4b2ff5a41a/150/150/Image/Webp/noFilter,2026-09-10T23:21:35Z
89865618982456,Freekick Simulator ,https://tr.rbxcdn.com/180DAY-f2bca89bc386de014253fb1122406c64/150/150/Image/Webp/noFilter,2026-09-12T18:32:32Z
90038414385014,[🏰] Build a House,https://tr.rbxcdn.com/180DAY-668ba3026978b7b0637836606965b277/150/150/Image/Webp/noFilter,2026-09-10T16:44:36Z
90053646552411,Climb KPop Demon Hunters Tower,https://tr.rbxcdn.com/180DAY-8455e2d3020e34f12a5172106f475511/150/150/Image/Webp/noFilter,2026-09-10T16:53:24Z
90086669327265,[X2] +1 Cut Grass Adventure,https://tr.rbxcdn.com/180DAY-58a5bd782ba6848194c07a9de4d9cb39/150/150/Image/Webp/noFilter,2026-09-10T16:44:36Z
90148635862803,🧟 Survive the Apocalypse,https://tr.rbxcdn.com/180DAY-4a8e34f681001f066fd57b0c5a424e56/150/150/Image/Webp/noFilter,2026-09-10T16:44:36Z
90184287580174,[🎃] KILLSTREAK,https://tr.rbxcdn.com/180DAY-eff3de00ae7108a866413743c88376cf/150/150/Image/Webp/noFilter,2026-09-10T16:44:36Z
90367590248857,Army Roads 🚂,https://tr.rbxcdn.com/180DAY-2eccb2e1a139b5c5dd525ec9b565212a/150/150/Image/Webp/noFilter,2026-09-10T16:44:36Z
90372498659341,Arm Battles💪,https://tr.rbxcdn.com/180DAY-30956a49d61225874b631225de2a7d0c/150/150/Image/Webp/noFilter,2026-09-11T11:41:58Z
90452499792903,Build Hide Seek  🔨,https://tr.rbxcdn.com/180DAY-e792166acba32066f2b5470e0387e6f6/150/150/Image/Webp/noFilter,2026-09-10T23:21:35Z
90462358603255,[Part 4] Anime Eternal,https://tr.rbxcdn.com/180DAY-aecd4d4e99798b1214b57031f738b0ce/150/150/Image/Webp/noFilter,2026-09-10T16:44:36Z
90568084448279,[FPS] One Tap,https://tr.rbxcdn.com/180DAY-00155b28dc7219013f3365f5def385ef/150/150/Image/Webp/noFilter,2026-09-10T16:44:36Z
90704250333473,Become a Billionaire 💸,https://tr.rbxcdn.com/180DAY-66fa37f0a1732ec165e6f243712a9bc4/150/150/Image/Webp/noFilter,2026-09-10T16:44:36Z
90740816183375,[🏆X3👟X111] 🥷 +1 Speed Ninja Keyboard Escape,https://tr.rbxcdn.com/180DAY-35f24c1704c611d9381b0b5a4643bb81/150/150/Image/Webp/noFilter,2026-09-10T16:44:36Z
90784570995507,Lucky Dumplings,https://tr.rbxcdn.com/180DAY-43fc65951e559c5078b90d8fa3268716/150/150/Image/Webp/noFilter,2026-09-10T16:44:36Z
90803345996188,Speed vs Giant,https://tr.rbxcdn.com/180DAY-b70d7486d4ca3a87f27cb2cb4cf2bcc4/150/150/Image/Webp/noFilter,2026-09-10T16:44:36Z
90842695067815,24 Hours in Elevator...,https://tr.rbxcdn.com/180DAY-23cb29b70a69c5f1ebc8a818d804244d/150/150/Image/Webp/noFilter,2026-09-10T16:44:36Z
90861052496961,[SOON] Project Clutch Up ,https://tr.rbxcdn.com/180DAY-832d953e99f97c91a74ff988eb9e7621/150/150/Image/Webp/noFilter,2026-09-19T16:28:04Z
90899406152758,TUNG TUNG OR SCP,https://tr.rbxcdn.com/180DAY-59422a100dd68dbfaef1d99ee18e8c59/150/150/Image/Webp/noFilter,2026-09-26T02:25:22Z
90906407195271,[EVENT🎃] Racket Rivals ,https://tr.rbxcdn.com/180DAY-f0fa199811b819930daba83ac1736ebe/150/150/Image/Webp/noFilter,2026-09-10T16:44:36Z
90913221847091,[🎃] 🏈Football Legends🏈,https://tr.rbxcdn.com/180DAY-7a5f9e42e29f8b4691b8482d4b4813ea/150/150/Image/Webp/noFilter,2026-09-10T21:33:22Z
91036151820575,Be a Nurse,https://tr.rbxcdn.com/180DAY-59797a236ee9208dbb5b73b2f639aea0/150/150/Image/Webp/noFilter,2026-09-12T13:54:57Z
91051110013730,Slap Tower 8 🖐️,https://tr.rbxcdn.com/180DAY-36ed8c8fa4828b7c9616ba8ae635ccbf/150/150/Image/Webp/noFilter,2026-10-02T04:13:06Z
91064322438141, 💃[Disco dance] Trending Emote Dance,https://tr.rbxcdn.com/180DAY-e64a5ebef57a31f9f8361c60a70a66e4/150/150/Image/Webp/noFilter,2026-10-07T02:09:43Z
91203203156283,[SOUL] Spin a Fem! 🎲,https://tr.rbxcdn.com/180DAY-aaf43e470ed499b83990d927fc239b74/150/150/Image/Webp/noFilter,2026-09-10T16:44:36Z
91217688272180,Drive Down,https://tr.rbxcdn.com/180DAY-d1537cb1f1b59d16c0dbcefc0b76c756/150/150/Image/Webp/noFilter,2026-09-16T19:01:03Z
91296119701853,[🦖] Farm a Fish 🐟,https://tr.rbxcdn.com/180DAY-89e625029dc3f32814479f1be5522f4f/150/150/Image/Webp/noFilter,2026-09-10T16:44:36Z
91440994157417,[RAIDS] Build a Military Base,https://tr.rbxcdn.com/180DAY-9abc2f25d48e955b4fcff5557460a7b4/150/150/Image/Webp/noFilter,2026-09-10T16:44:36Z
91514145260129,📒 Brazilian School [RP],https://tr.rbxcdn.com/180DAY-09d3f8c352d0786e9015b18abad8b69d/150/150/Image/Webp/noFilter,2026-09-10T18:23:54Z
91695551099066,[W7 + PETS]+1 Shrink per Step,https://tr.rbxcdn.com/180DAY-390c4d7e3f476ee115193ac981f34ac9/150/150/Image/Webp/noFilter,2026-09-10T16:44:36Z
91698952875688,[QOL ⚙️] Bahkruums [BETA],https://tr.rbxcdn.com/180DAY-17d9db4ee42cd54a18dd92619f3cc07e/150/150/Image/Webp/noFilter,2026-09-10T16:44:36Z
91704854174760,Finish The Word! [ SUMMER ],https://tr.rbxcdn.com/180DAY-0a0e077966deef70265c47bb2de7db2b/150/150/Image/Webp/noFilter,2026-09-10T16:44:36Z
91746497060666,My Jail Cell!  (🎃HALLOWEEN!),https://tr.rbxcdn.com/180DAY-e7890bf5cedbe4b71c212ebe5ef02b7b/150/150/Image/Webp/noFilter,2026-09-10T16:44:36Z
91931360732020,Clean the Animal Daycare!,https://tr.rbxcdn.com/180DAY-a035854ff0b01315898766176a5a4289/150/150/Image/Webp/noFilter,2026-09-10T16:44:36Z
92044060392057,Dead Sewers🌊[Alpha],https://tr.rbxcdn.com/180DAY-5abaed0c213464c3fa2d1c9eea3a3899/150/150/Image/Webp/noFilter,2026-09-10T16:44:36Z
92122513197996,⛏️Dig to Escape,https://tr.rbxcdn.com/180DAY-8552949e1c4eb2417c9e94d1b2996231/150/150/Image/Webp/noFilter,2026-09-10T16:44:36Z
92141204718989,Route 06,https://tr.rbxcdn.com/180DAY-da34175abeaa149ce73c2b2cf60b4719/150/150/Image/Webp/noFilter,2026-09-10T16:44:36Z
92171645661524,Carry an Egg [2 Player Obby],https://tr.rbxcdn.com/180DAY-0d5957d39fde1ddd2578de538282621c/150/150/Image/Webp/noFilter,2026-09-10T16:44:36Z
92251842682815,+1 Speed Honey ASMR | Keyboard Catalog,https://tr.rbxcdn.com/180DAY-16558056cc59e473c41c0e855f74a7b7/150/150/Image/Webp/noFilter,2026-09-11T17:06:57Z
92265157349699,+1 KE but F2P ADMIN PANEL,https://tr.rbxcdn.com/180DAY-aba15148d2c0a1a4b8b8dd3d5133ec60/150/150/Image/Webp/noFilter,2026-09-17T22:28:02Z
92310193505934,Better Avatar? 👕,https://tr.rbxcdn.com/180DAY-4fc8f30b9893c15448d274ba712ea2ff/150/150/Image/Webp/noFilter,2026-09-19T13:58:40Z
92352895821733,Hitman Card Game,https://tr.rbxcdn.com/180DAY-97b5dd29c3e50b652170828490e2455a/150/150/Image/Webp/noFilter,2026-09-17T18:58:02Z
92415748858497,[BACKROOMS] Infinite Nights With Freddy (DOOM),https://tr.rbxcdn.com/180DAY-675eb5abda4d196c809e5652bde9b1f9/150/150/Image/Webp/noFilter,2026-09-10T16:44:36Z
92416421522960,Slime RNG,https://tr.rbxcdn.com/180DAY-2f7978b674aeb4273e19ba6fa25bb846/150/150/Image/Webp/noFilter,2026-09-10T16:44:36Z
92422478989816,World at War,https://tr.rbxcdn.com/180DAY-c561d7de447caab2fd2cf911341cdc12/150/150/Image/Webp/noFilter,2026-09-10T16:44:36Z
92432535588391,Swing Tower,https://tr.rbxcdn.com/180DAY-a6dfc3f63a3c292b10f48f10fa99aa1f/150/150/Image/Webp/noFilter,2026-09-10T16:44:36Z
92537160695070,[UPD + 2x] Carrot Tower Defense 🥕,https://tr.rbxcdn.com/180DAY-93f007ebee354f2566639a14d33c547c/150/150/Image/Webp/noFilter,2026-09-12T10:50:51Z
92606991708989,[UPD 7] Defeat Anime RNG,https://tr.rbxcdn.com/180DAY-c77d58be0b056bd03345234e00949cf9/150/150/Image/Webp/noFilter,2026-09-27T17:35:10Z
92637789841354,🍂 Clean all the Leaves,https://tr.rbxcdn.com/180DAY-a8dd2b0370dd522a0826c9a68e55d29d/150/150/Image/Webp/noFilter,2026-09-10T16:44:36Z
92648272637932,+1 Mog Evolution,https://tr.rbxcdn.com/180DAY-788ba584554314c6d346ffed8d1d79d4/150/150/Image/Webp/noFilter,2026-09-19T20:13:11Z
92683694220101,🗡️ Fight Your Zombie,https://tr.rbxcdn.com/180DAY-57ab79723d032a526a51cbc3b92df763/150/150/Image/Webp/noFilter,2026-09-10T16:44:36Z
92690025306240,R6 Emote Place,https://tr.rbxcdn.com/180DAY-6bdff4fa4ef354b7ce616d5707f1e11a/150/150/Image/Webp/noFilter,2026-09-12T13:54:57Z
92700582787930,MEGA RAMP FOR SLIME,https://tr.rbxcdn.com/180DAY-e21ec50cef13c90128be3a8e849767fc/150/150/Image/Webp/noFilter,2026-09-10T16:44:36Z
92722005168254,SKI 🎃,https://tr.rbxcdn.com/180DAY-7d8065a6b21f9200d63945357f77c685/150/150/Image/Webp/noFilter,2026-09-27T17:35:10Z
92801681573829,[✋] Slapper Troll Tower ,https://tr.rbxcdn.com/180DAY-369c3a61b1efddc53487e04a127109d3/150/150/Image/Webp/noFilter,2026-09-21T18:19:39Z
92822063482554,SCP Foundation or Trevor Creatures,https://tr.rbxcdn.com/180DAY-4053206b24c066f38209f71f2b92ef94/150/150/Image/Webp/noFilter,2026-10-02T12:48:06Z
92937726498067,[W2] +1 Speed Super Hero Escape,https://tr.rbxcdn.com/180DAY-f6476e7775af582708db584150aa576f/150/150/Image/Webp/noFilter,2026-09-10T16:44:36Z
92942575852492,Dont Wake the Kitty,https://tr.rbxcdn.com/180DAY-e0bd8790cc6f3e4cb137c84ed399a4b1/150/150/Image/Webp/noFilter,2026-09-10T16:44:36Z
92953608281062,Slap Minefield,https://tr.rbxcdn.com/180DAY-c404b2e9584c049ea92f7cc3e9bf56e5/150/150/Image/Webp/noFilter,2026-09-27T07:28:08Z
93010292807756,[UPD] Color Art: Coloring Games,https://tr.rbxcdn.com/180DAY-107353784880708be4302a8d3a40d32d/150/150/Image/Webp/noFilter,2026-09-10T21:33:22Z
93028168925975,🌷 My Flower Shop,https://tr.rbxcdn.com/180DAY-ed7dd1852a869f5543113a155760a8ef/150/150/Image/Webp/noFilter,2026-09-10T16:44:36Z
93074271797128,[JUMP ROPE] Squid Game (Season 3),https://tr.rbxcdn.com/180DAY-f9fb78043a74d52dae2e717b10f28a43/150/150/Image/Webp/noFilter,2026-09-10T23:21:35Z
93091759101123,FPS🔥AirDrop Arena [S5]🔥,https://tr.rbxcdn.com/180DAY-8aef392bd05f4990539f621235478cab/150/150/Image/Webp/noFilter,2026-09-10T16:44:36Z
93233198656969,FREE FIRE MAX🏆,https://tr.rbxcdn.com/180DAY-343ec12309226c852523a087d8ce3b3f/150/150/Image/Webp/noFilter,2026-09-10T16:44:36Z
93265851514769,Wall Hop Slap Meter ,https://tr.rbxcdn.com/180DAY-1914994e5a02f727a83ba4605115fbe1/150/150/Image/Webp/noFilter,2026-09-10T16:44:36Z
93376023022452,Become a Game Developer! 💻 ,https://tr.rbxcdn.com/180DAY-ef8790ac1965fec2c5ffb34c31118a31/150/150/Image/Webp/noFilter,2026-09-21T18:19:39Z
93467044568807,🙈🙊🙉 BOMBANANA!,https://tr.rbxcdn.com/180DAY-388f45d17c8a2bf2edda539dec6e289c/150/150/Image/Webp/noFilter,2026-09-27T17:35:10Z
93529731049611,Clean the Countries,https://tr.rbxcdn.com/180DAY-90d0f5933f04a00cb5322a8211c1577b/150/150/Image/Webp/noFilter,2026-09-12T22:28:06Z
93563420945975,Easy Teamwork Obby!,https://tr.rbxcdn.com/180DAY-e6dda0de0f5b106cdb171c762e050e21/150/150/Image/Webp/noFilter,2026-09-10T16:44:36Z
93623116896447,Find the Dumpling [143],https://tr.rbxcdn.com/180DAY-b9fd10a566b048e636cf911731e13d3d/150/150/Image/Webp/noFilter,2026-09-10T16:53:24Z
93654646161462,🥑 Avocado Obby,https://tr.rbxcdn.com/180DAY-06de87cfdedc80fdc011295cd0396eac/150/150/Image/Webp/noFilter,2026-09-12T13:54:57Z
93696617476691,Clone Incremental,https://tr.rbxcdn.com/180DAY-be4d695c64d808f5510af7f1cda45a53/150/150/Image/Webp/noFilter,2026-10-01T15:35:29Z
93787311916283,[X20] Horse Race 🐎 [WEEKEND],https://tr.rbxcdn.com/180DAY-ccb048840bac75b2647db4dbdcdaca55/150/150/Image/Webp/noFilter,2026-09-10T16:44:36Z
93829858358973,💪 +1 Muscle to Break Walls,https://tr.rbxcdn.com/180DAY-31c85c8f9d63546c6dcfafc7ff884e8f/150/150/Image/Webp/noFilter,2026-09-10T16:44:36Z
93934100402512,Clover Time [BETA RELEASE],https://tr.rbxcdn.com/180DAY-65309166c7a6848078a48c6c775ceb3e/150/150/Image/Webp/noFilter,2026-10-07T02:09:43Z
93953121730240,Would You Rather: Kawaii Fashion Tower 🎀,https://tr.rbxcdn.com/180DAY-cd6e846db64b3872acc5e15ede41682f/150/150/Image/Webp/noFilter,2026-09-11T04:44:31Z
93978595733734,[CURE] Violence District,https://tr.rbxcdn.com/180DAY-24a7fe15374c20384a33ba2f9d4dc362/150/150/Image/Webp/noFilter,2026-09-10T16:44:36Z
94009908234110,dogs,https://tr.rbxcdn.com/180DAY-3a89f5c6df52921fbf6000a15e9bf7bb/150/150/Image/Webp/noFilter,2026-10-03T18:28:06Z
94101948530988,[OGURI CAP MASTERY] Uma Racing,https://tr.rbxcdn.com/180DAY-425a2b621d591702d0ed84aa9ac2e06c/150/150/Image/Webp/noFilter,2026-09-26T02:25:22Z
94177325451296,Knock Knock [FOREST],https://tr.rbxcdn.com/180DAY-72c6288daa09057f9cd26331c0405fde/150/150/Image/Webp/noFilter,2026-09-19T15:08:00Z
94217045453265,Dueling Grounds ⚔️ ,https://tr.rbxcdn.com/180DAY-68e6ba58dc05de2e3f7802b41147bc97/150/150/Image/Webp/noFilter,2026-09-10T16:44:36Z
94423988769690,Build to Survive  [NEW],https://tr.rbxcdn.com/180DAY-f4e59f3f24ef4eb1cb50a0128ad2ce46/150/150/Image/Webp/noFilter,2026-09-12T01:11:09Z
94462883754671,[👟X5] +1 Speed Hospital Escape,https://tr.rbxcdn.com/180DAY-581697ea452bcfadcfc4a2953f1f4552/150/150/Image/Webp/noFilter,2026-10-03T18:13:07Z
94495283121683,STAY INSIDE! 🤫 [GOTHIC ITEMS🛋️],https://tr.rbxcdn.com/180DAY-174748a0ee6f8773055fc0f694c6f462/150/150/Image/Webp/noFilter,2026-09-10T16:44:36Z
94503612388426,Be Fish,https://tr.rbxcdn.com/180DAY-435711a6fcb06eb7bf43bef2be2c3d59/150/150/Image/Webp/noFilter,2026-09-10T16:44:36Z
94539932414164,(🍂FALL + 🛠️ CAR MODS!) Mojave Valley (Alpha),https://tr.rbxcdn.com/180DAY-ff9da988ac92c1acf0beffb33867ddac/150/150/Image/Webp/noFilter,2026-09-10T16:44:36Z
94590879393563,Weird Gun Game [UPDATE!],https://tr.rbxcdn.com/180DAY-ba8e60b872c868243eeff5f73f61b68a/150/150/Image/Webp/noFilter,2026-09-10T16:44:36Z
94610770420769,[NEW MAPP] Clark (EARLY ACCESS) - Huss rooms,https://tr.rbxcdn.com/180DAY-ae6b492ef1c6736966149113e2b34b86/150/150/Image/Webp/noFilter,2026-09-12T01:58:01Z
94640181989498,Grow a Chicken Fighter,https://tr.rbxcdn.com/180DAY-2890889442faf880ba30961a291b8143/150/150/Image/Webp/noFilter,2026-09-10T16:44:36Z
94647229517154,[💀QOL🐱] Azure Latch,https://tr.rbxcdn.com/180DAY-3e7c2ba3cc142aaaf7cfda2cdb644555/150/150/Image/Webp/noFilter,2026-09-10T16:44:36Z
94702395375549,Run For Brainrots!,https://tr.rbxcdn.com/180DAY-d6453c483962b05917a11c5ab310b085/150/150/Image/Webp/noFilter,2026-09-10T16:44:36Z
94717504417144,[Update5] Anime Capture,https://tr.rbxcdn.com/180DAY-9c50aa53d3052fedd429dc4ec14c761a/150/150/Image/Webp/noFilter,2026-09-10T16:44:36Z
94743262954649,"THE ""TSUNAMI GAME"" ",https://tr.rbxcdn.com/180DAY-828528be3befa41296d80d43894cccf1/150/150/Image/Webp/noFilter,2026-09-14T04:13:05Z
94761925088445,[UPD] Build to Survive VERITY🛠️,https://tr.rbxcdn.com/180DAY-478f62ac02c20ae5bb1d2536cebcba4d/150/150/Image/Webp/noFilter,2026-09-11T21:58:04Z
94780005879799,SCREAM for Brainrot!,https://tr.rbxcdn.com/180DAY-a472e5ccb561a929b42db146088f3e1f/150/150/Image/Webp/noFilter,2026-09-19T13:58:40Z
94823097601547,Re://Adventures [UPD 1 🔥 ],https://tr.rbxcdn.com/180DAY-ea5d02d4870419a5f343030eb7992dcd/150/150/Image/Webp/noFilter,2026-09-24T20:13:07Z
94845773826960,[⚔️] Dungeon Heroes ,https://tr.rbxcdn.com/180DAY-23dd022c3424f80aa063befc91febb29/150/150/Image/Webp/noFilter,2026-09-10T16:44:36Z
94846670791126,Steal all Cars,https://tr.rbxcdn.com/180DAY-12f78eae9ca6fef335dbe2acefbe60f2/150/150/Image/Webp/noFilter,2026-10-03T18:28:06Z
94860588848140,[X5] +1 Kitten Keyboard Escape,https://tr.rbxcdn.com/180DAY-32d6372386c5c641c6b8a8b6bb2936a2/150/150/Image/Webp/noFilter,2026-09-10T16:44:36Z
94877808062580,PAPER PLANES!,https://tr.rbxcdn.com/180DAY-73b473b8a6495cc9b595ef6bf4617739/150/150/Image/Webp/noFilter,2026-09-11T15:13:25Z
94987506187454,[🗡️ BALLISTIC KNIFE] REDLINER,https://tr.rbxcdn.com/180DAY-061747dee254ad8f445b1fa61377930a/150/150/Image/Webp/noFilter,2026-09-10T16:44:36Z
95047916580305,The Block,https://tr.rbxcdn.com/180DAY-879e292d30c63f2644d4322658ab972d/150/150/Image/Webp/noFilter,2026-09-11T15:13:25Z
95082159892680,[X2] +1 Speed Keyboard Escape | Candy & Chocolate,https://tr.rbxcdn.com/180DAY-52a4923051d35034fe3353ab2f6bf36f/150/150/Image/Webp/noFilter,2026-09-10T16:44:36Z
95094140550911,🧪 My Slime Lab (Test Playground) [👉🔵👈],https://tr.rbxcdn.com/180DAY-5ce12d90ddf4567ffb06bde3136e7606/150/150/Image/Webp/noFilter,2026-09-10T16:44:36Z
95094324354820,[🏜] Fly Hide & Seek,https://tr.rbxcdn.com/180DAY-b893dd57b0180ab60589ad0b4c760c07/150/150/Image/Webp/noFilter,2026-09-10T16:44:36Z
95099570361956,Korean Word Game💬,https://tr.rbxcdn.com/180DAY-1e2c1bfcae152f4762b05c7f0f9a0325/150/150/Image/Webp/noFilter,2026-09-10T23:21:35Z
95205997597502,Be My Camera [2 Player Obby],https://tr.rbxcdn.com/180DAY-cf318b84a70a2f899eca0b2719bdbc6d/150/150/Image/Webp/noFilter,2026-09-11T19:28:04Z
95223801959482,Brainrot Sniper [X2 Cash],https://tr.rbxcdn.com/180DAY-d67d6cdca1f1051ed8d42bb34dc7c634/150/150/Image/Webp/noFilter,2026-09-10T16:44:36Z
95319535505764,Sail Down A River,https://tr.rbxcdn.com/180DAY-d9f09a05a251a0792d3fdbde33f2fc87/150/150/Image/Webp/noFilter,2026-09-10T16:44:36Z
95417153338993,Squishy Ball Tower,https://tr.rbxcdn.com/180DAY-95e6e9a228e6322f7cb77eb3876ebe02/150/150/Image/Webp/noFilter,2026-09-10T16:44:36Z
95496064393804,Find the Chameleons [301],https://tr.rbxcdn.com/180DAY-e4d1af7f0d33fe41817dea220fa94100/150/150/Image/Webp/noFilter,2026-09-11T04:31:54Z
95567437744992,Did You Hear It? 👂🏼 [HORROR],https://tr.rbxcdn.com/180DAY-2b84849e1ae770b708f5987ed33344c1/150/150/Image/Webp/noFilter,2026-09-18T22:43:02Z
95665217895534,Blight Grab,https://tr.rbxcdn.com/180DAY-3f2f3a72170ea1303a00672011880f12/150/150/Image/Webp/noFilter,2026-09-12T10:50:51Z
95721658376580,[MTC] Multicrew Tank Combat,https://tr.rbxcdn.com/180DAY-2372c9091bd99dc4b572c0068d48efb6/150/150/Image/Webp/noFilter,2026-09-10T16:44:36Z
95744979554149,[UPD] 99 Nights Zombie Tower Defense,https://tr.rbxcdn.com/180DAY-c47bccaf27be5dc4268239230e36b533/150/150/Image/Webp/noFilter,2026-09-12T01:58:01Z
95842419841377,Nextbot 2,https://tr.rbxcdn.com/180DAY-4bab2d175492bf8a4ee0476fe20a0ca2/150/150/Image/Webp/noFilter,2026-09-19T23:22:23Z
95929919723230,Боровский лагерь рп [💬] ,https://tr.rbxcdn.com/180DAY-137f6ed6330a24c824be82e0c08679ee/150/150/Image/Webp/noFilter,2026-09-10T16:44:36Z
96033388567901,[💎] +1 Loot Evo 🐲,https://tr.rbxcdn.com/180DAY-311cfc417cdc084090cae9d3ee98ec7e/150/150/Image/Webp/noFilter,2026-09-10T16:44:36Z
96071743839078, 💪Void Muscle [GLITCH!],https://tr.rbxcdn.com/180DAY-7a084035d31c350939aabaddc2cfdc67/150/150/Image/Webp/noFilter,2026-09-10T16:44:36Z
96153864779911,Scary Grocery: The Night Shift [HORROR],https://tr.rbxcdn.com/180DAY-22514723572cb781521f1739b4d622c0/150/150/Image/Webp/noFilter,2026-09-10T16:44:36Z
96168869671905,💎 ROB IT,https://tr.rbxcdn.com/180DAY-daf119dfd5a79fc5c01e7ea1c68d417b/150/150/Image/Webp/noFilter,2026-09-10T16:44:36Z
96197006873131,Where Did I Park?,https://tr.rbxcdn.com/180DAY-19ee41a3ec3e5a89543cf6082be31155/150/150/Image/Webp/noFilter,2026-09-29T19:11:44Z
96256228241730,[🌱] Korea Army,https://tr.rbxcdn.com/180DAY-13aa4cc2d2602a81472e25bb88d0970d/150/150/Image/Webp/noFilter,2026-09-11T06:13:02Z
96280251181127,⚔️Build to Defend Loot,https://tr.rbxcdn.com/180DAY-cdbb2e38f59b8a62282082cce411d526/150/150/Image/Webp/noFilter,2026-09-10T16:44:36Z
96401370703274,Climb and Drop a Lucky Block,https://tr.rbxcdn.com/180DAY-f793700d81abc3cc82cb20dd46009068/150/150/Image/Webp/noFilter,2026-09-10T16:44:36Z
96425088123775,[UPD] My Toll Farm!,https://tr.rbxcdn.com/180DAY-65065220855ff54fe33acf3d183621d6/150/150/Image/Webp/noFilter,2026-09-10T16:44:36Z
96443646410175,Sesame Street: Neighborhood Adventures,https://tr.rbxcdn.com/180DAY-8eff51778114c6565f8a0b3e16876c83/150/150/Image/Webp/noFilter,2026-09-14T20:37:24Z
96447215899741,[UPD6] Finish It! 🛠️,https://tr.rbxcdn.com/180DAY-f48d81567adfe047cb2eaef2f2053bff/150/150/Image/Webp/noFilter,2026-09-10T16:44:36Z
96462622512177,Supermarket Simulator,https://tr.rbxcdn.com/180DAY-7954ccde8bc51cc9f42b4f2807ce6022/150/150/Image/Webp/noFilter,2026-09-10T16:44:36Z
96469185605358,Age Evolution Tycoon 🗿,https://tr.rbxcdn.com/180DAY-026cd692fa8d8beaa14757d2c5f31d6f/150/150/Image/Webp/noFilter,2026-09-10T16:44:36Z
96510596525082,Ball VS Ball,https://tr.rbxcdn.com/180DAY-c78412ae8c38e8fc8aa20b5b3906a2d2/150/150/Image/Webp/noFilter,2026-09-10T16:44:36Z
96574878340154,Murder For Brainrots,https://tr.rbxcdn.com/180DAY-650dcf482815c7829bdd68735314611d/150/150/Image/Webp/noFilter,2026-09-10T21:33:22Z
96645548064314,[🌙] Catch And Tame!,https://tr.rbxcdn.com/180DAY-c4b7cde511455e26e3f92449724e3bb7/150/150/Image/Webp/noFilter,2026-09-10T16:44:36Z
96740030343643,MONSTER 💜 HIGH,https://tr.rbxcdn.com/180DAY-1fad1590d85be47940df45e5b22a2af8/150/150/Image/Webp/noFilter,2026-09-15T20:06:22Z
96746590674104,Steal the Bobo 🐻,https://tr.rbxcdn.com/180DAY-03bb5547f624a3e6929fc462480f05fb/150/150/Image/Webp/noFilter,2026-09-12T10:50:51Z
96775630583143,A Broken Dream,https://tr.rbxcdn.com/180DAY-1f7f2ec0c16078d2c6967651d4eb2d19/150/150/Image/Webp/noFilter,2026-09-10T16:44:36Z
96796259580891,Kingdom World,https://tr.rbxcdn.com/180DAY-5e03d4f46c4644a7a75d72120d5cc832/150/150/Image/Webp/noFilter,2026-09-10T16:44:36Z
96925698409585,Hungry Wheels [⭐BETA],https://tr.rbxcdn.com/180DAY-85786ffcd9ce58ff4786ac514c06366b/150/150/Image/Webp/noFilter,2026-10-03T18:28:06Z
96993839570687,Would You Rather: Anime Abilities Tower,https://tr.rbxcdn.com/180DAY-3afad0b9e9b2bcc2c6ae2431127207f5/150/150/Image/Webp/noFilter,2026-09-12T22:28:06Z
97038396539280,DronePoint [DRONE REWORKS + MORE BIG UPD],https://tr.rbxcdn.com/180DAY-369b40f95ac12ca65c9eef35b92d58fc/150/150/Image/Webp/noFilter,2026-09-10T16:44:36Z
97042065873644,[EARLY HALLOWEEN] Appleton's Grabpack System,https://tr.rbxcdn.com/180DAY-a7f6f3d310571a6ce2532c0ed05ee65a/150/150/Image/Webp/noFilter,2026-09-10T16:44:36Z
97048586214388,SWORDS ROULETTE ⚔️,https://tr.rbxcdn.com/180DAY-2d7c740d6f32c527a2db8b4ca82f5e49/150/150/Image/Webp/noFilter,2026-09-18T05:13:04Z
97090732168175,The Locust's Manor [CAT IN THE HAT],https://tr.rbxcdn.com/180DAY-14a6a810784926b546934709917268c2/150/150/Image/Webp/noFilter,2026-09-10T16:44:36Z
97161836387733,[🎃MUTATION] Steal a FNAF ,https://tr.rbxcdn.com/180DAY-649d4a7cdece6c35bd91f31c7265f945/150/150/Image/Webp/noFilter,2026-09-12T16:49:10Z
97248134864084,[CHAPTER 2] Cut it Out!,https://tr.rbxcdn.com/180DAY-58e5d7b659a01cdcb624a86043ecc5de/150/150/Image/Webp/noFilter,2026-10-03T17:43:08Z
97253290114878,Paint your Friends!,https://tr.rbxcdn.com/180DAY-4bcc57c3ed944ed834d47d3a5d106b53/150/150/Image/Webp/noFilter,2026-09-10T18:23:54Z
97267505570231,Road-Side Shawarma [HORROR],https://tr.rbxcdn.com/180DAY-d8432f96fd4b999038bca2075daebe67/150/150/Image/Webp/noFilter,2026-09-19T17:43:03Z
97270827479665,[UPD]💥Blow Up The City,https://tr.rbxcdn.com/180DAY-1974fc9dc255194716831751f6bfecb5/150/150/Image/Webp/noFilter,2026-09-19T20:13:11Z
97387256206808,[2x🍀]Broken Blade[Dragon],https://tr.rbxcdn.com/180DAY-6d747ac75fd9a4b6b07da82a8d4454ec/150/150/Image/Webp/noFilter,2026-09-10T16:44:36Z
97395358873146,[🛡️CLANS!] Clickers Ultimate,https://tr.rbxcdn.com/180DAY-a95fe049e28272b214507036166e6a34/150/150/Image/Webp/noFilter,2026-10-03T18:28:06Z
97438379434717,[🎃] Afraid Monkeys,https://tr.rbxcdn.com/180DAY-2181a8d89a80186936b5e5830f6b4c91/150/150/Image/Webp/noFilter,2026-09-10T16:44:36Z
97463774278378,HIDE FROM THE VILLAIN,https://tr.rbxcdn.com/180DAY-c0ad579f5cc12a45b55c130471bcecb5/150/150/Image/Webp/noFilter,2026-09-10T16:44:36Z
97577741629233,⭐Catalog Avatar Runway,https://tr.rbxcdn.com/180DAY-476ea9343f6979b65ddab80b0cdb6bef/150/150/Image/Webp/noFilter,2026-10-07T01:58:06Z
97598239454123,Grow a Garden 2,https://tr.rbxcdn.com/180DAY-076fa0b396f5eac77ef9bb004dac1842/150/150/Image/Webp/noFilter,2026-09-10T16:44:36Z
97607545197126,Followers Game,https://tr.rbxcdn.com/180DAY-3827f823d4082e159958d5526a3b4981/150/150/Image/Webp/noFilter,2026-09-10T16:44:36Z
97630670804505,Chaos Survival 2 🤯,https://tr.rbxcdn.com/180DAY-59a5438f958679c79667cb9c3af29299/150/150/Image/Webp/noFilter,2026-09-10T16:44:36Z
97655748236852,[v5.5] hus from clark ,https://tr.rbxcdn.com/180DAY-68c302caa320dd2127ab9a16e6c13381/150/150/Image/Webp/noFilter,2026-09-12T18:32:32Z
97719631053849,[ANNIVERSARY 🎉] Armless Detective,https://tr.rbxcdn.com/180DAY-3a05fa64d6a7346244c475ea647802de/150/150/Image/Webp/noFilter,2026-09-12T13:54:57Z
97777561575736,🚣‍♂️Kayak Racing [Summer] ,https://tr.rbxcdn.com/180DAY-d3bfa91fefebe1f47efda3df4296d719/150/150/Image/Webp/noFilter,2026-09-11T04:31:54Z
97824450589417,🦸 +1 Superhero Evolution,https://tr.rbxcdn.com/180DAY-b6b09385e0135d91f7e9eae8e785da08/150/150/Image/Webp/noFilter,2026-09-10T16:44:36Z
97837301536811,Ro-Bio Injection Experiment,https://tr.rbxcdn.com/180DAY-44e1557dac8d65ea5d8443634aea45d4/150/150/Image/Webp/noFilter,2026-09-10T16:44:36Z
97848363466906,Dodge Granny,https://tr.rbxcdn.com/180DAY-ae574de078dfac5130f8f2936d5f72c7/150/150/Image/Webp/noFilter,2026-09-26T23:58:01Z
97960402739248,Drive and Fight!,https://tr.rbxcdn.com/180DAY-e57ed6f37e00756acaef940d60368786/150/150/Image/Webp/noFilter,2026-09-12T13:54:57Z
98041593342319,Blind Timer ⏳,https://tr.rbxcdn.com/180DAY-141d3f5b06b3ea72380f8b976602e040/150/150/Image/Webp/noFilter,2026-09-15T20:06:22Z
98067481349941,Obby Champion 🏆,https://tr.rbxcdn.com/180DAY-81f99d8dad3d92f388c4716f8c4d417a/150/150/Image/Webp/noFilter,2026-09-10T16:44:36Z
98100179608264,[👮] Dispatch: Police Simulator,https://tr.rbxcdn.com/180DAY-c72eff0782b350ce41df155b756c4771/150/150/Image/Webp/noFilter,2026-09-10T16:44:36Z
98138235237704,Hide the Friend,https://tr.rbxcdn.com/180DAY-52e0d1deb587550656d16f8a4017be62/150/150/Image/Webp/noFilter,2026-09-10T16:44:36Z
98242614091515,📸 Hide from Camera or Die! 💀,https://tr.rbxcdn.com/180DAY-2defaf7b0224e812c909fd82f21ddaab/150/150/Image/Webp/noFilter,2026-10-03T18:28:06Z
98274370174426,SUITBORN [ALPHA] - NIGHT 3,https://tr.rbxcdn.com/180DAY-659146b3d095fc19c785c4ee7984c300/150/150/Image/Webp/noFilter,2026-09-12T02:13:05Z
98303142742576,Makeup Store Simulator,https://tr.rbxcdn.com/180DAY-70621d722a90bd1eac44e668594d6671/150/150/Image/Webp/noFilter,2026-09-10T16:44:36Z
98339768558039,"[0.7] ObjectVerse - BFDI, II RPs ",https://tr.rbxcdn.com/180DAY-f2097f16bdfd1235a039a37dfc12f17d/150/150/Image/Webp/noFilter,2026-09-11T23:29:25Z
98371023930528,[UPD] Project Ventura,https://tr.rbxcdn.com/180DAY-a8c11bb5ea0deac91477e8a1418b0f30/150/150/Image/Webp/noFilter,2026-10-01T23:28:04Z
98393605725180,[2X] Cars VS Tape,https://tr.rbxcdn.com/180DAY-21a04effd64d50dc94eb55820becf3e8/150/150/Image/Webp/noFilter,2026-09-10T16:44:36Z
98456203230140,[🏗️] CLONE BUILDERS!,https://tr.rbxcdn.com/180DAY-ba9fe9758c9d3c5ac23fdaf0215d31c5/150/150/Image/Webp/noFilter,2026-09-27T17:35:10Z
98498619006328,Flip a House! 🏠,https://tr.rbxcdn.com/180DAY-d537db37ec4e942d4ade9b828946fc8b/150/150/Image/Webp/noFilter,2026-09-19T20:13:11Z
98502499119821,[🐉UPD] Heavyweight Fishing,https://tr.rbxcdn.com/180DAY-f54aa62f25b9f32d5a73ba3091760a25/150/150/Image/Webp/noFilter,2026-09-10T16:44:36Z
98552665283269,[UPDATE] Strawberry Fields Tower,https://tr.rbxcdn.com/180DAY-53f89b2f471f84117b210864a9f68a71/150/150/Image/Webp/noFilter,2026-09-11T04:31:54Z
98610101874791,+1 Strength for Eggs,https://tr.rbxcdn.com/180DAY-17557aef26c87d1e0a84e1b74d538db7/150/150/Image/Webp/noFilter,2026-09-27T17:35:10Z
98626216952426,Naramo Nuclear Plant ,https://tr.rbxcdn.com/180DAY-67fb65a7f503649b8611717bfa7ee7e5/150/150/Image/Webp/noFilter,2026-09-10T16:44:36Z
98629859043211,[UPDATE] M.E.G. Endless Reality,https://tr.rbxcdn.com/180DAY-49ba190197cb505b44e546ebd5a803da/150/150/Image/Webp/noFilter,2026-09-10T16:44:36Z
98664161516921,[NOW] Catch a Monster,https://tr.rbxcdn.com/180DAY-8073f6c11c3715796cfb86f00826b3fe/150/150/Image/Webp/noFilter,2026-09-10T16:44:36Z
98679602313466,[AURAS!] Muscle Transform Simulator 💪,https://tr.rbxcdn.com/180DAY-aacc08c3d30c4ea9e992e3138f2d7df8/150/150/Image/Webp/noFilter,2026-09-10T16:44:36Z
98695134949589,[W5] +1 Followers Per Click,https://tr.rbxcdn.com/180DAY-1cbff615eb4b6fdaa54ea3254d689937/150/150/Image/Webp/noFilter,2026-09-10T16:44:36Z
98789889906928,Italian Brainrot Thieves 🧠,https://tr.rbxcdn.com/180DAY-f84edc1ab2118c2cf042c0c81e48f1f1/150/150/Image/Webp/noFilter,2026-09-12T16:49:10Z
98800969324557,[🚂 UPD] Storage Hunters: Open World,https://tr.rbxcdn.com/180DAY-76da8752248c4afb41df76b1c2f3bb7b/150/150/Image/Webp/noFilter,2026-09-10T16:44:36Z
98884195482448,(FREE DAY | EARLY TESTING🔥) Project Wheelie ,https://tr.rbxcdn.com/180DAY-bc8efed199723bbd64f1fc530c97c60d/150/150/Image/Webp/noFilter,2026-09-20T04:13:01Z
98894876188248,Cheating During Testing [BETA],https://tr.rbxcdn.com/180DAY-6243060d3ac27e48fca0eb208874c3cd/150/150/Image/Webp/noFilter,2026-09-10T16:44:36Z
98916904742148,Surf for Lucky Blocks,https://tr.rbxcdn.com/180DAY-a2d514224f25a7812d59dc55e4b46bdc/150/150/Image/Webp/noFilter,2026-09-10T16:44:36Z
98936097545088,[UPD] Retro Tower Defense,https://tr.rbxcdn.com/180DAY-09eaf13dc96ac8807551cc3776b8eff9/150/150/Image/Webp/noFilter,2026-09-10T16:44:36Z
98951612738714,[New Binder] Slime Card Collection,https://tr.rbxcdn.com/180DAY-131bb5c39fef925ea365cbcfe99b8759/150/150/Image/Webp/noFilter,2026-09-10T16:44:36Z
99046552174353,[New!] Slime Seas ⚔️ Anime RPG,https://tr.rbxcdn.com/180DAY-9e5544e7e227a6d4b4eef4eaa7e52d79/150/150/Image/Webp/noFilter,2026-09-25T18:13:06Z
99065555424640,+1 Speed Zombie Keyboard Escape ,https://tr.rbxcdn.com/180DAY-fd4241931ccf718f531bbfa1d7228b30/150/150/Image/Webp/noFilter,2026-09-10T16:44:36Z
99085985484384,Movie Massacre 📼 [HORROR],https://tr.rbxcdn.com/180DAY-9724d9488369a784d28e2e4e3c88f514/150/150/Image/Webp/noFilter,2026-09-12T18:32:32Z
99101926472609,ASMR Matching! ✨,https://tr.rbxcdn.com/180DAY-5ccdacad8f3e9469882ba464c69d245a/150/150/Image/Webp/noFilter,2026-10-08T01:28:06Z
99108783264633,Build a base RNG 🎲,https://tr.rbxcdn.com/180DAY-f384760944d6c610c713ec01d82f7c1e/150/150/Image/Webp/noFilter,2026-09-10T16:44:36Z
99122501338948,Tower of Zombies 🧟 ,https://tr.rbxcdn.com/180DAY-4d42ed28cc7325f3df1f7cf4b358a8c9/150/150/Image/Webp/noFilter,2026-09-10T16:44:36Z
99153623441316,Squid Game but with NPCs & FREE ADMIN!,https://tr.rbxcdn.com/180DAY-c8d1646333382d8fcfcca4d5f6ef8154/150/150/Image/Webp/noFilter,2026-09-12T13:54:57Z
99183404085821,[🌌] Steal Fish Eggs,https://tr.rbxcdn.com/180DAY-e22cc7b541b28a07c4134041326349eb/150/150/Image/Webp/noFilter,2026-09-12T22:28:06Z
99255447043899,[WORLD 4] Become a Brainrot,https://tr.rbxcdn.com/180DAY-2f2b24eb65298df07fbadf7f0c3ae910/150/150/Image/Webp/noFilter,2026-09-10T16:44:36Z
99258831560211,Wega's Super Custom Challenge,https://tr.rbxcdn.com/180DAY-48b72ed7d7af6742cd1bb5441a3a6580/150/150/Image/Webp/noFilter,2026-10-03T18:13:07Z
99269206016797,TNT Playground!,https://tr.rbxcdn.com/180DAY-a754af2d399393427355019a0b254c29/150/150/Image/Webp/noFilter,2026-09-10T16:44:36Z
99342262733194,Randomizer: Redux,https://tr.rbxcdn.com/180DAY-2a627da371ca34d5762112aeb0253ce3/150/150/Image/Webp/noFilter,2026-09-10T16:44:36Z
99361729366369,[1v1]⚽ My Stadium!,https://tr.rbxcdn.com/180DAY-c9c274cdba5cdadf367134b08198c9cb/150/150/Image/Webp/noFilter,2026-09-15T17:00:49Z
99386843610967,Build & Escape from Brainrot,https://tr.rbxcdn.com/180DAY-d8aa042d685d4a79bba29db6c48972c4/150/150/Image/Webp/noFilter,2026-09-11T23:29:25Z
99403308813547,[REVAMP] mall game,https://tr.rbxcdn.com/180DAY-6c0e8c14b486786bb37a821e3441dfc7/150/150/Image/Webp/noFilter,2026-09-11T21:58:04Z
99409088950210,Survive a Million Monkeys,https://tr.rbxcdn.com/180DAY-1189d47003f016e6bea6070ea55e91c3/150/150/Image/Webp/noFilter,2026-10-07T01:58:06Z
99421051519131,Color Game! 🎨,https://tr.rbxcdn.com/180DAY-44416ce43550dab591caeb8ee9291dd0/150/150/Image/Webp/noFilter,2026-10-09T01:13:08Z
99449877692519,bridger: WESTERN (UPD!),https://tr.rbxcdn.com/180DAY-f7911fd8c4d11ab5d9459c16c045ea31/150/150/Image/Webp/noFilter,2026-09-10T16:44:36Z
99487541293863,[X10]❄️ +1 Speed Snow Keyboard Escape,https://tr.rbxcdn.com/180DAY-cc2991a25143ae7e656c5df16ddf02c5/150/150/Image/Webp/noFilter,2026-09-10T23:21:35Z
99497704270159,21 Days Chained Together,https://tr.rbxcdn.com/180DAY-7afdee27e46f3da16491f3d36e5a3186/150/150/Image/Webp/noFilter,2026-09-13T00:13:04Z
99513630394609,[✨] Character Color Race,https://tr.rbxcdn.com/180DAY-ff4c8693a93e58a87329fec802da28ca/150/150/Image/Webp/noFilter,2026-09-12T22:28:06Z
99521272836282,Final Swarm [🌊Atlantis],https://tr.rbxcdn.com/180DAY-7b09203dc5a0bb2686339a586a985e75/150/150/Image/Webp/noFilter,2026-09-10T16:44:36Z
99567941238278,[🥇] Ink Game,https://tr.rbxcdn.com/180DAY-f5369f48ee8a637014f59fdab271b746/150/150/Image/Webp/noFilter,2026-09-10T16:44:36Z
99679692310083,Steal Animal Egg,https://tr.rbxcdn.com/180DAY-6cbdfe28c759a3899e9473f7215dd41f/150/150/Image/Webp/noFilter,2026-10-03T17:43:08Z
99702578544768,🐟 BE A FISH BAIT! 🤖SCI-FI UPD,https://tr.rbxcdn.com/180DAY-2872a830c9ca2c90904af34c8427896a/150/150/Image/Webp/noFilter,2026-09-10T16:44:36Z
99703116573266,[🎉 X2 + 🎫 X2 + ⌛] Alliance Tower Defense! ⚔️,https://tr.rbxcdn.com/180DAY-e7a157ef2795eee6eb4ef7ce5118aa68/150/150/Image/Webp/noFilter,2026-09-10T16:44:36Z
99715891575923,[🤑EARN] Pop For Free,https://tr.rbxcdn.com/180DAY-52ad1bb116c058d993974ef1d2121fa3/150/150/Image/Webp/noFilter,2026-09-10T16:44:36Z
99758842280353,Dog Walk 🐶 [2 Player Obby],https://tr.rbxcdn.com/180DAY-ef8f9730b9eebdfa9cdd835674629bb0/150/150/Image/Webp/noFilter,2026-09-10T16:44:36Z
99817148924004,[🎃] Burgerz🍔,https://tr.rbxcdn.com/180DAY-02acd8f6e2073de13d0dc82539b5e666/150/150/Image/Webp/noFilter,2026-09-10T16:44:36Z
99843144584993,[UPDATE!] Dorset County,https://tr.rbxcdn.com/180DAY-b4ddd11fbc11bf32a4b86bb301b59028/150/150/Image/Webp/noFilter,2026-10-03T16:09:16Z
99864067603811,Grow Plants 🌻,https://tr.rbxcdn.com/180DAY-fe506f8d780ffb31c4f3b737643e2dc5/150/150/Image/Webp/noFilter,2026-09-12T04:58:02Z
99881445915767,[HALLOWEEN] TECHY,https://tr.rbxcdn.com/180DAY-fd363a9897a2232913b07b645ae20bbc/150/150/Image/Webp/noFilter,2026-09-27T17:35:10Z
99925503388128,Fishing Master,https://tr.rbxcdn.com/180DAY-49c70d1fae9d5af6c13eb7ef24306ea6/150/150/Image/Webp/noFilter,2026-09-27T17:35:10Z
100034344773758,[🎃] Generic Blood Sandbox Shooter🩸,https://tr.rbxcdn.com/180DAY-308a22d8ba33ae2d99ac5a3eb99eaf6f/150/150/Image/Webp/noFilter,2026-09-10T16:44:36Z
100039707794702,[TROLLI] Forsaken: Free For All,https://tr.rbxcdn.com/180DAY-93a879fd331fde1e363476205069c30d/150/150/Image/Webp/noFilter,2026-09-10T16:44:36Z
100178831086674,TimeBomb AnkleBreak!,https://tr.rbxcdn.com/180DAY-d753ae15d89e36a3fd9ac14bc42e9778/150/150/Image/Webp/noFilter,2026-09-10T16:44:36Z
100221279566736,😴Pretend to Sleep or Die,https://tr.rbxcdn.com/180DAY-d91a5f3504ec749fb1148f4b9e222b72/150/150/Image/Webp/noFilter,2026-09-10T16:44:36Z
100293509865504,[Boss🔥] Catch 1 Billion Ducks,https://tr.rbxcdn.com/180DAY-7d77e7ea0d8cbe538ce786e111f2be71/150/150/Image/Webp/noFilter,2026-09-10T16:44:36Z
100337093788565,[🏆SEASON 1] evil plate game ,https://tr.rbxcdn.com/180DAY-1ff1914b02f3d589ee34291075225db5/150/150/Image/Webp/noFilter,2026-10-02T21:43:05Z
100400297022629,[🏆New Rank] Duel Warriors,https://tr.rbxcdn.com/180DAY-df2e13809a96817ab4e17145db6c006a/150/150/Image/Webp/noFilter,2026-09-10T16:44:36Z
100429474155186,[✨] Anime Fighting Simulator,https://tr.rbxcdn.com/180DAY-f5473fa4c30b85585a2ba08cd5ccbdec/150/150/Image/Webp/noFilter,2026-09-10T16:44:36Z
100453351939863,Tiny Universe RP [GRIMPSYCHO💀!],https://tr.rbxcdn.com/180DAY-a0b8671e2588080869237b6462cd5c53/150/150/Image/Webp/noFilter,2026-09-10T16:44:36Z
100641654440407,Defend Your Treehouse!,https://tr.rbxcdn.com/180DAY-cb88bdd2fee81e94c34920dc457fc133/150/150/Image/Webp/noFilter,2026-09-16T20:04:40Z
100689340481763,[🇮🇩] Palm Mount ,https://tr.rbxcdn.com/180DAY-e839648cda5c566246b25bbf24a4acfd/150/150/Image/Webp/noFilter,2026-09-10T16:44:36Z
100722736774753,Guess My Football Country 🏆,https://tr.rbxcdn.com/180DAY-e6a9919c42f0a00a4a8139a57dd90e07/150/150/Image/Webp/noFilter,2026-09-10T16:44:36Z
100744519298647,[NOW!] Anime Final Quest,https://tr.rbxcdn.com/180DAY-cb42b050eab2da299abe7764dde629e6/150/150/Image/Webp/noFilter,2026-09-10T16:44:36Z
100753254401525,[W2] +1 DMG FPS,https://tr.rbxcdn.com/180DAY-d82c9d6957a21b06c5a1027f3848d80f/150/150/Image/Webp/noFilter,2026-10-08T17:45:25Z
100826958521689,[DYNAMIC FIX + 🎁] Heroes: Online World,https://tr.rbxcdn.com/180DAY-4a2640e3cf5c9e189a26b0c1619214b4/150/150/Image/Webp/noFilter,2026-10-04T00:28:07Z
100831517378953,Drive it! [2 Player Obby],https://tr.rbxcdn.com/180DAY-520aff3a9d5a4deb94b00774f9a6841d/150/150/Image/Webp/noFilter,2026-09-10T16:44:36Z
100860415498291,MM2: The Locust [ORIGINAL],https://tr.rbxcdn.com/180DAY-f9818ad410d8d3a5ab91ec21a430197a/150/150/Image/Webp/noFilter,2026-09-10T16:44:36Z
100911362514791,[🙂UPD] Phonk Slap 🎵,https://tr.rbxcdn.com/180DAY-ec81dcfc5fbc2178a677992acaf4ab5e/150/150/Image/Webp/noFilter,2026-09-10T16:44:36Z
100952587881256,[IDLE TRANSFIGURATION] Jujutsu Incremental,https://tr.rbxcdn.com/180DAY-cf297323f5628443d4177bada73fd656/150/150/Image/Webp/noFilter,2026-09-12T16:49:10Z
100971017807798,bug fixes,https://tr.rbxcdn.com/180DAY-01fe7df44336c990750aa8deaf809335/150/150/Image/Webp/noFilter,2026-09-12T22:28:06Z
101009821472804,Sprunki 3D RP! 🏡,https://tr.rbxcdn.com/180DAY-380949de154fe44bf9f225ff31ca8f50/150/150/Image/Webp/noFilter,2026-09-10T16:44:36Z
101241726024023,🐍 Snake Game,https://tr.rbxcdn.com/180DAY-17b3b3cd7dace5f5fe39b3e4258779b4/150/150/Image/Webp/noFilter,2026-09-15T12:12:42Z
101268431471855,Find The Hamster [395],https://tr.rbxcdn.com/180DAY-ee898a8aed100d268d40ae7c1a9dc8f4/150/150/Image/Webp/noFilter,2026-09-12T13:54:57Z
101271234790940,[🎃 NEW SZN] NBA Champions Basketball,https://tr.rbxcdn.com/180DAY-08006111c8a2666777afec39bb8baa98/150/150/Image/Webp/noFilter,2026-09-12T01:24:02Z
101272402522756,[UPD] BBQ Battles 🍢,https://tr.rbxcdn.com/180DAY-da2a5e7eb629d22472de1a534c618ce5/150/150/Image/Webp/noFilter,2026-09-10T16:44:36Z
101304595834078,+1 TNT Mining,https://tr.rbxcdn.com/180DAY-bf584c521a3c44705919bea2fab25acc/150/150/Image/Webp/noFilter,2026-09-19T20:13:11Z
101365980107547,Guess the Meme or Die 🔊,https://tr.rbxcdn.com/180DAY-cfe774cfd05c668629aae551337b693c/150/150/Image/Webp/noFilter,2026-09-10T19:01:37Z
101396571928321,Merge a Spinner!,https://tr.rbxcdn.com/180DAY-462fcafd8fd08092906073b79ff7e617/150/150/Image/Webp/noFilter,2026-09-10T16:44:36Z
101432174163538,Superstar Baseball,https://tr.rbxcdn.com/180DAY-4aa1351c5dd7d7f5d9aaf69d333d7149/150/150/Image/Webp/noFilter,2026-09-10T18:57:27Z
101480963912212,[🔥AURA] Phonk Edit Tower 🎶,https://tr.rbxcdn.com/180DAY-9d27fe3ec6119288e4651b1cb4e24cb2/150/150/Image/Webp/noFilter,2026-09-10T16:44:36Z
101533162298733,+1 Aura Phonk Edit Tower🎵,https://tr.rbxcdn.com/180DAY-378656ee7e0e88c9423ceaa8fe59d04e/150/150/Image/Webp/noFilter,2026-09-10T16:44:36Z
101610294550592,Night At The Infirmary (Anomaly),https://tr.rbxcdn.com/180DAY-6a1d24c8807d1285d97f1f193b6afa45/150/150/Image/Webp/noFilter,2026-09-10T16:44:36Z
101685456774656,Hell Or Heaven,https://tr.rbxcdn.com/180DAY-3ea37a757693d7a7caca7722119929f9/150/150/Image/Webp/noFilter,2026-09-10T16:44:36Z
101733180974837,Bull Battles [EVOLVED ELEMENTALS],https://tr.rbxcdn.com/180DAY-22f4b12cc04cc9066800ffec77b51e75/150/150/Image/Webp/noFilter,2026-09-10T16:44:36Z
101736964164901,[💻] My Gaming Cafe!,https://tr.rbxcdn.com/180DAY-fb42b56dc431625a5e22000dfdaff253/150/150/Image/Webp/noFilter,2026-09-15T17:00:49Z
101754965994520,Auto Wallhop Troll Tower 🔁,https://tr.rbxcdn.com/180DAY-3fd314e43d5bd954e4802bd76676b87e/150/150/Image/Webp/noFilter,2026-09-10T16:44:36Z
101770480176177,[MONGOLS] Command An Army,https://tr.rbxcdn.com/180DAY-768a7303664b7dbe92876e432aa9db72/150/150/Image/Webp/noFilter,2026-09-10T23:21:35Z
101880234193261,[UPDATE] Turbo Soccer : Beta 1.0,https://tr.rbxcdn.com/180DAY-cf02dd1d5238494392e4ecb137dea310/150/150/Image/Webp/noFilter,2026-10-03T18:28:06Z
101893542756730,[🧸 W4] +1 Snow Shoveling Adventure,https://tr.rbxcdn.com/180DAY-cadec07f7b97edc19a48677a0880a4f8/150/150/Image/Webp/noFilter,2026-10-04T19:13:08Z
101906032112547,Drill to Earth’s Core 🌎,https://tr.rbxcdn.com/180DAY-996766b30605c15740bf86d1fc0a049d/150/150/Image/Webp/noFilter,2026-09-10T16:44:36Z
101914705206759,[⌛] 📱 Build a Phone Empire,https://tr.rbxcdn.com/180DAY-87496d850d924a45c0dc4fdca7e12337/150/150/Image/Webp/noFilter,2026-10-07T01:58:06Z
101914772188620,Build with Voxels 🔨,https://tr.rbxcdn.com/180DAY-a63fb8b4b0d25114cbf7545028274f42/150/150/Image/Webp/noFilter,2026-09-10T16:44:36Z
101949297449238,Build An Island! 🏝️,https://tr.rbxcdn.com/180DAY-90e1c17fed86c675fd8059468b2d8943/150/150/Image/Webp/noFilter,2026-09-10T16:44:36Z
102053304052438,DELTARUNE Fight [UPDATE],https://tr.rbxcdn.com/180DAY-a8047b2890546c9ba62476cfd9070271/150/150/Image/Webp/noFilter,2026-09-12T22:28:06Z
102054284786904,Secure the Airport,https://tr.rbxcdn.com/180DAY-fb15823d44459e0f935fc6573b386ed3/150/150/Image/Webp/noFilter,2026-09-10T16:44:36Z
102071609564196,🎞️ Emote Catalog,https://tr.rbxcdn.com/180DAY-681eb7035066ecb1e7c963d862788bbb/150/150/Image/Webp/noFilter,2026-09-10T21:33:22Z
102072869879193,[OVERCLOCK] Anime Astral Simulator,https://tr.rbxcdn.com/180DAY-4698ed87094da648a923597a8900dfb6/150/150/Image/Webp/noFilter,2026-09-10T16:44:36Z
102422301065716,Followers game,https://tr.rbxcdn.com/180DAY-3fc7b546a2c7256dea8a4a07939c46db/150/150/Image/Webp/noFilter,2026-09-19T20:13:11Z
102457672839885,Keyboard Color Bridge,https://tr.rbxcdn.com/180DAY-9f9fb357665db85fdc3976d90e91d143/150/150/Image/Webp/noFilter,2026-09-10T16:44:36Z
102476635575386,Firefighting Sim 🚒,https://tr.rbxcdn.com/180DAY-606918b90b62a8e0aa1c04d601bd3d11/150/150/Image/Webp/noFilter,2026-10-08T13:54:15Z
102489700929678,Lucky Block World,https://tr.rbxcdn.com/180DAY-fe0b13aa2dfc19dbe9baaadc2e83f9dd/150/150/Image/Webp/noFilter,2026-09-10T16:44:36Z
102518817130593,⚔️1.8 PVP Club,https://tr.rbxcdn.com/180DAY-9b98680ccadb3a02924bb88a0bb8fb5d/150/150/Image/Webp/noFilter,2026-10-07T02:09:43Z
102553576537621,[X5] +1 Backflip Keyboard Escape,https://tr.rbxcdn.com/180DAY-e2dbb8b91b59df5b5fb99d83844771f8/150/150/Image/Webp/noFilter,2026-09-10T16:44:36Z
102555956950143,+1 Lift Rock for Treasure,https://tr.rbxcdn.com/180DAY-6b079008470b023a1124a4577816489a/150/150/Image/Webp/noFilter,2026-09-29T19:11:44Z
102574559184919,Craft Food,https://tr.rbxcdn.com/180DAY-1778c04fcea535afe1d61eb835443a4a/150/150/Image/Webp/noFilter,2026-09-10T16:44:36Z
102591055755796,Dig Out of School 🏫,https://tr.rbxcdn.com/180DAY-19bc0f3abc12541b9893ca114533cb4f/150/150/Image/Webp/noFilter,2026-09-12T13:54:57Z
102612844247090,[UPDATE] SELL YOUR AVATAR,https://tr.rbxcdn.com/180DAY-b6a9e8e8c1e5d16b5a699f48392e39b7/150/150/Image/Webp/noFilter,2026-09-10T16:44:36Z
102669100769936,Defend your base from 67,https://tr.rbxcdn.com/180DAY-dc57d0e89e34442254a2caac70b74434/150/150/Image/Webp/noFilter,2026-09-12T10:50:51Z
102728511411085,Happy Tower Obby,https://tr.rbxcdn.com/180DAY-9ef39fe6d2fdbcabf46e5b600ba7f465/150/150/Image/Webp/noFilter,2026-09-11T04:58:02Z
102764584124249,I Can Read Your Mind,https://tr.rbxcdn.com/180DAY-33460eba8aa0840d54ac1aa7cb7e8fd5/150/150/Image/Webp/noFilter,2026-10-07T02:09:43Z
102829972707814,civilization survival game,https://tr.rbxcdn.com/180DAY-8ee854c1593cf1e00da4cf01877796a2/150/150/Image/Webp/noFilter,2026-09-12T13:54:57Z
102837194624695,[👮] Tactical: Swat Simulator,https://tr.rbxcdn.com/180DAY-3c4cc37ed0347583051e7d346e7a6257/150/150/Image/Webp/noFilter,2026-09-10T16:44:36Z
102871156420149,The Lost Front,https://tr.rbxcdn.com/180DAY-c3f985edfa533aff8fc6d22b53cb999a/150/150/Image/Webp/noFilter,2026-09-10T16:44:36Z
102917792916356,Apocalyptic Titans Roleplay,https://tr.rbxcdn.com/180DAY-be086672177c0d760db4d728e3478a71/150/150/Image/Webp/noFilter,2026-09-10T16:44:36Z
102935804413553,[💪 MODIFIERS] Noob Experiment: Warzone,https://tr.rbxcdn.com/180DAY-12935da9c6c49bffe453bc676e240616/150/150/Image/Webp/noFilter,2026-10-03T16:09:16Z
102990893659741,[NOW] Brainblast a Lucky Block!,https://tr.rbxcdn.com/180DAY-d802b4bd7380551183c4257dbd2df837/150/150/Image/Webp/noFilter,2026-09-10T16:53:24Z
103037106396302,TROLL Hug Tower,https://tr.rbxcdn.com/180DAY-0a6fdff3c4ca863ab11c3e01a7a8afae/150/150/Image/Webp/noFilter,2026-09-10T16:44:36Z
103050497819513,Steal The Brainrot Base🧠,https://tr.rbxcdn.com/180DAY-9579d3581db890902cfeabc1a307acba/150/150/Image/Webp/noFilter,2026-09-10T16:44:36Z
103138601755519,+1 Dino Evolution,https://tr.rbxcdn.com/180DAY-ae2aa584d359acca8bb7aa9c53cb1602/150/150/Image/Webp/noFilter,2026-09-16T20:04:40Z
103185879508967,Wall Hop Battles,https://tr.rbxcdn.com/180DAY-937d0faa75593cf29d87ac4d284cbae3/150/150/Image/Webp/noFilter,2026-09-10T16:44:36Z
103285721487694,💥 Extreme Gear Troll Tower,https://tr.rbxcdn.com/180DAY-2d9c348224f37c3454aeedec7aeda8c9/150/150/Image/Webp/noFilter,2026-09-10T16:44:36Z
103311003648859,Lucky Block Game,https://tr.rbxcdn.com/180DAY-bd72e9c4f776cbf3467cc51da646a1e4/150/150/Image/Webp/noFilter,2026-09-10T16:44:36Z
103331563595376,Gnomes! [Steal & Escape],https://tr.rbxcdn.com/180DAY-10c9e64ddd0e9b130ab209fc728975a9/150/150/Image/Webp/noFilter,2026-10-03T17:43:08Z
103410145208388,Squid Game Tower 👀,https://tr.rbxcdn.com/180DAY-747ee266e05e099cbb2de399efc55ec4/150/150/Image/Webp/noFilter,2026-09-10T16:44:36Z
103429966174263,+1 Paint Keyboard Adventure,https://tr.rbxcdn.com/180DAY-f1cb295acb007d9ca1137b20941fd5d8/150/150/Image/Webp/noFilter,2026-10-03T17:43:08Z
103477876292879,Bobo Heist 🐻,https://tr.rbxcdn.com/180DAY-c9a40dada84173144a066500c42a7f2d/150/150/Image/Webp/noFilter,2026-09-12T13:54:57Z
103510455221561,[🍂🐈‍⬛] Care For Cats,https://tr.rbxcdn.com/180DAY-cbc51f95b54de2210b505fd4ad175a1a/150/150/Image/Webp/noFilter,2026-09-20T17:20:25Z
103556382323599,[🎢] Build a Tower,https://tr.rbxcdn.com/180DAY-0e12b790945f01a9368c68ddbb4786a0/150/150/Image/Webp/noFilter,2026-09-10T16:44:36Z
103589142326933,[JDM PART 2] Car Crash Simulator V3,https://tr.rbxcdn.com/180DAY-3e8c1587c7b3e3780345d4f2fafe5a3e/150/150/Image/Webp/noFilter,2026-09-10T16:44:36Z
103593441753340,[200] Find The Button! 🔴,https://tr.rbxcdn.com/180DAY-7deaa0da3440ca5fb8cacbe44c0066aa/150/150/Image/Webp/noFilter,2026-09-10T16:44:36Z
103681513248629,TANKS!,https://tr.rbxcdn.com/180DAY-df16d8849c3f05b079b38fb4ee9d1b35/150/150/Image/Webp/noFilter,2026-09-12T13:54:57Z
103684196891735,Just Build!,https://tr.rbxcdn.com/180DAY-b775abf5d83501b3c32d6c184da0a7e1/150/150/Image/Webp/noFilter,2026-09-12T16:49:10Z
103731330407395,Chained in Backrooms,https://tr.rbxcdn.com/180DAY-3b9dc72733ac3538a00f4a8e51126d09/150/150/Image/Webp/noFilter,2026-09-10T16:44:36Z
103740390007820,Test roba un payaso ,https://tr.rbxcdn.com/180DAY-2929f488d278bc107a4717bcda937d7f/150/150/Image/Webp/noFilter,2026-09-10T16:44:36Z
103754275310547,[24H!] Hunty Zombie,https://tr.rbxcdn.com/180DAY-5887fba959d348815e68383edc7aaaca/150/150/Image/Webp/noFilter,2026-09-10T16:44:36Z
103767961452227,Build and Conquer,https://tr.rbxcdn.com/180DAY-f6200e55e7dbcb6226ac4582bf857b17/150/150/Image/Webp/noFilter,2026-09-27T17:35:10Z
103802803330866,+1 Speed Hug Keyboard Escape,https://tr.rbxcdn.com/180DAY-34a62cecfdc4708223dc3f4a1e579661/150/150/Image/Webp/noFilter,2026-09-10T16:44:36Z
103854444055060,Silent Assassins,https://tr.rbxcdn.com/180DAY-b3415f6539cb9bc9e4dcfd6a32f97d2e/150/150/Image/Webp/noFilter,2026-09-10T16:44:36Z
103874780798870,[☢️] Build a Bunker!,https://tr.rbxcdn.com/180DAY-89868819152fbd88364cbf36e0d34280/150/150/Image/Webp/noFilter,2026-09-11T15:13:25Z
103883942725157,[W3] +1 Drain Water Per Click,https://tr.rbxcdn.com/180DAY-00cf5fbb183a6d27e78e8e24bb485408/150/150/Image/Webp/noFilter,2026-09-10T16:44:36Z
104034421066865,Hamood Habibi Tower 🎵,https://tr.rbxcdn.com/180DAY-87cfb200b9f027cfbc11c75773031f20/150/150/Image/Webp/noFilter,2026-09-12T01:43:07Z
104098030850482,[UPDATE] Garrys Mod FNAF Gamemode🍕,https://tr.rbxcdn.com/180DAY-7d47e612d0778a8d96807564d2aabed8/150/150/Image/Webp/noFilter,2026-09-27T17:35:10Z
104212420274467,Ride a Box to the End,https://tr.rbxcdn.com/180DAY-04594af83ce7ae7e4f6e8b9bdbadf58c/150/150/Image/Webp/noFilter,2026-09-12T13:54:57Z
104239938688296,Every Click +1 Eat 🍔,https://tr.rbxcdn.com/180DAY-09db5f8e9eab40a2961fbd15fba393c9/150/150/Image/Webp/noFilter,2026-09-10T16:44:36Z
104243526201936,Wrestling Legends [🔥 UPD4],https://tr.rbxcdn.com/180DAY-010d7b7e2d05db83b70af3f678d7c7d2/150/150/Image/Webp/noFilter,2026-09-11T11:41:58Z
104320321984431,Paint to Get Rich 🎨,https://tr.rbxcdn.com/180DAY-2ac4d4819661d66289cd26488e18cc13/150/150/Image/Webp/noFilter,2026-10-01T15:35:29Z
104339804279870,Break Tape For Brainrots,https://tr.rbxcdn.com/180DAY-411562e70753ed12f8b6ef362bce8898/150/150/Image/Webp/noFilter,2026-09-10T16:44:36Z
104373565357171,Crooked Bus,https://tr.rbxcdn.com/180DAY-3346635527ba3e2e27524ef8ba6ca012/150/150/Image/Webp/noFilter,2026-09-12T16:49:10Z
104416416393862,Get Your Driver's License!,https://tr.rbxcdn.com/180DAY-d4c5777def995052ac489614139a44c9/150/150/Image/Webp/noFilter,2026-10-08T13:54:15Z
104485012391716,Find and Mark!,https://tr.rbxcdn.com/180DAY-20e93eb01364314e22740f87188d1cab/150/150/Image/Webp/noFilter,2026-09-10T16:44:36Z
104524602549480,[🦖] 99 Nights in the Arctic 🧊,https://tr.rbxcdn.com/180DAY-f28bda1c0d3b5e578220ab7d4e1ef54b/150/150/Image/Webp/noFilter,2026-09-10T16:44:36Z
104526416639079,Verity's Game,https://tr.rbxcdn.com/180DAY-785acb6c3f3d59c17a9094c9bd9c563e/150/150/Image/Webp/noFilter,2026-09-19T20:13:11Z
104589921852670,Secure the Checkpoint [BETA],https://tr.rbxcdn.com/180DAY-79fa305abf08dff9661a5ab89125022c/150/150/Image/Webp/noFilter,2026-09-10T16:44:36Z
104632897264090,1984 DarkRP [Early Beta],https://tr.rbxcdn.com/180DAY-60c05dad572d3eec008427ed81554156/150/150/Image/Webp/noFilter,2026-10-03T12:03:39Z
104693964860826,[JJK+S2] Anime RNG Defense,https://tr.rbxcdn.com/180DAY-70a720bf4d36fe6ec909baca15054e6c/150/150/Image/Webp/noFilter,2026-09-10T16:44:36Z
104715542330896,BlockSpin 🔪 [MANSION UNDERGROUND],https://tr.rbxcdn.com/180DAY-3fa1cc9c917b841b5630adea21e87134/150/150/Image/Webp/noFilter,2026-09-10T16:44:36Z
104716788636258,The Button Room 2,https://tr.rbxcdn.com/180DAY-37148f6c6da4872e4fefe5371d570f62/150/150/Image/Webp/noFilter,2026-09-10T16:44:36Z
104761395312874,[🐲Goku & Castorice🟣] Lineage Piece,https://tr.rbxcdn.com/180DAY-8ad173fafc0491642f0ea87e73a5e0f7/150/150/Image/Webp/noFilter,2026-09-10T16:44:36Z
104767169570582,Mulberry County,https://tr.rbxcdn.com/180DAY-d955d2895e96a3f5b4ae94488ab02ea3/150/150/Image/Webp/noFilter,2026-09-11T15:13:25Z
104770044244450,✨Dead Spells✨ [🔩 Steampunk 🔩],https://tr.rbxcdn.com/180DAY-fb9e544ea4f7c0621cb1454140814878/150/150/Image/Webp/noFilter,2026-09-11T15:13:25Z
104776930318129,Mahjong Duel,https://tr.rbxcdn.com/180DAY-40127a669ac463c7d6b8fd974b27ad5b/150/150/Image/Webp/noFilter,2026-09-12T13:54:57Z
104808235862933,step carefully,https://tr.rbxcdn.com/180DAY-c5caf20c8f26d9797e7ebf0a3568cacf/150/150/Image/Webp/noFilter,2026-09-10T16:44:36Z
104809044319701,+1 Phonk Evolution,https://tr.rbxcdn.com/180DAY-24ad4765e1b3201b0249ac7358f3e432/150/150/Image/Webp/noFilter,2026-09-10T16:44:36Z
104812936457083,[🎃]Hold the Door: Zombie Defense,https://tr.rbxcdn.com/180DAY-9deb7a3f49e2fa433d3d319beb1fd166/150/150/Image/Webp/noFilter,2026-09-10T16:44:36Z
104841616983113,San Aurie,https://tr.rbxcdn.com/180DAY-6ecbd6080269181acff632109af92840/150/150/Image/Webp/noFilter,2026-09-10T16:44:36Z
104856666707760,Killstreak Battle Royale,https://tr.rbxcdn.com/180DAY-42241d0492b72faaf340e295f324303a/150/150/Image/Webp/noFilter,2026-09-11T08:43:03Z
104890260413773,TCU : RE-CODE v0.12,https://tr.rbxcdn.com/180DAY-d0b098be4539334b0d5e969d7fc45e59/150/150/Image/Webp/noFilter,2026-09-10T16:44:36Z
104973076655377,[🍁] Capybaras VS Plants,https://tr.rbxcdn.com/180DAY-808bd3f5e2aced42f27b0a4832e52a0a/150/150/Image/Webp/noFilter,2026-09-10T16:44:36Z
105011592530400,Build and Kill Zombies,https://tr.rbxcdn.com/180DAY-4b41852393b6b088adf05daf842d914a/150/150/Image/Webp/noFilter,2026-09-16T20:04:40Z
105072660911040,Oil Tycoon! ⛽,https://tr.rbxcdn.com/180DAY-864827a185aa835475471e6e73406d9b/150/150/Image/Webp/noFilter,2026-10-01T15:35:29Z
105265986112006,Short Creepy Horror Stories,https://tr.rbxcdn.com/180DAY-75ec6f013172bd53c4f7072206ede948/150/150/Image/Webp/noFilter,2026-09-10T16:44:36Z
105350566569864,[NEW MAP] Player Select ⚔️ ,https://tr.rbxcdn.com/180DAY-a27e78f1e7b8e27d81836725804c185f/150/150/Image/Webp/noFilter,2026-09-10T16:44:36Z
105355546387524,[🎃] Build to the moon!,https://tr.rbxcdn.com/180DAY-111fc20051dc0ad93af0e630389a62b4/150/150/Image/Webp/noFilter,2026-09-29T19:11:44Z
105373497661352,👑 Kingdom Architect Tycoon,https://tr.rbxcdn.com/180DAY-51145a57ba4f9c1331fd91ace22ac9bc/150/150/Image/Webp/noFilter,2026-09-10T16:44:36Z
105452889569708,[⚽] Beatball,https://tr.rbxcdn.com/180DAY-6a92fe1ea0212c6d2a9f26a46fc67349/150/150/Image/Webp/noFilter,2026-09-10T16:44:36Z
105457570355541,[UPD] Corrupted Crossroads 🇨🇱,https://tr.rbxcdn.com/180DAY-4aa386802cae5d7e155b7bd7ee7d5136/150/150/Image/Webp/noFilter,2026-09-16T03:58:00Z
105555311806207,[🎁]Build a Zoo🥚,https://tr.rbxcdn.com/180DAY-990f015f43053e164d18c5db93226731/150/150/Image/Webp/noFilter,2026-09-10T16:44:36Z
105562162608017,Mysterious,https://tr.rbxcdn.com/180DAY-a038981e00b7aade214b4352fc2c97fd/150/150/GameIcon9/Webp/noFilter,2026-09-16T06:58:03Z
105620290993465,Anomaly Hospital RP,https://tr.rbxcdn.com/180DAY-e34e14e70b1121a879c622e1b82714d4/150/150/Image/Webp/noFilter,2026-09-12T01:11:09Z
105626692504093,Be a Brainrot,https://tr.rbxcdn.com/180DAY-1fb2a33fd287d85badb9c5ffa56f40dc/150/150/Image/Webp/noFilter,2026-09-11T11:41:58Z
105633123928294,[⭐️] Inside Brainrot Heads,https://tr.rbxcdn.com/180DAY-cf7510347a3bbab2e721bac55c6c286d/150/150/Image/Webp/noFilter,2026-09-10T16:44:36Z
105663205434095,Burrowed Fears [HORROR],https://tr.rbxcdn.com/180DAY-ba0b7cb4e1f4507b088eea79a6e05384/150/150/Image/Webp/noFilter,2026-09-12T13:54:57Z
105688896121506,Steal a Sprunki Egg ✨ 3D SPRUNKI SIM ,https://tr.rbxcdn.com/180DAY-64a381230f6b8a8351354efbbfcc8ae7/150/150/Image/Webp/noFilter,2026-09-12T18:32:32Z
105724836892064,[🧬] Merge a Mini  Army,https://tr.rbxcdn.com/180DAY-bb193cf16bae4d2738d90f412d73a4da/150/150/Image/Webp/noFilter,2026-09-10T16:44:36Z
105742951729183,Race Your Lucky Block,https://tr.rbxcdn.com/180DAY-8d3bd34fb54a870230153d7c47e4cbe7/150/150/Image/Webp/noFilter,2026-09-10T16:44:36Z
105767799784652,Clean the WORLD! [PRESTIGE!],https://tr.rbxcdn.com/180DAY-27e15e41978bc93a56536383bde2da41/150/150/Image/Webp/noFilter,2026-09-10T16:44:36Z
105811980409147,"Rock, Paper, Scissors!",https://tr.rbxcdn.com/180DAY-39335784017fa22eaed417406586452d/150/150/Image/Webp/noFilter,2026-10-08T23:58:01Z
105882032562407,Saber Unbound ⚔️ [MASSIVE UPDATE],https://tr.rbxcdn.com/180DAY-293fd13b0e2f08e1a3fc648c9bedc817/150/150/Image/Webp/noFilter,2026-09-12T21:43:03Z
105896604492658,Music Festival Tycoon,https://tr.rbxcdn.com/180DAY-8e231dfc26d1aa304953a746faafd718/150/150/Image/Webp/noFilter,2026-09-12T13:54:57Z
105904727825849,Rat Lab 🧪 [CHEESE],https://tr.rbxcdn.com/180DAY-9bfaad3fdbb66388268efda1f77d571e/150/150/Image/Webp/noFilter,2026-09-19T20:13:11Z
105938112304055,Lucky Block Tower,https://tr.rbxcdn.com/180DAY-f204328f07c93328ef61def6e361657c/150/150/Image/Webp/noFilter,2026-09-11T11:41:58Z
105954652742326,Mutant Plants: Base Defense[✨UPD-2.5],https://tr.rbxcdn.com/180DAY-e44c17b46903bc28d041eb0fcffecbf6/150/150/Image/Webp/noFilter,2026-09-10T16:44:36Z
106078822951099,🎠 Mingle Carousel [SQUID GAME 2],https://tr.rbxcdn.com/180DAY-60eef984f027f3caef0ff09c04818dfe/150/150/Image/Webp/noFilter,2026-09-10T16:44:36Z
106131416903029,[🍓] Cook & Sell! [ALPHA],https://tr.rbxcdn.com/180DAY-cd19dea2117aff68daba86341e4944de/150/150/Image/Webp/noFilter,2026-09-10T16:44:36Z
106187832607756,The Button Room,https://tr.rbxcdn.com/180DAY-820ea8e75d2e14238cb15a2af7093b69/150/150/Image/Webp/noFilter,2026-09-10T16:44:36Z
106198290119397,🌴 Forgotten Island,https://tr.rbxcdn.com/180DAY-62fd858214ca9305872a549b148812b7/150/150/Image/Webp/noFilter,2026-09-19T17:58:06Z
106251887264209,Math Glass Bridge 🧠,https://tr.rbxcdn.com/180DAY-601c3e428b559fd6e7fdde60c0cf7628/150/150/Image/Webp/noFilter,2026-10-08T17:45:25Z
106287315699545,Realistic Tree Cutting V6.8,https://tr.rbxcdn.com/180DAY-1f2a994af107eeb0d8532d35aa937f65/150/150/Image/Webp/noFilter,2026-10-03T02:28:04Z
106371326931646,Escape Tornado Alley,https://tr.rbxcdn.com/180DAY-b9f8ce5656b0414d4f00d424986c479b/150/150/Image/Webp/noFilter,2026-09-11T23:29:25Z
106383201135975,[🎃] Jump To Steal An Egg,https://tr.rbxcdn.com/180DAY-e0892e5f07941da5a04b4283a0ed0ddf/150/150/Image/Webp/noFilter,2026-09-10T23:21:35Z
106425431775947,Motorcycle Racing 🏍️,https://tr.rbxcdn.com/180DAY-a4635867552f8e6543bef84dde07affb/150/150/Image/Webp/noFilter,2026-09-15T12:12:42Z
106484206883664,[ 🐺 STARRK] Dungeon Lootr,https://tr.rbxcdn.com/180DAY-6e7627ebf2a84f3013814831994b0e22/150/150/Image/Webp/noFilter,2026-09-10T16:44:36Z
106487781999308,After 3 AM,https://tr.rbxcdn.com/180DAY-fa08beb8ed1ebd1b6a9b1e502c345ef0/150/150/Image/Webp/noFilter,2026-09-10T16:44:36Z
106490710325921,[ UPD ] Aman Kok Laser ,https://tr.rbxcdn.com/180DAY-7e8ee0f728bfdfe66d4df7397e35b4c2/150/150/Image/Webp/noFilter,2026-09-11T04:31:54Z
106541187765154,Better Snack? 🍬,https://tr.rbxcdn.com/180DAY-7f6cd9fc9afd48ee65a30833398d4842/150/150/Image/Webp/noFilter,2026-09-19T06:28:04Z
106605020123719,Fishing Wars 🌋 [VOLCANO],https://tr.rbxcdn.com/180DAY-4f711c1b0bf00e1e704204211135d5a1/150/150/Image/Webp/noFilter,2026-09-20T17:20:25Z
106605940421527,BetterEH,https://tr.rbxcdn.com/180DAY-47046f5c895b91754d345e6263fb0ecb/150/150/Image/Webp/noFilter,2026-09-10T16:44:36Z
106683702021527,Guess the Slapper,https://tr.rbxcdn.com/180DAY-eea2d0b4f201b2db10d9f2cb60e9d88b/150/150/Image/Webp/noFilter,2026-09-10T16:44:36Z
106701494743444,Snowball Battles [☄️],https://tr.rbxcdn.com/180DAY-a183e8670101af4f5982bf3543a46411/150/150/Image/Webp/noFilter,2026-09-11T18:28:04Z
106717722249176,Tower Reborn,https://tr.rbxcdn.com/180DAY-b477b33773035baae846a23aab84552b/150/150/Image/Webp/noFilter,2026-09-27T17:35:10Z
106749062218661,[Halloween PART 1!] The Abnormal Elevator,https://tr.rbxcdn.com/180DAY-a563e8b4ced71a17825f84b1a22b2c1d/150/150/Image/Webp/noFilter,2026-10-09T01:13:08Z
106763540857326,[Qol 2xEvent]Blox Monsters,https://tr.rbxcdn.com/180DAY-26fd75ea1bc08fa88cbc186dc30aed68/150/150/Image/Webp/noFilter,2026-09-12T01:11:09Z
106802314735486,Would You Rather: MIX Outfit Tower! 🎲,https://tr.rbxcdn.com/180DAY-709fd5931b49c45a0a532d741e5a47bd/150/150/Image/Webp/noFilter,2026-09-10T16:44:36Z
106809703371658,[🎵] Project : RUSHER,https://tr.rbxcdn.com/180DAY-0a60d1a97d7df6cfcb0d5d599d09845c/150/150/Image/Webp/noFilter,2026-09-12T13:54:57Z
106832050389015,Collect A Meme [🔍141],https://tr.rbxcdn.com/180DAY-b12558672a3e068073da0d24755a122e/150/150/Image/Webp/noFilter,2026-09-10T16:44:36Z
106838580527183,Voxels,https://tr.rbxcdn.com/180DAY-c0cd3ed2c46b720a285fc6333bb59d8d/150/150/Image/Webp/noFilter,2026-09-10T16:44:36Z
106920577206536,A Quiet Place: Deadzone (Pre-Alpha),https://tr.rbxcdn.com/180DAY-3077290debd488d828900ed3eb9c6648/150/150/Image/Webp/noFilter,2026-09-10T16:44:36Z
107040934010858,[NINJA] Project Egoist,https://tr.rbxcdn.com/180DAY-129e36d69f1d823d5aa2637e0b6ab808/150/150/Image/Webp/noFilter,2026-09-11T21:13:05Z
107095834793267,Oil Empire🛢️[UPD],https://tr.rbxcdn.com/180DAY-526db69859bccdf52373a6ddb1e434ad/150/150/Image/Webp/noFilter,2026-09-10T16:44:36Z
107164765081465,Steal A Verity!,https://tr.rbxcdn.com/180DAY-16e32b79175241985e703443780f8e58/150/150/Image/Webp/noFilter,2026-09-19T20:13:11Z
107377364123237,Prison RP 🚨,https://tr.rbxcdn.com/180DAY-242ff1c5af484afcde5a330011ffdf36/150/150/Image/Webp/noFilter,2026-09-10T16:44:36Z
107430889830807,[12H] +1 Satisfying Squishy Escape!,https://tr.rbxcdn.com/180DAY-b599e6a30be50b0e860f422d66bc2c8c/150/150/Image/Webp/noFilter,2026-09-10T16:44:36Z
107467295209358,A desrt [SANDBOX],https://tr.rbxcdn.com/180DAY-09738c45db325bdd7fd2a6af50cc5ac1/150/150/Image/Webp/noFilter,2026-09-10T16:44:36Z
107535308163741,Huss Valley,https://tr.rbxcdn.com/180DAY-8e70fa6b45af4b292acb62cab1e84ada/150/150/Image/Webp/noFilter,2026-10-03T17:43:08Z
107573271137575,Secure the Supermarket,https://tr.rbxcdn.com/180DAY-4a8ae37da21bb620c6001f3c2008fcdc/150/150/Image/Webp/noFilter,2026-09-11T15:13:25Z
107645101488133,[WORLD 11] Needoh Tower,https://tr.rbxcdn.com/180DAY-571842a33dd19fc7b5efe8b389149c8a/150/150/Image/Webp/noFilter,2026-09-10T16:44:36Z
107646426076756,[🌽] Build A Ring Farm,https://tr.rbxcdn.com/180DAY-a649838c10d14331168f2fdbb8c2607e/150/150/Image/Webp/noFilter,2026-09-10T16:44:36Z
107653945083776,Roll Anime to Fight!,https://tr.rbxcdn.com/180DAY-286acd1488b63c11d478aa1484b72dc3/150/150/Image/Webp/noFilter,2026-09-10T16:44:36Z
107713910741616,Phone Store Tycoon 📱,https://tr.rbxcdn.com/180DAY-f7e7a949cca39acdf1a6644ac2779ab4/150/150/Image/Webp/noFilter,2026-09-10T16:44:36Z
107717448640907,[UPD] Nights of Eternity 🍕,https://tr.rbxcdn.com/180DAY-065645771c882555f35fc7f5618e89fd/150/150/Image/Webp/noFilter,2026-09-10T16:44:36Z
107727386530697,[🌀] Noob Mayhem!,https://tr.rbxcdn.com/180DAY-4f8be0420db55ab6d73f297f6aa85e65/150/150/Image/Webp/noFilter,2026-09-10T16:44:36Z
107734853434823,Run from Fast Fredbear,https://tr.rbxcdn.com/180DAY-8226336cb5fcc3df871120570ed58d96/150/150/Image/Webp/noFilter,2026-09-10T23:21:35Z
107750563478039,Penalty Kicks!,https://tr.rbxcdn.com/180DAY-5d393569de658935c4fd84c9eae55c5a/150/150/Image/Webp/noFilter,2026-09-10T16:44:36Z
107778070777162,Steal An Egg,https://tr.rbxcdn.com/180DAY-3210435d14437295dae65a5b37f934f5/150/150/Image/Webp/noFilter,2026-09-10T16:44:36Z
107792622719098,SnugLife RP 🏡,https://tr.rbxcdn.com/180DAY-08f64bd72a0f4e6739c0f5a46c7a0ec6/150/150/Image/Webp/noFilter,2026-09-10T16:44:36Z
107828406309109,The Button,https://tr.rbxcdn.com/180DAY-711ae6cc9f391eb320d85f71599b8752/150/150/Image/Webp/noFilter,2026-09-10T16:44:36Z
107830557815237,Deep Space Tycoon: Reborn [Rebirth 5],https://tr.rbxcdn.com/180DAY-cd68bda09936befeeb71e7037df99775/150/150/Image/Webp/noFilter,2026-09-12T18:32:32Z
107833198839573,[💎] Moo Moo Mystery 🐄,https://tr.rbxcdn.com/180DAY-52e171acb1398fd614bae977759803d2/150/150/Image/Webp/noFilter,2026-09-10T16:44:36Z
107838858975205,DOORS HARDCORE ,https://tr.rbxcdn.com/180DAY-a25be2409d2b457cfd4d31ef00eec0de/150/150/Image/Webp/noFilter,2026-10-09T19:28:09Z
107866483212163,+1 Speed Verity Backroom Escape,https://tr.rbxcdn.com/180DAY-00ce0f658a79631d246a0362262413b0/150/150/Image/Webp/noFilter,2026-09-12T22:28:06Z
107894105055312,[🎃👻UPDATE] Wax ASMR Tower,https://tr.rbxcdn.com/180DAY-c510661be85616673a42d2c5db5ee5e1/150/150/Image/Webp/noFilter,2026-09-10T16:44:36Z
108180124695820,Highway Drifting: Hajwala,https://tr.rbxcdn.com/180DAY-65ac3cb8c653fe87539856a4048431c9/150/150/Image/Webp/noFilter,2026-09-14T16:37:30Z
108227239615000,[DATA FIX🛠] Baseplate Drifting,https://tr.rbxcdn.com/180DAY-306b9d56569b2998f7673a37046b2c3d/150/150/Image/Webp/noFilter,2026-09-10T16:44:36Z
108307565942574,Heroes RNG 🏹,https://tr.rbxcdn.com/180DAY-02564e10378328ddd421e8085ec480e0/150/150/Image/Webp/noFilter,2026-09-10T16:44:36Z
108354344401029,+1 Scream Per Click,https://tr.rbxcdn.com/180DAY-6356bcdf17086a530f6e42197e8b05d3/150/150/Image/Webp/noFilter,2026-09-12T13:54:57Z
108368760436337,Red VS Blue Tycoon,https://tr.rbxcdn.com/180DAY-f80b2df4717704a2a1a977373a520f41/150/150/Image/Webp/noFilter,2026-09-12T13:54:57Z
108410750455933,Undead Defense Tycoon 2,https://tr.rbxcdn.com/180DAY-aff07aa9fae500580ba60f90818bfa74/150/150/Image/Webp/noFilter,2026-09-10T16:44:36Z
108439047160668,[BAUMUSH🍄] Isles of Ravos,https://tr.rbxcdn.com/180DAY-92ff50758ceaabffe1714007a31b4fb7/150/150/Image/Webp/noFilter,2026-09-10T16:44:36Z
108517691661499,Smash A Bacon,https://tr.rbxcdn.com/180DAY-9d4a93729b2f3122e5ba18a49236fef6/150/150/Image/Webp/noFilter,2026-10-01T15:58:08Z
108533757090220,[⏳🧪] Garden Tower Defense 🌻,https://tr.rbxcdn.com/180DAY-9acc457db949bf386b085ff23fb292e4/150/150/Image/Webp/noFilter,2026-09-10T16:44:36Z
108567435288296,Anime Ability Arena,https://tr.rbxcdn.com/180DAY-512e8b41264bf92b97f93873f843cdba/150/150/Image/Webp/noFilter,2026-09-10T16:44:36Z
108605519269759,[Beta] BUTTON PRISON,https://tr.rbxcdn.com/180DAY-c27286a0551cca4577ac161029ee0bc4/150/150/Image/Webp/noFilter,2026-09-11T17:43:03Z
108632069675268,🍪 Roll Your Cookie,https://tr.rbxcdn.com/180DAY-cba45f007f3c4ab51e2667fce8cb6400/150/150/Image/Webp/noFilter,2026-09-11T23:29:25Z
108645141774564,The Tower,https://tr.rbxcdn.com/180DAY-ea509af68a90b1969ae4a300dac6caff/150/150/Image/Webp/noFilter,2026-09-13T03:13:03Z
108645230905176,Mrbeast Island Escape,https://tr.rbxcdn.com/180DAY-2b51f14f370c26dd5ec5d6cd01430047/150/150/Image/Webp/noFilter,2026-09-10T16:44:36Z
108730407897379,Amber Alert 3.0 [UPD],https://tr.rbxcdn.com/180DAY-09504b62c9928363539fa69260fc3812/150/150/Image/Webp/noFilter,2026-09-10T16:44:36Z
108750539382245,[NEW] Golden's Difficulty Chart Obby,https://tr.rbxcdn.com/180DAY-e8d5ccba72aadd0fc5a5702fb897e3ae/150/150/Image/Webp/noFilter,2026-09-10T16:44:36Z
108767400143329,[🌊] My WATERPARK,https://tr.rbxcdn.com/180DAY-9b427c19ffe8df5fef98cff450381dfc/150/150/Image/Webp/noFilter,2026-09-10T16:44:36Z
108775830475023,[W4] +1 Speed Moonwalk Escape🌙,https://tr.rbxcdn.com/180DAY-487fabbf680b596b2eb48296ba597c8c/150/150/Image/Webp/noFilter,2026-09-23T21:58:06Z
108809841388051,[CLASSIC] Musical Tiles '26 🎶,https://tr.rbxcdn.com/180DAY-c88631dd4184fff4dc3b60ba03d3721e/150/150/Image/Webp/noFilter,2026-09-26T00:31:49Z
108843562394237,Monkey Bomb Tag,https://tr.rbxcdn.com/180DAY-df62a99828903fbc007143e59d11a2a2/150/150/Image/Webp/noFilter,2026-09-10T16:44:36Z
108948479536468,Wayward Outpost,https://tr.rbxcdn.com/180DAY-e67b928589bb35c4789a50653cd0dc95/150/150/Image/Webp/noFilter,2026-09-20T02:43:07Z
108949313599411,Like Laser Tower ,https://tr.rbxcdn.com/180DAY-aef6c5f7aad458739da534b1fdec15be/150/150/Image/Webp/noFilter,2026-10-04T04:58:08Z
109004013187765,[🍬] Be Gum,https://tr.rbxcdn.com/180DAY-b5c1be05162d9fdd9b771a46d55002a8/150/150/Image/Webp/noFilter,2026-09-30T18:13:08Z
109069998531261,Build to Survive MONSTERS!,https://tr.rbxcdn.com/180DAY-1a5566cf0111515a4e360061a9a596dd/150/150/Image/Webp/noFilter,2026-09-10T18:57:27Z
109073199927285,Escape The Tsunami 🌊 ,https://tr.rbxcdn.com/180DAY-3c8c2eee8c9aa25546b0209d2ff3f15a/150/150/Image/Webp/noFilter,2026-09-10T16:44:36Z
109129552698918,WEST WOOD: REMAKE [BETA],https://tr.rbxcdn.com/180DAY-fb5003839209dc3a6c6f47f87bc55ae4/150/150/Image/Webp/noFilter,2026-09-10T16:44:36Z
109167932163747,BMX WORLD 🚴,https://tr.rbxcdn.com/180DAY-a86330ac9b7bda41e668aa1a02efbda4/150/150/Image/Webp/noFilter,2026-09-10T16:44:36Z
109170650911069,[UPD] Drift 36,https://tr.rbxcdn.com/180DAY-d8b51040670bd18e24ba7b8aa67433b6/150/150/Image/Webp/noFilter,2026-09-10T16:44:36Z
109170952597926,🌱 Cut all the Grass!,https://tr.rbxcdn.com/180DAY-16d2220fed45f9e823389ffafde94253/150/150/Image/Webp/noFilter,2026-10-08T17:45:25Z
109203247742910,Swing For Eggs,https://tr.rbxcdn.com/180DAY-2f902dfe748659a9c2fc750c59c3124d/150/150/Image/Webp/noFilter,2026-09-19T20:13:11Z
109258067111533,[🍂] TOUCHLINE,https://tr.rbxcdn.com/180DAY-f8059caf4954a2fe27f5be96d821d033/150/150/Image/Webp/noFilter,2026-09-10T16:44:36Z
109302375765807,(🎃) Buddy: Roleplay,https://tr.rbxcdn.com/180DAY-b4346c2740af15d18a2b2ba6971fd298/150/150/Image/Webp/noFilter,2026-09-27T17:35:10Z
109366027244026,Shawarma Truck: ANOMALIES [HORROR],https://tr.rbxcdn.com/180DAY-f9486b0382e048d08aa2635cea523d37/150/150/Image/Webp/noFilter,2026-09-12T13:54:57Z
109397169461300,[RANKED] SNIPER DUELS,https://tr.rbxcdn.com/180DAY-c38749ab9ee5f20afac307ce4d886df3/150/150/Image/Webp/noFilter,2026-09-10T16:44:36Z
109423858328586,+1 Double Jump Keyboard Escape,https://tr.rbxcdn.com/180DAY-f353e898fea8717bd98e85b3338201f0/150/150/Image/Webp/noFilter,2026-09-12T10:50:51Z
109485965614898,Make your country 🌍,https://tr.rbxcdn.com/180DAY-91ac9009d837363e432ef13412904001/150/150/Image/Webp/noFilter,2026-09-11T18:58:03Z
109509029034984,+1 Aura Per Click,https://tr.rbxcdn.com/180DAY-ae046284ecfc5efcace6d2ac4e4fc089/150/150/Image/Webp/noFilter,2026-09-10T16:44:36Z
109509628648368,[⚔️] Merge Vs Mobs,https://tr.rbxcdn.com/180DAY-e007a1a368864f6b0507751f7f6a5abe/150/150/Image/Webp/noFilter,2026-09-10T16:44:36Z
109530157755211,Lift a Cube,https://tr.rbxcdn.com/180DAY-2f3cbebd8d5e7c6226234ccd3866109c/150/150/Image/Webp/noFilter,2026-09-12T22:28:06Z
109547184439419,AI Interrogation 📁,https://tr.rbxcdn.com/180DAY-a8afa9d1ece1ab3afc086d67f6c4694c/150/150/Image/Webp/noFilter,2026-09-12T22:28:06Z
109579237461406,Only Up Laser Tower,https://tr.rbxcdn.com/180DAY-a7f5c74512e2d96998e9ee7026f9e3d9/150/150/Image/Webp/noFilter,2026-09-26T00:31:49Z
109584643077945,[🍁] WikiRace!,https://tr.rbxcdn.com/180DAY-3a4fa4860a2c2b9271343a41dee457f6/150/150/Image/Webp/noFilter,2026-09-12T22:28:06Z
109629391874197,[UPDATE] Marvel Omega,https://tr.rbxcdn.com/180DAY-baec7409508c45c501e0515758098636/150/150/Image/Webp/noFilter,2026-09-10T16:44:36Z
109638247223218,My Scamming Brainrots!,https://tr.rbxcdn.com/180DAY-b407d8749a27a2c1ff8ecc66d66499a5/150/150/Image/Webp/noFilter,2026-09-12T01:11:09Z
109658217029877,[BETA] Football WORLD Manager '27,https://tr.rbxcdn.com/180DAY-13e6f6f41e2427ff10ede5b56c4c8894/150/150/Image/Webp/noFilter,2026-09-29T19:11:44Z
109677451663339,HOUR 12 🕛 [ANOMALY],https://tr.rbxcdn.com/180DAY-2c513adf16de85a2490caea04eb6816e/150/150/Image/Webp/noFilter,2026-09-20T05:43:03Z
109686116036889,DANGEROUS NIGHT [FURNISH THE BUNKER],https://tr.rbxcdn.com/180DAY-7ad18e704c151f6163625a65b352481f/150/150/Image/Webp/noFilter,2026-09-10T16:44:36Z
109694820409483,[W27] Obby But You're on a Kart,https://tr.rbxcdn.com/180DAY-1a5c7d3592eaeec40720bf71f2c2a074/150/150/Image/Webp/noFilter,2026-09-10T16:44:36Z
109715918987082,[🌸 UPD] Anime Stars Card Collection,https://tr.rbxcdn.com/180DAY-51e5545d46ccb48217b181c4fad62485/150/150/Image/Webp/noFilter,2026-09-10T16:44:36Z
109745098209948,[🔥] Get +1 Skill Point Every Second ,https://tr.rbxcdn.com/180DAY-2090912ece4d790358333216fadea502/150/150/Image/Webp/noFilter,2026-09-12T18:32:32Z
109751495795601,Free Items,https://tr.rbxcdn.com/180DAY-c216451095133d31ce1c2d725d7d8073/150/150/Image/Webp/noFilter,2026-09-11T11:41:58Z
109800545950624,[LOOPS🎡] Build a Minecart Track 🎢,https://tr.rbxcdn.com/180DAY-9e6429f1526a02a89182d1cb5fe32acc/150/150/Image/Webp/noFilter,2026-09-10T23:21:35Z
109872214376771,El Paso Roleplay,https://tr.rbxcdn.com/180DAY-f16204c102fabc89bc27f38699b06a22/150/150/Image/Webp/noFilter,2026-10-10T00:28:06Z
109881277752094,Clean The Library 📖 ,https://tr.rbxcdn.com/180DAY-a16d5d336a265ab3607fcd8636b848c1/150/150/Image/Webp/noFilter,2026-09-10T16:44:36Z
109883052223750,[🏆TOURNEY] LOCKED:2,https://tr.rbxcdn.com/180DAY-61fc45ac1aeb339fea8190f4c9a39c17/150/150/Image/Webp/noFilter,2026-09-12T18:58:03Z
109908567838703,[🍍] Nuke for Brainrot,https://tr.rbxcdn.com/180DAY-1320a6bcaa552b31712a1288706e9ad6/150/150/Image/Webp/noFilter,2026-09-11T11:41:58Z
109928390521457,Anime Breaker [🏰TOWER],https://tr.rbxcdn.com/180DAY-19b059618ee5b6c86cb5a1d775286ba1/150/150/Image/Webp/noFilter,2026-09-27T17:35:10Z
109983668079237,[🌗] Steal a Brainrot,https://tr.rbxcdn.com/180DAY-50485d8225a5b397daa65993ef773d16/150/150/Image/Webp/noFilter,2026-09-10T16:44:36Z
110012028951508,Army vs Rebels Tycoon,https://tr.rbxcdn.com/180DAY-e60ed606d696de58b0f89197894f6a19/150/150/Image/Webp/noFilter,2026-09-11T11:41:58Z
110175021189594,Ability Arena 💥,https://tr.rbxcdn.com/180DAY-6c723eec043fc39e2e0cf45c6acb87fd/150/150/Image/Webp/noFilter,2026-09-10T16:44:36Z
110233092317096,Lakefalls Medical: GP Simulator 🩺,https://tr.rbxcdn.com/180DAY-d75315ec7a804d0a377b13b885f1e0cc/150/150/Image/Webp/noFilter,2026-10-08T13:54:15Z
110280222997707,PETAPETA: School of Nightmares,https://tr.rbxcdn.com/180DAY-53f311d8a076b6de6226b14374ee1fac/150/150/Image/Webp/noFilter,2026-09-11T04:31:54Z
110283655701247,Kurdish Obby,https://tr.rbxcdn.com/180DAY-4ab06554f2e55211a91381cc6ceac2bf/150/150/Image/Webp/noFilter,2026-09-10T16:44:36Z
110334393584385,Roller for Brainrots!,https://tr.rbxcdn.com/180DAY-76eee9d21f6b4975cd9cdf7e16649d59/150/150/Image/Webp/noFilter,2026-09-10T16:44:36Z
110339581423462,【UPD】+1 Speed Dinosaur Escape,https://tr.rbxcdn.com/180DAY-693fc721d031c219a804d9adb49b479c/150/150/Image/Webp/noFilter,2026-09-24T13:49:11Z
110373292461174,✈️ Paper Plane for Brainrots,https://tr.rbxcdn.com/180DAY-73fb08a779f1738ee7e2efec034ec964/150/150/Image/Webp/noFilter,2026-09-10T16:44:36Z
110378634670890,TRADE AND DUMPLING,https://tr.rbxcdn.com/180DAY-1e06738c15029306186e389752f1e3f4/150/150/Image/Webp/noFilter,2026-09-11T01:22:17Z
110434609045277,[Beta] The Creator-God Sim ,https://tr.rbxcdn.com/180DAY-38acc7e9b892a0473b334d3f59f309fa/150/150/Image/Webp/noFilter,2026-09-29T19:11:44Z
110470672231288,INSANE Troll Slap Tower 😈,https://tr.rbxcdn.com/180DAY-df2c79e18242348f7550580c36140aa1/150/150/Image/Webp/noFilter,2026-09-10T16:44:36Z
110499685368790,Highest Zipline Ever,https://tr.rbxcdn.com/180DAY-dbe5bf0289edd76f4505ec37aef5f557/150/150/Image/Webp/noFilter,2026-09-12T22:58:06Z
110527353762049,Roblox Stock Exchange 2,https://tr.rbxcdn.com/180DAY-09df0880b1754647bab65ac043a08c6a/150/150/Image/Webp/noFilter,2026-09-19T15:43:05Z
110570058234582,[🎃] 18+ Meet People Across The World 🔊,https://tr.rbxcdn.com/180DAY-baf868267509a1607504e9175ee04971/150/150/Image/Webp/noFilter,2026-09-10T16:44:36Z
110584310129887,[VC] Podcasts 🔊,https://tr.rbxcdn.com/180DAY-663e6fab50dc690882bcd37b4db7e3b9/150/150/Image/Webp/noFilter,2026-09-10T16:44:36Z
110627433764494,Fake a Brainrot,https://tr.rbxcdn.com/180DAY-d528ec5e080bc612e9d54c9e33310152/150/150/Image/Webp/noFilter,2026-09-10T16:44:36Z
110668201954727,+1 Web Swing Escape,https://tr.rbxcdn.com/180DAY-74837b2a65000dbb5ec9b8f452bafa09/150/150/Image/Webp/noFilter,2026-09-10T16:44:36Z
110677803091411,Subway Surfing,https://tr.rbxcdn.com/180DAY-cf41363bc6c6fc72b7929fd2b132bca0/150/150/Image/Webp/noFilter,2026-09-10T16:44:36Z
110793563946846,Sell Ice Cream 🍦,https://tr.rbxcdn.com/180DAY-8c0cc84e3f008557a992c93bd95647b3/150/150/Image/Webp/noFilter,2026-09-10T16:44:36Z
110806816173057,[Upd12.3] +1 DMG Per Revive[💀],https://tr.rbxcdn.com/180DAY-4bf4f993589515b93dd255375f4ae7ad/150/150/Image/Webp/noFilter,2026-09-10T16:44:36Z
110808833601416,[🖼️ MUSEUM] Chameleon,https://tr.rbxcdn.com/180DAY-4b12be3f42b1b224e9aeb5bb074043c0/150/150/Image/Webp/noFilter,2026-09-10T16:44:36Z
110829983956014,[ 🪄🎩] Anime Card Clash,https://tr.rbxcdn.com/180DAY-3766d480f5a11a1958799dd9e5eea88c/150/150/Image/Webp/noFilter,2026-09-10T16:44:36Z
110954432401277,Needle In A Haystack,https://tr.rbxcdn.com/180DAY-ec677b7fb3cb594ec5ed17058f3bf8de/150/150/Image/Webp/noFilter,2026-09-10T23:21:35Z
111063058742520,Chat is back,https://tr.rbxcdn.com/180DAY-8909b85747f3f679cce6b0bf51e87c95/150/150/Image/Webp/noFilter,2026-09-10T16:44:36Z
111063824758310,🌊 Navy Tycoon [SKINS],https://tr.rbxcdn.com/180DAY-1e81914d10afb83a270c30c2587794c1/150/150/Image/Webp/noFilter,2026-09-19T15:08:00Z
111097829542198,[Wild Hunt Upd!] Legacy Piece,https://tr.rbxcdn.com/180DAY-031eae3746164087356b5fe94bb09af0/150/150/Image/Webp/noFilter,2026-09-16T19:01:03Z
111159166822974,[BLOODY PARADISE] 🌹 TINEL²,https://tr.rbxcdn.com/180DAY-d16c79d45ec7f0d9fdc6c8c22ceb13fd/150/150/Image/Webp/noFilter,2026-09-30T21:13:07Z
111199269199811,[2x💰💎] Brainrot Tower Defense,https://tr.rbxcdn.com/180DAY-b33d46e807adfa68748cc9fd25d3f9a9/150/150/Image/Webp/noFilter,2026-09-11T07:58:01Z
111262527555232,Huss Rooms | [Locust],https://tr.rbxcdn.com/180DAY-f819fb38f839880550add5eedb5c0632/150/150/Image/Webp/noFilter,2026-09-10T16:44:36Z
111363135577981,[☀️🌴UPDATE] ASMR Tower,https://tr.rbxcdn.com/180DAY-e8f49ff7e85792d96068f4b7c91bfc51/150/150/Image/Webp/noFilter,2026-09-10T16:44:36Z
111403197324514,Fun Obby,https://tr.rbxcdn.com/180DAY-7f3147f1b2e8ca1ac707d873e2f6219f/150/150/Image/Webp/noFilter,2026-09-10T16:44:36Z
111421220771064,[💪] Push a Lucky Block,https://tr.rbxcdn.com/180DAY-4281cdeb6967645620311510de825442/150/150/Image/Webp/noFilter,2026-09-10T16:44:36Z
111442376436641,Fast Fredbear [DESTRUCTIVE],https://tr.rbxcdn.com/180DAY-ef5d4f22c391f22d0eeac89b731d8673/150/150/Image/Webp/noFilter,2026-09-10T16:44:36Z
111471464387284,Survive Bikini Bottom,https://tr.rbxcdn.com/180DAY-24aee72178c1e19debf2ed78aaf930e1/150/150/Image/Webp/noFilter,2026-09-10T16:44:36Z
111536203110843,[💸] ONLY DONATE INFINITE!,https://tr.rbxcdn.com/180DAY-80845592569c2e0388caa88874b39687/150/150/Image/Webp/noFilter,2026-09-24T20:13:07Z
111543903102439,+1 Stone Skipping,https://tr.rbxcdn.com/180DAY-dc4fd02fd6711ac8b14e77e5adf924ad/150/150/Image/Webp/noFilter,2026-10-01T15:35:29Z
111695898741609,Slap Laser Obby,https://tr.rbxcdn.com/180DAY-c78c112667a8a3098a3d5d5d1ae720fd/150/150/Image/Webp/noFilter,2026-09-27T12:50:59Z
111702513024754,DUCTWORKS / Creator mode,https://tr.rbxcdn.com/180DAY-c9b588c0d96e9a1f10b5c62ec683c567/150/150/Image/Webp/noFilter,2026-10-07T02:09:43Z
111765932318951,[💎] Mining Empire,https://tr.rbxcdn.com/180DAY-1accf87715ccb9b69360dd4b9a928594/150/150/Image/Webp/noFilter,2026-09-16T15:29:56Z
111779414681728,(ASTRO UPDATE) Reinald Toilet Roleplay,https://tr.rbxcdn.com/180DAY-d31abf1ba8e0a92348d99db2bab94188/150/150/Image/Webp/noFilter,2026-09-10T16:44:36Z
111835260646713,🩸Generic Blood Ragdoll Fighting,https://tr.rbxcdn.com/180DAY-7ddec9b5e9fc03d97828723273691de6/150/150/Image/Webp/noFilter,2026-09-10T16:44:36Z
111862336710239,Backstreet Survival,https://tr.rbxcdn.com/180DAY-252658940a72f1f0e19d713ac8010096/150/150/Image/Webp/noFilter,2026-09-10T16:44:36Z
111894976456494,Anime Life,https://tr.rbxcdn.com/180DAY-8589d0f7ca6cce6818423092067ebfe5/150/150/Image/Webp/noFilter,2026-09-10T16:44:36Z
111989938562194,Brainrot Evolution,https://tr.rbxcdn.com/180DAY-5eb75b612738d1e9fcc220ee88b22e56/150/150/Image/Webp/noFilter,2026-09-10T16:44:36Z
112107733863518,Cursed Blade[ALPHA],https://tr.rbxcdn.com/180DAY-0be4e6c3f7bd0b131ee9339cd1d51dbe/150/150/Image/Webp/noFilter,2026-09-10T16:44:36Z
112114621008524,[CATALOG🛍️] UGC Creator 🎨,https://tr.rbxcdn.com/180DAY-5784d1ddeabcf6545fbf17856ea770cc/150/150/Image/Webp/noFilter,2026-09-10T16:44:36Z
112154570415147,[NEW] Bite By Night Admin Control,https://tr.rbxcdn.com/180DAY-55f41f082ffde5a92e862c8f4d249885/150/150/Image/Webp/noFilter,2026-09-20T15:40:41Z
112171352246014,Cidro Janji (Jawa Party),https://tr.rbxcdn.com/180DAY-9cf5c334ea20fb20ae202ae47e4cce07/150/150/Image/Webp/noFilter,2026-09-10T16:44:36Z
112226578490421,A Grabpack Test [HUGGY WUGGY],https://tr.rbxcdn.com/180DAY-f1c5f027f0f40260c900b80838c08b19/150/150/Image/Webp/noFilter,2026-09-10T16:44:36Z
112233638491976,[🎃] Unbox ASMR!,https://tr.rbxcdn.com/180DAY-8d95b4decb13fb261396aab7bf79b9ff/150/150/Image/Webp/noFilter,2026-09-10T16:44:36Z
112291455733279,🍄UPDATE🌧️ Bring Back The Sun!,https://tr.rbxcdn.com/180DAY-c0c1c726abab3a0fdc72ff2c58ea3bbb/150/150/Image/Webp/noFilter,2026-09-20T18:18:50Z
112333343527957,Highschool Experience RP,https://tr.rbxcdn.com/180DAY-6d4255cc3e3a1396de702093b2187e30/150/150/Image/Webp/noFilter,2026-09-16T19:01:03Z
112345685575988,My Hungry Giant! [ASMR],https://tr.rbxcdn.com/180DAY-482e55d83bcb3fe99d7c35dfc0555a13/150/150/Image/Webp/noFilter,2026-10-01T15:35:29Z
112413741511713,[TRAINS] 🏙️ Mini City Tycoon,https://tr.rbxcdn.com/180DAY-d943d889e9dc971982c1d781b8ebc5ef/150/150/Image/Webp/noFilter,2026-09-10T16:44:36Z
112490729816320,Spin a Soccer Card ⚽,https://tr.rbxcdn.com/180DAY-a9b61ecfdc1e85bc852bb37039286838/150/150/Image/Webp/noFilter,2026-09-10T16:44:36Z
112531085636442,Monobombo [🙈🙉🙊],https://tr.rbxcdn.com/180DAY-f060d1b131995e5959dc3f3ea39771f6/150/150/Image/Webp/noFilter,2026-09-10T16:44:36Z
112584447398647,Script Shenanigans,https://tr.rbxcdn.com/180DAY-5dfba9540788d7c789daecbeeab709dd/150/150/Image/Webp/noFilter,2026-09-15T12:12:42Z
112619156837009,[💀NAGI] Build A Blue Lock Squad! ,https://tr.rbxcdn.com/180DAY-3325df1cd3f062d8975fb898c0d10d8d/150/150/Image/Webp/noFilter,2026-09-10T16:44:36Z
112626674737178,[RIMS!] Car Sales 2 🏎️,https://tr.rbxcdn.com/180DAY-cd0210de6a0ed798b94e06c6253f0524/150/150/Image/Webp/noFilter,2026-09-10T16:44:36Z
112641748896693,Missiles vs Cities,https://tr.rbxcdn.com/180DAY-4c8a347f996a86b60014dd340c408b8c/150/150/Image/Webp/noFilter,2026-09-10T16:44:36Z
112731528776884,KNIFE DUELS,https://tr.rbxcdn.com/180DAY-439503c3401e207e2c534ad0c87e303d/150/150/Image/Webp/noFilter,2026-09-10T16:44:36Z
112757576021097,Defuse Division,https://tr.rbxcdn.com/180DAY-7e01e01526c34567e81e66cbb596fd77/150/150/Image/Webp/noFilter,2026-09-10T16:44:36Z
112778631702542,[ICE 🧊] How to Really Fish,https://tr.rbxcdn.com/180DAY-0b3f966b46bf8462fdec5c328c4b4fd5/150/150/Image/Webp/noFilter,2026-09-10T23:21:35Z
112781315318195,[🦖] Pull a Lucky Fish,https://tr.rbxcdn.com/180DAY-b097bed7e1af3ef6a0e3334b4a4e0e53/150/150/Image/Webp/noFilter,2026-09-10T16:44:36Z
112796336189704,👋 Slap to Survive,https://tr.rbxcdn.com/180DAY-02a8eab33c06d809b4a2f964799f22e5/150/150/Image/Webp/noFilter,2026-09-10T16:44:36Z
112816993332059,Feed Maltigi,https://tr.rbxcdn.com/180DAY-475646069e9f7aba3124ad2c64e52e6a/150/150/Image/Webp/noFilter,2026-09-10T16:44:36Z
112838150455902,Encounters SMASH Battles 🎃.2,https://tr.rbxcdn.com/180DAY-e1b6b1e8379a9523048a7f51a07cc9a0/150/150/Image/Webp/noFilter,2026-09-10T16:44:36Z
112851296174239,Rate My Avatar 2 🔊,https://tr.rbxcdn.com/180DAY-a6429280bef86cdca9e64a8ce93a7f6e/150/150/Image/Webp/noFilter,2026-09-10T18:23:54Z
112857282410969,SEWER SCREAMS,https://tr.rbxcdn.com/180DAY-99758a24a758c710c9ead2c2f1e5f08e/150/150/Image/Webp/noFilter,2026-09-10T16:44:36Z
112966546347918,Drift Tag,https://tr.rbxcdn.com/180DAY-6d7c604a5a2251851fec2b7e17f1aecd/150/150/Image/Webp/noFilter,2026-09-10T16:44:36Z
113024290498796,Last To Leave Box Wins,https://tr.rbxcdn.com/180DAY-7e2938b76ad9a1311c87ffa0e4564fb5/150/150/Image/Webp/noFilter,2026-09-12T13:54:57Z
113024561482870,BESIEGED [🔥HAVOC UPDATE] ,https://tr.rbxcdn.com/180DAY-ec40bc0f09042742946fb5dddc36e04f/150/150/Image/Webp/noFilter,2026-10-03T23:58:09Z
113075977776798,Squid Game 2042,https://tr.rbxcdn.com/180DAY-8d04e80139ad112f785ecdd4717d332e/150/150/Image/Webp/noFilter,2026-09-26T02:25:22Z
113099333239841,"[ 🎃3.0 ] RE:Heads, Please! [RNG]",https://tr.rbxcdn.com/180DAY-dc67c6fefbe49149042d69413e516296/150/150/Image/Webp/noFilter,2026-09-10T16:44:36Z
113131161440109,[TURBOS💨] Trails,https://tr.rbxcdn.com/180DAY-8850a12041a3b2abdda4dd9d67387ecd/150/150/Image/Webp/noFilter,2026-10-01T20:13:06Z
113161907287934,Brainrot VS Mecha [Event Mode],https://tr.rbxcdn.com/180DAY-f50b5ddeb9577c95176810884a8a3e9e/150/150/Image/Webp/noFilter,2026-09-11T11:41:58Z
113163913958443,Snowflake Stage Tower ❄️,https://tr.rbxcdn.com/180DAY-8db364a6daf40239577fc4023b200c3f/150/150/Image/Webp/noFilter,2026-09-20T03:28:06Z
113217312262185,[🚨] SCP retroBreach,https://tr.rbxcdn.com/180DAY-8dd6daa95088a287ad7d61a5b0c06142/150/150/Image/Webp/noFilter,2026-09-12T18:32:32Z
113232329524315,🔪 MAFIA [V2.3]  - ACT II,https://tr.rbxcdn.com/180DAY-73fa543d6aad81a01f8522d4126f0dfc/150/150/Image/Webp/noFilter,2026-09-10T16:44:36Z
113290951185459,[🎉 UPD 7] Anime Dice,https://tr.rbxcdn.com/180DAY-bec2c7687b5fa555ec684cc61c89b966/150/150/Image/Webp/noFilter,2026-09-10T16:44:36Z
113323927469374,Musical Chairs 🎵🪑,https://tr.rbxcdn.com/180DAY-6171a111671d697f919567eec318766b/150/150/Image/Webp/noFilter,2026-09-10T16:44:36Z
113385048266134,🎨Draw Or Oof!,https://tr.rbxcdn.com/180DAY-fe16e8313d31e44f9c0dc86f137254f7/150/150/Image/Webp/noFilter,2026-09-10T16:44:36Z
113385977463481,MM2 of The Locust [ORIGINAL] ,https://tr.rbxcdn.com/180DAY-39c39dcbfc5d5e93cecfcdb58999a735/150/150/Image/Webp/noFilter,2026-09-10T16:44:36Z
113392430358155,💀 TRAPPED,https://tr.rbxcdn.com/180DAY-9a9d944d3dc93219857a3fb5ae83d28a/150/150/Image/Webp/noFilter,2026-09-10T16:44:36Z
113457460682474,🔨 Voxel Block Builder [🎢 ROLLER COASTERS],https://tr.rbxcdn.com/180DAY-95bfb4c7631db67f9605d1b34325e95a/150/150/Image/Webp/noFilter,2026-09-10T16:44:36Z
113460023824827,[👻] My ASMR House 🏠,https://tr.rbxcdn.com/180DAY-cb5ff17806172bf8c4b1995612aaef6a/150/150/Image/Webp/noFilter,2026-09-21T18:19:39Z
113481077323469,Scream And Run [VERITY],https://tr.rbxcdn.com/180DAY-bb8520a04ec35208569be6eb4365179f/150/150/Image/Webp/noFilter,2026-09-10T16:44:36Z
113506071094099,[🌴] SHARP,https://tr.rbxcdn.com/180DAY-3ea94c0ad9ccc9a942fc3182217d5149/150/150/Image/Webp/noFilter,2026-09-10T16:44:36Z
113533413485661,Zombie Tycoon,https://tr.rbxcdn.com/180DAY-6a5fb93327047e506fe6ffda29a3d5fc/150/150/Image/Webp/noFilter,2026-09-11T15:13:25Z
113581963143008,Build To Survive DISASTERS! 🌊,https://tr.rbxcdn.com/180DAY-25cdae7ebc260f07c996824330c49967/150/150/Image/Webp/noFilter,2026-09-10T16:44:36Z
113604074601559,🐝 Build A Beehive,https://tr.rbxcdn.com/180DAY-5603cca2b47d5980143897924cd3620a/150/150/Image/Webp/noFilter,2026-09-10T16:44:36Z
113704687064411,Animal Hospital Roleplay (UnF),https://tr.rbxcdn.com/180DAY-2e4f1e293d19ef967a2806571ac7691c/150/150/Image/Webp/noFilter,2026-10-07T01:58:06Z
113720203996283,[❄️] Park a Car🅿️,https://tr.rbxcdn.com/180DAY-b5215c033959b837764fab72c60bb7cd/150/150/Image/Webp/noFilter,2026-09-14T16:37:30Z
113745337705295,Riot City 🚨 Prison Escape,https://tr.rbxcdn.com/180DAY-929ff617ac4902ed0a9806507552e065/150/150/Image/Webp/noFilter,2026-09-10T16:44:36Z
113814738390716,[UPD 5] Untitled Upgrade Tree,https://tr.rbxcdn.com/180DAY-8a70a0d1acbeae0b130b48b9fd8bc426/150/150/Image/Webp/noFilter,2026-09-12T10:50:51Z
113897119818920,Mega Ramp for Lucky Blocks!,https://tr.rbxcdn.com/180DAY-18c8be7f8ac0d7e254cad53fd987f12b/150/150/Image/Webp/noFilter,2026-09-19T20:13:11Z
113918641206373,☢️ Nuke Your City,https://tr.rbxcdn.com/180DAY-573e17dc5056441628850050e3a881db/150/150/Image/Webp/noFilter,2026-09-11T11:41:58Z
113939391927202,Roblox Innovation Awards 2025 - Voting Hub,https://tr.rbxcdn.com/180DAY-f19a02b8a165d9154f3d31b7ddeb86c7/150/150/Image/Webp/noFilter,2026-09-12T13:54:57Z
113956654824187,[🌋] Swim For Eggs!,https://tr.rbxcdn.com/180DAY-686946e8294b7355ef939495a4b57772/150/150/Image/Webp/noFilter,2026-10-07T02:09:43Z
113987393426315,[⚓] Navy War,https://tr.rbxcdn.com/180DAY-d48550f2b4ea43697b58a8ec81687a7c/150/150/Image/Webp/noFilter,2026-09-10T16:44:36Z
113995904598360,🚨 Steal Anime!,https://tr.rbxcdn.com/180DAY-8b1d5cf74d9bedb1a31af19df433a014/150/150/Image/Webp/noFilter,2026-09-11T15:13:25Z
114043013325512,[UPD] MBG Driver ,https://tr.rbxcdn.com/180DAY-087eb64c3a49f1b8b7a6d357821e7d56/150/150/Image/Webp/noFilter,2026-09-12T03:58:01Z
114122724051462,Spot and Mark!,https://tr.rbxcdn.com/180DAY-5cb1fcd8fcc5fd2b23e616e1615aeacd/150/150/Image/Webp/noFilter,2026-09-10T16:44:36Z
114125816375987,[🌙] Survive The Night,https://tr.rbxcdn.com/180DAY-98339189ae1a94038f1dba9ce35eb726/150/150/Image/Webp/noFilter,2026-10-03T18:28:06Z
114146618644145,HOUSE 13 [HORROR],https://tr.rbxcdn.com/180DAY-6cef0dc9ebadf42ad7812071c8d897c2/150/150/Image/Webp/noFilter,2026-09-27T17:35:10Z
114179093480686,💀Scariest Rollercoaster,https://tr.rbxcdn.com/180DAY-9c844c7170d401c2526139e05d5847c0/150/150/Image/Webp/noFilter,2026-09-15T12:12:42Z
114204398207377,[UPDATE] Survive Zombie Arena,https://tr.rbxcdn.com/180DAY-d7072a20a9f228cec5d5c76201e1ece5/150/150/Image/Webp/noFilter,2026-09-10T16:44:36Z
114226238552788,Sky Fighters,https://tr.rbxcdn.com/180DAY-dbccb91e844cc6fb3007508aa3cf10a8/150/150/Image/Webp/noFilter,2026-09-11T18:58:03Z
114234929420007,[UPDATE] BloxStrike,https://tr.rbxcdn.com/180DAY-8acda2ca6ec95e5bf84c60507f0c3450/150/150/Image/Webp/noFilter,2026-09-10T16:44:36Z
114283239905753,[2X BOOST+2 DAYS] Crazy Skeleton RNG,https://tr.rbxcdn.com/180DAY-cfdfe0a09e4a20a0c6b0c5a504631ea2/150/150/Image/Webp/noFilter,2026-09-10T16:44:36Z
114319646192859,[⭐] Spin For Free!,https://tr.rbxcdn.com/180DAY-cb9b48063a525421956a6af027fab1f7/150/150/Image/Webp/noFilter,2026-09-11T11:41:58Z
114326934417838,Break and Steal an Egg,https://tr.rbxcdn.com/180DAY-09681cc6ee716ec38a219c7d7b59f133/150/150/Image/Webp/noFilter,2026-09-29T19:11:44Z
114357963370524,Enter Brainrot,https://tr.rbxcdn.com/180DAY-e597d4a25e5f6890d41b0be489aa18ed/150/150/Image/Webp/noFilter,2026-09-10T16:44:36Z
114381378262504,Build Whatever! [🔨],https://tr.rbxcdn.com/180DAY-1a53a06e603d0ea0ba53f5da0a824e67/150/150/Image/Webp/noFilter,2026-09-10T16:44:36Z
114501358617756,Bridge Battles!,https://tr.rbxcdn.com/180DAY-8fe1f19cf70bf8c6abdc656652f6597e/150/150/Image/Webp/noFilter,2026-09-10T16:44:36Z
114537828794341,Kpop Demon Hunters RP,https://tr.rbxcdn.com/180DAY-2b54295810a99c36ca4358898238ef17/150/150/Image/Webp/noFilter,2026-09-10T16:44:36Z
114549747848211,(UPD) Just Tornadoes 2,https://tr.rbxcdn.com/180DAY-e8d49514fb6675fa7108ad623be0c2f4/150/150/Image/Webp/noFilter,2026-09-10T23:21:35Z
114574503491412,Anime Zero [SHADOW MONARCH] 🦋👑,https://tr.rbxcdn.com/180DAY-521dffa99d5d151e446091bb3a6a7a4a/150/150/Image/Webp/noFilter,2026-10-03T17:43:08Z
114639020543523,[BETA]  Hotel Tycoon 2,https://tr.rbxcdn.com/180DAY-e0f1654e05e6f463895047d15b564ddf/150/150/Image/Webp/noFilter,2026-09-12T22:28:06Z
114640202062357,Swing Obby for Brainrots!,https://tr.rbxcdn.com/180DAY-21073a1d82493204351c328099b02f90/150/150/Image/Webp/noFilter,2026-09-10T16:44:36Z
114697347887839,🐒 +1 Speed Monkey Escape,https://tr.rbxcdn.com/180DAY-8919791cc332453f1a909bae6bfd135d/150/150/Image/Webp/noFilter,2026-09-10T16:44:36Z
114786176505608,💣 Time Bomb,https://tr.rbxcdn.com/180DAY-bc55b99c44931d3e4724bc5d14341ce0/150/150/Image/Webp/noFilter,2026-09-10T16:44:36Z
114788221976686,[🍀] Luck Incremental,https://tr.rbxcdn.com/180DAY-cccce790e00b9b2223ea67517301bb1b/150/150/Image/Webp/noFilter,2026-09-27T18:57:34Z
114842743918083,Phonk Tower 🎶,https://tr.rbxcdn.com/180DAY-5ab8f4360da9de5fce6149ee23eaf624/150/150/Image/Webp/noFilter,2026-09-17T14:45:21Z
114861592677288,Destroy Grandma,https://tr.rbxcdn.com/180DAY-5344177bec71203f9959a664f3352997/150/150/Image/Webp/noFilter,2026-09-10T16:44:36Z
115035699922620,[🐝] Build a Garden Tower,https://tr.rbxcdn.com/180DAY-cb8e3d327b2a36787d163fd76e95bb39/150/150/Image/Webp/noFilter,2026-09-10T16:44:36Z
115052402364088,🎨Paint It! Pixel Obby 🖌️,https://tr.rbxcdn.com/180DAY-839b1503473559623a4ebfa1fcf071c1/150/150/Image/Webp/noFilter,2026-09-10T23:21:35Z
115092911061119,[NEW BACKROOMS]🏠RP BY FEDE VIGEVANI🏠 ,https://tr.rbxcdn.com/180DAY-ff888b1a039c1492988910b63be54513/150/150/Image/Webp/noFilter,2026-09-10T16:44:36Z
115219789887751,YOUTUBE POLICE PRISON RUN! (Obby),https://tr.rbxcdn.com/180DAY-cfb1213ee8b9250c6de3dd01d00c49de/150/150/Image/Webp/noFilter,2026-09-11T17:58:02Z
115224559183176,Metropolis RP,https://tr.rbxcdn.com/180DAY-ade0035b5614d8ae1055eb6cfc08c04c/150/150/Image/Webp/noFilter,2026-09-10T23:21:35Z
115286378269814,Protect The House From Monsters,https://tr.rbxcdn.com/180DAY-c6ff4cb66ca91ec18d705b05082b234a/150/150/Image/Webp/noFilter,2026-09-10T16:44:36Z
115338810233057,[UPD!🏆] Zombie Tower,https://tr.rbxcdn.com/180DAY-8a2cc5b66a88dd2394343b5755999401/150/150/Image/Webp/noFilter,2026-09-12T03:13:03Z
115427048845142,🏰 Medieval Life [BECOME KING 👑],https://tr.rbxcdn.com/180DAY-f36bd0310ea9469ad77f4e30725c3840/150/150/Image/Webp/noFilter,2026-09-12T16:49:10Z
115546062808020,Spiral Conveyor Tower,https://tr.rbxcdn.com/180DAY-562f33b2c326ab75574d4f49466c01db/150/150/Image/Webp/noFilter,2026-09-12T13:54:57Z
115618367729321,TITAN BASH! (TESTING),https://tr.rbxcdn.com/180DAY-c70ea439a8148d70c2ee77a480bc92cf/150/150/Image/Webp/noFilter,2026-09-10T16:44:36Z
115620466946909,MONSTER TRUCK WORLD,https://tr.rbxcdn.com/180DAY-4e563d674b7001a0d0f4b07a2a9b5bdf/150/150/Image/Webp/noFilter,2026-09-10T16:44:36Z
115668616082195,WHO FARTED?,https://tr.rbxcdn.com/180DAY-922dbe37509bd44c4a2e3fca8850895f/150/150/Image/Webp/noFilter,2026-10-01T15:35:29Z
115681808123944,[🌎W8] Throw a Coin,https://tr.rbxcdn.com/180DAY-1f09081d49313a2c6f47d62b9b08a301/150/150/Image/Webp/noFilter,2026-09-10T16:44:36Z
115875360612307,+1 Speed Verity Escape [Keyboard],https://tr.rbxcdn.com/180DAY-938598df4440b86b6fd01133e814fcb1/150/150/Image/Webp/noFilter,2026-09-19T19:43:04Z
116058355775210,[🏡UPDATE!] Home Creator,https://tr.rbxcdn.com/180DAY-afd3addb7ba7c362064a1d9788da34b2/150/150/Image/Webp/noFilter,2026-09-10T16:44:36Z
116070952245255,[⏳] Build Base to Survive VERITY,https://tr.rbxcdn.com/180DAY-a53a12eb893b97d2bff6d69cf375d987/150/150/Image/Webp/noFilter,2026-09-10T16:44:36Z
116113866980358,💰 Deadly Heist 💰,https://tr.rbxcdn.com/180DAY-b99449a0e05eae3fb484bb0360bfec44/150/150/Image/Webp/noFilter,2026-09-10T16:44:36Z
116192088324578,🎃 [HALLOWEEN EVENT] FNaF World Multiplayer,https://tr.rbxcdn.com/180DAY-8c3faade02d7710a08d25dc152ca27b7/150/150/Image/Webp/noFilter,2026-10-08T13:54:15Z
116223724643557,🌊+1 Magic Evolution,https://tr.rbxcdn.com/180DAY-36793affa969b07c4e77a0603a45c706/150/150/Image/Webp/noFilter,2026-09-10T16:44:36Z
116495829188952,Dead Rails,https://tr.rbxcdn.com/180DAY-73310f33b2ecd73ed0e37b9b24407bf4/150/150/Image/Webp/noFilter,2026-09-10T16:44:36Z
116497287371701,[🍲] Karinderya!,https://tr.rbxcdn.com/180DAY-57a916807f5f2908d68898871f00accc/150/150/Image/Webp/noFilter,2026-09-10T16:44:36Z
116501341774429,[🧸] Defend Your Plushie! TD,https://tr.rbxcdn.com/180DAY-ab75befe47e1286171e0f885f481ea08/150/150/Image/Webp/noFilter,2026-09-10T16:44:36Z
116605585218149,[🎅UPD ] GO FISHING 🐟,https://tr.rbxcdn.com/180DAY-5a59862b56d17458f0b03625674e9d3a/150/150/Image/Webp/noFilter,2026-09-11T04:31:54Z
116623319969839,Kick Your Friend [2 Player Obby],https://tr.rbxcdn.com/180DAY-36b5a2479e6ff2a46c4aba1271abb563/150/150/Image/Webp/noFilter,2026-09-12T21:21:14Z
116682722075937,2 Player Battle Tycoon,https://tr.rbxcdn.com/180DAY-ae02e7a6d58eb48e658a133c4feec92e/150/150/Image/Webp/noFilter,2026-09-19T18:28:04Z
116701845804918,Peel THE Potato,https://tr.rbxcdn.com/180DAY-f87843c4a06a71adbeb929ebd113c440/150/150/Image/Webp/noFilter,2026-10-08T17:45:25Z
116766451305209,Anime Story 2: The Final Novel,https://tr.rbxcdn.com/180DAY-bceda8c3624cc697c34409b46399bb2a/150/150/Image/Webp/noFilter,2026-09-21T03:43:05Z
116802325837172,7 Days Cat-Sitting,https://tr.rbxcdn.com/180DAY-476b0e6ef408181621958c4d6fd27b33/150/150/Image/Webp/noFilter,2026-10-03T17:43:08Z
116921506811323,[NEW] 8 Ball Duels,https://tr.rbxcdn.com/180DAY-1665c1de5629c13b52c2b89450450a31/150/150/Image/Webp/noFilter,2026-09-16T21:28:01Z
117090463954607,[📝Contracts] Own A Market,https://tr.rbxcdn.com/180DAY-a3d55143feea6ae01d546b80298f25e9/150/150/Image/Webp/noFilter,2026-09-19T13:58:40Z
117166102323457,Damnation [INDEV],https://tr.rbxcdn.com/180DAY-b479f59214184fba547d09e5c1f9e013/150/150/Image/Webp/noFilter,2026-09-26T17:13:05Z
117180001724009,[UPD] Win A World Championship,https://tr.rbxcdn.com/180DAY-c471e0bf2e280a9d04a326eb02d0adf1/150/150/Image/Webp/noFilter,2026-09-10T16:44:36Z
117246040666343,Stick Fight: Roblox Edition,https://tr.rbxcdn.com/180DAY-8a2697fd834540d392bb6a9ca522cf1f/150/150/Image/Webp/noFilter,2026-09-11T19:13:02Z
117327625970270,Italian Brainrot Speed Clicker 🧠⚡,https://tr.rbxcdn.com/180DAY-db48d8e725b21ac03da714e6d14e66d1/150/150/Image/Webp/noFilter,2026-10-01T15:35:29Z
117381420723145,Summon Heroes [🎃],https://tr.rbxcdn.com/180DAY-ea82554cb309e5be717c04e93c15ee8f/150/150/Image/Webp/noFilter,2026-09-10T16:44:36Z
117433621747604,[UPD] Be the King 👑,https://tr.rbxcdn.com/180DAY-2847aaea863b30b9765dfb38538ca599/150/150/Image/Webp/noFilter,2026-09-11T15:13:25Z
117448312570314,[1 & 2 PLAYER] Grapple Cart Obby,https://tr.rbxcdn.com/180DAY-03bfaf1034c88823468c27d94e0d1603/150/150/Image/Webp/noFilter,2026-09-27T17:35:10Z
117533937949084,Iron Soul: Dungeon,https://tr.rbxcdn.com/180DAY-9f3937d807b20e7fa39828573229f4f0/150/150/Image/Webp/noFilter,2026-09-10T16:44:36Z
117539213094671,Roll A Gnome,https://tr.rbxcdn.com/180DAY-0cfe7e3a269ef4bf7b6f624eda4e55ce/150/150/Image/Webp/noFilter,2026-09-10T16:44:36Z
117713779364528,Lethal Ape Experience [☠️BTM],https://tr.rbxcdn.com/180DAY-332e50fed54f89df3141cfc968e1604b/150/150/Image/Webp/noFilter,2026-09-10T16:44:36Z
117735412151102,Catch Brainrots From River,https://tr.rbxcdn.com/180DAY-7da83082369789253e7031358dab92fe/150/150/Image/Webp/noFilter,2026-10-04T05:28:07Z
117752943664280,[🎃HALLOWEEN] Roll A Pack!,https://tr.rbxcdn.com/180DAY-61b6d3fc3debc4c7cd5c861b89e037c5/150/150/Image/Webp/noFilter,2026-09-10T16:44:36Z
117795955884406,[SKINS] Chrono Warfare | Tower Defense,https://tr.rbxcdn.com/180DAY-95499222ae2372d9526ec896953f0019/150/150/Image/Webp/noFilter,2026-09-18T22:28:05Z
117868278782684,Supermarket Together,https://tr.rbxcdn.com/180DAY-5907a6bcb1eca815bc69e0893f14875d/150/150/Image/Webp/noFilter,2026-09-10T16:44:36Z
117883700024872,[UPD] Aura Dance Battles 🔥,https://tr.rbxcdn.com/180DAY-eb7cb0166fe97ec2998bc9e80a81f736/150/150/Image/Webp/noFilter,2026-09-24T20:13:07Z
117935850321807,Makeup Mania! BETA [LASH TECH UPDATE],https://tr.rbxcdn.com/180DAY-e6c63fd5627b22ed4c1ab936f42b9dcb/150/150/Image/Webp/noFilter,2026-10-07T02:09:43Z
117949143041402,[ 🏆UPD0.5 ] Anime Mysterious ,https://tr.rbxcdn.com/180DAY-97ae7af8622f5bfaf8ca2ed29bf420e4/150/150/Image/Webp/noFilter,2026-10-03T17:43:08Z
117951390082378,survive simulator,https://tr.rbxcdn.com/180DAY-af6c024d3f466946c163baa73f097ef8/150/150/Image/Webp/noFilter,2026-09-16T20:04:40Z
117985153726741,Own a Grocery Store 🛒,https://tr.rbxcdn.com/180DAY-95c3afa539dc999bdd0a80901e0eaab2/150/150/Image/Webp/noFilter,2026-10-01T15:35:29Z
118022306740532,2 Player Fast Food Tycoon 🍟,https://tr.rbxcdn.com/180DAY-0e8cd8385d0a62c2f09810fefc3f4d6b/150/150/Image/Webp/noFilter,2026-09-12T13:54:57Z
118055952211055,Hack A Business,https://tr.rbxcdn.com/180DAY-4c2a1b424298efdc9826100dbb4ccff1/150/150/Image/Webp/noFilter,2026-09-10T16:44:36Z
118198615964701,(🔥) Dummy Defense,https://tr.rbxcdn.com/180DAY-52c0a2316bd86f4da0958d4c5a5b5a04/150/150/Image/Webp/noFilter,2026-09-10T16:44:36Z
118298168947099,That Freekick Challenge (TFC),https://tr.rbxcdn.com/180DAY-10dfad03638f2081ebad76e22fd5b6d1/150/150/Image/Webp/noFilter,2026-09-24T20:13:07Z
118367369949006,Ground War [TANKS],https://tr.rbxcdn.com/180DAY-56f7962cbd0fb76c32df7ad1b2d78612/150/150/Image/Webp/noFilter,2026-09-10T16:44:36Z
118418618261207,RUNAWAYS [beta],https://tr.rbxcdn.com/180DAY-f7d09509c6a41f92ca54676fad6b1188/150/150/Image/Webp/noFilter,2026-09-10T16:44:36Z
118447215156914,Prism Runway Show💎,https://tr.rbxcdn.com/180DAY-9d0cb5fd7fbcbc8da668e89a4e8e7988/150/150/Image/Webp/noFilter,2026-09-10T16:44:36Z
118464614321108,Biker Duo 🏍️ [2 Player Obby],https://tr.rbxcdn.com/180DAY-6f7a3bcc1a4d9186bb5bf831ec22a202/150/150/Image/Webp/noFilter,2026-10-01T15:35:29Z
118546475246005,[🔥] Ability Slap Tower 3✋,https://tr.rbxcdn.com/180DAY-39b679e00a97550b78bbc6071716d23c/150/150/Image/Webp/noFilter,2026-09-10T16:44:36Z
118576822282213,Guess Flags For Soccer Players,https://tr.rbxcdn.com/180DAY-4a284a761f348ba19c5566d403222641/150/150/Image/Webp/noFilter,2026-09-10T16:44:36Z
118582391303761,UNTITLED RPG GAME,https://tr.rbxcdn.com/180DAY-893fb29a13f694c673d5ecb0ed38fb45/150/150/Image/Webp/noFilter,2026-09-11T06:13:02Z
118608618152057,Keyboard Bridge Wars! 🧱,https://tr.rbxcdn.com/180DAY-dd7ea4d5523fd33c50fdf7c5276413df/150/150/Image/Webp/noFilter,2026-09-10T16:44:36Z
118637423917462,Case Paradise,https://tr.rbxcdn.com/180DAY-b54afe8ae3786f5ca923a78fdfc334c6/150/150/Image/Webp/noFilter,2026-09-10T16:44:36Z
118770786913389,Pop Starz ⭐ ,https://tr.rbxcdn.com/180DAY-14ca971e239029f77a0abdb50344b2ed/150/150/Image/Webp/noFilter,2026-09-12T13:54:57Z
118805555015549,[BOSS]+1 Loot To Forge,https://tr.rbxcdn.com/180DAY-933c3d4689bb61d220d3d862135f8637/150/150/Image/Webp/noFilter,2026-09-19T20:13:11Z
118806061296143,[👿⚔️] KPop Demon Hunters,https://tr.rbxcdn.com/180DAY-9acc2070c5450e2ebe3b88a0a770cd41/150/150/Image/Webp/noFilter,2026-09-10T16:44:36Z
118845698633260,Pet Store Tycoon,https://tr.rbxcdn.com/180DAY-b6e63ffe6997a721c0fb5afb1bd7d71b/150/150/Image/Webp/noFilter,2026-10-08T17:45:25Z
118889111240517,Aura Edit Slap Battles 🎵,https://tr.rbxcdn.com/180DAY-eda4055e0bb7d1f57c6a2695608230b6/150/150/Image/Webp/noFilter,2026-09-10T16:44:36Z
118891884735667,Teamwork Tower,https://tr.rbxcdn.com/180DAY-b74b46d195edd8e6ec62174f995c932f/150/150/Image/Webp/noFilter,2026-09-10T16:44:36Z
118952094447715,Capture for Magic!,https://tr.rbxcdn.com/180DAY-47fa463f914d9aba379f8afb9a0c53ac/150/150/Image/Webp/noFilter,2026-09-10T16:44:36Z
118973301158777,[UPDATE] +1 Aura Climb Tower,https://tr.rbxcdn.com/180DAY-5df8fdd8976c172d53e2811c6c22509b/150/150/Image/Webp/noFilter,2026-09-10T16:44:36Z
119004860768199,[UPD]BreakDoor,https://tr.rbxcdn.com/180DAY-7908f069f48fd06b95e5e9a1be8240f7/150/150/Image/Webp/noFilter,2026-09-10T16:44:36Z
119031147890918,Dino Hunters[UPD],https://tr.rbxcdn.com/180DAY-4b2eb340e137a14c3e8db1e189c57abb/150/150/Image/Webp/noFilter,2026-09-10T16:44:36Z
119031818630096,TANPANAMA,https://tr.rbxcdn.com/180DAY-3d717fca6cca7c3bbad5ecb8f3bffb76/150/150/Image/Webp/noFilter,2026-10-03T18:28:06Z
119048529960596,[⭐] Restaurant Tycoon 3,https://tr.rbxcdn.com/180DAY-41d941d88e93a75975cf19d97d49143b/150/150/Image/Webp/noFilter,2026-09-10T16:44:36Z
119055906651998,Fast Food Simulator,https://tr.rbxcdn.com/180DAY-3325ccc01f9ba75d70ed0c5c772d0618/150/150/Image/Webp/noFilter,2026-09-12T13:54:57Z
119068914321553,[⚔️CLANS] Traitor VS Sheriff DUELS,https://tr.rbxcdn.com/180DAY-b9038842720abbc347a1482abdbd68ff/150/150/Image/Webp/noFilter,2026-09-10T16:44:36Z
119156763806075,2 Player Pizza Tycoon 🍕,https://tr.rbxcdn.com/180DAY-fec0072272f4a1d1437c2fa5c0768503/150/150/Image/Webp/noFilter,2026-10-08T17:45:25Z
119168493101362,Draw It Better! 🎨,https://tr.rbxcdn.com/180DAY-8643acaecd40773c44ee569d3ab14893/150/150/Image/Webp/noFilter,2026-09-10T16:44:36Z
119209026892378,Would You Rather: Kpop Demon Hunters Tower 👚,https://tr.rbxcdn.com/180DAY-99ede610f3daeff0ce0d3fc02ca0e9f5/150/150/Image/Webp/noFilter,2026-09-10T16:44:36Z
119232593159524,[QUESTS] Five TD's (Early Access),https://tr.rbxcdn.com/180DAY-1159dec64c7bd584f38424f1c09e84a3/150/150/Image/Webp/noFilter,2026-09-22T21:59:13Z
119271610514030,[🌌NEW VAULT] Break a Brainrot Egg!,https://tr.rbxcdn.com/180DAY-8494ae2893dad74260d73bee65821804/150/150/Image/Webp/noFilter,2026-09-10T16:44:36Z
119355263204054,Keyboard Wars,https://tr.rbxcdn.com/180DAY-ff954522ada8461735ede33157f09fe9/150/150/Image/Webp/noFilter,2026-09-10T16:44:36Z
119364915719874,Overworld,https://tr.rbxcdn.com/180DAY-3198b0a2a3a80e6290dcb8d21d549121/150/150/Image/Webp/noFilter,2026-10-09T18:43:08Z
119405710070223,I HATE BRAINROT,https://tr.rbxcdn.com/180DAY-7d91145bd09443e039e9e74946bc0795/150/150/Image/Webp/noFilter,2026-09-10T18:23:54Z
119427438574114,Save Your Cat 🐈🌳,https://tr.rbxcdn.com/180DAY-106544ce1068ed48bdb0cc443493eb4f/150/150/Image/Webp/noFilter,2026-09-10T16:44:36Z
119441025136387,💥Super Soldiers,https://tr.rbxcdn.com/180DAY-17a5e0969daabf4cd87ae82572100713/150/150/Image/Webp/noFilter,2026-09-26T14:30:37Z
119455737640001,Logo Color Bridge,https://tr.rbxcdn.com/180DAY-5e75ab03a0d66abf1501f5ccc0806780/150/150/Image/Webp/noFilter,2026-09-10T16:44:36Z
119473104067789,Would You Rather: Age Tower 👶,https://tr.rbxcdn.com/180DAY-bf0f6c157af8969863089bfbd69a9b22/150/150/Image/Webp/noFilter,2026-09-10T16:44:36Z
119524908037342,[RitesUPD] Scary Meatball Stall 🍜 Bakso Anomalies,https://tr.rbxcdn.com/180DAY-af17a9b6b2b62c660cbbd0e1aefa0996/150/150/Image/Webp/noFilter,2026-09-11T04:31:54Z
119569506060933,Craft a Menu,https://tr.rbxcdn.com/180DAY-6276786fb518fdc88dad861fdf724040/150/150/Image/Webp/noFilter,2026-09-12T13:54:57Z
119579217517090,Escape Waves For Lucky Blocks,https://tr.rbxcdn.com/180DAY-a6f8e792072c055b719a53fc0842fc10/150/150/Image/Webp/noFilter,2026-09-10T16:44:36Z
119609933650338,[⏰ Event] Dog Race 🐕💨,https://tr.rbxcdn.com/180DAY-19dc9804d3e81a7b7aa5a82b021437f2/150/150/Image/Webp/noFilter,2026-09-10T16:44:36Z
119741101026672,Escape 99 Rooms🔑,https://tr.rbxcdn.com/180DAY-68b164b9ddccfee36f3e0b48690801eb/150/150/Image/Webp/noFilter,2026-09-10T16:44:36Z
119789365111500,💥 Tank Game! [2.4],https://tr.rbxcdn.com/180DAY-b1bedb8d41f73107e5d7c7351a0683e5/150/150/Image/Webp/noFilter,2026-09-10T16:44:36Z
119795911462450,Steal a SpongeBob,https://tr.rbxcdn.com/180DAY-9430fb851c23a8e42c31f8cb8a5cd680/150/150/Image/Webp/noFilter,2026-09-29T00:13:06Z
119822977170203,Power Blast Lucky Blocks!,https://tr.rbxcdn.com/180DAY-a64dad03d2f4cc71a7e0bc13de8f3f5c/150/150/Image/Webp/noFilter,2026-09-10T16:44:36Z
119865329453489,Skaters Of Hell,https://tr.rbxcdn.com/180DAY-b2745c91f4acad4b8ac7e6604df321af/150/150/Image/Webp/noFilter,2026-10-03T17:43:08Z
119910584000876,Backrooms Morphs 2 🧟‍♂️👻,https://tr.rbxcdn.com/180DAY-782927b5c568c180d674fdb9da334eb8/150/150/Image/Webp/noFilter,2026-09-10T23:21:35Z
119987266683883,Survive LAVA for Brainrots!,https://tr.rbxcdn.com/180DAY-971799fb23d74c365e104de9daf1106f/150/150/Image/Webp/noFilter,2026-09-10T16:44:36Z
120014184236770,Seal A Driveway [NEW MAP🛢️],https://tr.rbxcdn.com/180DAY-68a5f5ebf8006386039cb57e9116553e/150/150/Image/Webp/noFilter,2026-09-10T16:44:36Z
120038828993910,Catchy [👽] Catch Rare Pets,https://tr.rbxcdn.com/180DAY-1386e29f6dc0da4350ea0a9f991acef8/150/150/Image/Webp/noFilter,2026-09-26T19:43:08Z
120135584963579,Don’t Steal the Bobo 🐻,https://tr.rbxcdn.com/180DAY-50b81eff9c70eb076bc5fca296a4a0c1/150/150/Image/Webp/noFilter,2026-09-10T16:44:36Z
120140631282295,[UPD] DON'T GET CAUGHT CHEATING! 👁️,https://tr.rbxcdn.com/180DAY-e50ad47e11976ae2466c8febb79d39a6/150/150/Image/Webp/noFilter,2026-09-10T16:44:36Z
120154566897536,Paint an Album,https://tr.rbxcdn.com/180DAY-e3192f7653a3c09799d7d852b21aae87/150/150/Image/Webp/noFilter,2026-09-10T16:44:36Z
120189115846709,TTK Testing [SERVERBROWSER],https://tr.rbxcdn.com/180DAY-592dafc750fd18baec6ac0cd1bfb4dce/150/150/Image/Webp/noFilter,2026-09-10T16:44:36Z
120200839841232,Grinpees School,https://tr.rbxcdn.com/180DAY-1adc5552d6960e9451339d3efd856e5e/150/150/Image/Webp/noFilter,2026-09-24T20:28:04Z
120217704230083,Dungeon Hunters [UPD],https://tr.rbxcdn.com/180DAY-ba783794bd8b5ab430a9751c3ae46870/150/150/Image/Webp/noFilter,2026-09-10T16:44:36Z
120252007682677,Surf And Rescue 🌊🛟,https://tr.rbxcdn.com/180DAY-00b92f516d5fe166e1598e500b98d4a5/150/150/Image/Webp/noFilter,2026-09-27T17:35:10Z
120299070926116,Breakfast House 🥧RP,https://tr.rbxcdn.com/180DAY-e0503cd8730b7f78b23b61a59d94f624/150/150/Image/Webp/noFilter,2026-09-10T16:44:36Z
120312206928316,"SLIDE 999,999 MILES IN A BOX OBBY!",https://tr.rbxcdn.com/180DAY-9298a81331a395eafe1158958b4c74e9/150/150/Image/Webp/noFilter,2026-10-08T23:58:01Z
120329833999324,GUNS VS FNAF,https://tr.rbxcdn.com/180DAY-82655fbdd9c693e2f55ae2f5f6f44f58/150/150/Image/Webp/noFilter,2026-09-18T17:13:04Z
120398694613042,[UPD] 🤪Super Epic Crazy Tag,https://tr.rbxcdn.com/180DAY-63b17089e0f4bcdf82fcc4213785f0be/150/150/Image/Webp/noFilter,2026-09-10T16:44:36Z
120450743769548,Clean the Supermarket!,https://tr.rbxcdn.com/180DAY-c5c71dce4258702796c082f67bd27993/150/150/Image/Webp/noFilter,2026-09-10T16:44:36Z
120468139832999,Jujutsu School🏫 (Anomaly) ,https://tr.rbxcdn.com/180DAY-a7aa02639dabd45247b6b4b3ec2d94f1/150/150/Image/Webp/noFilter,2026-10-03T17:43:08Z
120475074479690,Steal From The Rich!,https://tr.rbxcdn.com/180DAY-da13f1962d034aae2b8bb69518925b89/150/150/Image/Webp/noFilter,2026-09-27T17:35:10Z
120546894379169,Cars vs Trucks,https://tr.rbxcdn.com/180DAY-3e174772a72047a7e213dbd943d58d90/150/150/Image/Webp/noFilter,2026-09-10T16:44:36Z
120550559221143,Fur Infection Outbreak,https://tr.rbxcdn.com/180DAY-e843d432b8a116d66593e9f34a587f25/150/150/Image/Webp/noFilter,2026-09-10T16:44:36Z
120564326011184,Be a YouTuber! 🔴🎥,https://tr.rbxcdn.com/180DAY-aa18836e9686d22a1ea771b5e1240514/150/150/Image/Webp/noFilter,2026-09-10T16:44:36Z
120656419209274,(🩸) Drill for Eggs,https://tr.rbxcdn.com/180DAY-fd7cbfd31069874d5a726eae1ef6bbc2/150/150/Image/Webp/noFilter,2026-10-03T17:43:08Z
120700541929930,Knife VS Gun DUELS,https://tr.rbxcdn.com/180DAY-f4eba8af4f0af179c1b531a743d9b0e1/150/150/Image/Webp/noFilter,2026-09-10T16:44:36Z
120704669141193,[V13] Blox Loot,https://tr.rbxcdn.com/180DAY-7e1c4bdb86d657e9d730fb292b83f817/150/150/Image/Webp/noFilter,2026-09-10T16:44:36Z
120742901763323,[🔰UPDATE ] Beat Obbies For Noobs,https://tr.rbxcdn.com/180DAY-3e966dace5df662c853a8c8b1108effa/150/150/Image/Webp/noFilter,2026-09-11T01:22:17Z
120766736586332,[💪] +1 Strength Per Click,https://tr.rbxcdn.com/180DAY-71d8e88e7428260723866359557ae855/150/150/Image/Webp/noFilter,2026-09-10T16:44:36Z
120790217521707,[💌] Roll a Fat Friend [2 Players Obby],https://tr.rbxcdn.com/180DAY-4b3656634e683df7f804d178c896f899/150/150/Image/Webp/noFilter,2026-09-10T16:44:36Z
120841752776030,[🎃] Merge Shop,https://tr.rbxcdn.com/180DAY-91db20788a3b74ec2183d3c0d4e95e2d/150/150/Image/Webp/noFilter,2026-09-10T16:44:36Z
120851538706364,Murder Duels,https://tr.rbxcdn.com/180DAY-404c7bbf8729c9a61b58a9a15acaba9d/150/150/Image/Webp/noFilter,2026-09-10T16:44:36Z
120867750718410,Hero Legends [UPDATE!],https://tr.rbxcdn.com/180DAY-8e48ddaa1e691ac54347ca5038d76152/150/150/Image/Webp/noFilter,2026-09-26T18:13:05Z
120922552721050,Diving Legends,https://tr.rbxcdn.com/180DAY-927cd3e89146ef6be8a7386baf8bf29a/150/150/Image/Webp/noFilter,2026-09-10T16:44:36Z
120944686522212,[⏰5 MINUTES] Verity [REALISTIC],https://tr.rbxcdn.com/180DAY-0b29ff24b2b52c47e64c126df8a93927/150/150/Image/Webp/noFilter,2026-09-10T16:44:36Z
120951586797306,🙈 Killer or Innocent,https://tr.rbxcdn.com/180DAY-dd3dabc96559dae53206a5a8089fc624/150/150/Image/Webp/noFilter,2026-09-16T20:04:40Z
121091852804618,Coil Troll Tower,https://tr.rbxcdn.com/180DAY-aae4d7045523e14b47c7911f4e14fe2c/150/150/Image/Webp/noFilter,2026-09-14T10:46:16Z
121125129560252, [🌎] Mine a Planet  ,https://tr.rbxcdn.com/180DAY-00ffbc9461e1f46fe669a3fe29a104bc/150/150/Image/Webp/noFilter,2026-09-12T02:13:05Z
121127868367976, [🔨Craft] Make an Army 🚩 : Red VS Blue [Beta],https://tr.rbxcdn.com/180DAY-a61dd4832f9781829e8ad2d59d87443a/150/150/Image/Webp/noFilter,2026-09-12T06:28:01Z
121165298854655,DON'T LET HIM IN [NEW MAP] ,https://tr.rbxcdn.com/180DAY-2647fda793e210b742a8b40e5e9e62fd/150/150/Image/Webp/noFilter,2026-10-03T17:43:08Z
121255181515820,[Odium+RGB] Pillar Chase,https://tr.rbxcdn.com/180DAY-b2991e8b0287c3e932d5a1b34d4b67a1/150/150/Image/Webp/noFilter,2026-09-20T20:54:47Z
121268060261990,🚨Suspect,https://tr.rbxcdn.com/180DAY-88deb922364de8f37a8b1cb2966eee92/150/150/Image/Webp/noFilter,2026-09-10T16:44:36Z
121297490325652,[YARARARA] Mrouse's Animations,https://tr.rbxcdn.com/180DAY-036dcaae977da78d669e4e82a517ad4e/150/150/Image/Webp/noFilter,2026-09-12T22:28:06Z
121326136128491,Math for Brainrots!,https://tr.rbxcdn.com/180DAY-90e59f869a51cbc4b559dd4908d8902c/150/150/Image/Webp/noFilter,2026-09-17T14:45:21Z
121439935748881,The Core of Wallhop Tower,https://tr.rbxcdn.com/180DAY-1f6e9d4c0062a055b54274d86e77944f/150/150/Image/Webp/noFilter,2026-09-11T04:31:54Z
121443295737695,Sail For Eggs,https://tr.rbxcdn.com/180DAY-adf53e00c9971a010437456e964b966b/150/150/Image/Webp/noFilter,2026-10-01T15:35:29Z
121461214257813,Be an SCP or Guard [SCP-682],https://tr.rbxcdn.com/180DAY-85676c7435bf08a373102aa228de6b11/150/150/Image/Webp/noFilter,2026-09-10T16:44:36Z
121513083387656,Lava Boat,https://tr.rbxcdn.com/180DAY-c2fc94b91d7cbfe76ffc7bf7b1133392/150/150/Image/Webp/noFilter,2026-09-11T11:41:58Z
121567535120062, 🔥[UPDATE]🔥Central Streets,https://tr.rbxcdn.com/180DAY-684b22b0368248a3b4a51025e5a50f68/150/150/Image/Webp/noFilter,2026-09-12T03:13:03Z
121766265831153,Rescue Pets!,https://tr.rbxcdn.com/180DAY-f8ee222f91d3fbcf9fdb86bb899654f3/150/150/Image/Webp/noFilter,2026-09-10T16:44:36Z
121780816998126,100 Days on Chunk ,https://tr.rbxcdn.com/180DAY-ea9de57910830673dee6951c6c125b8c/150/150/Image/Webp/noFilter,2026-09-21T18:19:39Z
121781732399469,[UPD] Anomaly Cafe ,https://tr.rbxcdn.com/180DAY-071b29c09b506d995393c885373ed9f6/150/150/Image/Webp/noFilter,2026-09-10T16:44:36Z
121831322352666,Dig For Eggs,https://tr.rbxcdn.com/180DAY-4e5343f1837f26dd948e672773d9dd76/150/150/Image/Webp/noFilter,2026-09-27T17:35:10Z
121832258967987,Racer Vs Police AI,https://tr.rbxcdn.com/180DAY-5455b4964607f2b513751e618ecdecd8/150/150/Image/Webp/noFilter,2026-09-12T01:11:09Z
121864768012064,[🦑UPD] Fish It! 🐟,https://tr.rbxcdn.com/180DAY-e08f0cfbb0ef3546854cdc1537e1f511/150/150/Image/Webp/noFilter,2026-09-10T16:44:36Z
121903154323395,PURSUITCORE,https://tr.rbxcdn.com/180DAY-ead527fe6584cafa0f85721707fdaf8a/150/150/Image/Webp/noFilter,2026-09-10T18:23:54Z
122075434066550,🔥Floor is Lava Tower,https://tr.rbxcdn.com/180DAY-0669c3a942f8bf1e5f51dfa9ca492dc8/150/150/Image/Webp/noFilter,2026-09-26T23:11:01Z
122093998639862,The Morgue Shift,https://tr.rbxcdn.com/180DAY-5db8762ed9111d9d4bee2052c2317d60/150/150/Image/Webp/noFilter,2026-09-10T16:44:36Z
122210373338408,Mosquitoes VS Humans,https://tr.rbxcdn.com/180DAY-2c9103a81ccb8bc82bbe9d1ea69a1ccf/150/150/Image/Webp/noFilter,2026-09-19T22:41:21Z
122216176958450,[🎃] Steal A Seed!,https://tr.rbxcdn.com/180DAY-3872c0606e7db65619178fe4a3c52a8f/150/150/Image/Webp/noFilter,2026-09-10T23:21:35Z
122245938604556,[☁️WORLD 2] +1 Tongue Escape😛,https://tr.rbxcdn.com/180DAY-ce75ba975311f4b5b55c7a7cec341d87/150/150/Image/Webp/noFilter,2026-09-10T16:44:36Z
122278212262864,Race for Eggs,https://tr.rbxcdn.com/180DAY-52daf4a604a73c91a312343322b7f997/150/150/Image/Webp/noFilter,2026-09-19T20:13:11Z
122283068696619,[🔴] Ball Drop Game! (RNG),https://tr.rbxcdn.com/180DAY-a843ee48c0c12b3e2ce3e953ae498743/150/150/Image/Webp/noFilter,2026-09-10T16:44:36Z
122332285860226,Troll is a pinning tower 0,https://tr.rbxcdn.com/180DAY-b2f08a058ac0bcaf7729d84693506221/150/150/Image/Webp/noFilter,2026-09-11T23:29:25Z
122353518030208,Decorate the Backrooms,https://tr.rbxcdn.com/180DAY-dac5593739bafc6ba09a14a26f3fecfc/150/150/Image/Webp/noFilter,2026-09-12T01:11:09Z
122433454504469,Dog VS Police,https://tr.rbxcdn.com/180DAY-986932ec8b81be60b612ce1b43464ce0/150/150/Image/Webp/noFilter,2026-09-10T16:44:36Z
122446657157717,[🔥UPD] Sniper Arena,https://tr.rbxcdn.com/180DAY-b69983e76d9d467921a247e4988ecc09/150/150/Image/Webp/noFilter,2026-09-10T16:44:36Z
122454884469606,Hit The Thrift,https://tr.rbxcdn.com/180DAY-da6e8b2e593ac6fe30ec78f334e3c4e1/150/150/Image/Webp/noFilter,2026-09-10T16:44:36Z
122459023036849,[ATC] Air Traffic Simulator,https://tr.rbxcdn.com/180DAY-5b2590799e26c2c079128a0856583089/150/150/Image/Webp/noFilter,2026-09-19T18:43:12Z
122485613019196,Dubai 🏡 RP [ LONDON! ✈️],https://tr.rbxcdn.com/180DAY-c29b27cf0707c477589f1d5669a037f9/150/150/Image/Webp/noFilter,2026-09-10T16:44:36Z
122498324859761,2 Player Ice Cream Tycoon 🍦,https://tr.rbxcdn.com/180DAY-0bb81e14ce42e4b5185598d2ce8ac6d1/150/150/Image/Webp/noFilter,2026-09-27T17:35:10Z
122507029092776,Build a +1 Obby,https://tr.rbxcdn.com/180DAY-fa3ed86dccdc05b06ac4b924665aa202/150/150/Image/Webp/noFilter,2026-09-10T16:44:36Z
122553263569744,[UPDATE 6.5] Anime Stars,https://tr.rbxcdn.com/180DAY-a7d5ff13b4639a6fa5efdff28bec5b42/150/150/Image/Webp/noFilter,2026-09-10T16:44:36Z
122572082932179,[💎] Sell Ores ⛏️,https://tr.rbxcdn.com/180DAY-ac118a7cc9e51f39a4c47d1b02e8fccc/150/150/Image/Webp/noFilter,2026-09-10T16:44:36Z
122593073500987,[UPDATE 🎉] Battle Minigames,https://tr.rbxcdn.com/180DAY-b09c7e36ec9f11edef03aff147c3fac0/150/150/Image/Webp/noFilter,2026-09-11T04:44:31Z
122606989565107,Obby But You're on a Scooter,https://tr.rbxcdn.com/180DAY-caa1dd5ab8351b7ca0aa3ca5282beab1/150/150/Image/Webp/noFilter,2026-09-10T16:44:36Z
122700472919801,PANTSIR [WARFARE UPDATE],https://tr.rbxcdn.com/180DAY-e73c4cee554cfb934e650f61ae76fbdb/150/150/Image/Webp/noFilter,2026-09-10T16:44:36Z
122702016864571,Murder Infinite,https://tr.rbxcdn.com/180DAY-a847d57a829bc8793ca9964454690238/150/150/Image/Webp/noFilter,2026-10-03T17:43:08Z
122720857080780,[🎃HALLOWEEN + LIMITEDS] Corsa Legends [ALPHA],https://tr.rbxcdn.com/180DAY-62015951778eec3034fd48486e1fee0c/150/150/Image/Webp/noFilter,2026-09-10T16:44:36Z
122746235831087,🚂 Ride and Slide! [🚀 RIDE PALS] ,https://tr.rbxcdn.com/180DAY-d59112dfb9d873488b575badeb3c33c7/150/150/Image/Webp/noFilter,2026-09-11T15:13:25Z
122802147482832,24 Hours Overnight,https://tr.rbxcdn.com/180DAY-52c51bae8cd14d1319f7e1a5ea355555/150/150/Image/Webp/noFilter,2026-09-10T16:44:36Z
122889506854558,Find and snipe Brainrot【update】,https://tr.rbxcdn.com/180DAY-212b23257cb3ad792f50fd13e4287bc1/150/150/Image/Webp/noFilter,2026-09-19T13:58:40Z
122902171482835,[💖] +1 Health Per Click,https://tr.rbxcdn.com/180DAY-d2df35da59f5500acbe10a0ef57d77da/150/150/Image/Webp/noFilter,2026-09-10T16:44:36Z
122951224417794,Unscathed RNG,https://tr.rbxcdn.com/180DAY-f1e73176d654ceca014f27f387ed4eda/150/150/Image/Webp/noFilter,2026-09-10T16:44:36Z
123213873176964,DarkMan Vs Craft Vs Brainrot,https://tr.rbxcdn.com/180DAY-0068ad42c841ef277a576cb3cc2ff777/150/150/Image/Webp/noFilter,2026-09-11T01:22:17Z
123258797415953,+1 Speed Jelly Keyboard Escape,https://tr.rbxcdn.com/180DAY-e1d3c8611b351cfb89cd1bb42ff97aec/150/150/Image/Webp/noFilter,2026-09-10T16:44:36Z
123299476541232,[NOW] Phonk Clicker 🎵,https://tr.rbxcdn.com/180DAY-6e4a131e77aae8c6dd42b63aa37b51d3/150/150/Image/Webp/noFilter,2026-09-11T11:41:58Z
123327375265176,Steal an Latamrot,https://tr.rbxcdn.com/180DAY-8c57e9386bec6d93ae1ce7420d5865a9/150/150/Image/Webp/noFilter,2026-09-12T21:43:03Z
123468479998097,GRAB,https://tr.rbxcdn.com/180DAY-51d074456011f30e77d090427d92c56b/150/150/Image/Webp/noFilter,2026-09-10T16:44:36Z
123557829667240,🌴 Chop Your Tree,https://tr.rbxcdn.com/180DAY-583aadc048a6f9dd057f5a4ccd6f4a58/150/150/Image/Webp/noFilter,2026-09-10T16:44:36Z
123577181610172,Stuntin',https://tr.rbxcdn.com/180DAY-b2f32fe8095c437cdb4424b1edf2bed9/150/150/Image/Webp/noFilter,2026-09-10T16:44:36Z
123581964009368,Build and Crush,https://tr.rbxcdn.com/180DAY-1cd56573e897d1c963e070fc5081b379/150/150/Image/Webp/noFilter,2026-09-10T16:44:36Z
123618551531903,[2v2 MODE] Start Your Soccer Career!,https://tr.rbxcdn.com/180DAY-98ae609dd3add78efc4e83f0ed516f62/150/150/Image/Webp/noFilter,2026-09-10T16:44:36Z
123662243100680,SpongeBob Tower Defense🍍,https://tr.rbxcdn.com/180DAY-1847855c4a002a3301c6c091ae3c8aa8/150/150/Image/Webp/noFilter,2026-09-10T23:21:35Z
123698673940079,Steal A Lucky Egg,https://tr.rbxcdn.com/180DAY-6c3e674f0e168a4400ba8c36123d380d/150/150/Image/Webp/noFilter,2026-09-10T16:44:36Z
123720558354386,Build the Pyramid!,https://tr.rbxcdn.com/180DAY-e27fe2ac6c58e576e637b42a645d1993/150/150/Image/Webp/noFilter,2026-09-24T20:28:04Z
123724279728430,💀Jump To Steal SCP Monsters!💀,https://tr.rbxcdn.com/180DAY-d75cafed44335c173b9225d875163b4e/150/150/Image/Webp/noFilter,2026-09-10T16:44:36Z
123741668193208,"The $1,000,000 Jump Rope",https://tr.rbxcdn.com/180DAY-d2ba7d74b9dd8fde894546b75e8505d8/150/150/Image/Webp/noFilter,2026-10-02T15:26:20Z
123785180486774,Fling A Friend! [2 Player Obby],https://tr.rbxcdn.com/180DAY-c089047033004a7d6ee75c4ffac9a79d/150/150/Image/Webp/noFilter,2026-09-10T16:44:36Z
123804558118054,FRONTLINES VERSUS,https://tr.rbxcdn.com/180DAY-42b28a6f3f9f191b5a88f033373daecf/150/150/Image/Webp/noFilter,2026-10-01T16:13:09Z
123821081589134,Break your Bones ☠️,https://tr.rbxcdn.com/180DAY-683fa9c72fa527570002e309ed150f41/150/150/Image/Webp/noFilter,2026-09-10T16:44:36Z
123822115505881,Save Animals! 🐾,https://tr.rbxcdn.com/180DAY-97c42c3ce2e0cf421eda6575d309cd92/150/150/Image/Webp/noFilter,2026-09-10T16:44:36Z
123847390309161,[HELL] Spiral Difficulty Chart Obby,https://tr.rbxcdn.com/180DAY-edb48b62b30c8b34f85719103ce7ec92/150/150/Image/Webp/noFilter,2026-09-10T16:44:36Z
123921593837160,Climb and Jump Tower [NEW WORLD],https://tr.rbxcdn.com/180DAY-9b87d1a1c4729790a926db1a76760518/150/150/Image/Webp/noFilter,2026-09-10T16:44:36Z
123983959217174,Claw Machine Arcade!,https://tr.rbxcdn.com/180DAY-a97aba322eec91bdc1af24e16f5db361/150/150/Image/Webp/noFilter,2026-09-11T07:13:37Z
123995199638321,Easy Laser Tower ,https://tr.rbxcdn.com/180DAY-8d589fcfb0dbe63b09ddfc95178ef4a7/150/150/Image/Webp/noFilter,2026-10-04T05:28:07Z
124027312895188,sesh,https://tr.rbxcdn.com/180DAY-672585a71461c8c1bd35de74d1e64e22/150/150/Image/Webp/noFilter,2026-09-10T16:44:36Z
124032631078772,[🦉DARK FOREST] Poly Loot⚔️,https://tr.rbxcdn.com/180DAY-b0c6775d7c51a08b641d0c285ee870cc/150/150/Image/Webp/noFilter,2026-09-19T20:13:11Z
124061247871628,Animal Daycare (Anomaly),https://tr.rbxcdn.com/180DAY-8a0dd5445f21ae074c736f4ac0cfb4a5/150/150/Image/Webp/noFilter,2026-09-24T20:28:04Z
124107554735431,[C4] ESCAPE VERITY 🔑 [HORROR],https://tr.rbxcdn.com/180DAY-3b7a32d2c09fa36df1c03b173a0314dd/150/150/Image/Webp/noFilter,2026-09-12T16:49:10Z
124157596473184,Skate Off!⛸️ [BETA],https://tr.rbxcdn.com/180DAY-8924a931251c7e535c110906ca11fdf7/150/150/Image/Webp/noFilter,2026-09-10T16:44:36Z
124216119978534,[⌛] Ride A Pet,https://tr.rbxcdn.com/180DAY-0ab3e3103ccefe9079a9cd715e53aa97/150/150/Image/Webp/noFilter,2026-09-16T20:04:40Z
124239460312806,SELL YOUR OUTFIT,https://tr.rbxcdn.com/180DAY-f7a06699a375faa2568e3bb9250543de/150/150/Image/Webp/noFilter,2026-10-03T18:28:06Z
124293095895786,Stream A Cheese Pull!,https://tr.rbxcdn.com/180DAY-01900924566324542efb32e91fefe08f/150/150/Image/Webp/noFilter,2026-09-10T16:44:36Z
124311897657957,⛏️ Break a Lucky Block!,https://tr.rbxcdn.com/180DAY-1a993d435975b0ffde4b46cd5e672760/150/150/Image/Webp/noFilter,2026-09-10T16:44:36Z
124338404742585,Keep the Door Locked🔒,https://tr.rbxcdn.com/180DAY-f30be1dd84ea9eb150b3ca06e5a83e60/150/150/Image/Webp/noFilter,2026-09-10T16:44:36Z
124374448373637,Carpet Cleaning Simulator,https://tr.rbxcdn.com/180DAY-7d983dd7df1bc21408ad431a128e38d6/150/150/Image/Webp/noFilter,2026-09-10T16:44:36Z
124375862078487,FIRE PLANES 🔥,https://tr.rbxcdn.com/180DAY-3e10e0792580c3cf71bca3d12341febc/150/150/Image/Webp/noFilter,2026-09-12T03:58:01Z
124389216346675,Control Europe,https://tr.rbxcdn.com/180DAY-cadbea43f7b3880d89ae991eeb16603c/150/150/Image/Webp/noFilter,2026-09-10T16:44:36Z
124396690804338,Muscle Military,https://tr.rbxcdn.com/180DAY-9e8cf74b512c2779d1f440052ac38594/150/150/Image/Webp/noFilter,2026-09-10T16:44:36Z
124418261920942,[🎯] Dart Arena,https://tr.rbxcdn.com/180DAY-7deb39ca821d45d1f376d7877ac565da/150/150/Image/Webp/noFilter,2026-10-08T01:13:07Z
124473577469410,Be a Lucky Block,https://tr.rbxcdn.com/180DAY-bc2eec579f981c53030ea0096c45ddd6/150/150/Image/Webp/noFilter,2026-09-10T16:44:36Z
124536519436305,ASMR Squishy Wallhop Tower ,https://tr.rbxcdn.com/180DAY-33c27284557e81e2887f4184df0ab07e/150/150/Image/Webp/noFilter,2026-09-11T04:31:54Z
124675142564227,🎨 Urban Graffiti (Spray Paint Draw),https://tr.rbxcdn.com/180DAY-4c7dbbc22ed0aede14e06e5ce092c1b2/150/150/Image/Webp/noFilter,2026-09-10T16:44:36Z
124729731716967,🧈 Crazy Mukbang! 🧈,https://tr.rbxcdn.com/180DAY-fb6fb08334f2ac291c845de81852d86e/150/150/Image/Webp/noFilter,2026-09-10T16:44:36Z
124731807130219,+1 Bite Per Click,https://tr.rbxcdn.com/180DAY-9b6fdae6087fd9a9dcd54fbd69e52d55/150/150/Image/Webp/noFilter,2026-10-01T15:35:29Z
124740268654741,Country War RTS ,https://tr.rbxcdn.com/180DAY-0fde1a8ddfdc968ed8b8554f67cbed85/150/150/Image/Webp/noFilter,2026-09-10T16:44:36Z
124757309017950,Ice Tycoon 2,https://tr.rbxcdn.com/180DAY-0b5f3de3681329b9f0d5499bb7ce5ed7/150/150/Image/Webp/noFilter,2026-09-10T16:44:36Z
124761153798409,[🎃] Soccer Stars 26,https://tr.rbxcdn.com/180DAY-60e9ff873367e66632b41c195e901249/150/150/Image/Webp/noFilter,2026-09-10T16:44:36Z
124842176624983,OVERKILL,https://tr.rbxcdn.com/180DAY-aa425693af1a1ed2a0b712526bc2fb60/150/150/Image/Webp/noFilter,2026-09-10T16:44:36Z
124848984306038,Airport Tycoon 2!,https://tr.rbxcdn.com/180DAY-ac103b171ee3435c1febbdc12500ef20/150/150/Image/Webp/noFilter,2026-09-10T23:21:35Z
124853293317687,[HELICOPTERS] 🏔️K2 CLIMBING SIMULATOR,https://tr.rbxcdn.com/180DAY-e451b63b06fddd4b77da51370c83f780/150/150/Image/Webp/noFilter,2026-09-10T16:44:36Z
124943244212764,Penthouse Tycoon 🗽,https://tr.rbxcdn.com/180DAY-d43ab86df4ea0446148a469dbbbce538/150/150/Image/Webp/noFilter,2026-09-10T16:44:36Z
125039473548047,[UPD☄️] Anime Card Farm,https://tr.rbxcdn.com/180DAY-d6fb85226a03a18b013a3f1dd5fd843f/150/150/Image/Webp/noFilter,2026-09-10T16:44:36Z
125088003721533,🙏 stairs to heaven,https://tr.rbxcdn.com/180DAY-680d6ca073cdeff0905c51fe72c283ad/150/150/Image/Webp/noFilter,2026-09-10T16:44:36Z
125239152177933,Escape the Momster [YAEY],https://tr.rbxcdn.com/180DAY-447f1252fbabee001f67ee0b72021d9b/150/150/Image/Webp/noFilter,2026-09-13T00:13:04Z
125299131646017,Sintonia RP,https://tr.rbxcdn.com/180DAY-6e42dfd76f9588707c610fbfcd556341/150/150/Image/Webp/noFilter,2026-09-10T16:44:36Z
125306084071551,Build an ASMR Tower,https://tr.rbxcdn.com/180DAY-5a3035364c1b13107bde2fc00a105622/150/150/Image/Webp/noFilter,2026-09-10T16:44:36Z
125410772032969,Tap 4 Money 💸,https://tr.rbxcdn.com/180DAY-0a3af43e7f8471f350f8e2d815857711/150/150/Image/Webp/noFilter,2026-09-10T23:21:35Z
125466848790058,[UPD] Fur Infection LITE VR+,https://tr.rbxcdn.com/180DAY-54bf0d80b78c90b2ecc4113a0367d115/150/150/Image/Webp/noFilter,2026-09-12T22:28:06Z
125488740127641,Build Anything! [🛠️],https://tr.rbxcdn.com/180DAY-0a339693f6a792949403ddf1a8c2ed3c/150/150/Image/Webp/noFilter,2026-09-10T16:44:36Z
125496078313264,2 PLAYER Evolution Tycoon 🛸,https://tr.rbxcdn.com/180DAY-511a4effe147d5ddb1b7e2f796612fbb/150/150/Image/Webp/noFilter,2026-09-10T16:44:36Z
125503525638054,[⏳] The Veil,https://tr.rbxcdn.com/180DAY-3438c803a35da21487d8b78da3bb67cc/150/150/Image/Webp/noFilter,2026-09-10T23:21:35Z
125610973771133,Steal a Slap!,https://tr.rbxcdn.com/180DAY-fc727c0a0f3d6b99242a08019a30887c/150/150/Image/Webp/noFilter,2026-09-18T19:28:09Z
125758178026954,Build Hide Survive Zombies,https://tr.rbxcdn.com/180DAY-2237bbcf2f99a342999d90a1c4a91a6f/150/150/Image/Webp/noFilter,2026-09-12T13:54:57Z
125790795579287,[🎶] Incredible Blox,https://tr.rbxcdn.com/180DAY-401fe7d24ce5c8fe1367860893cbaa18/150/150/Image/Webp/noFilter,2026-09-10T16:44:36Z
125810438250765,Deadly Delivery ,https://tr.rbxcdn.com/180DAY-2f3bf914151823b7e369087487b5b47b/150/150/Image/Webp/noFilter,2026-09-10T16:44:36Z
125823964467491,[X3] +1 Speed Keyboard Verity Escape,https://tr.rbxcdn.com/180DAY-88edbd4c22e4a1b7ef17bb94d78ebde1/150/150/GameIcon1/Webp/noFilter,2026-09-10T16:44:36Z
125927821145949,[⛰️] Mine a Mountain,https://tr.rbxcdn.com/180DAY-5a238a96b345084ff27035de0d506abc/150/150/Image/Webp/noFilter,2026-09-10T16:44:36Z
126016859830524,Steal A Brainrot Egg,https://tr.rbxcdn.com/180DAY-7762f0eb880c7d0a0df082fb80baf921/150/150/Image/Webp/noFilter,2026-09-10T16:44:36Z
126096010539917,Anomaly Detected,https://tr.rbxcdn.com/180DAY-d243b480d322b8e0e313e8da7b40a2c1/150/150/Image/Webp/noFilter,2026-09-16T19:01:03Z
126127396518967,Would You Rather: Youtubers Tower,https://tr.rbxcdn.com/180DAY-efd0cf9e891d3d4eaea9cb5758aa602a/150/150/Image/Webp/noFilter,2026-09-12T01:24:02Z
126171938168748,Don't Steal the Dumpling Squishy 🥟,https://tr.rbxcdn.com/180DAY-18fe149541b3a46e25d21023c3ec6c39/150/150/Image/Webp/noFilter,2026-09-10T16:44:36Z
126235315046308,[💥] Infinite Troll Tower,https://tr.rbxcdn.com/180DAY-17824a2d001b4a5ec153890152fc1a38/150/150/Image/Webp/noFilter,2026-09-12T13:54:57Z
126256521685154,Squid Evolution,https://tr.rbxcdn.com/180DAY-4bb96dcfb1bf2e50e30e865665ba9d84/150/150/Image/Webp/noFilter,2026-09-24T13:49:11Z
126259681759948,[🧚New] Gabby's Dollhouse Official Tycoon,https://tr.rbxcdn.com/180DAY-871dcd43f14421507d67a7e6df8769d6/150/150/Image/Webp/noFilter,2026-09-26T15:54:13Z
126293024094985,Terminal 13: Not Human [HORROR],https://tr.rbxcdn.com/180DAY-75f73e1dffdbe00815581802a57f7ac0/150/150/Image/Webp/noFilter,2026-09-20T15:40:41Z
126325864277234,STOP! Word Duel,https://tr.rbxcdn.com/180DAY-bd07dc0c175957b618b1dde5ce96a58f/150/150/Image/Webp/noFilter,2026-10-07T01:58:06Z
126330684723008,Nations Roleplay X,https://tr.rbxcdn.com/180DAY-fbb1d5f1991777653176ce261e9359f8/150/150/Image/Webp/noFilter,2026-09-10T16:44:36Z
126424052816775,NBA: Heroes 🏀,https://tr.rbxcdn.com/180DAY-cbe19c3b1f3d74c085c8784400eac283/150/150/Image/Webp/noFilter,2026-10-07T02:09:43Z
126541933894893,[🏗️] Build Everything!,https://tr.rbxcdn.com/180DAY-a7b89e445c36419bf28b19afbc9707d1/150/150/Image/Webp/noFilter,2026-10-02T12:48:06Z
126639935515772,3D Verity RP! [FALSITY!] 🔵,https://tr.rbxcdn.com/180DAY-f099b4cad66540ba37a21571081fe613/150/150/Image/Webp/noFilter,2026-09-10T16:44:36Z
126690911414483,[NEW] TROLL OBBY 😈,https://tr.rbxcdn.com/180DAY-871ee5a7a9c70f9e342456db010011c8/150/150/Image/Webp/noFilter,2026-09-12T10:50:51Z
126815230666914,Forsaken Combat,https://tr.rbxcdn.com/180DAY-0a7ce60efca04dd5c5b27a5489392f0b/150/150/Image/Webp/noFilter,2026-09-10T16:44:36Z
126857641130765,Rocket Spleef 💥,https://tr.rbxcdn.com/180DAY-8443cf65f9f6a90aa324308ddb9632af/150/150/Image/Webp/noFilter,2026-09-10T16:44:36Z
126870639873289,Jump for Animals!,https://tr.rbxcdn.com/180DAY-4b78548c074211955affd4ff3302e311/150/150/Image/Webp/noFilter,2026-09-10T16:44:36Z
126884695634066,[🧑‍🌾] Grow a Garden 🌶️,https://tr.rbxcdn.com/180DAY-0664d837d114ff3ecc7748cc17d2593f/150/150/Image/Webp/noFilter,2026-09-10T16:44:36Z
126922689754590,🔊Quiet or Die!,https://tr.rbxcdn.com/180DAY-86d09d6a1bd4145b8a01b262f2268be1/150/150/Image/Webp/noFilter,2026-09-10T16:44:36Z
126987974021910,Illegal Soccer,https://tr.rbxcdn.com/180DAY-401c40ac20f3a771ea7e7452adc393c0/150/150/Image/Webp/noFilter,2026-09-10T16:44:36Z
126997916667996,[VIVI + SOLDIER REWORK] Doom by Fate,https://tr.rbxcdn.com/180DAY-3c2f7e9457c7bf7e5be7e15cffcab818/150/150/Image/Webp/noFilter,2026-09-12T01:11:09Z
127078880769763,🙂[LORD VERITY] Emotes Testing ✨,https://tr.rbxcdn.com/180DAY-b9d172af27e769c7796eeee0a3cbd800/150/150/Image/Webp/noFilter,2026-09-10T16:44:36Z
127082754898219,Survive Lava for Animals,https://tr.rbxcdn.com/180DAY-ebf687a328edb0f5d6f251f9d3aff27c/150/150/Image/Webp/noFilter,2026-09-24T20:28:04Z
127089247654125,[⚠️RAGDOLL + DAMAGE UPDATE] TR Legacy,https://tr.rbxcdn.com/180DAY-82a14f906b0f3111a73c1ca3f9ffd481/150/150/Image/Webp/noFilter,2026-09-10T16:44:36Z
127099886596040,Kite Combat 🪁,https://tr.rbxcdn.com/180DAY-d96299ba60c695e1ffd4515f0f38b33e/150/150/Image/Webp/noFilter,2026-09-10T16:44:36Z
127103413498148,[🇬🇷] Collect The Alphabet,https://tr.rbxcdn.com/180DAY-18eb1689bf517701caa95e7752179d37/150/150/Image/Webp/noFilter,2026-09-10T16:44:36Z
127152805777886,Animal Topia 🏠 RP,https://tr.rbxcdn.com/180DAY-6bc64eefcd853f4b08b5a7b90b7c18cd/150/150/Image/Webp/noFilter,2026-09-10T16:44:36Z
127177791789316,Build a Haven,https://tr.rbxcdn.com/180DAY-ceff4ea15fc6bcd89eda3d8569b691fe/150/150/Image/Webp/noFilter,2026-09-10T16:44:36Z
127332613700317,[V1.2 UPDATE] DON'T LOOK BACK [ALPHA] ,https://tr.rbxcdn.com/180DAY-4ff02ad57997d46408adb0a13b9a769b/150/150/Image/Webp/noFilter,2026-09-10T16:44:36Z
127377897541228,[FREE SHINJI] Universal Showdown,https://tr.rbxcdn.com/180DAY-158a995fb0dbbf35137085b421788e94/150/150/Image/Webp/noFilter,2026-09-10T16:44:36Z
127380660530951,Survive Overnight in a Mega Store,https://tr.rbxcdn.com/180DAY-a876c4eff5ad558309eaa03672b27871/150/150/Image/Webp/noFilter,2026-09-10T16:44:36Z
127403135954624,[ Halloween ] Kaiju Alpha,https://tr.rbxcdn.com/180DAY-37e17fffeddcc87b43e01895a5c6899d/150/150/Image/Webp/noFilter,2026-09-10T16:44:36Z
127415661078736,Become Hungry Worm,https://tr.rbxcdn.com/180DAY-8c7d3223e4e743dc1c8195059ce5b71d/150/150/Image/Webp/noFilter,2026-09-10T16:44:36Z
127458871780090,🌳Build To Climb!,https://tr.rbxcdn.com/180DAY-d98a752ebd8a04dd4ac7503972167cdd/150/150/Image/Webp/noFilter,2026-09-12T13:54:57Z
127460399399081,[🏖️] Mining RNG,https://tr.rbxcdn.com/180DAY-f3d18a91ef11407e69f36118023d99ce/150/150/Image/Webp/noFilter,2026-09-23T05:43:04Z
127475054933484,⚡Power a City,https://tr.rbxcdn.com/180DAY-c265f3244cfeb483022aaae7e3200c43/150/150/Image/Webp/noFilter,2026-09-10T16:44:36Z
127606305348556,❄️ Clean all the Snow!,https://tr.rbxcdn.com/180DAY-416d44f4b45b20738354c6a606bc869e/150/150/Image/Webp/noFilter,2026-09-10T23:21:35Z
127608230264974,[UPDATE] La Peace Obby,https://tr.rbxcdn.com/180DAY-3e3d722d39aee9450003ce6c85783695/150/150/Image/Webp/noFilter,2026-09-10T23:21:35Z
127634932179327,Kick Ball to Space ⚽,https://tr.rbxcdn.com/180DAY-88e16d496b6324c1cdf4569cdaf05622/150/150/Image/Webp/noFilter,2026-09-10T16:44:36Z
127707120843339,Math Murder,https://tr.rbxcdn.com/180DAY-d970de9c424d35d64b36b70faf909ff5/150/150/Image/Webp/noFilter,2026-09-26T14:30:37Z
127737908858963,Escape Moving Head,https://tr.rbxcdn.com/180DAY-ffbab60a877632910241aabed305181e/150/150/Image/Webp/noFilter,2026-09-10T16:44:36Z
127742093697776,[🪙] Plants & Brainrots 🌻,https://tr.rbxcdn.com/180DAY-abe3d338c3d5d0d9bc245c55b037381b/150/150/Image/Webp/noFilter,2026-09-10T16:44:36Z
127763554649245,Find the Objects [175],https://tr.rbxcdn.com/180DAY-1ebb7c936b6dae48f4afbebbfe37a180/150/150/Image/Webp/noFilter,2026-09-11T15:13:25Z
127775478639865,[Codes] Machine Party 💥,https://tr.rbxcdn.com/180DAY-2c1de089224b9aea8e4119fa28558fd1/150/150/Image/Webp/noFilter,2026-09-10T16:44:36Z
127877871885165,he ate them. [HORROR],https://tr.rbxcdn.com/180DAY-4ba7b9024e8750dd384f18e5bd4692d2/150/150/Image/Webp/noFilter,2026-09-12T16:49:10Z
127882277277478,[NEW] FIXATION,https://tr.rbxcdn.com/180DAY-71f1b1ee4b7e8faf7e785e1e52d3c988/150/150/Image/Webp/noFilter,2026-09-12T22:43:12Z
127939871079676,WB Simulator 📦,https://tr.rbxcdn.com/180DAY-83d640873740b16a2fc4ce43c51b28b5/150/150/Image/Webp/noFilter,2026-10-09T16:59:02Z
127994242634536,🤔 Killer or Not,https://tr.rbxcdn.com/180DAY-d17c98ca886bf4aa05b8b86ae7b547fe/150/150/Image/Webp/noFilter,2026-09-10T16:44:36Z
127995006069066,Night 67 [HORROR],https://tr.rbxcdn.com/180DAY-55a154dea49f3bc823a1e43b136fcb57/150/150/Image/Webp/noFilter,2026-09-10T16:44:36Z
128039018996175,The Walking Dead Online,https://tr.rbxcdn.com/180DAY-85aebad3a521a1fe677571043452896f/150/150/Image/Webp/noFilter,2026-09-10T16:44:36Z
128095034580221,[UPD] Parents [HORROR],https://tr.rbxcdn.com/180DAY-287e6b33610db5a5972ac7eba31dd2c2/150/150/Image/Webp/noFilter,2026-09-10T16:53:24Z
128119795963270,Murder Mystery DUELS,https://tr.rbxcdn.com/180DAY-8afb4cf7ae81f39047ae2b2b6fd83354/150/150/Image/Webp/noFilter,2026-09-10T16:44:36Z
128246781105927,Rate My Car,https://tr.rbxcdn.com/180DAY-4f7657c32164ba3065e41eb4a84c5f90/150/150/Image/Webp/noFilter,2026-09-24T13:49:11Z
128263975853774,🛠️Build and Survive,https://tr.rbxcdn.com/180DAY-386a3b34cfa534f792f517c8f788abde/150/150/Image/Webp/noFilter,2026-09-10T16:44:36Z
128329680321338,+1 Fat Per Click,https://tr.rbxcdn.com/180DAY-a3f0a9954fb9e860f5db53b2610ab6e5/150/150/Image/Webp/noFilter,2026-09-10T16:44:36Z
128363460800653,Press a Keycap!,https://tr.rbxcdn.com/180DAY-55ba73f5f1dfe6f0e357b2c83ffd94c1/150/150/Image/Webp/noFilter,2026-09-12T13:54:57Z
128448883585036,+1 Skinny Per Step,https://tr.rbxcdn.com/180DAY-7edc3a5aef23632eb6de7181dbaf17e8/150/150/Image/Webp/noFilter,2026-09-10T16:44:36Z
128451689942376,[🎞️ DOMAIN] Jujutsu: Zero,https://tr.rbxcdn.com/180DAY-36a92b7ff31847e4b2e3be4e434cf26f/150/150/Image/Webp/noFilter,2026-09-10T16:44:36Z
128520572013466,Chained Cars [2 Player Obby],https://tr.rbxcdn.com/180DAY-1bc9a69cc362240cd08a0b6b6bc853d7/150/150/Image/Webp/noFilter,2026-09-12T16:49:10Z
128637868413472,Clean Crew 🧹,https://tr.rbxcdn.com/180DAY-48f49ea8920e4371342b5918ae26df1c/150/150/Image/Webp/noFilter,2026-09-10T23:21:35Z
128662368175518,[SANDEVISTAN COUNTER] DUMMY COUNTER YOUR FRIENDS,https://tr.rbxcdn.com/180DAY-44e3231a9ecd65cf7dbd2c30d8e28bd1/150/150/Image/Webp/noFilter,2026-09-10T16:44:36Z
128682909569625,Borders RTS [v2.1.1],https://tr.rbxcdn.com/180DAY-727cd447c0af41768b0cdafe039e8d83/150/150/Image/Webp/noFilter,2026-09-10T16:44:36Z
128718594394791,Upgradex (Upgrade Tree),https://tr.rbxcdn.com/180DAY-ece97950057601fcb026ee2b9ab96d57/150/150/Image/Webp/noFilter,2026-09-12T13:54:57Z
128718867767713,Parkour Pandemic [UPDATE 2!],https://tr.rbxcdn.com/180DAY-2973bbe22e4fa8a3a3a9e74873325690/150/150/Image/Webp/noFilter,2026-09-10T16:44:36Z
128736949265057,(学乱) Gakuran,https://tr.rbxcdn.com/180DAY-da633dd0127ed0461623d5d7ca6dc326/150/150/Image/Webp/noFilter,2026-09-10T16:44:36Z
128776499486135,[ALPHA] Fleet Empire,https://tr.rbxcdn.com/180DAY-6495e3a6b6f4dfc76cb431eb8e195cc7/150/150/Image/Webp/noFilter,2026-10-07T02:09:43Z
128784467030899,[UPD🚀] Merge a Nuke!,https://tr.rbxcdn.com/180DAY-f6c605ace53f9276fb56663f76ce3c51/150/150/Image/Webp/noFilter,2026-09-10T16:44:36Z
128793328541327,Find The Squishies [121🔎],https://tr.rbxcdn.com/180DAY-480d892169fb3dc28ec641481f72609a/150/150/Image/Webp/noFilter,2026-09-10T23:21:35Z
128842186735092,counterfeit tycoon,https://tr.rbxcdn.com/180DAY-4ee413be202c27a7ddd2f3a0829a6e69/150/150/Image/Webp/noFilter,2026-09-12T10:50:51Z
128899661081075,(👑UPDATE👑) THA BRONX 3,https://tr.rbxcdn.com/180DAY-0986262f16f7209139f6ff062ea25612/150/150/Image/Webp/noFilter,2026-09-16T19:01:03Z
128931272139211,[🏗️] Claw Fishing,https://tr.rbxcdn.com/180DAY-4f4643bfa3b1e2ae7769e906fb7f6f72/150/150/Image/Webp/noFilter,2026-09-10T16:44:36Z
129003441529549,+1 Gun Escape 💥,https://tr.rbxcdn.com/180DAY-57c720d8f9c2a012c37e4ba78a77458f/150/150/Image/Webp/noFilter,2026-09-10T16:44:36Z
129096378231329,Build and Defend Your Raft,https://tr.rbxcdn.com/180DAY-f8efb6323aa99b1ede96ed9cfd907af1/150/150/Image/Webp/noFilter,2026-09-10T16:44:36Z
129118369937980,[🚨LIMITED🚨] Eagle Nation,https://tr.rbxcdn.com/180DAY-f6e4c762e4b5e697caa524e2ed515287/150/150/Image/Webp/noFilter,2026-09-11T15:13:25Z
129163919591388,Train to Fight,https://tr.rbxcdn.com/180DAY-eb5c7fac2a2c05723f68cb7f3ae55377/150/150/Image/Webp/noFilter,2026-09-10T16:44:36Z
129216769649527,Beat the Anime Boss,https://tr.rbxcdn.com/180DAY-7902207b053138cf804f282e53d7f823/150/150/Image/Webp/noFilter,2026-10-01T15:35:29Z
129253568870286,Bonk & Block [5v5],https://tr.rbxcdn.com/180DAY-f82c3ba7aea0043dd62092b392bc20a7/150/150/Image/Webp/noFilter,2026-09-10T16:44:36Z
129279692364812,Nullscape [DOOM IN BLOOM],https://tr.rbxcdn.com/180DAY-37117b9759f01d3bae301caa12f9e685/150/150/Image/Webp/noFilter,2026-09-10T16:44:36Z
129305872972839,[SPOOKY MONTH] Forsaken Combat Fighting,https://tr.rbxcdn.com/180DAY-3fb78738684101822f7bc67bf53a5c89/150/150/Image/Webp/noFilter,2026-09-10T16:44:36Z
129350834403009,Dream Keyboard Escape ,https://tr.rbxcdn.com/180DAY-1b0b5ff5b8988921afc770f50aca011f/150/150/Image/Webp/noFilter,2026-09-11T22:28:06Z
129499268288580,FD 5 Bridge Roleplay (VR),https://tr.rbxcdn.com/180DAY-b0befcd26841383a48c4795baea064f2/150/150/Image/Webp/noFilter,2026-09-26T21:58:04Z
129548273770183,[🎉UPD + X2] Waste Time⏳,https://tr.rbxcdn.com/180DAY-03d1bc18f2c1cad3ed59455379202c68/150/150/Image/Webp/noFilter,2026-09-12T13:54:57Z
129584083855826,[💀] Play Dead ,https://tr.rbxcdn.com/180DAY-02a5f1c6eae0308fe1682200335d89c1/150/150/Image/Webp/noFilter,2026-09-15T22:54:42Z
129692563688057,[EMOTE] My Dino Life! 🦖,https://tr.rbxcdn.com/180DAY-8507318c0f984b5ef4aa0096fbe404db/150/150/Image/Webp/noFilter,2026-09-10T16:44:36Z
129710357833881,Rusaken,https://tr.rbxcdn.com/180DAY-ef08152ee3373df278a87b50705c2f82/150/150/Image/Webp/noFilter,2026-09-15T20:06:22Z
129768092435314,Build a Roller Coaster🎢,https://tr.rbxcdn.com/180DAY-7036b311140709157a694fe33fbead43/150/150/Image/Webp/noFilter,2026-09-10T16:44:36Z
129784419746425,Villa Tycoon 🏡,https://tr.rbxcdn.com/180DAY-8f7d9b94c6438797a79ec1a62ba2a3c1/150/150/Image/Webp/noFilter,2026-09-10T16:44:36Z
129786213527176,Prove You Are Not a Dum-Dum,https://tr.rbxcdn.com/180DAY-c9bd3b23a43891ce0e415766ac9de537/150/150/Image/Webp/noFilter,2026-09-12T13:54:57Z
129827112113663,Prospecting! 💎,https://tr.rbxcdn.com/180DAY-b658113a3a9fbd0d0adca59856cb6c6c/150/150/Image/Webp/noFilter,2026-09-10T16:44:36Z
129827535941999,🦈 DEVOUR 🦑 Eat Fish & Ocean Animals,https://tr.rbxcdn.com/180DAY-048a0e521c269f30a7b11d203e3b2d3c/150/150/Image/Webp/noFilter,2026-09-10T16:44:36Z
129839966867899,Verity [HORROR],https://tr.rbxcdn.com/180DAY-b8e62bc6f2ad8744c836b6c38b10233a/150/150/Image/Webp/noFilter,2026-09-10T16:44:36Z
129866685202296,Last Letter 💬,https://tr.rbxcdn.com/180DAY-bda8ee18059a0ce791469800b83baaa3/150/150/Image/Webp/noFilter,2026-09-10T16:44:36Z
129870876180628,[🌍]Guess My Country!,https://tr.rbxcdn.com/180DAY-2983d534779cf7adb4acefa38ef1cd73/150/150/Image/Webp/noFilter,2026-09-11T15:13:25Z
129894272516762,[67] Climb to Save Brainrot,https://tr.rbxcdn.com/180DAY-a2a685aa4f498731f1b56c686799165c/150/150/Image/Webp/noFilter,2026-09-15T12:12:42Z
129902688314105,[⏳ 13H] Lift a Karen,https://tr.rbxcdn.com/180DAY-3e2e1323d7fbc922713430ab31733e8a/150/150/Image/Webp/noFilter,2026-10-03T17:43:08Z
129907317028750,Be Dino 🦖 - Jurassic Dinosaur Simulation,https://tr.rbxcdn.com/180DAY-cecb6f2f92001ba65ae78a775f42339f/150/150/Image/Webp/noFilter,2026-09-10T16:44:36Z
129932912185311,[UPDATE 3.0 ⚓] Anime Origins,https://tr.rbxcdn.com/180DAY-fc7e47d79b184636d8ce479eaeacb252/150/150/Image/Webp/noFilter,2026-09-10T16:44:36Z
129938700249638,Arena 👑,https://tr.rbxcdn.com/180DAY-4de4b78d8b2047f482a65b4e4266af83/150/150/Image/Webp/noFilter,2026-09-10T16:44:36Z
129954712894461,[UPD] Lost in the Desert - Abu Fanous,https://tr.rbxcdn.com/180DAY-e80218fd24440cba865fbe18cc6af512/150/150/Image/Webp/noFilter,2026-10-01T16:28:10Z
129972079094718,TNT to Earth's Core! [Rebirths!],https://tr.rbxcdn.com/180DAY-a196497fa841868bbb99164c709a4837/150/150/Image/Webp/noFilter,2026-09-10T16:44:36Z
130142513744311, Formula V8 Racing Roblox,https://tr.rbxcdn.com/180DAY-a8b645c4463e173785ff45f19f914951/150/150/Image/Webp/noFilter,2026-09-19T16:43:03Z
130172344017004,EVENT 🎃 Multiverse TD,https://tr.rbxcdn.com/180DAY-26bdf9321fe5d5c5dcfdd8f873a0b355/150/150/Image/Webp/noFilter,2026-09-11T15:13:25Z
130222697019939,Punch Up,https://tr.rbxcdn.com/180DAY-f77e8e87c22f2707f8436d9a1a4500c1/150/150/Image/Webp/noFilter,2026-09-10T16:44:36Z
130248389561322,DROPPER HELL 🔥 DROP IN!,https://tr.rbxcdn.com/180DAY-ef4d11a53938bf21ff171598af1d2877/150/150/Image/Webp/noFilter,2026-09-12T21:21:14Z
130253630950453,[DUNGEON] Anime Card Battle: Rebirth,https://tr.rbxcdn.com/180DAY-db75c05cc8b78bbfb7d18b48f24a706c/150/150/Image/Webp/noFilter,2026-09-10T16:44:36Z
130274245431977,[CORRUPTED!] Climb and Plunge,https://tr.rbxcdn.com/180DAY-fe74c0efa2591d5a3a4f7699f7ea1cc0/150/150/Image/Webp/noFilter,2026-09-15T12:12:42Z
130342654546662,[LEVEL!] Sambung Kata 💬,https://tr.rbxcdn.com/180DAY-79642fbd4e3d1491b18a95ea1b97cd43/150/150/Image/Webp/noFilter,2026-09-10T16:44:36Z
130404059693601,Strike: Warfare,https://tr.rbxcdn.com/180DAY-0869532d0a13a5a0ad2a22597bb0789c/150/150/Image/Webp/noFilter,2026-09-10T16:44:36Z
130481402522628,Anime High School RP,https://tr.rbxcdn.com/180DAY-5778338d6daa50fac039120106c14d71/150/150/Image/Webp/noFilter,2026-10-07T01:58:06Z
130496219537579,First Is Owner ,https://tr.rbxcdn.com/180DAY-3d16d146968476d5d86747b600f5400b/150/150/Image/Webp/noFilter,2026-09-10T16:44:36Z
130522875331172,JUST ONE MORE ASYM,https://tr.rbxcdn.com/180DAY-cd7395672635c13afab20fcc0bcea074/150/150/Image/Webp/noFilter,2026-09-10T18:57:27Z
130526979296684,+1 Age Every Click 👶,https://tr.rbxcdn.com/180DAY-3dee856fe3e5ffbe8b3791820906e4eb/150/150/Image/Webp/noFilter,2026-09-12T13:54:57Z
130565641176498,Get Tall and Fall,https://tr.rbxcdn.com/180DAY-06c755614b5c949569efece9d38c6fad/150/150/Image/Webp/noFilter,2026-09-10T16:44:36Z
130641102725850,[UPD] Mog or Die,https://tr.rbxcdn.com/180DAY-13e681cca25fa23d3b1a9b4d14441af1/150/150/Image/Webp/noFilter,2026-09-10T16:44:36Z
130700367963690,[🎃] Fully Streetz 2,https://tr.rbxcdn.com/180DAY-007684cf2536b3afe3873ba2c4e021fa/150/150/Image/Webp/noFilter,2026-09-10T16:53:24Z
130739873848552,[❤️VALENTINE🐎] Basketball: Zero,https://tr.rbxcdn.com/180DAY-21ff287b7e1d9a79c332bbdc9cb0cdb5/150/150/Image/Webp/noFilter,2026-09-10T16:44:36Z
130782443587508,Dronefront [PHYSICS],https://tr.rbxcdn.com/180DAY-c45a1e675a581dc11c02fe1d0268c2e1/150/150/Image/Webp/noFilter,2026-09-10T16:44:36Z
130880054413998,Dreamworlds [Dreamcore Obby],https://tr.rbxcdn.com/180DAY-c9857676a461e1a2d4a07170976f88b1/150/150/Image/Webp/noFilter,2026-09-10T16:44:36Z
130929507719087,WARDEN 🐲 Sonaria Horror Escape,https://tr.rbxcdn.com/180DAY-e43e98118ac6076a5e306bf76ecf2fb7/150/150/Image/Webp/noFilter,2026-09-10T16:44:36Z
130954818388365,👥 Make a Friend Request [UPD],https://tr.rbxcdn.com/180DAY-a71a1fdefcf2481bcc7360b2bafc7312/150/150/Image/Webp/noFilter,2026-09-12T13:54:57Z
130960021905304,fight on a baseplate,https://tr.rbxcdn.com/180DAY-eb9f809b8b1cc62ac15015d0b609ff71/150/150/Image/Webp/noFilter,2026-09-10T16:44:36Z
130960835358983,Wash The House 🧼,https://tr.rbxcdn.com/180DAY-cb38b3527d1aac1088342cb5c901828a/150/150/Image/Webp/noFilter,2026-09-10T16:44:36Z
131068932321596,[🔥Brainrot BOSS🤢]Hold the Last Line!🔫🧟‍♂️🧟‍♀️,https://tr.rbxcdn.com/180DAY-5a0f9f9f9b663f82e81643a2514ff22a/150/150/Image/Webp/noFilter,2026-09-10T16:44:36Z
131073412590872,[CHROMASTONE] Omini-X Definitivo 9.1,https://tr.rbxcdn.com/180DAY-1d43959877b6cf23908536a9863425e0/150/150/Image/Webp/noFilter,2026-10-03T16:09:16Z
131103239963274,[24H] Cowboy DUELS,https://tr.rbxcdn.com/180DAY-e9b4a5b35c16650cbe87ba6d4189e48b/150/150/Image/Webp/noFilter,2026-09-10T16:44:36Z
131117978948830,[Testing] DMvsS,https://tr.rbxcdn.com/180DAY-2cbd294327e54f01e449d220ef4c5c63/150/150/Image/Webp/noFilter,2026-09-10T16:44:36Z
131234167969699,[🧀🍝🍯] Stream a Mukbang!,https://tr.rbxcdn.com/180DAY-8f523d5a9e3b41931d87cc61d21b2e0b/150/150/Image/Webp/noFilter,2026-09-10T16:44:36Z
131241838217477,Oldest T Tower Defense [💥EP 74 PART 1],https://tr.rbxcdn.com/180DAY-8b8e0bafe7edbef5622a2591f89c7fb6/150/150/Image/Webp/noFilter,2026-10-02T16:28:07Z
131273255138534,[🌊NEW MAP] Highrise Rush,https://tr.rbxcdn.com/180DAY-0dcdbcc3edb5a554eed207fcf9fd7b0b/150/150/Image/Webp/noFilter,2026-09-12T01:11:09Z
131320856116838,Experience Abstraction,https://tr.rbxcdn.com/180DAY-fa69b67d662b192fb496b0d868cdd9f3/150/150/Image/Webp/noFilter,2026-09-10T23:21:35Z
131322417028955,Champions: Summon Your Team,https://tr.rbxcdn.com/180DAY-29e9dd732260ae60dc1695f1612291cb/150/150/Image/Webp/noFilter,2026-09-12T06:28:01Z
131346454575416,[💥] Mini War,https://tr.rbxcdn.com/180DAY-203b678d0c94e9398d1ec1b79ca1f5aa/150/150/Image/Webp/noFilter,2026-09-10T16:44:36Z
131367064230486,💀 House Tower Defense 2 ,https://tr.rbxcdn.com/180DAY-67d281c00043a560860b426054e80521/150/150/Image/Webp/noFilter,2026-09-10T16:44:36Z
131378148336503,(WHEELIE STYLE x BIG UPDATE) Drag Drive Simulator,https://tr.rbxcdn.com/180DAY-90e8b83977f0f26a0e246241abaceeaa/150/150/Image/Webp/noFilter,2026-09-10T16:44:36Z
131479356121251,[🍁] 50 Player BINGO!,https://tr.rbxcdn.com/180DAY-dfda65b8149d3c8da2f59b256fc02592/150/150/Image/Webp/noFilter,2026-09-10T16:44:36Z
131547682328842,Parkour Spiral,https://tr.rbxcdn.com/180DAY-7ab83f5d7185027187d38f1db900b6e4/150/150/Image/Webp/noFilter,2026-09-11T15:13:25Z
131572543049913,[🎃🦆] Detective Duck,https://tr.rbxcdn.com/180DAY-f04787f098a65fee2fe41d6c08c85d46/150/150/Image/Webp/noFilter,2026-09-10T16:44:36Z
131603408057162,Cage Fishing 🐟,https://tr.rbxcdn.com/180DAY-fd2b17aba0f31c2b465727aa1cb19b23/150/150/Image/Webp/noFilter,2026-09-20T15:40:41Z
131623223084840,[🌊] Escape Tsunami For Brainrots!,https://tr.rbxcdn.com/180DAY-5a43294344fd9a79de17f89df27260f2/150/150/Image/Webp/noFilter,2026-09-10T16:44:36Z
131667667758514,🚍Diesel n' Steel,https://tr.rbxcdn.com/180DAY-6cbda18ea73b3af548288a5f7c9e813a/150/150/Image/Webp/noFilter,2026-09-10T16:44:36Z
131683977882464,[🎧] GUESS THE SONG! 0.5s,https://tr.rbxcdn.com/180DAY-73e454e8980265254a979282d5f82b34/150/150/Image/Webp/noFilter,2026-10-07T02:09:43Z
131776241538171,Jump To Steal Slime 🟢,https://tr.rbxcdn.com/180DAY-6633d9a99b60075969525ca7f1419a25/150/150/Image/Webp/noFilter,2026-09-10T16:44:36Z
131783066284968,Feed Your Pet!,https://tr.rbxcdn.com/180DAY-2589e1c3ffd4feb10882e48da54e1fbb/150/150/Image/Webp/noFilter,2026-09-18T15:10:25Z
131856811555630,[🎉]Momo City [Alpha],https://tr.rbxcdn.com/180DAY-980902e9c326b1a0f6b18412fae029fd/150/150/Image/Webp/noFilter,2026-09-10T23:21:35Z
131906518201863,[☕] Own a Cafe,https://tr.rbxcdn.com/180DAY-17becf0224be32a62afe2bd64fa4d7cc/150/150/Image/Webp/noFilter,2026-09-10T16:44:36Z
131910189515331,+1 Spinjitsu Escape ⚡,https://tr.rbxcdn.com/180DAY-1241faf70c306a1175899c657a90d247/150/150/Image/Webp/noFilter,2026-09-10T16:44:36Z
132016691802922,Build a Base and Steal😈[1 DAY],https://tr.rbxcdn.com/180DAY-45002aa2562b6f432855dfc5454372af/150/150/Image/Webp/noFilter,2026-09-10T16:44:36Z
132046904416072,[UPD] +1 Speed Motorcycle Tsunami Escape ,https://tr.rbxcdn.com/180DAY-45dd337711d7fbc1c50fe5b8efec212f/150/150/Image/Webp/noFilter,2026-09-10T16:44:36Z
132081245551901,ASMR Auto Wallhop Tower 2,https://tr.rbxcdn.com/180DAY-7952cc691492149a28e2db3d1d1d3025/150/150/Image/Webp/noFilter,2026-10-07T01:58:06Z
132173349090360,Color My Flag,https://tr.rbxcdn.com/180DAY-8b980458120e2d590b24c91d1ca4cd08/150/150/Image/Webp/noFilter,2026-09-10T16:44:36Z
132177827387692,[UPD] Slippery Stairs,https://tr.rbxcdn.com/180DAY-40c6f32e9405145254029bcc979729d1/150/150/Image/Webp/noFilter,2026-09-11T17:06:57Z
132239307080610,Deep Fishing🎣,https://tr.rbxcdn.com/180DAY-a1c6beafe4ce2db60acea436532eafd6/150/150/Image/Webp/noFilter,2026-09-10T16:44:36Z
132273534230449,MEDVED [Beta],https://tr.rbxcdn.com/180DAY-14ec3cc458f4b363f142aeb429b7feb9/150/150/Image/Webp/noFilter,2026-10-04T12:45:21Z
132287558697665,The Powder Box (All Ages),https://tr.rbxcdn.com/180DAY-74210df6ccfe84201bf2efe8a9ca885e/150/150/Image/Webp/noFilter,2026-09-10T16:44:36Z
132352755769957,[UPD] Asylum Life 🔊,https://tr.rbxcdn.com/180DAY-5f36f2f391fa0903bc7f1ad1368d8aac/150/150/Image/Webp/noFilter,2026-09-10T16:44:36Z
132386075859319,[CLANS] Escape the Cave,https://tr.rbxcdn.com/180DAY-3713259f7fcb841db40f9282e551f236/150/150/Image/Webp/noFilter,2026-10-08T17:45:25Z
132448451193552,🔪 Survival the Kpop Demon Hunters🎤,https://tr.rbxcdn.com/180DAY-1225841c38a64faf25516c76d468e945/150/150/Image/Webp/noFilter,2026-09-10T16:44:36Z
132495346586140,[2X] Swim League,https://tr.rbxcdn.com/180DAY-c05433d94ca3656c2825bf19cd3d345f/150/150/Image/Webp/noFilter,2026-09-19T23:43:05Z
132499927511859,Nebulous,https://tr.rbxcdn.com/180DAY-cd88931f2d63a336141db4fe928a1c4e/150/150/Image/Webp/noFilter,2026-09-10T16:44:36Z
132586479415502,Webbed! ❄️ [2 Player Obby],https://tr.rbxcdn.com/180DAY-3f32bd94d5086e8eeb18280b3bcd1ac1/150/150/Image/Webp/noFilter,2026-09-10T16:44:36Z
132640332499066,💥Global Anarchy [Early Access],https://tr.rbxcdn.com/180DAY-cbd96635387bc80f1637d31ccba0a7e5/150/150/Image/Webp/noFilter,2026-09-10T16:44:36Z
132678066262863,[🎁] My Daycare,https://tr.rbxcdn.com/180DAY-aeb8a3afaaa9645f12e2145058aacfdb/150/150/Image/Webp/noFilter,2026-09-10T16:44:36Z
132767904294856,[⚽] Blue Lock Farm,https://tr.rbxcdn.com/180DAY-c5ded568215ed863696b010679994da2/150/150/Image/Webp/noFilter,2026-09-29T19:11:44Z
132768098780837,[⚔️UPD] Block Wars,https://tr.rbxcdn.com/180DAY-703450c4e95269a6cff43f74eacded2c/150/150/Image/Webp/noFilter,2026-09-10T16:44:36Z
132768306953643,[🙂LORD VERITY]🎲 EMOTE RNG,https://tr.rbxcdn.com/180DAY-ba8ab8f0a300bd050435269e3c9a456c/150/150/Image/Webp/noFilter,2026-09-19T22:41:21Z
132823656935976,[🥚] Shoot for Brainrot 🎯,https://tr.rbxcdn.com/180DAY-892bac6f6fa1a86567a40de153109a68/150/150/Image/Webp/noFilter,2026-10-03T17:43:08Z
133007106457547,[UPD] +1 Muscle Evolution,https://tr.rbxcdn.com/180DAY-3da1a68c02dd3f53d6edb3b5e76cf773/150/150/Image/Webp/noFilter,2026-09-10T16:44:36Z
133083514087477,[☀️] Ultimate Block Build 🔨,https://tr.rbxcdn.com/180DAY-419e631ff6dcf2495ed237f61848d115/150/150/Image/Webp/noFilter,2026-10-09T20:58:08Z
133188236593503,[LIMITED] Magic Loot ,https://tr.rbxcdn.com/180DAY-8d91bcc16b5c7911ef215b4c77919aa5/150/150/Image/Webp/noFilter,2026-09-10T16:44:36Z
133203197541113,[HALLOWEEN] MorphUp!,https://tr.rbxcdn.com/180DAY-c439cd0c0582aa91acb5572af9667d95/150/150/Image/Webp/noFilter,2026-09-10T16:44:36Z
133253166104607,🔨RO-Scale Sandbox🔨,https://tr.rbxcdn.com/180DAY-04cb12a5eadfbd67bcebae0b8c61b269/150/150/Image/Webp/noFilter,2026-09-10T16:44:36Z
133277436323400,[Bridge!] Bots & Muskets,https://tr.rbxcdn.com/180DAY-e99bb5ac43db16ff01a72075f1a1f294/150/150/Image/Webp/noFilter,2026-09-13T01:43:06Z
133294838637122,⚽ Jump To Steal Soccer Players ⚽,https://tr.rbxcdn.com/180DAY-453f9eb6a41206fef029c35a41206625/150/150/Image/Webp/noFilter,2026-09-10T16:44:36Z
133341016381877,[🎃] MOUNT RNG,https://tr.rbxcdn.com/180DAY-ebb076c1d8b2d3a5b2891f153f5ad549/150/150/Image/Webp/noFilter,2026-09-10T16:44:36Z
133345376331809,[🛒 UPDATE 3.0] My Cafe,https://tr.rbxcdn.com/180DAY-f3e0487f1c57bca6f8748861c26dd1b2/150/150/Image/Webp/noFilter,2026-09-19T20:13:11Z
133363783004873,Collect 1 Million Items [✨] ,https://tr.rbxcdn.com/180DAY-8c8221c3833d8a0e7d94f1cd7cebc2a0/150/150/Image/Webp/noFilter,2026-09-24T20:28:04Z
133379826754141,Would you rather but it happens,https://tr.rbxcdn.com/180DAY-29b5ec7726ece70a3984318328bca504/150/150/Image/Webp/noFilter,2026-09-10T16:44:36Z
133579701570149,[PROXIMA!] The Moon Wakes Up,https://tr.rbxcdn.com/180DAY-2759003a890b805b91e4280595cfdc6c/150/150/Image/Webp/noFilter,2026-09-10T23:21:35Z
133585162751824,Monopoly,https://tr.rbxcdn.com/180DAY-8b98dca9ab20702a418b3ebb3c5a8aa3/150/150/Image/Webp/noFilter,2026-09-10T16:44:36Z
133609054222738,Snipers Vs Runners! 💥,https://tr.rbxcdn.com/180DAY-947bca6559758db2add27e6f6e0ef573/150/150/Image/Webp/noFilter,2026-09-10T16:44:36Z
133679065471783,MonsterVerze [💜BETA💜],https://tr.rbxcdn.com/180DAY-b3d2c67eb67b7ceb24162016757221e8/150/150/Image/Webp/noFilter,2026-09-14T20:37:24Z
133687999931943,Drone war [fpv update + bugs fixed],https://tr.rbxcdn.com/180DAY-eda78e8f6d479df25bc9770bf061eb5e/150/150/Image/Webp/noFilter,2026-09-10T16:44:36Z
133719960214587,STEAL COOKIES🍪,https://tr.rbxcdn.com/180DAY-28532b3281903ef38f17f72f7e5b75ec/150/150/Image/Webp/noFilter,2026-09-10T16:44:36Z
133756580238784,Mini City Wars,https://tr.rbxcdn.com/180DAY-efe7f246a2d682ec46937bc27a1d8121/150/150/Image/Webp/noFilter,2026-10-07T02:09:43Z
133832344745984,[NOW!!] Shovel It!,https://tr.rbxcdn.com/180DAY-2188d04173607e73c69d0810f2645911/150/150/Image/Webp/noFilter,2026-09-19T15:08:00Z
133872233697203,MrReal's Glitch Obby,https://tr.rbxcdn.com/180DAY-3005896a154f363cf6d67b645bc25fd2/150/150/Image/Webp/noFilter,2026-09-10T16:44:36Z
133943904733338,THE BUNKER,https://tr.rbxcdn.com/180DAY-66fc5db0fa683dfd7a7f76cfec0fc681/150/150/Image/Webp/noFilter,2026-09-10T16:44:36Z
133968315607063,Redfield Elementary School 🐦,https://tr.rbxcdn.com/180DAY-5d628adc33b514ae0c8fd3c16ac835d0/150/150/Image/Webp/noFilter,2026-09-10T16:44:36Z
134091628988403,[RNG] Steal a Peru,https://tr.rbxcdn.com/180DAY-53f1b0a3910e46d72fe403296b5ffd72/150/150/Image/Webp/noFilter,2026-09-11T20:13:02Z
134162299584012,Build a Gun Army,https://tr.rbxcdn.com/180DAY-43bd00c4f0415226cca208947832ac39/150/150/Image/Webp/noFilter,2026-09-10T16:44:36Z
134208374070897,{ Pt. 2 } MONOCHROME👁️,https://tr.rbxcdn.com/180DAY-4409df8b507f2af7ac971b0903872201/150/150/Image/Webp/noFilter,2026-09-10T16:44:36Z
134350154950015,[🧠] Who is Smarter?,https://tr.rbxcdn.com/180DAY-dfecb117149e6a0e773a3e58140bb270/150/150/Image/Webp/noFilter,2026-09-11T15:13:25Z
134361906638337,Defend Bunker from Zombies 🧟,https://tr.rbxcdn.com/180DAY-2cb2a731f5fe659a0b479a478079b448/150/150/Image/Webp/noFilter,2026-09-10T16:44:36Z
134363641369914,Build Your Backrooms,https://tr.rbxcdn.com/180DAY-07530d579a99f761bd48324ed52a57b7/150/150/Image/Webp/noFilter,2026-09-10T16:44:36Z
134381727982611,Evomon[S3 TRADE],https://tr.rbxcdn.com/180DAY-903018c8766ea465401f9f142f2e9f7e/150/150/Image/Webp/noFilter,2026-09-10T16:44:36Z
134408426670720,Building Boats ⛵ [UPDATE 🔥],https://tr.rbxcdn.com/180DAY-273cb1fdd6e234f1c8bc9916e27c7bd7/150/150/Image/Webp/noFilter,2026-09-10T16:44:36Z
134424372433341,💣 Pass or Explode,https://tr.rbxcdn.com/180DAY-72d2f35b4a24b8136786d3ca9779c176/150/150/Image/Webp/noFilter,2026-09-10T16:44:36Z
134439648709984,SlopWare,https://tr.rbxcdn.com/180DAY-4faff89c1ce26f3280d88a618b07c580/150/150/Image/Webp/noFilter,2026-09-27T17:35:10Z
134459712190924,[📊PATCH📊] Slop Tower Defense! 💔,https://tr.rbxcdn.com/180DAY-2e38d5d9797014cb57124696500208ba/150/150/Image/Webp/noFilter,2026-09-21T18:19:39Z
134500634722978,[TESTER] Not4You,https://tr.rbxcdn.com/180DAY-ef4165e87d29690090882dd00c66d298/150/150/Image/Webp/noFilter,2026-10-01T19:28:05Z
134558434771720,[👻SPOOKY SZN] Arcade Basketball 🏀 ,https://tr.rbxcdn.com/180DAY-60ee7cd5b657b118039c5f797cfe5298/150/150/Image/Webp/noFilter,2026-09-10T21:33:22Z
134619004688066,Dangerous ATV Driving,https://tr.rbxcdn.com/180DAY-c99a7a180a94c3b0683e510fa14cabfd/150/150/Image/Webp/noFilter,2026-09-10T16:44:36Z
134679507313109,Steal an Egg for Squishy Dumplings!,https://tr.rbxcdn.com/180DAY-bbd15b14a4b08c30edf706021b2a5ec4/150/150/Image/Webp/noFilter,2026-09-29T19:11:44Z
134683019701718,Lumberjack's Dynasty,https://tr.rbxcdn.com/180DAY-18ae6432a69085f92f947397204314f4/150/150/Image/Webp/noFilter,2026-09-13T00:43:08Z
134707983960541,[✨ALTER EGO] Emote Testing Tower 💃 ,https://tr.rbxcdn.com/180DAY-fe68e4df4ca3959925ac612aaa011e63/150/150/Image/Webp/noFilter,2026-09-10T16:44:36Z
134719268825886,[⚡NEW] Clicker Simulator! 🖱️,https://tr.rbxcdn.com/180DAY-5eeafbda7a8af1890716bdfe681bb32a/150/150/Image/Webp/noFilter,2026-09-10T16:44:36Z
134728380684025,Aisles Of The Locust [CHAPTER 2] ,https://tr.rbxcdn.com/180DAY-c1c0c37c9c1822c8285683e96a3aeec8/150/150/Image/Webp/noFilter,2026-10-07T02:09:43Z
134750290201751,[✨TRAITS] Survive the Cold,https://tr.rbxcdn.com/180DAY-c3158605badbcb8aafa3f4a9476497a3/150/150/Image/Webp/noFilter,2026-09-10T16:44:36Z
134750648450964,[💪🏻]+1 Muscle to Arm Wrestle,https://tr.rbxcdn.com/180DAY-213a43643db2a927067ab89fa055da03/150/150/Image/Webp/noFilter,2026-09-10T16:44:36Z
134807373415131,🐮 My Moo Farm,https://tr.rbxcdn.com/180DAY-1abdc1e2eebf7376c540ea3bcd6f0c4f/150/150/Image/Webp/noFilter,2026-09-10T16:44:36Z
134963296781989,Clover Origins,https://tr.rbxcdn.com/180DAY-aaa3e1c2b7e88ead638f40100cef204c/150/150/Image/Webp/noFilter,2026-09-14T16:37:30Z
135000370479961,Draw & Slide,https://tr.rbxcdn.com/180DAY-fc3d110a5afb7784d95191a35db62d22/150/150/Image/Webp/noFilter,2026-09-10T16:44:36Z
135038773889079,Clean the Squishies!,https://tr.rbxcdn.com/180DAY-3067282d2f2fbff4827bf45e64a0bc3e/150/150/Image/Webp/noFilter,2026-09-10T16:44:36Z
135152711218919,Hitch a Hike,https://tr.rbxcdn.com/180DAY-9647ca6e1ebc3d92130ef746424831b8/150/150/Image/Webp/noFilter,2026-09-12T18:32:32Z
135155039067698,MX WORLD,https://tr.rbxcdn.com/180DAY-520a55fd353a99558aa19f90d337b4bb/150/150/Image/Webp/noFilter,2026-09-10T16:44:36Z
135193469413243,MM2 Aim Trainer 2,https://tr.rbxcdn.com/180DAY-e92832e41f6816b58b12ad24c9c208c8/150/150/Image/Webp/noFilter,2026-09-10T16:44:36Z
135392317269737,FREE FOR ALL,https://tr.rbxcdn.com/180DAY-ab2e2cdef77daecc93ccf8800fdbf07f/150/150/Image/Webp/noFilter,2026-09-10T16:44:36Z
135486323963203,Duck Duck (Tag) 🦆,https://tr.rbxcdn.com/180DAY-f40df0c91af00d60c88137658886fca8/150/150/Image/Webp/noFilter,2026-09-11T17:06:57Z
135535794227264,100 Players Lava Escape 🔥,https://tr.rbxcdn.com/180DAY-708be7732b6297690e842fe3f37a05c7/150/150/Image/Webp/noFilter,2026-09-22T23:42:45Z
135619589726492,100 Players Musical Chairs,https://tr.rbxcdn.com/180DAY-e205250a482df23934edf2e79869e1ff/150/150/Image/Webp/noFilter,2026-09-12T18:58:03Z
135625754866483,Fruit Forager🍎,https://tr.rbxcdn.com/180DAY-f7d90a75c60e07ebed764589e060741e/150/150/Image/Webp/noFilter,2026-09-12T13:54:57Z
135678396831347,Build Playground!,https://tr.rbxcdn.com/180DAY-2f4e591e1c886f99905d95691c297a42/150/150/Image/Webp/noFilter,2026-09-10T16:44:36Z
135687112224956,Hug or Pass [TOWER],https://tr.rbxcdn.com/180DAY-b218086762b24049799f9feacbfaf8b1/150/150/Image/Webp/noFilter,2026-09-16T19:01:03Z
135717153770519,Toilet World Roleplay 2,https://tr.rbxcdn.com/180DAY-d5c8aa0023c0a095264cc78d60872e3f/150/150/Image/Webp/noFilter,2026-09-10T16:44:36Z
135729108619936,[🧸] Build A Pet Factory,https://tr.rbxcdn.com/180DAY-70372ee4046a817cce63fb66ee249258/150/150/Image/Webp/noFilter,2026-09-10T16:44:36Z
135757618941587,[🔥UPD] Knife Arena,https://tr.rbxcdn.com/180DAY-3f4df91c09e69e4e9766331a6d136722/150/150/Image/Webp/noFilter,2026-09-10T16:44:36Z
135791512163616,عرب شات (Climb),https://tr.rbxcdn.com/180DAY-6ac21fe7f84c22a4f5b83cf09f49d82a/150/150/Image/Webp/noFilter,2026-09-10T18:57:27Z
135849823614481,CARNAGE,https://tr.rbxcdn.com/180DAY-44b8be717c2317306fbaebb05821aab7/150/150/Image/Webp/noFilter,2026-09-10T23:21:35Z
135856908115931,[🎃DUELS] Murderers VS Sheriffs,https://tr.rbxcdn.com/180DAY-0b9d9eb6150d2583c3bc529b96dbd11b/150/150/Image/Webp/noFilter,2026-09-10T16:44:36Z
135860272218644,SURVIVE Bus Ride 🚌,https://tr.rbxcdn.com/180DAY-984415e72dbe6aac25929f46428b14d3/150/150/Image/Webp/noFilter,2026-09-12T13:54:57Z
135911818477576,Shoot For Eggs,https://tr.rbxcdn.com/180DAY-82946855f2810502ca16a9741b037057/150/150/Image/Webp/noFilter,2026-10-07T02:09:43Z
135940397788697,people the game,https://tr.rbxcdn.com/180DAY-4cdf35591773991cfa5facba13773cb5/150/150/Image/Webp/noFilter,2026-09-12T16:49:10Z
136020512003847,[GANGS] San Diego Roleplay,https://tr.rbxcdn.com/180DAY-ded6ea0c6685431a65ba5fe09c2fe532/150/150/Image/Webp/noFilter,2026-09-10T16:44:36Z
136055963655040,Paint ANYTHING,https://tr.rbxcdn.com/180DAY-262009af3cd541b46af478ada0781077/150/150/Image/Webp/noFilter,2026-09-25T19:58:03Z
136066387156306,[Galaxy 🪐] Be Flash For Brainrots!,https://tr.rbxcdn.com/180DAY-1d5c4fdb5cd883c4d3f2344af43c6607/150/150/Image/Webp/noFilter,2026-09-11T04:31:54Z
136107936984073,[W5💪] +1 Muscle to Push Boulder,https://tr.rbxcdn.com/180DAY-ef2bdf4b1917db5888f5f64a5bba4285/150/150/Image/Webp/noFilter,2026-09-10T16:44:36Z
136162036182779,[♟️] German Voice,https://tr.rbxcdn.com/180DAY-a7ca9bd245e183ff4a892d381c6ed9ec/150/150/Image/Webp/noFilter,2026-09-10T16:44:36Z
136168848660379,🌈 ALL CHROMAS GAME!,https://tr.rbxcdn.com/180DAY-88860bb9a1667fbd63dba7708e68de45/150/150/Image/Webp/noFilter,2026-09-16T23:43:01Z
136372246050123,STICK BATTLES 🍢,https://tr.rbxcdn.com/180DAY-aa60ae1c1e2d057d83caeb57b3a14c24/150/150/Image/Webp/noFilter,2026-09-10T16:44:36Z
136404558442020,[SEASON 3] Kayak and Surf  🌊,https://tr.rbxcdn.com/180DAY-2da8a9465932527f0d9af040948673f5/150/150/Image/Webp/noFilter,2026-09-10T16:44:36Z
136407404714539,Find the Brainrot [620],https://tr.rbxcdn.com/180DAY-4f549ddd9f5d79b01ba4590caf22e7ab/150/150/Image/Webp/noFilter,2026-09-20T15:40:41Z
136431686349723,HUNTED,https://tr.rbxcdn.com/180DAY-ef9894d0dce182c649b3d65c6696a06a/150/150/Image/Webp/noFilter,2026-09-10T16:44:36Z
136533956395153,Car Flipper [UNDERGROUND GARAGE],https://tr.rbxcdn.com/180DAY-09024e7ab99f2049f72d660731b30d99/150/150/Image/Webp/noFilter,2026-09-10T16:44:36Z
136653115149518,Pogo Simulator 2,https://tr.rbxcdn.com/180DAY-bf18eda1f3fde6a58cdbbe788b2f296c/150/150/Image/Webp/noFilter,2026-09-20T11:50:57Z
136764190843219,[🎩] Knockout! 🐧,https://tr.rbxcdn.com/180DAY-161ec7a84116c5675aec656dbda59aa1/150/150/Image/Webp/noFilter,2026-09-10T16:44:36Z
136801880565837,[FPS] Flick,https://tr.rbxcdn.com/180DAY-a18207a09f9bb198a153eb40402d169a/150/150/Image/Webp/noFilter,2026-09-10T16:44:36Z
136822524519115,[UPD!] TNT Voxel Playground,https://tr.rbxcdn.com/180DAY-f16402d5cfed18fdc4f171d5725a938f/150/150/Image/Webp/noFilter,2026-09-10T16:44:36Z
136877998983310,+1 Speed Escape in a Go Kart,https://tr.rbxcdn.com/180DAY-3fd3a7e98f1711fccf3452eac419045c/150/150/Image/Webp/noFilter,2026-09-26T14:30:37Z
136888805396223,[🌎W3] Obby But You're Cursed,https://tr.rbxcdn.com/180DAY-c88e923301cb56a5ad5d1dd45121cda5/150/150/Image/Webp/noFilter,2026-09-20T23:03:34Z
136919941417380,Bike Obby For Brainrots!,https://tr.rbxcdn.com/180DAY-6aa3ac2b71a266df928eeeb13c99a116/150/150/Image/Webp/noFilter,2026-09-10T16:44:36Z
136975118595073,[NOW] FORSAKEN GUEST FIGHTING,https://tr.rbxcdn.com/180DAY-de8138ef0174c8cdb3ccdff36bcb9010/150/150/Image/Webp/noFilter,2026-10-03T23:58:09Z
136990058242546,[FIX] Scooter Of Hell,https://tr.rbxcdn.com/180DAY-afd066f696270d17e67c0caedddd7044/150/150/Image/Webp/noFilter,2026-09-10T16:44:36Z
137069154816703,Hack Vault for Brainrots!,https://tr.rbxcdn.com/180DAY-5774321324b8c7f83a0f377d1607184c/150/150/Image/Webp/noFilter,2026-09-10T16:44:36Z
137095720966003,Film Animals [1-6 Player],https://tr.rbxcdn.com/180DAY-e0687892deca77c5c664e01a32608a65/150/150/Image/Webp/noFilter,2026-10-03T18:28:06Z
137110424556384,Slendytubbies 3: Multiplayer,https://tr.rbxcdn.com/180DAY-1f96c1d68bf49c1433d6086289918785/150/150/Image/Webp/noFilter,2026-09-12T21:58:03Z
137141927876398,Super Tag,https://tr.rbxcdn.com/180DAY-65db90d1636436bd61f198725df1aaaa/150/150/Image/Webp/noFilter,2026-09-11T11:41:58Z
137179943195277,Squid Game Speed Clicker 🦑⚡,https://tr.rbxcdn.com/180DAY-91c3f9c943da4e091696335d1b889792/150/150/Image/Webp/noFilter,2026-10-02T16:13:05Z
137202615981355,+1 Height Per Jump,https://tr.rbxcdn.com/180DAY-ebe2259b96b76e897de9b69acacca4e1/150/150/Image/Webp/noFilter,2026-09-15T17:00:49Z
137228775845999,Ghost Driver [ALPHA],https://tr.rbxcdn.com/180DAY-4311a6a9d1a4a784cd60e4e1f6197880/150/150/Image/Webp/noFilter,2026-09-10T16:44:36Z
137233438285284,Chicken Farm 🐣,https://tr.rbxcdn.com/180DAY-fb0455d36bd1cd15f946c57abb8f2c6d/150/150/Image/Webp/noFilter,2026-09-10T16:44:36Z
137287903930382,Dont Wake Grandma! 🤫 ,https://tr.rbxcdn.com/180DAY-bd34fd4689aeef8e29711008597ac96a/150/150/Image/Webp/noFilter,2026-09-10T16:44:36Z
137334925228489,[FPS] FLING,https://tr.rbxcdn.com/180DAY-36cbb64959fe8c18bcd5909b3461a3fd/150/150/Image/Webp/noFilter,2026-10-07T02:09:43Z
137370015275609,TROLL Throw Tower! 3 😎,https://tr.rbxcdn.com/180DAY-51fbd87b0fb0de595f134c17d088c377/150/150/Image/Webp/noFilter,2026-09-10T16:44:36Z
137373587493425,[2X🔥] Drive Car and Slide 🏎️,https://tr.rbxcdn.com/180DAY-17f96069adaac2f9f7b6d59cc09dc917/150/150/Image/Webp/noFilter,2026-09-10T16:44:36Z
137477934962022,Crack the Egg 🥚,https://tr.rbxcdn.com/180DAY-985ab735be11c97fbda79385d40ee990/150/150/Image/Webp/noFilter,2026-10-07T02:09:43Z
137518165570697,Waffle's UGC Temple,https://tr.rbxcdn.com/180DAY-ad7e21f48cc6f704ae3bcac5e0faaf8d/150/150/Image/Webp/noFilter,2026-09-16T21:13:02Z
137533474840546,Sneak Out! 🤫,https://tr.rbxcdn.com/180DAY-39c978a982d5011d4cd30aae8faaa19d/150/150/Image/Webp/noFilter,2026-09-10T16:44:36Z
137539987204810,Roblox_Egor Game,https://tr.rbxcdn.com/180DAY-686c6333373c92c86d8509dc487b40fe/150/150/Image/Webp/noFilter,2026-09-12T13:54:57Z
137541498231955,Shrink Hide & Seek,https://tr.rbxcdn.com/180DAY-493503e94a6789cd7cb95de0e1803b53/150/150/Image/Webp/noFilter,2026-09-10T16:44:36Z
137556017174451,Murder Legends,https://tr.rbxcdn.com/180DAY-a4897d5abe88dbd7f02eb8d27db964f1/150/150/Image/Webp/noFilter,2026-10-09T22:58:07Z
137628283909891,Goalbound,https://tr.rbxcdn.com/180DAY-a98eaaa8a4a6eb8e75371b3d7a8f5e3e/150/150/Image/Webp/noFilter,2026-10-06T00:04:27Z
137723497878181,Escape Rising Lava For Brainrots!,https://tr.rbxcdn.com/180DAY-b6251a4e284153d1da91002fd409decb/150/150/Image/Webp/noFilter,2026-09-12T13:54:57Z
137737622318848,Ping Pong Training 🏓,https://tr.rbxcdn.com/180DAY-63e4013cb8b87632e5dcce5b3b578851/150/150/Image/Webp/noFilter,2026-09-27T17:35:10Z
137826330724902,Scary Shawarma Kiosk: the ANOMALY [horror],https://tr.rbxcdn.com/180DAY-2fc0830a209194be781df4211a84f824/150/150/Image/Webp/noFilter,2026-09-10T16:44:36Z
137849500783095,My Squishy Box Store🥟,https://tr.rbxcdn.com/180DAY-24b2560b9e550ce8bc11db93615726d6/150/150/Image/Webp/noFilter,2026-09-10T16:44:36Z
137907213347814,Cat vs Grandma,https://tr.rbxcdn.com/180DAY-851642ff8621b485dd3ddd7e9b2d351f/150/150/Image/Webp/noFilter,2026-09-19T16:58:03Z
137922494025725,Car Crash Studio [alpha] ,https://tr.rbxcdn.com/180DAY-347e5e7dfe005b39f2f86b2b7844caa4/150/150/Image/Webp/noFilter,2026-09-11T11:41:58Z
137925884276740,[VOID] ✈️ Build A Plane,https://tr.rbxcdn.com/180DAY-fcdeaaff3bb1ff402e820666925a4f1d/150/150/Image/Webp/noFilter,2026-09-10T16:44:36Z
138057930391823,Broken Harmony [1.5],https://tr.rbxcdn.com/180DAY-b4733963b18127a4572a34809b6998bd/150/150/Image/Webp/noFilter,2026-09-10T21:33:22Z
138064211947107,Unbox Your Car,https://tr.rbxcdn.com/180DAY-0aa2d2f81ec8c92df579387e070463b2/150/150/Image/Webp/noFilter,2026-09-10T16:44:36Z
138110382920220,Pixel Conquest,https://tr.rbxcdn.com/180DAY-ea0a24786c850c5fe129b6e31b29da75/150/150/Image/Webp/noFilter,2026-09-27T17:35:10Z
138182400257397,[🎨] Draw A Friend ,https://tr.rbxcdn.com/180DAY-af832effe6b545ce6020cfaf5475706c/150/150/Image/Webp/noFilter,2026-09-10T16:44:36Z
138205182571367,[UPD🖌️] Paint to Hide and Seek!,https://tr.rbxcdn.com/180DAY-c773cbf1b9ae5418ce23b7efa8224478/150/150/Image/Webp/noFilter,2026-09-10T16:44:36Z
138225905240404,DELTARUNE Battles [PINK + KING],https://tr.rbxcdn.com/180DAY-ed1e72530ac3846cd2f4540d232d6daa/150/150/Image/Webp/noFilter,2026-09-10T16:53:24Z
138306279876500,[🪨 TDM 🔥] Ultra Toilet Fight 2 (BETA),https://tr.rbxcdn.com/180DAY-5fe5430cab9dc246c62ff2923eba73be/150/150/Image/Webp/noFilter,2026-09-28T21:43:00Z
138363592957250,⛳ Hit a Golf Ball,https://tr.rbxcdn.com/180DAY-a1ecfde9c76c55ebcbfd482dcdf07953/150/150/Image/Webp/noFilter,2026-09-10T16:44:36Z
138381251771774,🪣Drain The Lake,https://tr.rbxcdn.com/180DAY-1a2b096fcdd57b2be35b13491213eaa0/150/150/Image/Webp/noFilter,2026-09-10T16:44:36Z
138432670504218,Survive 7 Days In Arctic [Alpha],https://tr.rbxcdn.com/180DAY-cbe0285e3f739e5c0db67725256dba35/150/150/Image/Webp/noFilter,2026-09-10T16:44:36Z
138486812747835,[WORLD 2] Airport Tycoon✈️,https://tr.rbxcdn.com/180DAY-985bdc0ebd5d07f6ccf866b2e75b0e21/150/150/Image/Webp/noFilter,2026-09-10T16:44:36Z
138686218420016,[🎃] Mine Antarctica,https://tr.rbxcdn.com/180DAY-d947a5734e4470a88aedad7b79335ca8/150/150/Image/Webp/noFilter,2026-10-01T15:35:29Z
138765242147947,[🎃] Breaking Roblox's Limits [BETA],https://tr.rbxcdn.com/180DAY-ccc9b2b39e5ba330be34239327e08b36/150/150/Image/Webp/noFilter,2026-10-07T20:43:11Z
138801629175656,[SOON!] [10.05] Super Zombie Siege Defense,https://tr.rbxcdn.com/180DAY-a50d03ac63648be54b74d42b6e56c036/150/150/Image/Webp/noFilter,2026-10-07T01:58:06Z
138837502355157,Grace [GRACE BUT EVIL],https://tr.rbxcdn.com/180DAY-a4174c83b68941961de80e2fb5328a78/150/150/Image/Webp/noFilter,2026-09-10T16:44:36Z
138860257448193,Build Your Voxel Coaster,https://tr.rbxcdn.com/180DAY-9d63f0a262303b400f4adf365cfbd5e5/150/150/Image/Webp/noFilter,2026-09-27T17:35:10Z
138949299666923,Build a Dino Defense 🦖,https://tr.rbxcdn.com/180DAY-04ff718eb1f7822ab8cc7030e5df34fd/150/150/Image/Webp/noFilter,2026-09-16T20:04:40Z
139020315403627,[CONSOLE] Overture,https://tr.rbxcdn.com/180DAY-0b3bfac1ee8d5b1b53eb3c9f95b76ef5/150/150/Image/Webp/noFilter,2026-09-11T11:41:58Z
139020444733179,Survive Deep in the Woods,https://tr.rbxcdn.com/180DAY-697f54845df987348103a25c5b6da9b9/150/150/Image/Webp/noFilter,2026-09-27T17:35:10Z
139054513518556,💈 Be A Hair?,https://tr.rbxcdn.com/180DAY-cad1f8c09d30d3c913a5188f13027ee4/150/150/Image/Webp/noFilter,2026-10-10T03:58:09Z
139063887391814,[UPD 2.0] TBOD^2 [Tycoon But One Dropper: SQUARED],https://tr.rbxcdn.com/180DAY-ec79fec5857f0abff2171dcb5d70578e/150/150/Image/Webp/noFilter,2026-09-10T16:44:36Z
139076562627423,Meet Sammy Tower 🖐️,https://tr.rbxcdn.com/180DAY-44a0974cf2c9fd75960890f45da0b885/150/150/Image/Webp/noFilter,2026-10-08T23:58:01Z
139208542491098,[W2] Obby But You're on a Board,https://tr.rbxcdn.com/180DAY-174d3b4fa94c39e376242db3a7e1b148/150/150/Image/Webp/noFilter,2026-09-12T18:58:03Z
139233844569220,ZOO or OOF🎯,https://tr.rbxcdn.com/180DAY-da317e5da48f763b29854cb9feec274b/150/150/Image/Webp/noFilter,2026-09-11T15:13:25Z
139262527889515,The Login Game,https://tr.rbxcdn.com/180DAY-4c9597ff705d5b73c0cfc39cc7b8fad5/150/150/Image/Webp/noFilter,2026-09-11T20:58:02Z
139269766845542,Craft a Brainrot,https://tr.rbxcdn.com/180DAY-753a9daab64de0b792db891696c1dc9a/150/150/Image/Webp/noFilter,2026-09-12T16:49:10Z
139360679647453,Lori's Nightmare,https://tr.rbxcdn.com/180DAY-a81c07ce22824324f402439392e2d4b1/150/150/Image/Webp/noFilter,2026-09-10T16:44:36Z
139394516128799,♟️Chess Club♟️,https://tr.rbxcdn.com/180DAY-a89a974014c7faaf58ff6bd1668e60ea/150/150/Image/Webp/noFilter,2026-09-11T11:41:58Z
139429510985942,😈INTERCEPTOR,https://tr.rbxcdn.com/180DAY-b8b56fa74c32a929bbae10a3142c7593/150/150/Image/Webp/noFilter,2026-09-12T16:49:10Z
139479974581524,Shrek Line,https://tr.rbxcdn.com/180DAY-ae210883345d2f29f2ee9ebfd9a7d0c2/150/150/Image/Webp/noFilter,2026-09-15T17:00:49Z
139488437793833,[🚢 SHIP REWORK + QOL ✨] Re:AOPG,https://tr.rbxcdn.com/180DAY-f2676ad86bd93ec8c5192e7c7b3f1b4c/150/150/Image/Webp/noFilter,2026-09-10T16:44:36Z
139489585993138,🎈 Blow Up and Fall! [🚨UPD],https://tr.rbxcdn.com/180DAY-531262a72800734ea452c69f243cda1a/150/150/Image/Webp/noFilter,2026-09-10T16:44:36Z
139506321380888,ZOO or OOF 2 🎃,https://tr.rbxcdn.com/180DAY-4499c6f7a9fbc8f0f160f976f9021955/150/150/Image/Webp/noFilter,2026-09-10T16:44:36Z
139522132549152,[UPD] Random Mafia Shooter,https://tr.rbxcdn.com/180DAY-a5230f17df1dba2847a538b5822be9c2/150/150/Image/Webp/noFilter,2026-09-26T16:28:05Z
139536504610209,[SOON]🛠️Build and Kill Verity,https://tr.rbxcdn.com/180DAY-cfd1d7207ff3cae94032decb92aabd41/150/150/Image/Webp/noFilter,2026-10-03T18:28:06Z
139546619723000,My Giant Sandwich,https://tr.rbxcdn.com/180DAY-41aaede064f24aadd765c23b281a6a6b/150/150/Image/Webp/noFilter,2026-09-10T16:44:36Z
139566161526375,[UPD] Bridge Duel ,https://tr.rbxcdn.com/180DAY-e93d28418902ed677de33f36291933b4/150/150/Image/Webp/noFilter,2026-09-10T16:44:36Z
139589080661680,[⚽FIXED] BL:R RECREATION,https://tr.rbxcdn.com/180DAY-f8bde8cebe99fa319cba936bdc7ea23b/150/150/Image/Webp/noFilter,2026-09-10T16:44:36Z
139598620873181,[TODAY🦋🪰] MUGEN,https://tr.rbxcdn.com/180DAY-6c82fc0290dd20178fdf3e52346b70f5/150/150/Image/Webp/noFilter,2026-09-10T16:44:36Z
139617346573330,Climb Waterslide and Slide,https://tr.rbxcdn.com/180DAY-1b3279a752cd3d6f3c7d2f00bb6205ec/150/150/Image/Webp/noFilter,2026-09-10T16:44:36Z
139621660140863,Fatal Floors 👁️,https://tr.rbxcdn.com/180DAY-3f4597c0c1f68c042f9003ba3a9ecfd5/150/150/Image/Webp/noFilter,2026-10-03T16:09:16Z
139766023909499,Slap DUELS [🎉UPD!],https://tr.rbxcdn.com/180DAY-3f9261e6ff17458655fc48228290c8d0/150/150/Image/Webp/noFilter,2026-09-10T16:44:36Z
139862517286509,Power Simulator X,https://tr.rbxcdn.com/180DAY-ff4d34d3bd6f3a535424f0f4231fecec/150/150/Image/Webp/noFilter,2026-09-10T16:44:36Z
139874182509202,a crazy shooting experience,https://tr.rbxcdn.com/180DAY-88edbd4c22e4a1b7ef17bb94d78ebde1/150/150/GameIcon10/Webp/noFilter,2026-09-10T16:44:36Z
139898971402929,No More Time [ALPHA],https://tr.rbxcdn.com/180DAY-4a1f97c91fdc37fad70316e1fd0dadce/150/150/Image/Webp/noFilter,2026-10-10T01:55:32Z
139988436996662,Stop the Timer,https://tr.rbxcdn.com/180DAY-df8d06dc70c2d6928d43df86a6e1d26e/150/150/Image/Webp/noFilter,2026-09-10T16:44:36Z
139995416758538,BUILD AND HIDE TO SURVIVE,https://tr.rbxcdn.com/180DAY-dc8ac7f87feeef2fb20830ab2d8ee1e2/150/150/Image/Webp/noFilter,2026-09-10T16:44:36Z
140033502516293,untitled gubby game,https://tr.rbxcdn.com/180DAY-cf9a9104922a51923c7e40234c848d7a/150/150/Image/Webp/noFilter,2026-09-10T16:44:36Z
140063367098641,Catch a Brainrot,https://tr.rbxcdn.com/180DAY-abf9651e619291c3690cf0ce320a3461/150/150/Image/Webp/noFilter,2026-09-10T16:44:36Z
140302982046391,Be The Final Boss [UPDATE],https://tr.rbxcdn.com/180DAY-bed52e39262f381316ca5958998d3669/150/150/Image/Webp/noFilter,2026-09-10T16:44:36Z
140317247681516,Jump Clicker 🚀,https://tr.rbxcdn.com/180DAY-30997dd730ebae29b6c2b84e44e7d96e/150/150/Image/Webp/noFilter,2026-09-10T16:44:36Z
140322231839637,ONE TAP PISTOLS,https://tr.rbxcdn.com/180DAY-414016f66b9137019119030f4c649e52/150/150/Image/Webp/noFilter,2026-10-03T17:43:08Z
140374914197602,Speed Clicker ⚡,https://tr.rbxcdn.com/180DAY-215af1809156b420c5fd0ca2a147a7c0/150/150/Image/Webp/noFilter,2026-09-10T16:44:36Z
140394347586611,Silverpeak 🏡 RP,https://tr.rbxcdn.com/180DAY-e0c853d48e02c1fe7086a31d3eb3bd9d/150/150/Image/Webp/noFilter,2026-09-20T00:43:04Z
140409475718339,[24H!] Anime Apocalypse,https://tr.rbxcdn.com/180DAY-194e25ef4f796d2ad753a882b3419f3b/150/150/Image/Webp/noFilter,2026-09-10T16:44:36Z
140417239274110,+1 Run for Soccer Legends! ⚽,https://tr.rbxcdn.com/180DAY-0f0d919275fe3255457ad7a31e1d18ce/150/150/Image/Webp/noFilter,2026-09-10T16:44:36Z
140424985545402,Drive A Bus,https://tr.rbxcdn.com/180DAY-a85e5ef9ff75d554fec5347eb6bbe48a/150/150/Image/Webp/noFilter,2026-09-10T16:44:36Z
140462309938712,+1 Wall Hop Obby Escape,https://tr.rbxcdn.com/180DAY-81e2f74b8d1f57a98807471c652ae42e/150/150/Image/Webp/noFilter,2026-09-10T16:44:36Z
140477643689375,Rusty Rafts,https://tr.rbxcdn.com/180DAY-17707e63b247cf9239254aeeef2fccb7/150/150/Image/Webp/noFilter,2026-09-10T16:44:36Z
140481779622210,Escape The Lava 🔥,https://tr.rbxcdn.com/180DAY-0e522cf0fd7f43253a875e22af077755/150/150/Image/Webp/noFilter,2026-09-10T16:44:36Z
